Timestamp | Device_ID | Temperature (Celsius) | Status
2026-09-22 04:28:16 | WARD_B_TEMP_01 | 39.4 | CRITICAL
2026-09-22 04:28:16 | WARD_B_TEMP_02 | 40.3 | CRITICAL
2026-09-22 04:28:16 | WARD_B_TEMP_03 | 39.5 | CRITICAL
2026-09-22 04:28:16 | WARD_B_TEMP_04 | 38.8 | CRITICAL
2026-09-22 04:28:16 | WARD_B_TEMP_05 | 37.2 | NORMAL
2026-09-22 04:28:17 | WARD_B_TEMP_01 | 37.3 | NORMAL
2026-09-22 04:28:17 | WARD_B_TEMP_02 | 39.7 | CRITICAL
2026-09-22 04:28:17 | WARD_B_TEMP_03 | 39.5 | CRITICAL
2026-09-22 04:28:17 | WARD_B_TEMP_04 | 36.2 | NORMAL
2026-09-22 04:28:17 | WARD_B_TEMP_05 | 36.0 | NORMAL
2026-09-22 04:28:18 | WARD_B_TEMP_01 | 39.9 | CRITICAL
2026-09-22 04:28:18 | WARD_B_TEMP_02 | 36.6 | NORMAL
2026-09-22 04:28:18 | WARD_B_TEMP_03 | 38.3 | CRITICAL
2026-09-22 04:28:18 | WARD_B_TEMP_04 | 39.2 | CRITICAL
2026-09-22 04:28:18 | WARD_B_TEMP_05 | 36.6 | NORMAL
2026-09-22 04:28:19 | WARD_B_TEMP_01 | 39.8 | CRITICAL
2026-09-22 04:28:19 | WARD_B_TEMP_02 | 38.5 | CRITICAL
2026-09-22 04:28:19 | WARD_B_TEMP_03 | 39.0 | CRITICAL
2026-09-22 04:28:19 | WARD_B_TEMP_04 | 38.1 | CRITICAL
2026-09-22 04:28:19 | WARD_B_TEMP_05 | 37.9 | WARNING
2026-09-22 04:28:20 | WARD_B_TEMP_01 | 39.6 | CRITICAL
2026-09-22 04:28:20 | WARD_B_TEMP_02 | 40.2 | CRITICAL
2026-09-22 04:28:20 | WARD_B_TEMP_03 | 39.2 | CRITICAL
2026-09-22 04:28:20 | WARD_B_TEMP_04 | 37.7 | WARNING
2026-09-22 04:28:20 | WARD_B_TEMP_05 | 37.6 | WARNING
2026-09-22 04:28:21 | WARD_B_TEMP_01 | 39.2 | CRITICAL
2026-09-22 04:28:21 | WARD_B_TEMP_02 | 36.4 | NORMAL
2026-09-22 04:28:21 | WARD_B_TEMP_03 | 35.7 | NORMAL
2026-09-22 04:28:21 | WARD_B_TEMP_04 | 37.3 | NORMAL
2026-09-22 04:28:21 | WARD_B_TEMP_05 | 38.3 | CRITICAL
2026-09-22 04:28:22 | WARD_B_TEMP_01 | 39.5 | CRITICAL
2026-09-22 04:28:22 | WARD_B_TEMP_02 | 34.7 | CRITICAL
2026-09-22 04:28:22 | WARD_B_TEMP_03 | 35.4 | CRITICAL
2026-09-22 04:28:22 | WARD_B_TEMP_04 | 39.8 | CRITICAL
2026-09-22 04:28:22 | WARD_B_TEMP_05 | 38.2 | CRITICAL
2026-09-22 04:28:23 | WARD_B_TEMP_01 | 38.1 | CRITICAL
2026-09-22 04:28:23 | WARD_B_TEMP_02 | 37.2 | NORMAL
2026-09-22 04:28:23 | WARD_B_TEMP_03 | 40.0 | CRITICAL
2026-09-22 04:28:23 | WARD_B_TEMP_04 | 36.3 | NORMAL
2026-09-22 04:28:23 | WARD_B_TEMP_05 | 38.0 | WARNING
2026-09-22 04:28:24 | WARD_B_TEMP_01 | 35.9 | NORMAL
2026-09-22 04:28:24 | WARD_B_TEMP_02 | 37.5 | WARNING
2026-09-22 04:28:24 | WARD_B_TEMP_03 | 37.9 | WARNING
2026-09-22 04:28:24 | WARD_B_TEMP_04 | 35.3 | CRITICAL
2026-09-22 04:28:24 | WARD_B_TEMP_05 | 39.5 | CRITICAL
2026-09-22 04:28:25 | WARD_B_TEMP_01 | 36.4 | NORMAL
2026-09-22 04:28:25 | WARD_B_TEMP_02 | 38.8 | CRITICAL
2026-09-22 04:28:25 | WARD_B_TEMP_03 | 40.4 | CRITICAL
2026-09-22 04:28:25 | WARD_B_TEMP_04 | 35.9 | NORMAL
2026-09-22 04:28:25 | WARD_B_TEMP_05 | 35.5 | NORMAL
2026-09-22 04:28:26 | WARD_B_TEMP_01 | 39.3 | CRITICAL
2026-09-22 04:28:26 | WARD_B_TEMP_02 | 36.5 | NORMAL
2026-09-22 04:28:26 | WARD_B_TEMP_03 | 39.4 | CRITICAL
2026-09-22 04:28:26 | WARD_B_TEMP_04 | 36.2 | NORMAL
2026-09-22 04:28:26 | WARD_B_TEMP_05 | 37.5 | WARNING
2026-09-22 04:28:27 | WARD_B_TEMP_01 | 39.2 | CRITICAL
2026-09-22 04:28:27 | WARD_B_TEMP_02 | 35.8 | NORMAL
2026-09-22 04:28:27 | WARD_B_TEMP_03 | 39.5 | CRITICAL
2026-09-22 04:28:27 | WARD_B_TEMP_04 | 40.2 | CRITICAL
2026-09-22 04:28:27 | WARD_B_TEMP_05 | 37.8 | WARNING
2026-09-22 04:28:28 | WARD_B_TEMP_01 | 39.2 | CRITICAL
2026-09-22 04:28:28 | WARD_B_TEMP_02 | 38.6 | CRITICAL
2026-09-22 04:28:28 | WARD_B_TEMP_03 | 35.6 | NORMAL
2026-09-22 04:28:28 | WARD_B_TEMP_04 | 34.6 | CRITICAL
2026-09-22 04:28:28 | WARD_B_TEMP_05 | 35.3 | CRITICAL
2026-09-22 04:28:29 | WARD_B_TEMP_01 | 36.6 | NORMAL
2026-09-22 04:28:29 | WARD_B_TEMP_02 | 34.5 | CRITICAL
2026-09-22 04:28:29 | WARD_B_TEMP_03 | 38.9 | CRITICAL
2026-09-22 04:28:29 | WARD_B_TEMP_04 | 35.6 | NORMAL
2026-09-22 04:28:29 | WARD_B_TEMP_05 | 37.5 | WARNING
2026-09-22 04:28:30 | WARD_B_TEMP_01 | 35.4 | CRITICAL
2026-09-22 04:28:30 | WARD_B_TEMP_02 | 36.9 | NORMAL
2026-09-22 04:28:30 | WARD_B_TEMP_03 | 38.0 | WARNING
2026-09-22 04:28:30 | WARD_B_TEMP_04 | 37.5 | WARNING
2026-09-22 04:28:30 | WARD_B_TEMP_05 | 37.8 | WARNING
2026-09-22 04:28:31 | WARD_B_TEMP_01 | 36.6 | NORMAL
2026-09-22 04:28:31 | WARD_B_TEMP_02 | 37.9 | WARNING
2026-09-22 04:28:31 | WARD_B_TEMP_03 | 36.6 | NORMAL
2026-09-22 04:28:31 | WARD_B_TEMP_04 | 37.9 | WARNING
2026-09-22 04:28:31 | WARD_B_TEMP_05 | 39.4 | CRITICAL
2026-09-22 04:28:32 | WARD_B_TEMP_01 | 37.3 | NORMAL
2026-09-22 04:28:32 | WARD_B_TEMP_02 | 37.1 | NORMAL
2026-09-22 04:28:32 | WARD_B_TEMP_03 | 35.0 | CRITICAL
2026-09-22 04:28:32 | WARD_B_TEMP_04 | 40.2 | CRITICAL
2026-09-22 04:28:32 | WARD_B_TEMP_05 | 36.0 | NORMAL
2026-09-22 04:28:33 | WARD_B_TEMP_01 | 36.7 | NORMAL
2026-09-22 04:28:33 | WARD_B_TEMP_02 | 39.5 | CRITICAL
2026-09-22 04:28:33 | WARD_B_TEMP_03 | 37.3 | NORMAL
2026-09-22 04:28:33 | WARD_B_TEMP_04 | 36.6 | NORMAL
2026-09-22 04:28:33 | WARD_B_TEMP_05 | 37.7 | WARNING
2026-09-22 04:28:34 | WARD_B_TEMP_01 | 37.7 | WARNING
2026-09-22 04:28:34 | WARD_B_TEMP_02 | 34.6 | CRITICAL
2026-09-22 04:28:34 | WARD_B_TEMP_03 | 37.2 | NORMAL
2026-09-22 04:28:34 | WARD_B_TEMP_04 | 37.5 | WARNING
2026-09-22 04:28:34 | WARD_B_TEMP_05 | 38.8 | CRITICAL
2026-09-22 04:28:35 | WARD_B_TEMP_01 | 35.9 | NORMAL
2026-09-22 04:28:35 | WARD_B_TEMP_02 | 37.9 | WARNING
2026-09-22 04:28:35 | WARD_B_TEMP_03 | 40.2 | CRITICAL
2026-09-22 04:28:35 | WARD_B_TEMP_04 | 39.5 | CRITICAL
2026-09-22 04:28:35 | WARD_B_TEMP_05 | 38.2 | CRITICAL
2026-09-22 04:28:36 | WARD_B_TEMP_01 | 35.8 | NORMAL
2026-09-22 04:28:36 | WARD_B_TEMP_02 | 37.3 | NORMAL
2026-09-22 04:28:36 | WARD_B_TEMP_03 | 34.9 | CRITICAL
2026-09-22 04:28:36 | WARD_B_TEMP_04 | 39.2 | CRITICAL
2026-09-22 04:28:36 | WARD_B_TEMP_05 | 34.7 | CRITICAL
2026-09-22 04:28:37 | WARD_B_TEMP_01 | 38.1 | CRITICAL
2026-09-22 04:28:37 | WARD_B_TEMP_02 | 38.2 | CRITICAL
2026-09-22 04:28:37 | WARD_B_TEMP_03 | 36.1 | NORMAL
2026-09-22 04:28:37 | WARD_B_TEMP_04 | 39.8 | CRITICAL
2026-09-22 04:28:37 | WARD_B_TEMP_05 | 39.1 | CRITICAL
2026-09-22 04:28:38 | WARD_B_TEMP_01 | 36.8 | NORMAL
2026-09-22 04:28:38 | WARD_B_TEMP_02 | 36.5 | NORMAL
2026-09-22 04:28:38 | WARD_B_TEMP_03 | 37.7 | WARNING
2026-09-22 04:28:38 | WARD_B_TEMP_04 | 35.8 | NORMAL
2026-09-22 04:28:38 | WARD_B_TEMP_05 | 36.5 | NORMAL
2026-09-22 04:28:39 | WARD_B_TEMP_01 | 36.7 | NORMAL
2026-09-22 04:28:39 | WARD_B_TEMP_02 | 35.7 | NORMAL
2026-09-22 04:28:39 | WARD_B_TEMP_03 | 34.8 | CRITICAL
2026-09-22 04:28:39 | WARD_B_TEMP_04 | 36.6 | NORMAL
2026-09-22 04:28:39 | WARD_B_TEMP_05 | 38.5 | CRITICAL
2026-09-22 04:28:40 | WARD_B_TEMP_01 | 37.3 | NORMAL
2026-09-22 04:28:40 | WARD_B_TEMP_02 | 37.1 | NORMAL
2026-09-22 04:28:40 | WARD_B_TEMP_03 | 37.8 | WARNING
2026-09-22 04:28:40 | WARD_B_TEMP_04 | 40.2 | CRITICAL
2026-09-22 04:28:40 | WARD_B_TEMP_05 | 37.9 | WARNING
2026-09-22 04:28:41 | WARD_B_TEMP_01 | 37.1 | NORMAL
2026-09-22 04:28:41 | WARD_B_TEMP_02 | 40.3 | CRITICAL
2026-09-22 04:28:41 | WARD_B_TEMP_03 | 40.0 | CRITICAL
2026-09-22 04:28:41 | WARD_B_TEMP_04 | 39.8 | CRITICAL
2026-09-22 04:28:41 | WARD_B_TEMP_05 | 34.6 | CRITICAL
2026-09-22 04:28:42 | WARD_B_TEMP_01 | 38.8 | CRITICAL
2026-09-22 04:28:42 | WARD_B_TEMP_02 | 36.2 | NORMAL
2026-09-22 04:28:42 | WARD_B_TEMP_03 | 36.9 | NORMAL
2026-09-22 04:28:42 | WARD_B_TEMP_04 | 37.5 | WARNING
2026-09-22 04:28:42 | WARD_B_TEMP_05 | 35.6 | NORMAL
2026-09-22 04:28:43 | WARD_B_TEMP_01 | 35.2 | CRITICAL
2026-09-22 04:28:43 | WARD_B_TEMP_02 | 39.0 | CRITICAL
2026-09-22 04:28:43 | WARD_B_TEMP_03 | 38.9 | CRITICAL
2026-09-22 04:28:43 | WARD_B_TEMP_04 | 36.7 | NORMAL
2026-09-22 04:28:43 | WARD_B_TEMP_05 | 37.7 | WARNING
2026-09-22 04:28:44 | WARD_B_TEMP_01 | 36.7 | NORMAL
2026-09-22 04:28:44 | WARD_B_TEMP_02 | 36.3 | NORMAL
2026-09-22 04:28:44 | WARD_B_TEMP_03 | 37.7 | WARNING
2026-09-22 04:28:44 | WARD_B_TEMP_04 | 37.8 | WARNING
2026-09-22 04:28:44 | WARD_B_TEMP_05 | 36.8 | NORMAL
2026-09-22 04:28:45 | WARD_B_TEMP_01 | 39.5 | CRITICAL
2026-09-22 04:28:45 | WARD_B_TEMP_02 | 36.4 | NORMAL
2026-09-22 04:28:45 | WARD_B_TEMP_03 | 34.7 | CRITICAL
2026-09-22 04:28:45 | WARD_B_TEMP_04 | 39.4 | CRITICAL
2026-09-22 04:28:45 | WARD_B_TEMP_05 | 40.2 | CRITICAL
2026-09-22 04:28:46 | WARD_B_TEMP_01 | 35.0 | CRITICAL
2026-09-22 04:28:46 | WARD_B_TEMP_02 | 35.3 | CRITICAL
2026-09-22 04:28:46 | WARD_B_TEMP_03 | 36.2 | NORMAL
2026-09-22 04:28:46 | WARD_B_TEMP_04 | 38.8 | CRITICAL
2026-09-22 04:28:46 | WARD_B_TEMP_05 | 36.8 | NORMAL
2026-09-22 04:28:47 | WARD_B_TEMP_01 | 39.6 | CRITICAL
2026-09-22 04:28:47 | WARD_B_TEMP_02 | 39.8 | CRITICAL
2026-09-22 04:28:47 | WARD_B_TEMP_03 | 39.8 | CRITICAL
2026-09-22 04:28:47 | WARD_B_TEMP_04 | 40.2 | CRITICAL
2026-09-22 04:28:47 | WARD_B_TEMP_05 | 38.8 | CRITICAL
2026-09-22 04:28:48 | WARD_B_TEMP_01 | 38.7 | CRITICAL
2026-09-22 04:28:48 | WARD_B_TEMP_02 | 40.3 | CRITICAL
2026-09-22 04:28:48 | WARD_B_TEMP_03 | 39.5 | CRITICAL
2026-09-22 04:28:48 | WARD_B_TEMP_04 | 35.1 | CRITICAL
2026-09-22 04:28:48 | WARD_B_TEMP_05 | 38.4 | CRITICAL
2026-09-22 04:31:44 | WARD_B_TEMP_01 | 35.4 | CRITICAL
2026-09-22 04:31:44 | WARD_B_TEMP_02 | 39.2 | CRITICAL
2026-09-22 04:31:44 | WARD_B_TEMP_03 | 37.9 | WARNING
2026-09-22 04:31:44 | WARD_B_TEMP_04 | 36.6 | NORMAL
2026-09-22 04:31:44 | WARD_B_TEMP_05 | 35.0 | CRITICAL
2026-09-22 04:31:45 | WARD_B_TEMP_01 | 36.3 | NORMAL
2026-09-22 04:31:45 | WARD_B_TEMP_02 | 35.8 | NORMAL
2026-09-22 04:31:45 | WARD_B_TEMP_03 | 39.8 | CRITICAL
2026-09-22 04:31:45 | WARD_B_TEMP_04 | 34.7 | CRITICAL
2026-09-22 04:31:45 | WARD_B_TEMP_05 | 36.3 | NORMAL
2026-09-22 04:31:46 | WARD_B_TEMP_01 | 37.4 | NORMAL
2026-09-22 04:31:46 | WARD_B_TEMP_02 | 39.9 | CRITICAL
2026-09-22 04:31:46 | WARD_B_TEMP_03 | 36.4 | NORMAL
2026-09-22 04:31:46 | WARD_B_TEMP_04 | 37.9 | WARNING
2026-09-22 04:31:46 | WARD_B_TEMP_05 | 35.8 | NORMAL
2026-09-22 04:31:47 | WARD_B_TEMP_01 | 36.8 | NORMAL
2026-09-22 04:31:47 | WARD_B_TEMP_02 | 38.5 | CRITICAL
2026-09-22 04:31:47 | WARD_B_TEMP_03 | 37.2 | NORMAL
2026-09-22 04:31:47 | WARD_B_TEMP_04 | 39.0 | CRITICAL
2026-09-22 04:31:47 | WARD_B_TEMP_05 | 36.1 | NORMAL
2026-09-22 04:31:48 | WARD_B_TEMP_01 | 39.5 | CRITICAL
2026-09-22 04:31:48 | WARD_B_TEMP_02 | 36.0 | NORMAL
2026-09-22 04:31:48 | WARD_B_TEMP_03 | 36.1 | NORMAL
2026-09-22 04:31:48 | WARD_B_TEMP_04 | 34.9 | CRITICAL
2026-09-22 04:31:48 | WARD_B_TEMP_05 | 35.3 | CRITICAL
2026-09-22 04:31:49 | WARD_B_TEMP_01 | 37.5 | WARNING
2026-09-22 04:31:49 | WARD_B_TEMP_02 | 34.5 | CRITICAL
2026-09-22 04:31:49 | WARD_B_TEMP_03 | 38.4 | CRITICAL
2026-09-22 04:31:49 | WARD_B_TEMP_04 | 39.9 | CRITICAL
2026-09-22 04:31:49 | WARD_B_TEMP_05 | 36.6 | NORMAL
2026-09-22 04:31:50 | WARD_B_TEMP_01 | 36.4 | NORMAL
2026-09-22 04:31:50 | WARD_B_TEMP_02 | 34.9 | CRITICAL
2026-09-22 04:31:50 | WARD_B_TEMP_03 | 36.2 | NORMAL
2026-09-22 04:31:50 | WARD_B_TEMP_04 | 39.7 | CRITICAL
2026-09-22 04:31:50 | WARD_B_TEMP_05 | 38.6 | CRITICAL
2026-09-22 04:31:51 | WARD_B_TEMP_01 | 38.7 | CRITICAL
2026-09-22 04:31:51 | WARD_B_TEMP_02 | 36.9 | NORMAL
2026-09-22 04:31:51 | WARD_B_TEMP_03 | 36.7 | NORMAL
2026-09-22 04:31:51 | WARD_B_TEMP_04 | 39.6 | CRITICAL
2026-09-22 04:31:51 | WARD_B_TEMP_05 | 39.0 | CRITICAL
2026-09-22 04:31:52 | WARD_B_TEMP_01 | 39.3 | CRITICAL
2026-09-22 04:31:52 | WARD_B_TEMP_02 | 37.8 | WARNING
2026-09-22 04:31:52 | WARD_B_TEMP_03 | 40.2 | CRITICAL
2026-09-22 04:31:52 | WARD_B_TEMP_04 | 37.7 | WARNING
2026-09-22 04:31:52 | WARD_B_TEMP_05 | 38.3 | CRITICAL
2026-09-22 04:31:53 | WARD_B_TEMP_01 | 35.2 | CRITICAL
2026-09-22 04:31:53 | WARD_B_TEMP_02 | 39.1 | CRITICAL
2026-09-22 04:31:53 | WARD_B_TEMP_03 | 38.3 | CRITICAL
2026-09-22 04:31:53 | WARD_B_TEMP_04 | 36.2 | NORMAL
2026-09-22 04:31:53 | WARD_B_TEMP_05 | 38.2 | CRITICAL
2026-09-22 04:31:54 | WARD_B_TEMP_01 | 35.9 | NORMAL
2026-09-22 04:31:54 | WARD_B_TEMP_02 | 36.9 | NORMAL
2026-09-22 04:31:54 | WARD_B_TEMP_03 | 37.9 | WARNING
2026-09-22 04:31:54 | WARD_B_TEMP_04 | 34.5 | CRITICAL
2026-09-22 04:31:54 | WARD_B_TEMP_05 | 38.9 | CRITICAL
2026-09-22 04:31:55 | WARD_B_TEMP_01 | 35.8 | NORMAL
2026-09-22 04:31:55 | WARD_B_TEMP_02 | 34.7 | CRITICAL
2026-09-22 04:31:55 | WARD_B_TEMP_03 | 39.7 | CRITICAL
2026-09-22 04:31:55 | WARD_B_TEMP_04 | 40.0 | CRITICAL
2026-09-22 04:31:55 | WARD_B_TEMP_05 | 37.4 | NORMAL
2026-09-22 04:31:56 | WARD_B_TEMP_01 | 37.7 | WARNING
2026-09-22 04:31:56 | WARD_B_TEMP_02 | 37.9 | WARNING
2026-09-22 04:31:56 | WARD_B_TEMP_03 | 34.9 | CRITICAL
2026-09-22 04:31:56 | WARD_B_TEMP_04 | 35.5 | NORMAL
2026-09-22 04:31:56 | WARD_B_TEMP_05 | 35.7 | NORMAL
2026-09-22 04:31:57 | WARD_B_TEMP_01 | 39.0 | CRITICAL
2026-09-22 04:31:57 | WARD_B_TEMP_02 | 34.9 | CRITICAL
2026-09-22 04:31:57 | WARD_B_TEMP_03 | 39.1 | CRITICAL
2026-09-22 04:31:57 | WARD_B_TEMP_04 | 34.7 | CRITICAL
2026-09-22 04:31:57 | WARD_B_TEMP_05 | 39.5 | CRITICAL
2026-09-22 04:31:58 | WARD_B_TEMP_01 | 35.3 | CRITICAL
2026-09-22 04:31:58 | WARD_B_TEMP_02 | 39.0 | CRITICAL
2026-09-22 04:31:58 | WARD_B_TEMP_03 | 37.2 | NORMAL
2026-09-22 04:31:58 | WARD_B_TEMP_04 | 37.5 | WARNING
2026-09-22 04:31:58 | WARD_B_TEMP_05 | 39.2 | CRITICAL
2026-09-22 04:31:59 | WARD_B_TEMP_01 | 36.7 | NORMAL
2026-09-22 04:31:59 | WARD_B_TEMP_02 | 38.8 | CRITICAL
2026-09-22 04:31:59 | WARD_B_TEMP_03 | 39.3 | CRITICAL
2026-09-22 04:31:59 | WARD_B_TEMP_04 | 37.1 | NORMAL
2026-09-22 04:31:59 | WARD_B_TEMP_05 | 40.0 | CRITICAL
2026-09-22 04:32:00 | WARD_B_TEMP_01 | 40.0 | CRITICAL
2026-09-22 04:32:00 | WARD_B_TEMP_02 | 39.0 | CRITICAL
2026-09-22 04:32:00 | WARD_B_TEMP_03 | 40.0 | CRITICAL
2026-09-22 04:32:00 | WARD_B_TEMP_04 | 36.8 | NORMAL
2026-09-22 04:32:00 | WARD_B_TEMP_05 | 36.0 | NORMAL
2026-09-22 04:32:01 | WARD_B_TEMP_01 | 40.1 | CRITICAL
2026-09-22 04:32:01 | WARD_B_TEMP_02 | 37.9 | WARNING
2026-09-22 04:32:01 | WARD_B_TEMP_03 | 37.1 | NORMAL
2026-09-22 04:32:01 | WARD_B_TEMP_04 | 35.8 | NORMAL
2026-09-22 04:32:01 | WARD_B_TEMP_05 | 35.3 | CRITICAL
2026-09-22 04:32:02 | WARD_B_TEMP_01 | 38.2 | CRITICAL
2026-09-22 04:32:02 | WARD_B_TEMP_02 | 40.2 | CRITICAL
2026-09-22 04:32:02 | WARD_B_TEMP_03 | 39.8 | CRITICAL
2026-09-22 04:32:02 | WARD_B_TEMP_04 | 39.7 | CRITICAL
2026-09-22 04:32:02 | WARD_B_TEMP_05 | 34.7 | CRITICAL
2026-09-22 04:32:03 | WARD_B_TEMP_01 | 39.0 | CRITICAL
2026-09-22 04:32:03 | WARD_B_TEMP_02 | 38.8 | CRITICAL
2026-09-22 04:32:03 | WARD_B_TEMP_03 | 39.2 | CRITICAL
2026-09-22 04:32:03 | WARD_B_TEMP_04 | 35.0 | CRITICAL
2026-09-22 04:32:03 | WARD_B_TEMP_05 | 37.5 | WARNING
2026-09-22 04:32:04 | WARD_B_TEMP_01 | 39.9 | CRITICAL
2026-09-22 04:32:04 | WARD_B_TEMP_02 | 36.2 | NORMAL
2026-09-22 04:32:04 | WARD_B_TEMP_03 | 39.3 | CRITICAL
2026-09-22 04:32:04 | WARD_B_TEMP_04 | 38.6 | CRITICAL
2026-09-22 04:32:04 | WARD_B_TEMP_05 | 37.3 | NORMAL
2026-09-22 04:32:05 | WARD_B_TEMP_01 | 37.5 | WARNING
2026-09-22 04:32:05 | WARD_B_TEMP_02 | 39.0 | CRITICAL
2026-09-22 04:32:05 | WARD_B_TEMP_03 | 35.9 | NORMAL
2026-09-22 04:32:05 | WARD_B_TEMP_04 | 38.0 | WARNING
2026-09-22 04:32:05 | WARD_B_TEMP_05 | 37.6 | WARNING
2026-09-22 04:32:06 | WARD_B_TEMP_01 | 38.3 | CRITICAL
2026-09-22 04:32:06 | WARD_B_TEMP_02 | 39.5 | CRITICAL
2026-09-22 04:32:06 | WARD_B_TEMP_03 | 39.3 | CRITICAL
2026-09-22 04:32:06 | WARD_B_TEMP_04 | 35.4 | CRITICAL
2026-09-22 04:32:06 | WARD_B_TEMP_05 | 38.7 | CRITICAL
2026-09-22 04:32:07 | WARD_B_TEMP_01 | 36.0 | NORMAL
2026-09-22 04:32:07 | WARD_B_TEMP_02 | 36.1 | NORMAL
2026-09-22 04:32:07 | WARD_B_TEMP_03 | 38.2 | CRITICAL
2026-09-22 04:32:07 | WARD_B_TEMP_04 | 40.0 | CRITICAL
2026-09-22 04:32:07 | WARD_B_TEMP_05 | 39.2 | CRITICAL
2026-09-22 04:32:08 | WARD_B_TEMP_01 | 40.4 | CRITICAL
2026-09-22 04:32:08 | WARD_B_TEMP_02 | 35.1 | CRITICAL
2026-09-22 04:32:08 | WARD_B_TEMP_03 | 36.4 | NORMAL
2026-09-22 04:32:08 | WARD_B_TEMP_04 | 34.7 | CRITICAL
2026-09-22 04:32:08 | WARD_B_TEMP_05 | 34.9 | CRITICAL
2026-09-22 04:32:09 | WARD_B_TEMP_01 | 38.8 | CRITICAL
2026-09-22 04:32:09 | WARD_B_TEMP_02 | 37.1 | NORMAL
2026-09-22 04:32:09 | WARD_B_TEMP_03 | 35.7 | NORMAL
2026-09-22 04:32:09 | WARD_B_TEMP_04 | 36.5 | NORMAL
2026-09-22 04:32:09 | WARD_B_TEMP_05 | 39.2 | CRITICAL
2026-09-22 04:32:10 | WARD_B_TEMP_01 | 34.5 | CRITICAL
2026-09-22 04:32:10 | WARD_B_TEMP_02 | 37.8 | WARNING
2026-09-22 04:32:10 | WARD_B_TEMP_03 | 37.1 | NORMAL
2026-09-22 04:32:10 | WARD_B_TEMP_04 | 37.3 | NORMAL
2026-09-22 04:32:10 | WARD_B_TEMP_05 | 39.9 | CRITICAL
2026-09-22 04:32:11 | WARD_B_TEMP_01 | 40.5 | CRITICAL
2026-09-22 04:32:11 | WARD_B_TEMP_02 | 35.4 | CRITICAL
2026-09-22 04:32:11 | WARD_B_TEMP_03 | 37.7 | WARNING
2026-09-22 04:32:11 | WARD_B_TEMP_04 | 34.8 | CRITICAL
2026-09-22 04:32:11 | WARD_B_TEMP_05 | 35.6 | NORMAL
2026-09-22 04:32:12 | WARD_B_TEMP_01 | 35.3 | CRITICAL
2026-09-22 04:32:12 | WARD_B_TEMP_02 | 36.8 | NORMAL
2026-09-22 04:32:12 | WARD_B_TEMP_03 | 38.2 | CRITICAL
2026-09-22 04:32:12 | WARD_B_TEMP_04 | 37.5 | WARNING
2026-09-22 04:32:12 | WARD_B_TEMP_05 | 34.6 | CRITICAL
2026-09-22 04:32:13 | WARD_B_TEMP_01 | 40.0 | CRITICAL
2026-09-22 04:32:13 | WARD_B_TEMP_02 | 38.7 | CRITICAL
2026-09-22 04:32:13 | WARD_B_TEMP_03 | 35.2 | CRITICAL
2026-09-22 04:32:13 | WARD_B_TEMP_04 | 36.2 | NORMAL
2026-09-22 04:32:13 | WARD_B_TEMP_05 | 34.9 | CRITICAL
2026-09-22 04:32:14 | WARD_B_TEMP_01 | 38.8 | CRITICAL
2026-09-22 04:32:14 | WARD_B_TEMP_02 | 38.6 | CRITICAL
2026-09-22 04:32:14 | WARD_B_TEMP_03 | 35.1 | CRITICAL
2026-09-22 04:32:14 | WARD_B_TEMP_04 | 35.0 | CRITICAL
2026-09-22 04:32:14 | WARD_B_TEMP_05 | 34.7 | CRITICAL
2026-09-22 04:32:15 | WARD_B_TEMP_01 | 37.9 | WARNING
2026-09-22 04:32:15 | WARD_B_TEMP_02 | 40.0 | CRITICAL
2026-09-22 04:32:15 | WARD_B_TEMP_03 | 38.2 | CRITICAL
2026-09-22 04:32:15 | WARD_B_TEMP_04 | 39.3 | CRITICAL
2026-09-22 04:32:15 | WARD_B_TEMP_05 | 39.8 | CRITICAL
2026-09-22 04:32:16 | WARD_B_TEMP_01 | 35.2 | CRITICAL
2026-09-22 04:32:16 | WARD_B_TEMP_02 | 36.1 | NORMAL
2026-09-22 04:32:16 | WARD_B_TEMP_03 | 39.1 | CRITICAL
2026-09-22 04:32:16 | WARD_B_TEMP_04 | 36.8 | NORMAL
2026-09-22 04:32:16 | WARD_B_TEMP_05 | 38.6 | CRITICAL
2026-09-22 04:32:17 | WARD_B_TEMP_01 | 38.9 | CRITICAL
2026-09-22 04:32:17 | WARD_B_TEMP_02 | 35.5 | NORMAL
2026-09-22 04:32:17 | WARD_B_TEMP_03 | 38.9 | CRITICAL
2026-09-22 04:32:17 | WARD_B_TEMP_04 | 37.1 | NORMAL
2026-09-22 04:32:17 | WARD_B_TEMP_05 | 38.3 | CRITICAL
2026-09-22 04:32:18 | WARD_B_TEMP_01 | 39.1 | CRITICAL
2026-09-22 04:32:18 | WARD_B_TEMP_02 | 38.2 | CRITICAL
2026-09-22 04:32:18 | WARD_B_TEMP_03 | 34.9 | CRITICAL
2026-09-22 04:32:18 | WARD_B_TEMP_04 | 37.2 | NORMAL
2026-09-22 04:32:18 | WARD_B_TEMP_05 | 36.5 | NORMAL
2026-09-22 04:32:19 | WARD_B_TEMP_01 | 34.7 | CRITICAL
2026-09-22 04:32:19 | WARD_B_TEMP_02 | 36.1 | NORMAL
2026-09-22 04:32:19 | WARD_B_TEMP_03 | 38.1 | CRITICAL
2026-09-22 04:32:19 | WARD_B_TEMP_04 | 35.9 | NORMAL
2026-09-22 04:32:19 | WARD_B_TEMP_05 | 35.7 | NORMAL
2026-09-22 04:32:20 | WARD_B_TEMP_01 | 34.9 | CRITICAL
2026-09-22 04:32:20 | WARD_B_TEMP_02 | 35.3 | CRITICAL
2026-09-22 04:32:20 | WARD_B_TEMP_03 | 38.6 | CRITICAL
2026-09-22 04:32:20 | WARD_B_TEMP_04 | 39.7 | CRITICAL
2026-09-22 04:32:20 | WARD_B_TEMP_05 | 35.1 | CRITICAL
2026-09-22 04:32:21 | WARD_B_TEMP_01 | 37.6 | WARNING
2026-09-22 04:32:21 | WARD_B_TEMP_02 | 38.7 | CRITICAL
2026-09-22 04:32:21 | WARD_B_TEMP_03 | 38.9 | CRITICAL
2026-09-22 04:32:21 | WARD_B_TEMP_04 | 35.1 | CRITICAL
2026-09-22 04:32:21 | WARD_B_TEMP_05 | 39.0 | CRITICAL
2026-09-22 04:32:22 | WARD_B_TEMP_01 | 38.4 | CRITICAL
2026-09-22 04:32:22 | WARD_B_TEMP_02 | 36.2 | NORMAL
2026-09-22 04:32:22 | WARD_B_TEMP_03 | 37.7 | WARNING
2026-09-22 04:32:22 | WARD_B_TEMP_04 | 38.9 | CRITICAL
2026-09-22 04:32:22 | WARD_B_TEMP_05 | 37.7 | WARNING
2026-09-22 04:32:23 | WARD_B_TEMP_01 | 40.0 | CRITICAL
2026-09-22 04:32:23 | WARD_B_TEMP_02 | 39.1 | CRITICAL
2026-09-22 04:32:23 | WARD_B_TEMP_03 | 38.6 | CRITICAL
2026-09-22 04:32:23 | WARD_B_TEMP_04 | 35.4 | CRITICAL
2026-09-22 04:32:23 | WARD_B_TEMP_05 | 36.3 | NORMAL
2026-09-22 04:32:24 | WARD_B_TEMP_01 | 35.6 | NORMAL
2026-09-22 04:32:24 | WARD_B_TEMP_02 | 38.0 | WARNING
2026-09-22 04:32:24 | WARD_B_TEMP_03 | 38.4 | CRITICAL
2026-09-22 04:32:24 | WARD_B_TEMP_04 | 36.8 | NORMAL
2026-09-22 04:32:24 | WARD_B_TEMP_05 | 35.2 | CRITICAL
2026-09-22 04:32:25 | WARD_B_TEMP_01 | 34.6 | CRITICAL
2026-09-22 04:32:25 | WARD_B_TEMP_02 | 35.7 | NORMAL
2026-09-22 04:32:25 | WARD_B_TEMP_03 | 35.7 | NORMAL
2026-09-22 04:32:25 | WARD_B_TEMP_04 | 40.3 | CRITICAL
2026-09-22 04:32:25 | WARD_B_TEMP_05 | 36.0 | NORMAL
2026-09-22 04:32:26 | WARD_B_TEMP_01 | 35.5 | NORMAL
2026-09-22 04:32:26 | WARD_B_TEMP_02 | 38.9 | CRITICAL
2026-09-22 04:32:26 | WARD_B_TEMP_03 | 36.2 | NORMAL
2026-09-22 04:32:26 | WARD_B_TEMP_04 | 39.8 | CRITICAL
2026-09-22 04:32:26 | WARD_B_TEMP_05 | 36.5 | NORMAL
2026-09-22 04:32:27 | WARD_B_TEMP_01 | 35.4 | CRITICAL
2026-09-22 04:32:27 | WARD_B_TEMP_02 | 36.3 | NORMAL
2026-09-22 04:32:27 | WARD_B_TEMP_03 | 37.4 | NORMAL
2026-09-22 04:32:27 | WARD_B_TEMP_04 | 36.5 | NORMAL
2026-09-22 04:32:27 | WARD_B_TEMP_05 | 36.4 | NORMAL
2026-09-22 04:32:28 | WARD_B_TEMP_01 | 34.5 | CRITICAL
2026-09-22 04:32:28 | WARD_B_TEMP_02 | 34.7 | CRITICAL
2026-09-22 04:32:28 | WARD_B_TEMP_03 | 39.0 | CRITICAL
2026-09-22 04:32:28 | WARD_B_TEMP_04 | 34.6 | CRITICAL
2026-09-22 04:32:28 | WARD_B_TEMP_05 | 40.2 | CRITICAL
2026-09-22 04:32:29 | WARD_B_TEMP_01 | 36.3 | NORMAL
2026-09-22 04:32:29 | WARD_B_TEMP_02 | 38.2 | CRITICAL
2026-09-22 04:32:29 | WARD_B_TEMP_03 | 37.7 | WARNING
2026-09-22 04:32:29 | WARD_B_TEMP_04 | 35.9 | NORMAL
2026-09-22 04:32:29 | WARD_B_TEMP_05 | 36.2 | NORMAL
2026-09-22 04:32:30 | WARD_B_TEMP_01 | 40.4 | CRITICAL
2026-09-22 04:32:30 | WARD_B_TEMP_02 | 38.1 | CRITICAL
2026-09-22 04:32:30 | WARD_B_TEMP_03 | 36.8 | NORMAL
2026-09-22 04:32:30 | WARD_B_TEMP_04 | 39.7 | CRITICAL
2026-09-22 04:32:30 | WARD_B_TEMP_05 | 38.5 | CRITICAL
2026-09-22 04:32:31 | WARD_B_TEMP_01 | 35.6 | NORMAL
2026-09-22 04:32:31 | WARD_B_TEMP_02 | 37.7 | WARNING
2026-09-22 04:32:31 | WARD_B_TEMP_03 | 37.1 | NORMAL
2026-09-22 04:32:31 | WARD_B_TEMP_04 | 38.7 | CRITICAL
2026-09-22 04:32:31 | WARD_B_TEMP_05 | 36.2 | NORMAL
2026-09-22 04:32:32 | WARD_B_TEMP_01 | 37.0 | NORMAL
2026-09-22 04:32:32 | WARD_B_TEMP_02 | 40.3 | CRITICAL
2026-09-22 04:32:32 | WARD_B_TEMP_03 | 40.2 | CRITICAL
2026-09-22 04:32:32 | WARD_B_TEMP_04 | 39.0 | CRITICAL
2026-09-22 04:32:32 | WARD_B_TEMP_05 | 35.8 | NORMAL
2026-09-22 04:32:33 | WARD_B_TEMP_01 | 35.8 | NORMAL
2026-09-22 04:32:33 | WARD_B_TEMP_02 | 39.5 | CRITICAL
2026-09-22 04:32:33 | WARD_B_TEMP_03 | 35.8 | NORMAL
2026-09-22 04:32:33 | WARD_B_TEMP_04 | 37.7 | WARNING
2026-09-22 04:32:33 | WARD_B_TEMP_05 | 36.2 | NORMAL
2026-09-22 04:32:34 | WARD_B_TEMP_01 | 35.2 | CRITICAL
2026-09-22 04:32:34 | WARD_B_TEMP_02 | 34.8 | CRITICAL
2026-09-22 04:32:34 | WARD_B_TEMP_03 | 40.2 | CRITICAL
2026-09-22 04:32:34 | WARD_B_TEMP_04 | 37.4 | NORMAL
2026-09-22 04:32:34 | WARD_B_TEMP_05 | 37.5 | WARNING
2026-09-22 04:32:35 | WARD_B_TEMP_01 | 37.6 | WARNING
2026-09-22 04:32:35 | WARD_B_TEMP_02 | 36.4 | NORMAL
2026-09-22 04:32:35 | WARD_B_TEMP_03 | 38.9 | CRITICAL
2026-09-22 04:32:35 | WARD_B_TEMP_04 | 34.6 | CRITICAL
2026-09-22 04:32:35 | WARD_B_TEMP_05 | 37.3 | NORMAL
2026-09-22 04:32:36 | WARD_B_TEMP_01 | 37.6 | WARNING
2026-09-22 04:32:36 | WARD_B_TEMP_02 | 39.1 | CRITICAL
2026-09-22 04:32:36 | WARD_B_TEMP_03 | 38.6 | CRITICAL
2026-09-22 04:32:36 | WARD_B_TEMP_04 | 39.0 | CRITICAL
2026-09-22 04:32:36 | WARD_B_TEMP_05 | 38.7 | CRITICAL
2026-09-22 04:32:37 | WARD_B_TEMP_01 | 37.1 | NORMAL
2026-09-22 04:32:37 | WARD_B_TEMP_02 | 39.8 | CRITICAL
2026-09-22 04:32:37 | WARD_B_TEMP_03 | 38.6 | CRITICAL
2026-09-22 04:32:37 | WARD_B_TEMP_04 | 39.7 | CRITICAL
2026-09-22 04:32:37 | WARD_B_TEMP_05 | 35.2 | CRITICAL
2026-09-22 04:32:38 | WARD_B_TEMP_01 | 38.4 | CRITICAL
2026-09-22 04:32:38 | WARD_B_TEMP_02 | 40.5 | CRITICAL
2026-09-22 04:32:38 | WARD_B_TEMP_03 | 36.7 | NORMAL
2026-09-22 04:32:38 | WARD_B_TEMP_04 | 39.8 | CRITICAL
2026-09-22 04:32:38 | WARD_B_TEMP_05 | 36.9 | NORMAL
2026-09-22 04:32:39 | WARD_B_TEMP_01 | 40.3 | CRITICAL
2026-09-22 04:32:39 | WARD_B_TEMP_02 | 37.8 | WARNING
2026-09-22 04:32:39 | WARD_B_TEMP_03 | 36.4 | NORMAL
2026-09-22 04:32:39 | WARD_B_TEMP_04 | 38.1 | CRITICAL
2026-09-22 04:32:39 | WARD_B_TEMP_05 | 39.9 | CRITICAL
2026-09-22 04:32:40 | WARD_B_TEMP_01 | 37.3 | NORMAL
2026-09-22 04:32:40 | WARD_B_TEMP_02 | 40.2 | CRITICAL
2026-09-22 04:32:40 | WARD_B_TEMP_03 | 37.6 | WARNING
2026-09-22 04:32:40 | WARD_B_TEMP_04 | 36.0 | NORMAL
2026-09-22 04:32:40 | WARD_B_TEMP_05 | 36.6 | NORMAL
2026-09-22 04:32:41 | WARD_B_TEMP_01 | 39.4 | CRITICAL
2026-09-22 04:32:41 | WARD_B_TEMP_02 | 36.5 | NORMAL
2026-09-22 04:32:41 | WARD_B_TEMP_03 | 39.2 | CRITICAL
2026-09-22 04:32:41 | WARD_B_TEMP_04 | 37.7 | WARNING
2026-09-22 04:32:41 | WARD_B_TEMP_05 | 37.0 | NORMAL
2026-09-22 04:32:42 | WARD_B_TEMP_01 | 36.4 | NORMAL
2026-09-22 04:32:42 | WARD_B_TEMP_02 | 38.6 | CRITICAL
2026-09-22 04:32:42 | WARD_B_TEMP_03 | 36.3 | NORMAL
2026-09-22 04:32:42 | WARD_B_TEMP_04 | 40.5 | CRITICAL
2026-09-22 04:32:42 | WARD_B_TEMP_05 | 37.3 | NORMAL
2026-09-22 04:32:43 | WARD_B_TEMP_01 | 37.1 | NORMAL
2026-09-22 04:32:43 | WARD_B_TEMP_02 | 38.9 | CRITICAL
2026-09-22 04:32:43 | WARD_B_TEMP_03 | 40.0 | CRITICAL
2026-09-22 04:32:43 | WARD_B_TEMP_04 | 36.9 | NORMAL
2026-09-22 04:32:43 | WARD_B_TEMP_05 | 40.4 | CRITICAL
2026-09-22 04:32:44 | WARD_B_TEMP_01 | 35.2 | CRITICAL
2026-09-22 04:32:44 | WARD_B_TEMP_02 | 38.7 | CRITICAL
2026-09-22 04:32:44 | WARD_B_TEMP_03 | 39.3 | CRITICAL
2026-09-22 04:32:44 | WARD_B_TEMP_04 | 40.0 | CRITICAL
2026-09-22 04:32:44 | WARD_B_TEMP_05 | 36.8 | NORMAL
2026-09-22 04:32:45 | WARD_B_TEMP_01 | 37.8 | WARNING
2026-09-22 04:32:45 | WARD_B_TEMP_02 | 36.1 | NORMAL
2026-09-22 04:32:45 | WARD_B_TEMP_03 | 38.9 | CRITICAL
2026-09-22 04:32:45 | WARD_B_TEMP_04 | 38.1 | CRITICAL
2026-09-22 04:32:45 | WARD_B_TEMP_05 | 39.3 | CRITICAL
2026-09-22 04:32:46 | WARD_B_TEMP_01 | 39.2 | CRITICAL
2026-09-22 04:32:46 | WARD_B_TEMP_02 | 36.7 | NORMAL
2026-09-22 04:32:46 | WARD_B_TEMP_03 | 39.9 | CRITICAL
2026-09-22 04:32:46 | WARD_B_TEMP_04 | 38.5 | CRITICAL
2026-09-22 04:32:46 | WARD_B_TEMP_05 | 40.2 | CRITICAL
2026-09-22 04:32:47 | WARD_B_TEMP_01 | 37.4 | NORMAL
2026-09-22 04:32:47 | WARD_B_TEMP_02 | 35.5 | NORMAL
2026-09-22 04:32:47 | WARD_B_TEMP_03 | 36.6 | NORMAL
2026-09-22 04:32:47 | WARD_B_TEMP_04 | 34.8 | CRITICAL
2026-09-22 04:32:47 | WARD_B_TEMP_05 | 40.0 | CRITICAL
2026-09-22 04:32:48 | WARD_B_TEMP_01 | 37.4 | NORMAL
2026-09-22 04:32:48 | WARD_B_TEMP_02 | 37.6 | WARNING
2026-09-22 04:32:48 | WARD_B_TEMP_03 | 39.3 | CRITICAL
2026-09-22 04:32:48 | WARD_B_TEMP_04 | 35.9 | NORMAL
2026-09-22 04:32:48 | WARD_B_TEMP_05 | 39.4 | CRITICAL
2026-09-22 04:32:49 | WARD_B_TEMP_01 | 37.6 | WARNING
2026-09-22 04:32:49 | WARD_B_TEMP_02 | 38.7 | CRITICAL
2026-09-22 04:32:49 | WARD_B_TEMP_03 | 34.7 | CRITICAL
2026-09-22 04:32:49 | WARD_B_TEMP_04 | 39.0 | CRITICAL
2026-09-22 04:32:49 | WARD_B_TEMP_05 | 34.8 | CRITICAL
2026-09-22 04:32:50 | WARD_B_TEMP_01 | 40.4 | CRITICAL
2026-09-22 04:32:50 | WARD_B_TEMP_02 | 37.7 | WARNING
2026-09-22 04:32:50 | WARD_B_TEMP_03 | 35.9 | NORMAL
2026-09-22 04:32:50 | WARD_B_TEMP_04 | 36.6 | NORMAL
2026-09-22 04:32:50 | WARD_B_TEMP_05 | 40.2 | CRITICAL
2026-09-22 04:32:51 | WARD_B_TEMP_01 | 40.1 | CRITICAL
2026-09-22 04:32:51 | WARD_B_TEMP_02 | 36.6 | NORMAL
2026-09-22 04:32:51 | WARD_B_TEMP_03 | 34.7 | CRITICAL
2026-09-22 04:32:51 | WARD_B_TEMP_04 | 38.5 | CRITICAL
2026-09-22 04:32:51 | WARD_B_TEMP_05 | 38.5 | CRITICAL
2026-09-22 04:32:52 | WARD_B_TEMP_01 | 35.4 | CRITICAL
2026-09-22 04:32:52 | WARD_B_TEMP_02 | 38.6 | CRITICAL
2026-09-22 04:32:52 | WARD_B_TEMP_03 | 35.4 | CRITICAL
2026-09-22 04:32:52 | WARD_B_TEMP_04 | 37.7 | WARNING
2026-09-22 04:32:52 | WARD_B_TEMP_05 | 39.4 | CRITICAL
2026-09-22 04:32:53 | WARD_B_TEMP_01 | 36.5 | NORMAL
2026-09-22 04:32:53 | WARD_B_TEMP_02 | 39.2 | CRITICAL
2026-09-22 04:32:53 | WARD_B_TEMP_03 | 37.9 | WARNING
2026-09-22 04:32:53 | WARD_B_TEMP_04 | 35.4 | CRITICAL
2026-09-22 04:32:53 | WARD_B_TEMP_05 | 36.8 | NORMAL
2026-09-22 04:32:54 | WARD_B_TEMP_01 | 37.0 | NORMAL
2026-09-22 04:32:54 | WARD_B_TEMP_02 | 38.4 | CRITICAL
2026-09-22 04:32:54 | WARD_B_TEMP_03 | 37.0 | NORMAL
2026-09-22 04:32:54 | WARD_B_TEMP_04 | 38.4 | CRITICAL
2026-09-22 04:32:54 | WARD_B_TEMP_05 | 36.7 | NORMAL
2026-09-22 04:32:55 | WARD_B_TEMP_01 | 38.1 | CRITICAL
2026-09-22 04:32:55 | WARD_B_TEMP_02 | 37.5 | WARNING
2026-09-22 04:32:55 | WARD_B_TEMP_03 | 37.0 | NORMAL
2026-09-22 04:32:55 | WARD_B_TEMP_04 | 35.9 | NORMAL
2026-09-22 04:32:55 | WARD_B_TEMP_05 | 39.3 | CRITICAL
2026-09-22 04:32:56 | WARD_B_TEMP_01 | 37.6 | WARNING
2026-09-22 04:32:56 | WARD_B_TEMP_02 | 34.5 | CRITICAL
2026-09-22 04:32:56 | WARD_B_TEMP_03 | 36.1 | NORMAL
2026-09-22 04:32:56 | WARD_B_TEMP_04 | 38.3 | CRITICAL
2026-09-22 04:32:56 | WARD_B_TEMP_05 | 39.7 | CRITICAL
2026-09-22 04:32:57 | WARD_B_TEMP_01 | 38.4 | CRITICAL
2026-09-22 04:32:57 | WARD_B_TEMP_02 | 39.8 | CRITICAL
2026-09-22 04:32:57 | WARD_B_TEMP_03 | 37.2 | NORMAL
2026-09-22 04:32:57 | WARD_B_TEMP_04 | 36.8 | NORMAL
2026-09-22 04:32:57 | WARD_B_TEMP_05 | 38.5 | CRITICAL
2026-09-22 04:32:58 | WARD_B_TEMP_01 | 39.2 | CRITICAL
2026-09-22 04:32:58 | WARD_B_TEMP_02 | 37.3 | NORMAL
2026-09-22 04:32:58 | WARD_B_TEMP_03 | 39.3 | CRITICAL
2026-09-22 04:32:58 | WARD_B_TEMP_04 | 34.9 | CRITICAL
2026-09-22 04:32:58 | WARD_B_TEMP_05 | 37.2 | NORMAL
2026-09-22 04:32:59 | WARD_B_TEMP_01 | 39.6 | CRITICAL
2026-09-22 04:32:59 | WARD_B_TEMP_02 | 40.2 | CRITICAL
2026-09-22 04:32:59 | WARD_B_TEMP_03 | 36.4 | NORMAL
2026-09-22 04:32:59 | WARD_B_TEMP_04 | 37.4 | NORMAL
2026-09-22 04:32:59 | WARD_B_TEMP_05 | 37.2 | NORMAL
2026-09-22 04:33:00 | WARD_B_TEMP_01 | 38.8 | CRITICAL
2026-09-22 04:33:00 | WARD_B_TEMP_02 | 38.6 | CRITICAL
2026-09-22 04:33:00 | WARD_B_TEMP_03 | 34.8 | CRITICAL
2026-09-22 04:33:00 | WARD_B_TEMP_04 | 34.8 | CRITICAL
2026-09-22 04:33:00 | WARD_B_TEMP_05 | 35.4 | CRITICAL
2026-09-22 04:33:01 | WARD_B_TEMP_01 | 39.8 | CRITICAL
2026-09-22 04:33:01 | WARD_B_TEMP_02 | 40.4 | CRITICAL
2026-09-22 04:33:01 | WARD_B_TEMP_03 | 39.7 | CRITICAL
2026-09-22 04:33:01 | WARD_B_TEMP_04 | 37.2 | NORMAL
2026-09-22 04:33:01 | WARD_B_TEMP_05 | 40.3 | CRITICAL
2026-09-22 04:33:02 | WARD_B_TEMP_01 | 35.9 | NORMAL
2026-09-22 04:33:02 | WARD_B_TEMP_02 | 36.2 | NORMAL
2026-09-22 04:33:02 | WARD_B_TEMP_03 | 37.5 | WARNING
2026-09-22 04:33:02 | WARD_B_TEMP_04 | 36.7 | NORMAL
2026-09-22 04:33:02 | WARD_B_TEMP_05 | 34.8 | CRITICAL
2026-09-22 04:33:03 | WARD_B_TEMP_01 | 36.3 | NORMAL
2026-09-22 04:33:03 | WARD_B_TEMP_02 | 38.0 | WARNING
2026-09-22 04:33:03 | WARD_B_TEMP_03 | 39.4 | CRITICAL
2026-09-22 04:33:03 | WARD_B_TEMP_04 | 38.1 | CRITICAL
2026-09-22 04:33:03 | WARD_B_TEMP_05 | 34.9 | CRITICAL
2026-09-22 04:33:04 | WARD_B_TEMP_01 | 38.8 | CRITICAL
2026-09-22 04:33:04 | WARD_B_TEMP_02 | 37.6 | WARNING
2026-09-22 04:33:04 | WARD_B_TEMP_03 | 35.4 | CRITICAL
2026-09-22 04:33:04 | WARD_B_TEMP_04 | 39.6 | CRITICAL
2026-09-22 04:33:04 | WARD_B_TEMP_05 | 35.1 | CRITICAL
2026-09-22 04:33:05 | WARD_B_TEMP_01 | 35.4 | CRITICAL
2026-09-22 04:33:05 | WARD_B_TEMP_02 | 40.4 | CRITICAL
2026-09-22 04:33:05 | WARD_B_TEMP_03 | 38.0 | WARNING
2026-09-22 04:33:05 | WARD_B_TEMP_04 | 39.9 | CRITICAL
2026-09-22 04:33:05 | WARD_B_TEMP_05 | 34.9 | CRITICAL
2026-09-22 04:33:06 | WARD_B_TEMP_01 | 35.6 | NORMAL
2026-09-22 04:33:06 | WARD_B_TEMP_02 | 36.8 | NORMAL
2026-09-22 04:33:06 | WARD_B_TEMP_03 | 39.4 | CRITICAL
2026-09-22 04:33:06 | WARD_B_TEMP_04 | 35.6 | NORMAL
2026-09-22 04:33:06 | WARD_B_TEMP_05 | 38.6 | CRITICAL
2026-09-22 04:33:07 | WARD_B_TEMP_01 | 35.2 | CRITICAL
2026-09-22 04:33:07 | WARD_B_TEMP_02 | 37.7 | WARNING
2026-09-22 04:33:07 | WARD_B_TEMP_03 | 37.8 | WARNING
2026-09-22 04:33:07 | WARD_B_TEMP_04 | 35.2 | CRITICAL
2026-09-22 04:33:07 | WARD_B_TEMP_05 | 40.0 | CRITICAL
2026-09-22 04:33:08 | WARD_B_TEMP_01 | 37.6 | WARNING
2026-09-22 04:33:08 | WARD_B_TEMP_02 | 40.1 | CRITICAL
2026-09-22 04:33:08 | WARD_B_TEMP_03 | 36.1 | NORMAL
2026-09-22 04:33:08 | WARD_B_TEMP_04 | 37.8 | WARNING
2026-09-22 04:33:08 | WARD_B_TEMP_05 | 38.1 | CRITICAL
2026-09-22 04:33:09 | WARD_B_TEMP_01 | 39.2 | CRITICAL
2026-09-22 04:33:09 | WARD_B_TEMP_02 | 36.9 | NORMAL
2026-09-22 04:33:09 | WARD_B_TEMP_03 | 37.4 | NORMAL
2026-09-22 04:33:09 | WARD_B_TEMP_04 | 40.3 | CRITICAL
2026-09-22 04:33:09 | WARD_B_TEMP_05 | 40.0 | CRITICAL
2026-09-22 04:33:10 | WARD_B_TEMP_01 | 40.4 | CRITICAL
2026-09-22 04:33:10 | WARD_B_TEMP_02 | 35.4 | CRITICAL
2026-09-22 04:33:10 | WARD_B_TEMP_03 | 38.4 | CRITICAL
2026-09-22 04:33:10 | WARD_B_TEMP_04 | 40.5 | CRITICAL
2026-09-22 04:33:10 | WARD_B_TEMP_05 | 38.8 | CRITICAL
2026-09-22 04:33:11 | WARD_B_TEMP_01 | 36.7 | NORMAL
2026-09-22 04:33:11 | WARD_B_TEMP_02 | 39.6 | CRITICAL
2026-09-22 04:33:11 | WARD_B_TEMP_03 | 40.4 | CRITICAL
2026-09-22 04:33:11 | WARD_B_TEMP_04 | 36.0 | NORMAL
2026-09-22 04:33:11 | WARD_B_TEMP_05 | 40.4 | CRITICAL
2026-09-22 04:33:12 | WARD_B_TEMP_01 | 39.5 | CRITICAL
2026-09-22 04:33:12 | WARD_B_TEMP_02 | 39.5 | CRITICAL
2026-09-22 04:33:12 | WARD_B_TEMP_03 | 39.7 | CRITICAL
2026-09-22 04:33:12 | WARD_B_TEMP_04 | 36.3 | NORMAL
2026-09-22 04:33:12 | WARD_B_TEMP_05 | 37.4 | NORMAL
2026-09-22 04:33:13 | WARD_B_TEMP_01 | 36.0 | NORMAL
2026-09-22 04:33:13 | WARD_B_TEMP_02 | 36.8 | NORMAL
2026-09-22 04:33:13 | WARD_B_TEMP_03 | 37.4 | NORMAL
2026-09-22 04:33:13 | WARD_B_TEMP_04 | 38.4 | CRITICAL
2026-09-22 04:33:13 | WARD_B_TEMP_05 | 39.3 | CRITICAL
2026-09-22 04:33:14 | WARD_B_TEMP_01 | 37.4 | NORMAL
2026-09-22 04:33:14 | WARD_B_TEMP_02 | 37.8 | WARNING
2026-09-22 04:33:14 | WARD_B_TEMP_03 | 37.6 | WARNING
2026-09-22 04:33:14 | WARD_B_TEMP_04 | 35.1 | CRITICAL
2026-09-22 04:33:14 | WARD_B_TEMP_05 | 34.9 | CRITICAL
2026-09-22 04:33:15 | WARD_B_TEMP_01 | 37.0 | NORMAL
2026-09-22 04:33:15 | WARD_B_TEMP_02 | 39.6 | CRITICAL
2026-09-22 04:33:15 | WARD_B_TEMP_03 | 39.9 | CRITICAL
2026-09-22 04:33:15 | WARD_B_TEMP_04 | 38.7 | CRITICAL
2026-09-22 04:33:15 | WARD_B_TEMP_05 | 36.8 | NORMAL
2026-09-22 04:33:16 | WARD_B_TEMP_01 | 37.9 | WARNING
2026-09-22 04:33:16 | WARD_B_TEMP_02 | 37.3 | NORMAL
2026-09-22 04:33:16 | WARD_B_TEMP_03 | 36.8 | NORMAL
2026-09-22 04:33:16 | WARD_B_TEMP_04 | 38.0 | WARNING
2026-09-22 04:33:16 | WARD_B_TEMP_05 | 37.7 | WARNING
2026-09-22 04:33:17 | WARD_B_TEMP_01 | 37.1 | NORMAL
2026-09-22 04:33:17 | WARD_B_TEMP_02 | 38.9 | CRITICAL
2026-09-22 04:33:17 | WARD_B_TEMP_03 | 38.0 | WARNING
2026-09-22 04:33:17 | WARD_B_TEMP_04 | 38.7 | CRITICAL
2026-09-22 04:33:17 | WARD_B_TEMP_05 | 35.9 | NORMAL
2026-09-22 04:33:18 | WARD_B_TEMP_01 | 35.7 | NORMAL
2026-09-22 04:33:18 | WARD_B_TEMP_02 | 38.9 | CRITICAL
2026-09-22 04:33:18 | WARD_B_TEMP_03 | 36.8 | NORMAL
2026-09-22 04:33:18 | WARD_B_TEMP_04 | 35.7 | NORMAL
2026-09-22 04:33:18 | WARD_B_TEMP_05 | 36.2 | NORMAL
2026-09-22 04:33:19 | WARD_B_TEMP_01 | 35.0 | CRITICAL
2026-09-22 04:33:19 | WARD_B_TEMP_02 | 34.5 | CRITICAL
2026-09-22 04:33:19 | WARD_B_TEMP_03 | 34.6 | CRITICAL
2026-09-22 04:33:19 | WARD_B_TEMP_04 | 35.8 | NORMAL
2026-09-22 04:33:19 | WARD_B_TEMP_05 | 40.0 | CRITICAL
2026-09-22 04:33:20 | WARD_B_TEMP_01 | 40.4 | CRITICAL
2026-09-22 04:33:20 | WARD_B_TEMP_02 | 37.6 | WARNING
2026-09-22 04:33:20 | WARD_B_TEMP_03 | 37.3 | NORMAL
2026-09-22 04:33:20 | WARD_B_TEMP_04 | 34.9 | CRITICAL
2026-09-22 04:33:20 | WARD_B_TEMP_05 | 35.3 | CRITICAL
2026-09-22 04:33:21 | WARD_B_TEMP_01 | 34.5 | CRITICAL
2026-09-22 04:33:21 | WARD_B_TEMP_02 | 37.4 | NORMAL
2026-09-22 04:33:21 | WARD_B_TEMP_03 | 39.9 | CRITICAL
2026-09-22 04:33:21 | WARD_B_TEMP_04 | 38.5 | CRITICAL
2026-09-22 04:33:21 | WARD_B_TEMP_05 | 37.0 | NORMAL
2026-09-22 04:33:22 | WARD_B_TEMP_01 | 36.2 | NORMAL
2026-09-22 04:33:22 | WARD_B_TEMP_02 | 39.2 | CRITICAL
2026-09-22 04:33:22 | WARD_B_TEMP_03 | 38.3 | CRITICAL
2026-09-22 04:33:22 | WARD_B_TEMP_04 | 36.0 | NORMAL
2026-09-22 04:33:22 | WARD_B_TEMP_05 | 36.4 | NORMAL
2026-09-22 04:33:23 | WARD_B_TEMP_01 | 37.5 | WARNING
2026-09-22 04:33:23 | WARD_B_TEMP_02 | 37.4 | NORMAL
2026-09-22 04:33:23 | WARD_B_TEMP_03 | 38.1 | CRITICAL
2026-09-22 04:33:23 | WARD_B_TEMP_04 | 38.2 | CRITICAL
2026-09-22 04:33:23 | WARD_B_TEMP_05 | 39.0 | CRITICAL
2026-09-22 04:33:24 | WARD_B_TEMP_01 | 35.2 | CRITICAL
2026-09-22 04:33:24 | WARD_B_TEMP_02 | 37.8 | WARNING
2026-09-22 04:33:24 | WARD_B_TEMP_03 | 37.8 | WARNING
2026-09-22 04:33:24 | WARD_B_TEMP_04 | 37.2 | NORMAL
2026-09-22 04:33:24 | WARD_B_TEMP_05 | 40.5 | CRITICAL
2026-09-22 04:33:25 | WARD_B_TEMP_01 | 37.6 | WARNING
2026-09-22 04:33:25 | WARD_B_TEMP_02 | 35.4 | CRITICAL
2026-09-22 04:33:25 | WARD_B_TEMP_03 | 39.3 | CRITICAL
2026-09-22 04:33:25 | WARD_B_TEMP_04 | 37.8 | WARNING
2026-09-22 04:33:25 | WARD_B_TEMP_05 | 35.0 | CRITICAL
2026-09-22 04:33:26 | WARD_B_TEMP_01 | 35.0 | CRITICAL
2026-09-22 04:33:26 | WARD_B_TEMP_02 | 34.8 | CRITICAL
2026-09-22 04:33:26 | WARD_B_TEMP_03 | 36.7 | NORMAL
2026-09-22 04:33:26 | WARD_B_TEMP_04 | 35.2 | CRITICAL
2026-09-22 04:33:26 | WARD_B_TEMP_05 | 36.4 | NORMAL
2026-09-22 04:33:27 | WARD_B_TEMP_01 | 38.2 | CRITICAL
2026-09-22 04:33:27 | WARD_B_TEMP_02 | 36.4 | NORMAL
2026-09-22 04:33:27 | WARD_B_TEMP_03 | 39.9 | CRITICAL
2026-09-22 04:33:27 | WARD_B_TEMP_04 | 37.6 | WARNING
2026-09-22 04:33:27 | WARD_B_TEMP_05 | 34.9 | CRITICAL
2026-09-22 04:33:28 | WARD_B_TEMP_01 | 37.5 | WARNING
2026-09-22 04:33:28 | WARD_B_TEMP_02 | 40.4 | CRITICAL
2026-09-22 04:33:28 | WARD_B_TEMP_03 | 40.3 | CRITICAL
2026-09-22 04:33:28 | WARD_B_TEMP_04 | 35.6 | NORMAL
2026-09-22 04:33:28 | WARD_B_TEMP_05 | 39.7 | CRITICAL
2026-09-22 04:33:29 | WARD_B_TEMP_01 | 34.5 | CRITICAL
2026-09-22 04:33:29 | WARD_B_TEMP_02 | 40.4 | CRITICAL
2026-09-22 04:33:29 | WARD_B_TEMP_03 | 40.0 | CRITICAL
2026-09-22 04:33:29 | WARD_B_TEMP_04 | 38.8 | CRITICAL
2026-09-22 04:33:29 | WARD_B_TEMP_05 | 40.1 | CRITICAL
2026-09-22 04:33:30 | WARD_B_TEMP_01 | 37.2 | NORMAL
2026-09-22 04:33:30 | WARD_B_TEMP_02 | 39.6 | CRITICAL
2026-09-22 04:33:30 | WARD_B_TEMP_03 | 40.0 | CRITICAL
2026-09-22 04:33:30 | WARD_B_TEMP_04 | 40.1 | CRITICAL
2026-09-22 04:33:30 | WARD_B_TEMP_05 | 38.5 | CRITICAL
2026-09-22 04:33:31 | WARD_B_TEMP_01 | 38.1 | CRITICAL
2026-09-22 04:33:31 | WARD_B_TEMP_02 | 34.9 | CRITICAL
2026-09-22 04:33:31 | WARD_B_TEMP_03 | 38.7 | CRITICAL
2026-09-22 04:33:31 | WARD_B_TEMP_04 | 34.5 | CRITICAL
2026-09-22 04:33:31 | WARD_B_TEMP_05 | 36.9 | NORMAL
2026-09-22 04:33:32 | WARD_B_TEMP_01 | 39.1 | CRITICAL
2026-09-22 04:33:32 | WARD_B_TEMP_02 | 40.2 | CRITICAL
2026-09-22 04:33:32 | WARD_B_TEMP_03 | 36.9 | NORMAL
2026-09-22 04:33:32 | WARD_B_TEMP_04 | 36.0 | NORMAL
2026-09-22 04:33:32 | WARD_B_TEMP_05 | 37.5 | WARNING
2026-09-22 04:33:33 | WARD_B_TEMP_01 | 39.8 | CRITICAL
2026-09-22 04:33:33 | WARD_B_TEMP_02 | 36.7 | NORMAL
2026-09-22 04:33:33 | WARD_B_TEMP_03 | 37.1 | NORMAL
2026-09-22 04:33:33 | WARD_B_TEMP_04 | 37.2 | NORMAL
2026-09-22 04:33:33 | WARD_B_TEMP_05 | 36.7 | NORMAL
2026-09-22 04:33:34 | WARD_B_TEMP_01 | 34.7 | CRITICAL
2026-09-22 04:33:34 | WARD_B_TEMP_02 | 40.1 | CRITICAL
2026-09-22 04:33:34 | WARD_B_TEMP_03 | 40.2 | CRITICAL
2026-09-22 04:33:34 | WARD_B_TEMP_04 | 39.2 | CRITICAL
2026-09-22 04:33:34 | WARD_B_TEMP_05 | 38.9 | CRITICAL
2026-09-22 04:33:35 | WARD_B_TEMP_01 | 37.2 | NORMAL
2026-09-22 04:33:35 | WARD_B_TEMP_02 | 35.8 | NORMAL
2026-09-22 04:33:35 | WARD_B_TEMP_03 | 36.8 | NORMAL
2026-09-22 04:33:35 | WARD_B_TEMP_04 | 35.4 | CRITICAL
2026-09-22 04:33:35 | WARD_B_TEMP_05 | 40.2 | CRITICAL
2026-09-22 04:33:36 | WARD_B_TEMP_01 | 35.8 | NORMAL
2026-09-22 04:33:36 | WARD_B_TEMP_02 | 35.6 | NORMAL
2026-09-22 04:33:36 | WARD_B_TEMP_03 | 38.5 | CRITICAL
2026-09-22 04:33:36 | WARD_B_TEMP_04 | 36.6 | NORMAL
2026-09-22 04:33:36 | WARD_B_TEMP_05 | 37.1 | NORMAL
2026-09-22 04:33:37 | WARD_B_TEMP_01 | 35.9 | NORMAL
2026-09-22 04:33:37 | WARD_B_TEMP_02 | 39.3 | CRITICAL
2026-09-22 04:33:37 | WARD_B_TEMP_03 | 40.4 | CRITICAL
2026-09-22 04:33:37 | WARD_B_TEMP_04 | 37.3 | NORMAL
2026-09-22 04:33:37 | WARD_B_TEMP_05 | 39.6 | CRITICAL
2026-09-22 04:33:38 | WARD_B_TEMP_01 | 38.7 | CRITICAL
2026-09-22 04:33:38 | WARD_B_TEMP_02 | 34.8 | CRITICAL
2026-09-22 04:33:38 | WARD_B_TEMP_03 | 39.5 | CRITICAL
2026-09-22 04:33:38 | WARD_B_TEMP_04 | 36.3 | NORMAL
2026-09-22 04:33:38 | WARD_B_TEMP_05 | 40.4 | CRITICAL
2026-09-22 04:33:39 | WARD_B_TEMP_01 | 35.6 | NORMAL
2026-09-22 04:33:39 | WARD_B_TEMP_02 | 34.6 | CRITICAL
2026-09-22 04:33:39 | WARD_B_TEMP_03 | 38.8 | CRITICAL
2026-09-22 04:33:39 | WARD_B_TEMP_04 | 36.6 | NORMAL
2026-09-22 04:33:39 | WARD_B_TEMP_05 | 38.1 | CRITICAL
2026-09-22 04:33:40 | WARD_B_TEMP_01 | 35.6 | NORMAL
2026-09-22 04:33:40 | WARD_B_TEMP_02 | 35.2 | CRITICAL
2026-09-22 04:33:40 | WARD_B_TEMP_03 | 37.5 | WARNING
2026-09-22 04:33:40 | WARD_B_TEMP_04 | 39.2 | CRITICAL
2026-09-22 04:33:40 | WARD_B_TEMP_05 | 36.6 | NORMAL
2026-09-22 04:33:41 | WARD_B_TEMP_01 | 35.4 | CRITICAL
2026-09-22 04:33:41 | WARD_B_TEMP_02 | 37.6 | WARNING
2026-09-22 04:33:41 | WARD_B_TEMP_03 | 38.5 | CRITICAL
2026-09-22 04:33:41 | WARD_B_TEMP_04 | 35.4 | CRITICAL
2026-09-22 04:33:41 | WARD_B_TEMP_05 | 40.1 | CRITICAL
2026-09-22 04:33:42 | WARD_B_TEMP_01 | 40.0 | CRITICAL
2026-09-22 04:33:42 | WARD_B_TEMP_02 | 38.4 | CRITICAL
2026-09-22 04:33:42 | WARD_B_TEMP_03 | 36.0 | NORMAL
2026-09-22 04:33:42 | WARD_B_TEMP_04 | 36.0 | NORMAL
2026-09-22 04:33:42 | WARD_B_TEMP_05 | 37.1 | NORMAL
2026-09-22 04:33:43 | WARD_B_TEMP_01 | 34.9 | CRITICAL
2026-09-22 04:33:43 | WARD_B_TEMP_02 | 36.9 | NORMAL
2026-09-22 04:33:43 | WARD_B_TEMP_03 | 39.0 | CRITICAL
2026-09-22 04:33:43 | WARD_B_TEMP_04 | 40.2 | CRITICAL
2026-09-22 04:33:43 | WARD_B_TEMP_05 | 40.3 | CRITICAL
2026-09-22 04:33:44 | WARD_B_TEMP_01 | 36.5 | NORMAL
2026-09-22 04:33:44 | WARD_B_TEMP_02 | 37.0 | NORMAL
2026-09-22 04:33:44 | WARD_B_TEMP_03 | 40.3 | CRITICAL
2026-09-22 04:33:44 | WARD_B_TEMP_04 | 38.6 | CRITICAL
2026-09-22 04:33:44 | WARD_B_TEMP_05 | 40.5 | CRITICAL
2026-09-22 04:33:45 | WARD_B_TEMP_01 | 37.2 | NORMAL
2026-09-22 04:33:45 | WARD_B_TEMP_02 | 40.1 | CRITICAL
2026-09-22 04:33:45 | WARD_B_TEMP_03 | 37.2 | NORMAL
2026-09-22 04:33:45 | WARD_B_TEMP_04 | 35.9 | NORMAL
2026-09-22 04:33:45 | WARD_B_TEMP_05 | 37.7 | WARNING
2026-09-22 04:33:46 | WARD_B_TEMP_01 | 38.2 | CRITICAL
2026-09-22 04:33:46 | WARD_B_TEMP_02 | 35.4 | CRITICAL
2026-09-22 04:33:46 | WARD_B_TEMP_03 | 40.2 | CRITICAL
2026-09-22 04:33:46 | WARD_B_TEMP_04 | 37.4 | NORMAL
2026-09-22 04:33:46 | WARD_B_TEMP_05 | 39.0 | CRITICAL
2026-09-22 04:33:47 | WARD_B_TEMP_01 | 35.4 | CRITICAL
2026-09-22 04:33:47 | WARD_B_TEMP_02 | 38.1 | CRITICAL
2026-09-22 04:33:47 | WARD_B_TEMP_03 | 38.5 | CRITICAL
2026-09-22 04:33:47 | WARD_B_TEMP_04 | 38.9 | CRITICAL
2026-09-22 04:33:47 | WARD_B_TEMP_05 | 35.4 | CRITICAL
2026-09-22 04:33:48 | WARD_B_TEMP_01 | 37.2 | NORMAL
2026-09-22 04:33:48 | WARD_B_TEMP_02 | 36.0 | NORMAL
2026-09-22 04:33:48 | WARD_B_TEMP_03 | 39.6 | CRITICAL
2026-09-22 04:33:48 | WARD_B_TEMP_04 | 36.3 | NORMAL
2026-09-22 04:33:48 | WARD_B_TEMP_05 | 36.8 | NORMAL
2026-09-22 04:33:49 | WARD_B_TEMP_01 | 39.1 | CRITICAL
2026-09-22 04:33:49 | WARD_B_TEMP_02 | 36.2 | NORMAL
2026-09-22 04:33:49 | WARD_B_TEMP_03 | 39.9 | CRITICAL
2026-09-22 04:33:49 | WARD_B_TEMP_04 | 40.3 | CRITICAL
2026-09-22 04:33:49 | WARD_B_TEMP_05 | 38.2 | CRITICAL
2026-09-22 04:33:50 | WARD_B_TEMP_01 | 39.4 | CRITICAL
2026-09-22 04:33:50 | WARD_B_TEMP_02 | 35.3 | CRITICAL
2026-09-22 04:33:50 | WARD_B_TEMP_03 | 37.1 | NORMAL
2026-09-22 04:33:50 | WARD_B_TEMP_04 | 36.5 | NORMAL
2026-09-22 04:33:50 | WARD_B_TEMP_05 | 36.7 | NORMAL
2026-09-22 04:33:51 | WARD_B_TEMP_01 | 38.2 | CRITICAL
2026-09-22 04:33:51 | WARD_B_TEMP_02 | 36.0 | NORMAL
2026-09-22 04:33:51 | WARD_B_TEMP_03 | 38.0 | WARNING
2026-09-22 04:33:51 | WARD_B_TEMP_04 | 35.2 | CRITICAL
2026-09-22 04:33:51 | WARD_B_TEMP_05 | 40.2 | CRITICAL
2026-09-22 04:33:52 | WARD_B_TEMP_01 | 35.3 | CRITICAL
2026-09-22 04:33:52 | WARD_B_TEMP_02 | 38.3 | CRITICAL
2026-09-22 04:33:52 | WARD_B_TEMP_03 | 40.5 | CRITICAL
2026-09-22 04:33:52 | WARD_B_TEMP_04 | 38.9 | CRITICAL
2026-09-22 04:33:52 | WARD_B_TEMP_05 | 37.7 | WARNING
2026-09-22 04:33:53 | WARD_B_TEMP_01 | 37.2 | NORMAL
2026-09-22 04:33:53 | WARD_B_TEMP_02 | 37.3 | NORMAL
2026-09-22 04:33:53 | WARD_B_TEMP_03 | 38.7 | CRITICAL
2026-09-22 04:33:53 | WARD_B_TEMP_04 | 37.5 | WARNING
2026-09-22 04:33:53 | WARD_B_TEMP_05 | 39.2 | CRITICAL
2026-09-22 04:33:54 | WARD_B_TEMP_01 | 38.2 | CRITICAL
2026-09-22 04:33:54 | WARD_B_TEMP_02 | 39.6 | CRITICAL
2026-09-22 04:33:54 | WARD_B_TEMP_03 | 35.8 | NORMAL
2026-09-22 04:33:54 | WARD_B_TEMP_04 | 40.4 | CRITICAL
2026-09-22 04:33:54 | WARD_B_TEMP_05 | 38.7 | CRITICAL
2026-09-22 04:33:55 | WARD_B_TEMP_01 | 35.9 | NORMAL
2026-09-22 04:33:55 | WARD_B_TEMP_02 | 38.0 | WARNING
2026-09-22 04:33:55 | WARD_B_TEMP_03 | 35.3 | CRITICAL
2026-09-22 04:33:55 | WARD_B_TEMP_04 | 37.5 | WARNING
2026-09-22 04:33:55 | WARD_B_TEMP_05 | 36.4 | NORMAL
2026-09-22 04:33:56 | WARD_B_TEMP_01 | 40.2 | CRITICAL
2026-09-22 04:33:56 | WARD_B_TEMP_02 | 35.6 | NORMAL
2026-09-22 04:33:56 | WARD_B_TEMP_03 | 34.7 | CRITICAL
2026-09-22 04:33:56 | WARD_B_TEMP_04 | 39.8 | CRITICAL
2026-09-22 04:33:56 | WARD_B_TEMP_05 | 40.4 | CRITICAL
2026-09-22 04:33:57 | WARD_B_TEMP_01 | 38.6 | CRITICAL
2026-09-22 04:33:57 | WARD_B_TEMP_02 | 35.1 | CRITICAL
2026-09-22 04:33:57 | WARD_B_TEMP_03 | 40.2 | CRITICAL
2026-09-22 04:33:57 | WARD_B_TEMP_04 | 37.5 | WARNING
2026-09-22 04:33:57 | WARD_B_TEMP_05 | 36.5 | NORMAL
2026-09-22 04:33:58 | WARD_B_TEMP_01 | 39.6 | CRITICAL
2026-09-22 04:33:58 | WARD_B_TEMP_02 | 38.1 | CRITICAL
2026-09-22 04:33:58 | WARD_B_TEMP_03 | 37.4 | NORMAL
2026-09-22 04:33:58 | WARD_B_TEMP_04 | 37.1 | NORMAL
2026-09-22 04:33:58 | WARD_B_TEMP_05 | 37.0 | NORMAL
2026-09-22 04:33:59 | WARD_B_TEMP_01 | 39.1 | CRITICAL
2026-09-22 04:33:59 | WARD_B_TEMP_02 | 38.0 | WARNING
2026-09-22 04:33:59 | WARD_B_TEMP_03 | 34.7 | CRITICAL
2026-09-22 04:33:59 | WARD_B_TEMP_04 | 36.2 | NORMAL
2026-09-22 04:33:59 | WARD_B_TEMP_05 | 35.8 | NORMAL
2026-09-22 04:34:00 | WARD_B_TEMP_01 | 39.0 | CRITICAL
2026-09-22 04:34:00 | WARD_B_TEMP_02 | 38.3 | CRITICAL
2026-09-22 04:34:00 | WARD_B_TEMP_03 | 35.9 | NORMAL
2026-09-22 04:34:00 | WARD_B_TEMP_04 | 34.5 | CRITICAL
2026-09-22 04:34:00 | WARD_B_TEMP_05 | 35.3 | CRITICAL
2026-09-22 04:34:01 | WARD_B_TEMP_01 | 35.1 | CRITICAL
2026-09-22 04:34:01 | WARD_B_TEMP_02 | 36.5 | NORMAL
2026-09-22 04:34:01 | WARD_B_TEMP_03 | 37.8 | WARNING
2026-09-22 04:34:01 | WARD_B_TEMP_04 | 37.0 | NORMAL
2026-09-22 04:34:01 | WARD_B_TEMP_05 | 39.3 | CRITICAL
2026-09-22 04:34:02 | WARD_B_TEMP_01 | 39.3 | CRITICAL
2026-09-22 04:34:02 | WARD_B_TEMP_02 | 35.8 | NORMAL
2026-09-22 04:34:02 | WARD_B_TEMP_03 | 39.1 | CRITICAL
2026-09-22 04:34:02 | WARD_B_TEMP_04 | 35.5 | NORMAL
2026-09-22 04:34:02 | WARD_B_TEMP_05 | 37.9 | WARNING
2026-09-22 04:34:03 | WARD_B_TEMP_01 | 39.2 | CRITICAL
2026-09-22 04:34:03 | WARD_B_TEMP_02 | 38.9 | CRITICAL
2026-09-22 04:34:03 | WARD_B_TEMP_03 | 35.0 | CRITICAL
2026-09-22 04:34:03 | WARD_B_TEMP_04 | 36.6 | NORMAL
2026-09-22 04:34:03 | WARD_B_TEMP_05 | 35.5 | NORMAL
2026-09-22 04:34:04 | WARD_B_TEMP_01 | 36.2 | NORMAL
2026-09-22 04:34:04 | WARD_B_TEMP_02 | 34.6 | CRITICAL
2026-09-22 04:34:04 | WARD_B_TEMP_03 | 36.4 | NORMAL
2026-09-22 04:34:04 | WARD_B_TEMP_04 | 37.8 | WARNING
2026-09-22 04:34:04 | WARD_B_TEMP_05 | 37.0 | NORMAL
2026-09-22 04:34:05 | WARD_B_TEMP_01 | 35.8 | NORMAL
2026-09-22 04:34:05 | WARD_B_TEMP_02 | 37.1 | NORMAL
2026-09-22 04:34:05 | WARD_B_TEMP_03 | 39.5 | CRITICAL
2026-09-22 04:34:05 | WARD_B_TEMP_04 | 37.9 | WARNING
2026-09-22 04:34:05 | WARD_B_TEMP_05 | 39.3 | CRITICAL
2026-09-22 04:34:06 | WARD_B_TEMP_01 | 38.0 | WARNING
2026-09-22 04:34:06 | WARD_B_TEMP_02 | 37.1 | NORMAL
2026-09-22 04:34:06 | WARD_B_TEMP_03 | 39.8 | CRITICAL
2026-09-22 04:34:06 | WARD_B_TEMP_04 | 36.9 | NORMAL
2026-09-22 04:34:06 | WARD_B_TEMP_05 | 38.2 | CRITICAL
2026-09-22 04:34:07 | WARD_B_TEMP_01 | 36.7 | NORMAL
2026-09-22 04:34:07 | WARD_B_TEMP_02 | 36.6 | NORMAL
2026-09-22 04:34:07 | WARD_B_TEMP_03 | 39.2 | CRITICAL
2026-09-22 04:34:07 | WARD_B_TEMP_04 | 36.1 | NORMAL
2026-09-22 04:34:07 | WARD_B_TEMP_05 | 36.1 | NORMAL
2026-09-22 04:34:08 | WARD_B_TEMP_01 | 39.2 | CRITICAL
2026-09-22 04:34:08 | WARD_B_TEMP_02 | 36.7 | NORMAL
2026-09-22 04:34:08 | WARD_B_TEMP_03 | 39.2 | CRITICAL
2026-09-22 04:34:08 | WARD_B_TEMP_04 | 37.9 | WARNING
2026-09-22 04:34:08 | WARD_B_TEMP_05 | 39.1 | CRITICAL
2026-09-22 04:34:09 | WARD_B_TEMP_01 | 38.1 | CRITICAL
2026-09-22 04:34:09 | WARD_B_TEMP_02 | 36.8 | NORMAL
2026-09-22 04:34:09 | WARD_B_TEMP_03 | 38.9 | CRITICAL
2026-09-22 04:34:09 | WARD_B_TEMP_04 | 36.3 | NORMAL
2026-09-22 04:34:09 | WARD_B_TEMP_05 | 34.5 | CRITICAL
2026-09-22 04:34:10 | WARD_B_TEMP_01 | 34.8 | CRITICAL
2026-09-22 04:34:10 | WARD_B_TEMP_02 | 38.9 | CRITICAL
2026-09-22 04:34:10 | WARD_B_TEMP_03 | 39.3 | CRITICAL
2026-09-22 04:34:10 | WARD_B_TEMP_04 | 37.3 | NORMAL
2026-09-22 04:34:10 | WARD_B_TEMP_05 | 35.6 | NORMAL
2026-09-22 04:34:11 | WARD_B_TEMP_01 | 38.0 | WARNING
2026-09-22 04:34:11 | WARD_B_TEMP_02 | 37.9 | WARNING
2026-09-22 04:34:11 | WARD_B_TEMP_03 | 37.4 | NORMAL
2026-09-22 04:34:11 | WARD_B_TEMP_04 | 37.8 | WARNING
2026-09-22 04:34:11 | WARD_B_TEMP_05 | 36.7 | NORMAL
2026-09-22 04:34:12 | WARD_B_TEMP_01 | 36.6 | NORMAL
2026-09-22 04:34:12 | WARD_B_TEMP_02 | 36.7 | NORMAL
2026-09-22 04:34:12 | WARD_B_TEMP_03 | 37.0 | NORMAL
2026-09-22 04:34:12 | WARD_B_TEMP_04 | 35.5 | NORMAL
2026-09-22 04:34:12 | WARD_B_TEMP_05 | 37.5 | WARNING
2026-09-22 04:34:13 | WARD_B_TEMP_01 | 35.1 | CRITICAL
2026-09-22 04:34:13 | WARD_B_TEMP_02 | 37.1 | NORMAL
2026-09-22 04:34:13 | WARD_B_TEMP_03 | 37.2 | NORMAL
2026-09-22 04:34:13 | WARD_B_TEMP_04 | 35.7 | NORMAL
2026-09-22 04:34:13 | WARD_B_TEMP_05 | 35.4 | CRITICAL
2026-09-22 04:34:14 | WARD_B_TEMP_01 | 34.9 | CRITICAL
2026-09-22 04:34:14 | WARD_B_TEMP_02 | 35.7 | NORMAL
2026-09-22 04:34:14 | WARD_B_TEMP_03 | 37.1 | NORMAL
2026-09-22 04:34:14 | WARD_B_TEMP_04 | 36.9 | NORMAL
2026-09-22 04:34:14 | WARD_B_TEMP_05 | 36.8 | NORMAL
2026-09-22 04:34:15 | WARD_B_TEMP_01 | 34.6 | CRITICAL
2026-09-22 04:34:15 | WARD_B_TEMP_02 | 36.4 | NORMAL
2026-09-22 04:34:15 | WARD_B_TEMP_03 | 36.5 | NORMAL
2026-09-22 04:34:15 | WARD_B_TEMP_04 | 37.2 | NORMAL
2026-09-22 04:34:15 | WARD_B_TEMP_05 | 40.3 | CRITICAL
2026-09-22 04:34:16 | WARD_B_TEMP_01 | 35.6 | NORMAL
2026-09-22 04:34:16 | WARD_B_TEMP_02 | 35.2 | CRITICAL
2026-09-22 04:34:16 | WARD_B_TEMP_03 | 37.9 | WARNING
2026-09-22 04:34:16 | WARD_B_TEMP_04 | 37.1 | NORMAL
2026-09-22 04:34:16 | WARD_B_TEMP_05 | 34.8 | CRITICAL
2026-09-22 04:34:17 | WARD_B_TEMP_01 | 38.1 | CRITICAL
2026-09-22 04:34:17 | WARD_B_TEMP_02 | 36.5 | NORMAL
2026-09-22 04:34:17 | WARD_B_TEMP_03 | 36.4 | NORMAL
2026-09-22 04:34:17 | WARD_B_TEMP_04 | 36.1 | NORMAL
2026-09-22 04:34:17 | WARD_B_TEMP_05 | 39.8 | CRITICAL
2026-09-22 04:34:18 | WARD_B_TEMP_01 | 38.7 | CRITICAL
2026-09-22 04:34:18 | WARD_B_TEMP_02 | 39.4 | CRITICAL
2026-09-22 04:34:18 | WARD_B_TEMP_03 | 38.9 | CRITICAL
2026-09-22 04:34:18 | WARD_B_TEMP_04 | 40.3 | CRITICAL
2026-09-22 04:34:18 | WARD_B_TEMP_05 | 37.2 | NORMAL
2026-09-22 04:34:19 | WARD_B_TEMP_01 | 37.1 | NORMAL
2026-09-22 04:34:19 | WARD_B_TEMP_02 | 35.5 | NORMAL
2026-09-22 04:34:19 | WARD_B_TEMP_03 | 40.0 | CRITICAL
2026-09-22 04:34:19 | WARD_B_TEMP_04 | 34.7 | CRITICAL
2026-09-22 04:34:19 | WARD_B_TEMP_05 | 34.9 | CRITICAL
2026-09-22 04:34:20 | WARD_B_TEMP_01 | 36.8 | NORMAL
2026-09-22 04:34:20 | WARD_B_TEMP_02 | 39.2 | CRITICAL
2026-09-22 04:34:20 | WARD_B_TEMP_03 | 40.1 | CRITICAL
2026-09-22 04:34:20 | WARD_B_TEMP_04 | 35.3 | CRITICAL
2026-09-22 04:34:20 | WARD_B_TEMP_05 | 38.9 | CRITICAL
2026-09-22 04:34:21 | WARD_B_TEMP_01 | 36.4 | NORMAL
2026-09-22 04:34:21 | WARD_B_TEMP_02 | 40.5 | CRITICAL
2026-09-22 04:34:21 | WARD_B_TEMP_03 | 35.2 | CRITICAL
2026-09-22 04:34:21 | WARD_B_TEMP_04 | 38.1 | CRITICAL
2026-09-22 04:34:21 | WARD_B_TEMP_05 | 35.9 | NORMAL
2026-09-22 04:34:22 | WARD_B_TEMP_01 | 39.7 | CRITICAL
2026-09-22 04:34:22 | WARD_B_TEMP_02 | 37.9 | WARNING
2026-09-22 04:34:22 | WARD_B_TEMP_03 | 37.3 | NORMAL
2026-09-22 04:34:22 | WARD_B_TEMP_04 | 38.1 | CRITICAL
2026-09-22 04:34:22 | WARD_B_TEMP_05 | 37.8 | WARNING
2026-09-22 04:34:23 | WARD_B_TEMP_01 | 37.3 | NORMAL
2026-09-22 04:34:23 | WARD_B_TEMP_02 | 35.4 | CRITICAL
2026-09-22 04:34:23 | WARD_B_TEMP_03 | 36.9 | NORMAL
2026-09-22 04:34:23 | WARD_B_TEMP_04 | 34.9 | CRITICAL
2026-09-22 04:34:23 | WARD_B_TEMP_05 | 36.7 | NORMAL
2026-09-22 04:34:24 | WARD_B_TEMP_01 | 39.5 | CRITICAL
2026-09-22 04:34:24 | WARD_B_TEMP_02 | 37.3 | NORMAL
2026-09-22 04:34:24 | WARD_B_TEMP_03 | 39.8 | CRITICAL
2026-09-22 04:34:24 | WARD_B_TEMP_04 | 40.5 | CRITICAL
2026-09-22 04:34:24 | WARD_B_TEMP_05 | 37.0 | NORMAL
2026-09-22 04:34:25 | WARD_B_TEMP_01 | 39.3 | CRITICAL
2026-09-22 04:34:25 | WARD_B_TEMP_02 | 38.1 | CRITICAL
2026-09-22 04:34:25 | WARD_B_TEMP_03 | 35.8 | NORMAL
2026-09-22 04:34:25 | WARD_B_TEMP_04 | 36.2 | NORMAL
2026-09-22 04:34:25 | WARD_B_TEMP_05 | 37.8 | WARNING
2026-09-22 04:34:26 | WARD_B_TEMP_01 | 38.8 | CRITICAL
2026-09-22 04:34:26 | WARD_B_TEMP_02 | 36.2 | NORMAL
2026-09-22 04:34:26 | WARD_B_TEMP_03 | 38.1 | CRITICAL
2026-09-22 04:34:26 | WARD_B_TEMP_04 | 36.5 | NORMAL
2026-09-22 04:34:26 | WARD_B_TEMP_05 | 39.1 | CRITICAL
2026-09-22 04:34:27 | WARD_B_TEMP_01 | 37.7 | WARNING
2026-09-22 04:34:27 | WARD_B_TEMP_02 | 37.2 | NORMAL
2026-09-22 04:34:27 | WARD_B_TEMP_03 | 40.3 | CRITICAL
2026-09-22 04:34:27 | WARD_B_TEMP_04 | 35.0 | CRITICAL
2026-09-22 04:34:27 | WARD_B_TEMP_05 | 38.4 | CRITICAL
2026-09-22 04:34:28 | WARD_B_TEMP_01 | 38.3 | CRITICAL
2026-09-22 04:34:28 | WARD_B_TEMP_02 | 35.1 | CRITICAL
2026-09-22 04:34:28 | WARD_B_TEMP_03 | 38.4 | CRITICAL
2026-09-22 04:34:28 | WARD_B_TEMP_04 | 35.3 | CRITICAL
2026-09-22 04:34:28 | WARD_B_TEMP_05 | 36.3 | NORMAL
2026-09-22 04:34:29 | WARD_B_TEMP_01 | 39.8 | CRITICAL
2026-09-22 04:34:29 | WARD_B_TEMP_02 | 37.0 | NORMAL
2026-09-22 04:34:29 | WARD_B_TEMP_03 | 36.1 | NORMAL
2026-09-22 04:34:29 | WARD_B_TEMP_04 | 38.5 | CRITICAL
2026-09-22 04:34:29 | WARD_B_TEMP_05 | 35.8 | NORMAL
2026-09-22 04:34:30 | WARD_B_TEMP_01 | 38.5 | CRITICAL
2026-09-22 04:34:30 | WARD_B_TEMP_02 | 35.8 | NORMAL
2026-09-22 04:34:30 | WARD_B_TEMP_03 | 39.9 | CRITICAL
2026-09-22 04:34:30 | WARD_B_TEMP_04 | 38.1 | CRITICAL
2026-09-22 04:34:30 | WARD_B_TEMP_05 | 36.1 | NORMAL
2026-09-22 04:34:31 | WARD_B_TEMP_01 | 35.2 | CRITICAL
2026-09-22 04:34:31 | WARD_B_TEMP_02 | 39.7 | CRITICAL
2026-09-22 04:34:31 | WARD_B_TEMP_03 | 34.7 | CRITICAL
2026-09-22 04:34:31 | WARD_B_TEMP_04 | 39.7 | CRITICAL
2026-09-22 04:34:31 | WARD_B_TEMP_05 | 35.1 | CRITICAL
2026-09-22 04:34:32 | WARD_B_TEMP_01 | 39.1 | CRITICAL
2026-09-22 04:34:32 | WARD_B_TEMP_02 | 35.4 | CRITICAL
2026-09-22 04:34:32 | WARD_B_TEMP_03 | 36.2 | NORMAL
2026-09-22 04:34:32 | WARD_B_TEMP_04 | 38.3 | CRITICAL
2026-09-22 04:34:32 | WARD_B_TEMP_05 | 34.8 | CRITICAL
2026-09-22 04:34:33 | WARD_B_TEMP_01 | 37.5 | WARNING
2026-09-22 04:34:33 | WARD_B_TEMP_02 | 37.4 | NORMAL
2026-09-22 04:34:33 | WARD_B_TEMP_03 | 34.8 | CRITICAL
2026-09-22 04:34:33 | WARD_B_TEMP_04 | 34.8 | CRITICAL
2026-09-22 04:34:33 | WARD_B_TEMP_05 | 38.2 | CRITICAL
2026-09-22 04:34:34 | WARD_B_TEMP_01 | 36.9 | NORMAL
2026-09-22 04:34:34 | WARD_B_TEMP_02 | 38.4 | CRITICAL
2026-09-22 04:34:34 | WARD_B_TEMP_03 | 35.5 | NORMAL
2026-09-22 04:34:34 | WARD_B_TEMP_04 | 38.6 | CRITICAL
2026-09-22 04:34:34 | WARD_B_TEMP_05 | 34.7 | CRITICAL
2026-09-22 04:34:35 | WARD_B_TEMP_01 | 35.3 | CRITICAL
2026-09-22 04:34:35 | WARD_B_TEMP_02 | 35.2 | CRITICAL
2026-09-22 04:34:35 | WARD_B_TEMP_03 | 37.3 | NORMAL
2026-09-22 04:34:35 | WARD_B_TEMP_04 | 38.7 | CRITICAL
2026-09-22 04:34:35 | WARD_B_TEMP_05 | 35.7 | NORMAL
2026-09-22 04:34:36 | WARD_B_TEMP_01 | 40.4 | CRITICAL
2026-09-22 04:34:36 | WARD_B_TEMP_02 | 40.1 | CRITICAL
2026-09-22 04:34:36 | WARD_B_TEMP_03 | 35.1 | CRITICAL
2026-09-22 04:34:36 | WARD_B_TEMP_04 | 40.0 | CRITICAL
2026-09-22 04:34:36 | WARD_B_TEMP_05 | 38.6 | CRITICAL
2026-09-22 04:34:37 | WARD_B_TEMP_01 | 40.4 | CRITICAL
2026-09-22 04:34:37 | WARD_B_TEMP_02 | 37.7 | WARNING
2026-09-22 04:34:37 | WARD_B_TEMP_03 | 39.3 | CRITICAL
2026-09-22 04:34:37 | WARD_B_TEMP_04 | 34.8 | CRITICAL
2026-09-22 04:34:37 | WARD_B_TEMP_05 | 35.4 | CRITICAL
2026-09-22 04:34:38 | WARD_B_TEMP_01 | 38.6 | CRITICAL
2026-09-22 04:34:38 | WARD_B_TEMP_02 | 37.1 | NORMAL
2026-09-22 04:34:38 | WARD_B_TEMP_03 | 40.1 | CRITICAL
2026-09-22 04:34:38 | WARD_B_TEMP_04 | 35.3 | CRITICAL
2026-09-22 04:34:38 | WARD_B_TEMP_05 | 38.0 | WARNING
2026-09-22 04:34:39 | WARD_B_TEMP_01 | 39.6 | CRITICAL
2026-09-22 04:34:39 | WARD_B_TEMP_02 | 34.8 | CRITICAL
2026-09-22 04:34:39 | WARD_B_TEMP_03 | 36.4 | NORMAL
2026-09-22 04:34:39 | WARD_B_TEMP_04 | 39.1 | CRITICAL
2026-09-22 04:34:39 | WARD_B_TEMP_05 | 35.8 | NORMAL
2026-09-22 04:34:40 | WARD_B_TEMP_01 | 38.8 | CRITICAL
2026-09-22 04:34:40 | WARD_B_TEMP_02 | 37.9 | WARNING
2026-09-22 04:34:40 | WARD_B_TEMP_03 | 38.7 | CRITICAL
2026-09-22 04:34:40 | WARD_B_TEMP_04 | 39.9 | CRITICAL
2026-09-22 04:34:40 | WARD_B_TEMP_05 | 36.3 | NORMAL
2026-09-22 04:34:41 | WARD_B_TEMP_01 | 38.3 | CRITICAL
2026-09-22 04:34:41 | WARD_B_TEMP_02 | 37.4 | NORMAL
2026-09-22 04:34:41 | WARD_B_TEMP_03 | 38.9 | CRITICAL
2026-09-22 04:34:41 | WARD_B_TEMP_04 | 36.8 | NORMAL
2026-09-22 04:34:41 | WARD_B_TEMP_05 | 34.8 | CRITICAL
2026-09-22 04:34:42 | WARD_B_TEMP_01 | 34.7 | CRITICAL
2026-09-22 04:34:42 | WARD_B_TEMP_02 | 36.3 | NORMAL
2026-09-22 04:34:42 | WARD_B_TEMP_03 | 34.6 | CRITICAL
2026-09-22 04:34:42 | WARD_B_TEMP_04 | 38.4 | CRITICAL
2026-09-22 04:34:42 | WARD_B_TEMP_05 | 36.0 | NORMAL
2026-09-22 04:34:43 | WARD_B_TEMP_01 | 37.3 | NORMAL
2026-09-22 04:34:43 | WARD_B_TEMP_02 | 37.6 | WARNING
2026-09-22 04:34:43 | WARD_B_TEMP_03 | 35.4 | CRITICAL
2026-09-22 04:34:43 | WARD_B_TEMP_04 | 35.3 | CRITICAL
2026-09-22 04:34:43 | WARD_B_TEMP_05 | 35.0 | CRITICAL
2026-09-22 04:34:44 | WARD_B_TEMP_01 | 40.0 | CRITICAL
2026-09-22 04:34:44 | WARD_B_TEMP_02 | 35.0 | CRITICAL
2026-09-22 04:34:44 | WARD_B_TEMP_03 | 38.2 | CRITICAL
2026-09-22 04:34:44 | WARD_B_TEMP_04 | 36.6 | NORMAL
2026-09-22 04:34:44 | WARD_B_TEMP_05 | 36.1 | NORMAL
2026-09-22 04:34:45 | WARD_B_TEMP_01 | 39.8 | CRITICAL
2026-09-22 04:34:45 | WARD_B_TEMP_02 | 34.7 | CRITICAL
2026-09-22 04:34:45 | WARD_B_TEMP_03 | 35.0 | CRITICAL
2026-09-22 04:34:45 | WARD_B_TEMP_04 | 40.2 | CRITICAL
2026-09-22 04:34:45 | WARD_B_TEMP_05 | 38.5 | CRITICAL
2026-09-22 04:34:46 | WARD_B_TEMP_01 | 35.2 | CRITICAL
2026-09-22 04:34:46 | WARD_B_TEMP_02 | 39.8 | CRITICAL
2026-09-22 04:34:46 | WARD_B_TEMP_03 | 35.7 | NORMAL
2026-09-22 04:34:46 | WARD_B_TEMP_04 | 34.8 | CRITICAL
2026-09-22 04:34:46 | WARD_B_TEMP_05 | 35.3 | CRITICAL
2026-09-22 04:34:47 | WARD_B_TEMP_01 | 40.0 | CRITICAL
2026-09-22 04:34:47 | WARD_B_TEMP_02 | 39.4 | CRITICAL
2026-09-22 04:34:47 | WARD_B_TEMP_03 | 39.1 | CRITICAL
2026-09-22 04:34:47 | WARD_B_TEMP_04 | 38.4 | CRITICAL
2026-09-22 04:34:47 | WARD_B_TEMP_05 | 40.3 | CRITICAL
2026-09-22 04:34:48 | WARD_B_TEMP_01 | 38.8 | CRITICAL
2026-09-22 04:34:48 | WARD_B_TEMP_02 | 37.3 | NORMAL
2026-09-22 04:34:48 | WARD_B_TEMP_03 | 38.9 | CRITICAL
2026-09-22 04:34:48 | WARD_B_TEMP_04 | 36.6 | NORMAL
2026-09-22 04:34:48 | WARD_B_TEMP_05 | 36.7 | NORMAL
2026-09-22 04:34:49 | WARD_B_TEMP_01 | 35.9 | NORMAL
2026-09-22 04:34:49 | WARD_B_TEMP_02 | 37.9 | WARNING
2026-09-22 04:34:49 | WARD_B_TEMP_03 | 39.6 | CRITICAL
2026-09-22 04:34:49 | WARD_B_TEMP_04 | 40.0 | CRITICAL
2026-09-22 04:34:49 | WARD_B_TEMP_05 | 38.3 | CRITICAL
2026-09-22 04:34:50 | WARD_B_TEMP_01 | 37.7 | WARNING
2026-09-22 04:34:50 | WARD_B_TEMP_02 | 40.2 | CRITICAL
2026-09-22 04:34:50 | WARD_B_TEMP_03 | 35.5 | NORMAL
2026-09-22 04:34:50 | WARD_B_TEMP_04 | 34.8 | CRITICAL
2026-09-22 04:34:50 | WARD_B_TEMP_05 | 37.4 | NORMAL
2026-09-22 04:34:51 | WARD_B_TEMP_01 | 36.9 | NORMAL
2026-09-22 04:34:51 | WARD_B_TEMP_02 | 38.0 | WARNING
2026-09-22 04:34:51 | WARD_B_TEMP_03 | 34.9 | CRITICAL
2026-09-22 04:34:51 | WARD_B_TEMP_04 | 38.8 | CRITICAL
2026-09-22 04:34:51 | WARD_B_TEMP_05 | 39.3 | CRITICAL
2026-09-22 04:34:52 | WARD_B_TEMP_01 | 37.8 | WARNING
2026-09-22 04:34:52 | WARD_B_TEMP_02 | 36.4 | NORMAL
2026-09-22 04:34:52 | WARD_B_TEMP_03 | 38.7 | CRITICAL
2026-09-22 04:34:52 | WARD_B_TEMP_04 | 38.7 | CRITICAL
2026-09-22 04:34:52 | WARD_B_TEMP_05 | 38.5 | CRITICAL
2026-09-22 04:34:53 | WARD_B_TEMP_01 | 40.0 | CRITICAL
2026-09-22 04:34:53 | WARD_B_TEMP_02 | 37.9 | WARNING
2026-09-22 04:34:53 | WARD_B_TEMP_03 | 35.4 | CRITICAL
2026-09-22 04:34:53 | WARD_B_TEMP_04 | 38.8 | CRITICAL
2026-09-22 04:34:53 | WARD_B_TEMP_05 | 38.1 | CRITICAL
2026-09-22 04:34:54 | WARD_B_TEMP_01 | 37.9 | WARNING
2026-09-22 04:34:54 | WARD_B_TEMP_02 | 39.6 | CRITICAL
2026-09-22 04:34:54 | WARD_B_TEMP_03 | 39.1 | CRITICAL
2026-09-22 04:34:54 | WARD_B_TEMP_04 | 39.4 | CRITICAL
2026-09-22 04:34:54 | WARD_B_TEMP_05 | 38.3 | CRITICAL
2026-09-22 04:34:55 | WARD_B_TEMP_01 | 34.9 | CRITICAL
2026-09-22 04:34:55 | WARD_B_TEMP_02 | 40.2 | CRITICAL
2026-09-22 04:34:55 | WARD_B_TEMP_03 | 37.5 | WARNING
2026-09-22 04:34:55 | WARD_B_TEMP_04 | 39.7 | CRITICAL
2026-09-22 04:34:55 | WARD_B_TEMP_05 | 38.0 | WARNING
2026-09-22 04:34:56 | WARD_B_TEMP_01 | 35.3 | CRITICAL
2026-09-22 04:34:56 | WARD_B_TEMP_02 | 34.9 | CRITICAL
2026-09-22 04:34:56 | WARD_B_TEMP_03 | 38.1 | CRITICAL
2026-09-22 04:34:56 | WARD_B_TEMP_04 | 39.2 | CRITICAL
2026-09-22 04:34:56 | WARD_B_TEMP_05 | 38.5 | CRITICAL
2026-09-22 04:34:57 | WARD_B_TEMP_01 | 37.6 | WARNING
2026-09-22 04:34:57 | WARD_B_TEMP_02 | 36.4 | NORMAL
2026-09-22 04:34:57 | WARD_B_TEMP_03 | 34.7 | CRITICAL
2026-09-22 04:34:57 | WARD_B_TEMP_04 | 39.1 | CRITICAL
2026-09-22 04:34:57 | WARD_B_TEMP_05 | 36.7 | NORMAL
2026-09-22 04:34:58 | WARD_B_TEMP_01 | 39.4 | CRITICAL
2026-09-22 04:34:58 | WARD_B_TEMP_02 | 39.7 | CRITICAL
2026-09-22 04:34:58 | WARD_B_TEMP_03 | 40.0 | CRITICAL
2026-09-22 04:34:58 | WARD_B_TEMP_04 | 38.8 | CRITICAL
2026-09-22 04:34:58 | WARD_B_TEMP_05 | 39.5 | CRITICAL
2026-09-22 04:34:59 | WARD_B_TEMP_01 | 37.5 | WARNING
2026-09-22 04:34:59 | WARD_B_TEMP_02 | 34.8 | CRITICAL
2026-09-22 04:34:59 | WARD_B_TEMP_03 | 38.9 | CRITICAL
2026-09-22 04:34:59 | WARD_B_TEMP_04 | 39.3 | CRITICAL
2026-09-22 04:34:59 | WARD_B_TEMP_05 | 40.2 | CRITICAL
2026-09-22 04:35:00 | WARD_B_TEMP_01 | 37.3 | NORMAL
2026-09-22 04:35:00 | WARD_B_TEMP_02 | 39.1 | CRITICAL
2026-09-22 04:35:00 | WARD_B_TEMP_03 | 36.6 | NORMAL
2026-09-22 04:35:00 | WARD_B_TEMP_04 | 39.1 | CRITICAL
2026-09-22 04:35:00 | WARD_B_TEMP_05 | 36.0 | NORMAL
2026-09-22 04:35:01 | WARD_B_TEMP_01 | 37.5 | WARNING
2026-09-22 04:35:01 | WARD_B_TEMP_02 | 36.4 | NORMAL
2026-09-22 04:35:01 | WARD_B_TEMP_03 | 38.4 | CRITICAL
2026-09-22 04:35:01 | WARD_B_TEMP_04 | 36.8 | NORMAL
2026-09-22 04:35:01 | WARD_B_TEMP_05 | 38.9 | CRITICAL
2026-09-22 04:35:02 | WARD_B_TEMP_01 | 39.4 | CRITICAL
2026-09-22 04:35:02 | WARD_B_TEMP_02 | 35.0 | CRITICAL
2026-09-22 04:35:02 | WARD_B_TEMP_03 | 40.2 | CRITICAL
2026-09-22 04:35:02 | WARD_B_TEMP_04 | 35.2 | CRITICAL
2026-09-22 04:35:02 | WARD_B_TEMP_05 | 36.5 | NORMAL
2026-09-22 04:35:03 | WARD_B_TEMP_01 | 35.6 | NORMAL
2026-09-22 04:35:03 | WARD_B_TEMP_02 | 35.7 | NORMAL
2026-09-22 04:35:03 | WARD_B_TEMP_03 | 38.4 | CRITICAL
2026-09-22 04:35:03 | WARD_B_TEMP_04 | 37.2 | NORMAL
2026-09-22 04:35:03 | WARD_B_TEMP_05 | 40.5 | CRITICAL
2026-09-22 04:35:04 | WARD_B_TEMP_01 | 35.1 | CRITICAL
2026-09-22 04:35:04 | WARD_B_TEMP_02 | 38.1 | CRITICAL
2026-09-22 04:35:04 | WARD_B_TEMP_03 | 36.1 | NORMAL
2026-09-22 04:35:04 | WARD_B_TEMP_04 | 36.1 | NORMAL
2026-09-22 04:35:04 | WARD_B_TEMP_05 | 39.5 | CRITICAL
2026-09-22 04:35:05 | WARD_B_TEMP_01 | 38.0 | WARNING
2026-09-22 04:35:05 | WARD_B_TEMP_02 | 40.4 | CRITICAL
2026-09-22 04:35:05 | WARD_B_TEMP_03 | 37.4 | NORMAL
2026-09-22 04:35:05 | WARD_B_TEMP_04 | 40.0 | CRITICAL
2026-09-22 04:35:05 | WARD_B_TEMP_05 | 37.9 | WARNING
2026-09-22 04:35:06 | WARD_B_TEMP_01 | 38.8 | CRITICAL
2026-09-22 04:35:06 | WARD_B_TEMP_02 | 38.1 | CRITICAL
2026-09-22 04:35:06 | WARD_B_TEMP_03 | 35.7 | NORMAL
2026-09-22 04:35:06 | WARD_B_TEMP_04 | 34.9 | CRITICAL
2026-09-22 04:35:06 | WARD_B_TEMP_05 | 35.3 | CRITICAL
2026-09-22 04:35:07 | WARD_B_TEMP_01 | 40.4 | CRITICAL
2026-09-22 04:35:07 | WARD_B_TEMP_02 | 40.4 | CRITICAL
2026-09-22 04:35:07 | WARD_B_TEMP_03 | 36.3 | NORMAL
2026-09-22 04:35:07 | WARD_B_TEMP_04 | 37.6 | WARNING
2026-09-22 04:35:07 | WARD_B_TEMP_05 | 35.0 | CRITICAL
2026-09-22 04:35:08 | WARD_B_TEMP_01 | 38.0 | WARNING
2026-09-22 04:35:08 | WARD_B_TEMP_02 | 36.4 | NORMAL
2026-09-22 04:35:08 | WARD_B_TEMP_03 | 39.3 | CRITICAL
2026-09-22 04:35:08 | WARD_B_TEMP_04 | 37.7 | WARNING
2026-09-22 04:35:08 | WARD_B_TEMP_05 | 35.0 | CRITICAL
2026-09-22 04:35:09 | WARD_B_TEMP_01 | 37.4 | NORMAL
2026-09-22 04:35:09 | WARD_B_TEMP_02 | 39.8 | CRITICAL
2026-09-22 04:35:09 | WARD_B_TEMP_03 | 37.8 | WARNING
2026-09-22 04:35:09 | WARD_B_TEMP_04 | 38.1 | CRITICAL
2026-09-22 04:35:09 | WARD_B_TEMP_05 | 35.1 | CRITICAL
2026-09-22 04:35:10 | WARD_B_TEMP_01 | 39.8 | CRITICAL
2026-09-22 04:35:10 | WARD_B_TEMP_02 | 39.8 | CRITICAL
2026-09-22 04:35:10 | WARD_B_TEMP_03 | 39.7 | CRITICAL
2026-09-22 04:35:10 | WARD_B_TEMP_04 | 35.3 | CRITICAL
2026-09-22 04:35:10 | WARD_B_TEMP_05 | 37.5 | WARNING
2026-09-22 04:35:11 | WARD_B_TEMP_01 | 39.8 | CRITICAL
2026-09-22 04:35:11 | WARD_B_TEMP_02 | 36.5 | NORMAL
2026-09-22 04:35:11 | WARD_B_TEMP_03 | 39.1 | CRITICAL
2026-09-22 04:35:11 | WARD_B_TEMP_04 | 39.4 | CRITICAL
2026-09-22 04:35:11 | WARD_B_TEMP_05 | 39.3 | CRITICAL
2026-09-22 04:35:12 | WARD_B_TEMP_01 | 37.1 | NORMAL
2026-09-22 04:35:12 | WARD_B_TEMP_02 | 35.7 | NORMAL
2026-09-22 04:35:12 | WARD_B_TEMP_03 | 38.7 | CRITICAL
2026-09-22 04:35:12 | WARD_B_TEMP_04 | 36.2 | NORMAL
2026-09-22 04:35:12 | WARD_B_TEMP_05 | 38.1 | CRITICAL
2026-09-22 04:35:13 | WARD_B_TEMP_01 | 34.6 | CRITICAL
2026-09-22 04:35:13 | WARD_B_TEMP_02 | 35.9 | NORMAL
2026-09-22 04:35:13 | WARD_B_TEMP_03 | 37.5 | WARNING
2026-09-22 04:35:13 | WARD_B_TEMP_04 | 37.1 | NORMAL
2026-09-22 04:35:13 | WARD_B_TEMP_05 | 40.1 | CRITICAL
2026-09-22 04:35:14 | WARD_B_TEMP_01 | 36.0 | NORMAL
2026-09-22 04:35:14 | WARD_B_TEMP_02 | 39.1 | CRITICAL
2026-09-22 04:35:14 | WARD_B_TEMP_03 | 39.1 | CRITICAL
2026-09-22 04:35:14 | WARD_B_TEMP_04 | 37.9 | WARNING
2026-09-22 04:35:14 | WARD_B_TEMP_05 | 40.3 | CRITICAL
2026-09-22 04:35:15 | WARD_B_TEMP_01 | 39.1 | CRITICAL
2026-09-22 04:35:15 | WARD_B_TEMP_02 | 36.7 | NORMAL
2026-09-22 04:35:15 | WARD_B_TEMP_03 | 37.9 | WARNING
2026-09-22 04:35:15 | WARD_B_TEMP_04 | 34.7 | CRITICAL
2026-09-22 04:35:15 | WARD_B_TEMP_05 | 37.4 | NORMAL
2026-09-22 04:35:16 | WARD_B_TEMP_01 | 34.7 | CRITICAL
2026-09-22 04:35:16 | WARD_B_TEMP_02 | 35.3 | CRITICAL
2026-09-22 04:35:16 | WARD_B_TEMP_03 | 34.6 | CRITICAL
2026-09-22 04:35:16 | WARD_B_TEMP_04 | 36.5 | NORMAL
2026-09-22 04:35:16 | WARD_B_TEMP_05 | 36.0 | NORMAL
2026-09-22 04:35:17 | WARD_B_TEMP_01 | 35.1 | CRITICAL
2026-09-22 04:35:17 | WARD_B_TEMP_02 | 40.1 | CRITICAL
2026-09-22 04:35:17 | WARD_B_TEMP_03 | 34.6 | CRITICAL
2026-09-22 04:35:17 | WARD_B_TEMP_04 | 36.8 | NORMAL
2026-09-22 04:35:17 | WARD_B_TEMP_05 | 37.6 | WARNING
2026-09-22 04:35:18 | WARD_B_TEMP_01 | 39.2 | CRITICAL
2026-09-22 04:35:18 | WARD_B_TEMP_02 | 36.5 | NORMAL
2026-09-22 04:35:18 | WARD_B_TEMP_03 | 37.7 | WARNING
2026-09-22 04:35:18 | WARD_B_TEMP_04 | 37.0 | NORMAL
2026-09-22 04:35:18 | WARD_B_TEMP_05 | 39.5 | CRITICAL
2026-09-22 04:35:19 | WARD_B_TEMP_01 | 35.6 | NORMAL
2026-09-22 04:35:19 | WARD_B_TEMP_02 | 36.6 | NORMAL
2026-09-22 04:35:19 | WARD_B_TEMP_03 | 40.2 | CRITICAL
2026-09-22 04:35:19 | WARD_B_TEMP_04 | 40.3 | CRITICAL
2026-09-22 04:35:19 | WARD_B_TEMP_05 | 38.3 | CRITICAL
2026-09-22 04:35:20 | WARD_B_TEMP_01 | 35.4 | CRITICAL
2026-09-22 04:35:20 | WARD_B_TEMP_02 | 38.6 | CRITICAL
2026-09-22 04:35:20 | WARD_B_TEMP_03 | 36.8 | NORMAL
2026-09-22 04:35:20 | WARD_B_TEMP_04 | 34.5 | CRITICAL
2026-09-22 04:35:20 | WARD_B_TEMP_05 | 35.1 | CRITICAL
2026-09-22 04:35:21 | WARD_B_TEMP_01 | 36.7 | NORMAL
2026-09-22 04:35:21 | WARD_B_TEMP_02 | 38.9 | CRITICAL
2026-09-22 04:35:21 | WARD_B_TEMP_03 | 37.9 | WARNING
2026-09-22 04:35:21 | WARD_B_TEMP_04 | 34.6 | CRITICAL
2026-09-22 04:35:21 | WARD_B_TEMP_05 | 37.0 | NORMAL
2026-09-22 04:35:22 | WARD_B_TEMP_01 | 35.1 | CRITICAL
2026-09-22 04:35:22 | WARD_B_TEMP_02 | 39.5 | CRITICAL
2026-09-22 04:35:22 | WARD_B_TEMP_03 | 35.7 | NORMAL
2026-09-22 04:35:22 | WARD_B_TEMP_04 | 37.8 | WARNING
2026-09-22 04:35:22 | WARD_B_TEMP_05 | 36.4 | NORMAL
2026-09-22 04:35:23 | WARD_B_TEMP_01 | 37.4 | NORMAL
2026-09-22 04:35:23 | WARD_B_TEMP_02 | 37.5 | WARNING
2026-09-22 04:35:23 | WARD_B_TEMP_03 | 38.3 | CRITICAL
2026-09-22 04:35:23 | WARD_B_TEMP_04 | 39.7 | CRITICAL
2026-09-22 04:35:23 | WARD_B_TEMP_05 | 34.6 | CRITICAL
2026-09-22 04:35:24 | WARD_B_TEMP_01 | 40.0 | CRITICAL
2026-09-22 04:35:24 | WARD_B_TEMP_02 | 38.1 | CRITICAL
2026-09-22 04:35:24 | WARD_B_TEMP_03 | 38.0 | WARNING
2026-09-22 04:35:24 | WARD_B_TEMP_04 | 35.3 | CRITICAL
2026-09-22 04:35:24 | WARD_B_TEMP_05 | 37.8 | WARNING
2026-09-22 04:35:25 | WARD_B_TEMP_01 | 38.6 | CRITICAL
2026-09-22 04:35:25 | WARD_B_TEMP_02 | 40.0 | CRITICAL
2026-09-22 04:35:25 | WARD_B_TEMP_03 | 40.0 | CRITICAL
2026-09-22 04:35:25 | WARD_B_TEMP_04 | 39.4 | CRITICAL
2026-09-22 04:35:25 | WARD_B_TEMP_05 | 40.0 | CRITICAL
2026-09-22 04:35:26 | WARD_B_TEMP_01 | 35.5 | NORMAL
2026-09-22 04:35:26 | WARD_B_TEMP_02 | 36.7 | NORMAL
2026-09-22 04:35:26 | WARD_B_TEMP_03 | 36.6 | NORMAL
2026-09-22 04:35:26 | WARD_B_TEMP_04 | 35.3 | CRITICAL
2026-09-22 04:35:26 | WARD_B_TEMP_05 | 37.1 | NORMAL
2026-09-22 04:35:27 | WARD_B_TEMP_01 | 36.3 | NORMAL
2026-09-22 04:35:27 | WARD_B_TEMP_02 | 34.6 | CRITICAL
2026-09-22 04:35:27 | WARD_B_TEMP_03 | 34.7 | CRITICAL
2026-09-22 04:35:27 | WARD_B_TEMP_04 | 34.9 | CRITICAL
2026-09-22 04:35:27 | WARD_B_TEMP_05 | 40.0 | CRITICAL
2026-09-22 04:35:28 | WARD_B_TEMP_01 | 38.1 | CRITICAL
2026-09-22 04:35:28 | WARD_B_TEMP_02 | 39.8 | CRITICAL
2026-09-22 04:35:28 | WARD_B_TEMP_03 | 40.2 | CRITICAL
2026-09-22 04:35:28 | WARD_B_TEMP_04 | 35.0 | CRITICAL
2026-09-22 04:35:28 | WARD_B_TEMP_05 | 38.6 | CRITICAL
2026-09-22 04:35:29 | WARD_B_TEMP_01 | 37.1 | NORMAL
2026-09-22 04:35:29 | WARD_B_TEMP_02 | 39.8 | CRITICAL
2026-09-22 04:35:29 | WARD_B_TEMP_03 | 36.3 | NORMAL
2026-09-22 04:35:29 | WARD_B_TEMP_04 | 40.4 | CRITICAL
2026-09-22 04:35:29 | WARD_B_TEMP_05 | 35.1 | CRITICAL
2026-09-22 04:35:30 | WARD_B_TEMP_01 | 35.2 | CRITICAL
2026-09-22 04:35:30 | WARD_B_TEMP_02 | 39.8 | CRITICAL
2026-09-22 04:35:30 | WARD_B_TEMP_03 | 35.1 | CRITICAL
2026-09-22 04:35:30 | WARD_B_TEMP_04 | 34.7 | CRITICAL
2026-09-22 04:35:30 | WARD_B_TEMP_05 | 39.6 | CRITICAL
2026-09-22 04:35:31 | WARD_B_TEMP_01 | 36.0 | NORMAL
2026-09-22 04:35:31 | WARD_B_TEMP_02 | 39.6 | CRITICAL
2026-09-22 04:35:31 | WARD_B_TEMP_03 | 38.4 | CRITICAL
2026-09-22 04:35:31 | WARD_B_TEMP_04 | 35.6 | NORMAL
2026-09-22 04:35:31 | WARD_B_TEMP_05 | 35.8 | NORMAL
2026-09-22 04:35:32 | WARD_B_TEMP_01 | 39.3 | CRITICAL
2026-09-22 04:35:32 | WARD_B_TEMP_02 | 34.5 | CRITICAL
2026-09-22 04:35:32 | WARD_B_TEMP_03 | 39.0 | CRITICAL
2026-09-22 04:35:32 | WARD_B_TEMP_04 | 36.1 | NORMAL
2026-09-22 04:35:32 | WARD_B_TEMP_05 | 37.3 | NORMAL
2026-09-22 04:35:33 | WARD_B_TEMP_01 | 40.4 | CRITICAL
2026-09-22 04:35:33 | WARD_B_TEMP_02 | 35.0 | CRITICAL
2026-09-22 04:35:33 | WARD_B_TEMP_03 | 37.0 | NORMAL
2026-09-22 04:35:33 | WARD_B_TEMP_04 | 35.7 | NORMAL
2026-09-22 04:35:33 | WARD_B_TEMP_05 | 35.5 | NORMAL
2026-09-22 04:35:34 | WARD_B_TEMP_01 | 35.9 | NORMAL
2026-09-22 04:35:34 | WARD_B_TEMP_02 | 39.1 | CRITICAL
2026-09-22 04:35:34 | WARD_B_TEMP_03 | 37.3 | NORMAL
2026-09-22 04:35:34 | WARD_B_TEMP_04 | 36.0 | NORMAL
2026-09-22 04:35:34 | WARD_B_TEMP_05 | 38.5 | CRITICAL
2026-09-22 04:35:35 | WARD_B_TEMP_01 | 39.5 | CRITICAL
2026-09-22 04:35:35 | WARD_B_TEMP_02 | 37.5 | WARNING
2026-09-22 04:35:35 | WARD_B_TEMP_03 | 38.9 | CRITICAL
2026-09-22 04:35:35 | WARD_B_TEMP_04 | 36.0 | NORMAL
2026-09-22 04:35:35 | WARD_B_TEMP_05 | 39.4 | CRITICAL
2026-09-22 04:35:36 | WARD_B_TEMP_01 | 36.3 | NORMAL
2026-09-22 04:35:36 | WARD_B_TEMP_02 | 34.8 | CRITICAL
2026-09-22 04:35:36 | WARD_B_TEMP_03 | 36.0 | NORMAL
2026-09-22 04:35:36 | WARD_B_TEMP_04 | 35.5 | NORMAL
2026-09-22 04:35:36 | WARD_B_TEMP_05 | 34.5 | CRITICAL
2026-09-22 04:35:37 | WARD_B_TEMP_01 | 39.2 | CRITICAL
2026-09-22 04:35:37 | WARD_B_TEMP_02 | 38.7 | CRITICAL
2026-09-22 04:35:37 | WARD_B_TEMP_03 | 36.2 | NORMAL
2026-09-22 04:35:37 | WARD_B_TEMP_04 | 36.3 | NORMAL
2026-09-22 04:35:37 | WARD_B_TEMP_05 | 38.3 | CRITICAL
2026-09-22 04:35:38 | WARD_B_TEMP_01 | 37.1 | NORMAL
2026-09-22 04:35:38 | WARD_B_TEMP_02 | 37.6 | WARNING
2026-09-22 04:35:38 | WARD_B_TEMP_03 | 35.9 | NORMAL
2026-09-22 04:35:38 | WARD_B_TEMP_04 | 39.6 | CRITICAL
2026-09-22 04:35:38 | WARD_B_TEMP_05 | 34.8 | CRITICAL
2026-09-22 04:35:39 | WARD_B_TEMP_01 | 38.7 | CRITICAL
2026-09-22 04:35:39 | WARD_B_TEMP_02 | 39.7 | CRITICAL
2026-09-22 04:35:39 | WARD_B_TEMP_03 | 35.3 | CRITICAL
2026-09-22 04:35:39 | WARD_B_TEMP_04 | 39.2 | CRITICAL
2026-09-22 04:35:39 | WARD_B_TEMP_05 | 37.2 | NORMAL
2026-09-22 04:35:40 | WARD_B_TEMP_01 | 38.0 | WARNING
2026-09-22 04:35:40 | WARD_B_TEMP_02 | 37.0 | NORMAL
2026-09-22 04:35:40 | WARD_B_TEMP_03 | 34.8 | CRITICAL
2026-09-22 04:35:40 | WARD_B_TEMP_04 | 40.4 | CRITICAL
2026-09-22 04:35:40 | WARD_B_TEMP_05 | 38.0 | WARNING
2026-09-22 04:35:41 | WARD_B_TEMP_01 | 40.0 | CRITICAL
2026-09-22 04:35:41 | WARD_B_TEMP_02 | 40.4 | CRITICAL
2026-09-22 04:35:41 | WARD_B_TEMP_03 | 39.4 | CRITICAL
2026-09-22 04:35:41 | WARD_B_TEMP_04 | 36.5 | NORMAL
2026-09-22 04:35:41 | WARD_B_TEMP_05 | 38.4 | CRITICAL
2026-09-22 04:35:42 | WARD_B_TEMP_01 | 39.5 | CRITICAL
2026-09-22 04:35:42 | WARD_B_TEMP_02 | 37.6 | WARNING
2026-09-22 04:35:42 | WARD_B_TEMP_03 | 37.3 | NORMAL
2026-09-22 04:35:42 | WARD_B_TEMP_04 | 35.6 | NORMAL
2026-09-22 04:35:42 | WARD_B_TEMP_05 | 35.9 | NORMAL
2026-09-22 04:35:43 | WARD_B_TEMP_01 | 39.2 | CRITICAL
2026-09-22 04:35:43 | WARD_B_TEMP_02 | 34.9 | CRITICAL
2026-09-22 04:35:43 | WARD_B_TEMP_03 | 34.9 | CRITICAL
2026-09-22 04:35:43 | WARD_B_TEMP_04 | 35.7 | NORMAL
2026-09-22 04:35:43 | WARD_B_TEMP_05 | 34.8 | CRITICAL
2026-09-22 04:35:44 | WARD_B_TEMP_01 | 39.8 | CRITICAL
2026-09-22 04:35:44 | WARD_B_TEMP_02 | 34.7 | CRITICAL
2026-09-22 04:35:44 | WARD_B_TEMP_03 | 35.6 | NORMAL
2026-09-22 04:35:44 | WARD_B_TEMP_04 | 37.4 | NORMAL
2026-09-22 04:35:44 | WARD_B_TEMP_05 | 37.7 | WARNING
2026-09-22 04:35:45 | WARD_B_TEMP_01 | 39.5 | CRITICAL
2026-09-22 04:35:45 | WARD_B_TEMP_02 | 34.6 | CRITICAL
2026-09-22 04:35:45 | WARD_B_TEMP_03 | 39.2 | CRITICAL
2026-09-22 04:35:45 | WARD_B_TEMP_04 | 36.1 | NORMAL
2026-09-22 04:35:45 | WARD_B_TEMP_05 | 35.1 | CRITICAL
2026-09-22 04:35:46 | WARD_B_TEMP_01 | 39.4 | CRITICAL
2026-09-22 04:35:46 | WARD_B_TEMP_02 | 40.2 | CRITICAL
2026-09-22 04:35:46 | WARD_B_TEMP_03 | 36.6 | NORMAL
2026-09-22 04:35:46 | WARD_B_TEMP_04 | 38.6 | CRITICAL
2026-09-22 04:35:46 | WARD_B_TEMP_05 | 39.5 | CRITICAL
2026-09-22 04:35:47 | WARD_B_TEMP_01 | 36.1 | NORMAL
2026-09-22 04:35:47 | WARD_B_TEMP_02 | 36.1 | NORMAL
2026-09-22 04:35:47 | WARD_B_TEMP_03 | 36.2 | NORMAL
2026-09-22 04:35:47 | WARD_B_TEMP_04 | 34.8 | CRITICAL
2026-09-22 04:35:47 | WARD_B_TEMP_05 | 37.5 | WARNING
2026-09-22 04:35:48 | WARD_B_TEMP_01 | 39.4 | CRITICAL
2026-09-22 04:35:48 | WARD_B_TEMP_02 | 34.6 | CRITICAL
2026-09-22 04:35:48 | WARD_B_TEMP_03 | 35.0 | CRITICAL
2026-09-22 04:35:48 | WARD_B_TEMP_04 | 34.7 | CRITICAL
2026-09-22 04:35:48 | WARD_B_TEMP_05 | 36.1 | NORMAL
2026-09-22 04:35:49 | WARD_B_TEMP_01 | 39.1 | CRITICAL
2026-09-22 04:35:49 | WARD_B_TEMP_02 | 37.7 | WARNING
2026-09-22 04:35:49 | WARD_B_TEMP_03 | 36.5 | NORMAL
2026-09-22 04:35:49 | WARD_B_TEMP_04 | 39.1 | CRITICAL
2026-09-22 04:35:49 | WARD_B_TEMP_05 | 37.1 | NORMAL
2026-09-22 04:35:50 | WARD_B_TEMP_01 | 35.6 | NORMAL
2026-09-22 04:35:50 | WARD_B_TEMP_02 | 36.8 | NORMAL
2026-09-22 04:35:50 | WARD_B_TEMP_03 | 34.6 | CRITICAL
2026-09-22 04:35:50 | WARD_B_TEMP_04 | 37.8 | WARNING
2026-09-22 04:35:50 | WARD_B_TEMP_05 | 38.0 | WARNING
2026-09-22 04:35:51 | WARD_B_TEMP_01 | 39.1 | CRITICAL
2026-09-22 04:35:51 | WARD_B_TEMP_02 | 35.3 | CRITICAL
2026-09-22 04:35:51 | WARD_B_TEMP_03 | 37.0 | NORMAL
2026-09-22 04:35:51 | WARD_B_TEMP_04 | 35.4 | CRITICAL
2026-09-22 04:35:51 | WARD_B_TEMP_05 | 35.9 | NORMAL
2026-09-22 04:35:52 | WARD_B_TEMP_01 | 35.0 | CRITICAL
2026-09-22 04:35:52 | WARD_B_TEMP_02 | 35.0 | CRITICAL
2026-09-22 04:35:52 | WARD_B_TEMP_03 | 36.3 | NORMAL
2026-09-22 04:35:52 | WARD_B_TEMP_04 | 36.9 | NORMAL
2026-09-22 04:35:52 | WARD_B_TEMP_05 | 35.3 | CRITICAL
2026-09-22 04:35:53 | WARD_B_TEMP_01 | 39.0 | CRITICAL
2026-09-22 04:35:53 | WARD_B_TEMP_02 | 39.2 | CRITICAL
2026-09-22 04:35:53 | WARD_B_TEMP_03 | 37.9 | WARNING
2026-09-22 04:35:53 | WARD_B_TEMP_04 | 35.9 | NORMAL
2026-09-22 04:35:53 | WARD_B_TEMP_05 | 36.6 | NORMAL
2026-09-22 04:35:54 | WARD_B_TEMP_01 | 37.0 | NORMAL
2026-09-22 04:35:54 | WARD_B_TEMP_02 | 36.2 | NORMAL
2026-09-22 04:35:54 | WARD_B_TEMP_03 | 39.4 | CRITICAL
2026-09-22 04:35:54 | WARD_B_TEMP_04 | 39.1 | CRITICAL
2026-09-22 04:35:54 | WARD_B_TEMP_05 | 39.3 | CRITICAL
2026-09-22 04:35:55 | WARD_B_TEMP_01 | 37.3 | NORMAL
2026-09-22 04:35:55 | WARD_B_TEMP_02 | 40.0 | CRITICAL
2026-09-22 04:35:55 | WARD_B_TEMP_03 | 37.9 | WARNING
2026-09-22 04:35:55 | WARD_B_TEMP_04 | 37.7 | WARNING
2026-09-22 04:35:55 | WARD_B_TEMP_05 | 40.3 | CRITICAL
2026-09-22 04:35:56 | WARD_B_TEMP_01 | 39.4 | CRITICAL
2026-09-22 04:35:56 | WARD_B_TEMP_02 | 35.9 | NORMAL
2026-09-22 04:35:56 | WARD_B_TEMP_03 | 38.9 | CRITICAL
2026-09-22 04:35:56 | WARD_B_TEMP_04 | 34.6 | CRITICAL
2026-09-22 04:35:56 | WARD_B_TEMP_05 | 39.9 | CRITICAL
2026-09-22 04:35:57 | WARD_B_TEMP_01 | 38.0 | WARNING
2026-09-22 04:35:57 | WARD_B_TEMP_02 | 35.9 | NORMAL
2026-09-22 04:35:57 | WARD_B_TEMP_03 | 35.9 | NORMAL
2026-09-22 04:35:57 | WARD_B_TEMP_04 | 35.9 | NORMAL
2026-09-22 04:35:57 | WARD_B_TEMP_05 | 40.3 | CRITICAL
2026-09-22 04:35:58 | WARD_B_TEMP_01 | 38.4 | CRITICAL
2026-09-22 04:35:58 | WARD_B_TEMP_02 | 36.9 | NORMAL
2026-09-22 04:35:58 | WARD_B_TEMP_03 | 38.9 | CRITICAL
2026-09-22 04:35:58 | WARD_B_TEMP_04 | 36.4 | NORMAL
2026-09-22 04:35:58 | WARD_B_TEMP_05 | 37.3 | NORMAL
2026-09-22 04:35:59 | WARD_B_TEMP_01 | 35.0 | CRITICAL
2026-09-22 04:35:59 | WARD_B_TEMP_02 | 36.1 | NORMAL
2026-09-22 04:35:59 | WARD_B_TEMP_03 | 35.8 | NORMAL
2026-09-22 04:35:59 | WARD_B_TEMP_04 | 37.5 | WARNING
2026-09-22 04:35:59 | WARD_B_TEMP_05 | 35.2 | CRITICAL
2026-09-22 04:36:00 | WARD_B_TEMP_01 | 36.5 | NORMAL
2026-09-22 04:36:00 | WARD_B_TEMP_02 | 40.0 | CRITICAL
2026-09-22 04:36:00 | WARD_B_TEMP_03 | 38.6 | CRITICAL
2026-09-22 04:36:00 | WARD_B_TEMP_04 | 37.7 | WARNING
2026-09-22 04:36:00 | WARD_B_TEMP_05 | 35.1 | CRITICAL
2026-09-22 04:36:01 | WARD_B_TEMP_01 | 37.8 | WARNING
2026-09-22 04:36:01 | WARD_B_TEMP_02 | 40.4 | CRITICAL
2026-09-22 04:36:01 | WARD_B_TEMP_03 | 39.9 | CRITICAL
2026-09-22 04:36:01 | WARD_B_TEMP_04 | 37.0 | NORMAL
2026-09-22 04:36:01 | WARD_B_TEMP_05 | 39.8 | CRITICAL
2026-09-22 04:36:02 | WARD_B_TEMP_01 | 34.6 | CRITICAL
2026-09-22 04:36:02 | WARD_B_TEMP_02 | 40.0 | CRITICAL
2026-09-22 04:36:02 | WARD_B_TEMP_03 | 37.5 | WARNING
2026-09-22 04:36:02 | WARD_B_TEMP_04 | 36.0 | NORMAL
2026-09-22 04:36:02 | WARD_B_TEMP_05 | 37.3 | NORMAL
2026-09-22 04:36:03 | WARD_B_TEMP_01 | 38.3 | CRITICAL
2026-09-22 04:36:03 | WARD_B_TEMP_02 | 38.3 | CRITICAL
2026-09-22 04:36:03 | WARD_B_TEMP_03 | 35.1 | CRITICAL
2026-09-22 04:36:03 | WARD_B_TEMP_04 | 39.3 | CRITICAL
2026-09-22 04:36:03 | WARD_B_TEMP_05 | 40.3 | CRITICAL
2026-09-22 04:36:04 | WARD_B_TEMP_01 | 38.1 | CRITICAL
2026-09-22 04:36:04 | WARD_B_TEMP_02 | 40.4 | CRITICAL
2026-09-22 04:36:04 | WARD_B_TEMP_03 | 35.3 | CRITICAL
2026-09-22 04:36:04 | WARD_B_TEMP_04 | 36.6 | NORMAL
2026-09-22 04:36:04 | WARD_B_TEMP_05 | 38.9 | CRITICAL
2026-09-22 04:36:05 | WARD_B_TEMP_01 | 37.3 | NORMAL
2026-09-22 04:36:05 | WARD_B_TEMP_02 | 37.8 | WARNING
2026-09-22 04:36:05 | WARD_B_TEMP_03 | 38.3 | CRITICAL
2026-09-22 04:36:05 | WARD_B_TEMP_04 | 37.4 | NORMAL
2026-09-22 04:36:05 | WARD_B_TEMP_05 | 35.8 | NORMAL
2026-09-22 04:36:06 | WARD_B_TEMP_01 | 35.3 | CRITICAL
2026-09-22 04:36:06 | WARD_B_TEMP_02 | 36.2 | NORMAL
2026-09-22 04:36:06 | WARD_B_TEMP_03 | 36.3 | NORMAL
2026-09-22 04:36:06 | WARD_B_TEMP_04 | 35.1 | CRITICAL
2026-09-22 04:36:06 | WARD_B_TEMP_05 | 34.6 | CRITICAL
2026-09-22 04:36:07 | WARD_B_TEMP_01 | 35.1 | CRITICAL
2026-09-22 04:36:07 | WARD_B_TEMP_02 | 35.9 | NORMAL
2026-09-22 04:36:07 | WARD_B_TEMP_03 | 35.5 | NORMAL
2026-09-22 04:36:07 | WARD_B_TEMP_04 | 39.1 | CRITICAL
2026-09-22 04:36:07 | WARD_B_TEMP_05 | 36.0 | NORMAL
2026-09-22 04:36:08 | WARD_B_TEMP_01 | 39.6 | CRITICAL
2026-09-22 04:36:08 | WARD_B_TEMP_02 | 34.6 | CRITICAL
2026-09-22 04:36:08 | WARD_B_TEMP_03 | 39.5 | CRITICAL
2026-09-22 04:36:08 | WARD_B_TEMP_04 | 37.3 | NORMAL
2026-09-22 04:36:08 | WARD_B_TEMP_05 | 35.6 | NORMAL
2026-09-22 04:36:09 | WARD_B_TEMP_01 | 39.1 | CRITICAL
2026-09-22 04:36:09 | WARD_B_TEMP_02 | 35.4 | CRITICAL
2026-09-22 04:36:09 | WARD_B_TEMP_03 | 35.8 | NORMAL
2026-09-22 04:36:09 | WARD_B_TEMP_04 | 36.8 | NORMAL
2026-09-22 04:36:09 | WARD_B_TEMP_05 | 39.6 | CRITICAL
2026-09-22 04:36:10 | WARD_B_TEMP_01 | 36.8 | NORMAL
2026-09-22 04:36:10 | WARD_B_TEMP_02 | 35.6 | NORMAL
2026-09-22 04:36:10 | WARD_B_TEMP_03 | 37.5 | WARNING
2026-09-22 04:36:10 | WARD_B_TEMP_04 | 37.3 | NORMAL
2026-09-22 04:36:10 | WARD_B_TEMP_05 | 38.3 | CRITICAL
2026-09-22 04:36:11 | WARD_B_TEMP_01 | 35.1 | CRITICAL
2026-09-22 04:36:11 | WARD_B_TEMP_02 | 37.8 | WARNING
2026-09-22 04:36:11 | WARD_B_TEMP_03 | 39.4 | CRITICAL
2026-09-22 04:36:11 | WARD_B_TEMP_04 | 40.4 | CRITICAL
2026-09-22 04:36:11 | WARD_B_TEMP_05 | 36.8 | NORMAL
2026-09-22 04:36:12 | WARD_B_TEMP_01 | 35.2 | CRITICAL
2026-09-22 04:36:12 | WARD_B_TEMP_02 | 38.2 | CRITICAL
2026-09-22 04:36:12 | WARD_B_TEMP_03 | 37.8 | WARNING
2026-09-22 04:36:12 | WARD_B_TEMP_04 | 40.3 | CRITICAL
2026-09-22 04:36:12 | WARD_B_TEMP_05 | 35.4 | CRITICAL
2026-09-22 04:36:13 | WARD_B_TEMP_01 | 38.5 | CRITICAL
2026-09-22 04:36:13 | WARD_B_TEMP_02 | 37.6 | WARNING
2026-09-22 04:36:13 | WARD_B_TEMP_03 | 36.3 | NORMAL
2026-09-22 04:36:13 | WARD_B_TEMP_04 | 38.8 | CRITICAL
2026-09-22 04:36:13 | WARD_B_TEMP_05 | 35.1 | CRITICAL
2026-09-22 04:36:14 | WARD_B_TEMP_01 | 37.9 | WARNING
2026-09-22 04:36:14 | WARD_B_TEMP_02 | 35.5 | NORMAL
2026-09-22 04:36:14 | WARD_B_TEMP_03 | 35.2 | CRITICAL
2026-09-22 04:36:14 | WARD_B_TEMP_04 | 40.4 | CRITICAL
2026-09-22 04:36:14 | WARD_B_TEMP_05 | 39.9 | CRITICAL
2026-09-22 04:36:15 | WARD_B_TEMP_01 | 38.3 | CRITICAL
2026-09-22 04:36:15 | WARD_B_TEMP_02 | 34.6 | CRITICAL
2026-09-22 04:36:15 | WARD_B_TEMP_03 | 36.8 | NORMAL
2026-09-22 04:36:15 | WARD_B_TEMP_04 | 37.5 | WARNING
2026-09-22 04:36:15 | WARD_B_TEMP_05 | 35.4 | CRITICAL
2026-09-22 04:36:16 | WARD_B_TEMP_01 | 35.8 | NORMAL
2026-09-22 04:36:16 | WARD_B_TEMP_02 | 34.8 | CRITICAL
2026-09-22 04:36:16 | WARD_B_TEMP_03 | 39.1 | CRITICAL
2026-09-22 04:36:16 | WARD_B_TEMP_04 | 37.1 | NORMAL
2026-09-22 04:36:16 | WARD_B_TEMP_05 | 37.7 | WARNING
2026-09-22 04:36:17 | WARD_B_TEMP_01 | 35.5 | NORMAL
2026-09-22 04:36:17 | WARD_B_TEMP_02 | 34.8 | CRITICAL
2026-09-22 04:36:17 | WARD_B_TEMP_03 | 39.2 | CRITICAL
2026-09-22 04:36:17 | WARD_B_TEMP_04 | 40.5 | CRITICAL
2026-09-22 04:36:17 | WARD_B_TEMP_05 | 37.5 | WARNING
2026-09-22 04:36:18 | WARD_B_TEMP_01 | 39.7 | CRITICAL
2026-09-22 04:36:18 | WARD_B_TEMP_02 | 36.0 | NORMAL
2026-09-22 04:36:18 | WARD_B_TEMP_03 | 37.1 | NORMAL
2026-09-22 04:36:18 | WARD_B_TEMP_04 | 39.6 | CRITICAL
2026-09-22 04:36:18 | WARD_B_TEMP_05 | 37.5 | WARNING
2026-09-22 04:36:19 | WARD_B_TEMP_01 | 38.6 | CRITICAL
2026-09-22 04:36:19 | WARD_B_TEMP_02 | 36.0 | NORMAL
2026-09-22 04:36:19 | WARD_B_TEMP_03 | 35.7 | NORMAL
2026-09-22 04:36:19 | WARD_B_TEMP_04 | 40.0 | CRITICAL
2026-09-22 04:36:19 | WARD_B_TEMP_05 | 39.4 | CRITICAL
2026-09-22 04:36:20 | WARD_B_TEMP_01 | 35.4 | CRITICAL
2026-09-22 04:36:20 | WARD_B_TEMP_02 | 36.9 | NORMAL
2026-09-22 04:36:20 | WARD_B_TEMP_03 | 37.7 | WARNING
2026-09-22 04:36:20 | WARD_B_TEMP_04 | 38.9 | CRITICAL
2026-09-22 04:36:20 | WARD_B_TEMP_05 | 40.0 | CRITICAL
2026-09-22 04:36:21 | WARD_B_TEMP_01 | 37.0 | NORMAL
2026-09-22 04:36:21 | WARD_B_TEMP_02 | 34.8 | CRITICAL
2026-09-22 04:36:21 | WARD_B_TEMP_03 | 36.2 | NORMAL
2026-09-22 04:36:21 | WARD_B_TEMP_04 | 38.4 | CRITICAL
2026-09-22 04:36:21 | WARD_B_TEMP_05 | 37.2 | NORMAL
2026-09-22 04:36:22 | WARD_B_TEMP_01 | 35.5 | NORMAL
2026-09-22 04:36:22 | WARD_B_TEMP_02 | 38.6 | CRITICAL
2026-09-22 04:36:22 | WARD_B_TEMP_03 | 37.9 | WARNING
2026-09-22 04:36:22 | WARD_B_TEMP_04 | 34.6 | CRITICAL
2026-09-22 04:36:22 | WARD_B_TEMP_05 | 39.4 | CRITICAL
2026-09-22 04:36:23 | WARD_B_TEMP_01 | 37.8 | WARNING
2026-09-22 04:36:23 | WARD_B_TEMP_02 | 37.8 | WARNING
2026-09-22 04:36:23 | WARD_B_TEMP_03 | 36.7 | NORMAL
2026-09-22 04:36:23 | WARD_B_TEMP_04 | 39.0 | CRITICAL
2026-09-22 04:36:23 | WARD_B_TEMP_05 | 36.4 | NORMAL
2026-09-22 04:36:24 | WARD_B_TEMP_01 | 40.4 | CRITICAL
2026-09-22 04:36:24 | WARD_B_TEMP_02 | 39.5 | CRITICAL
2026-09-22 04:36:24 | WARD_B_TEMP_03 | 36.9 | NORMAL
2026-09-22 04:36:24 | WARD_B_TEMP_04 | 34.8 | CRITICAL
2026-09-22 04:36:24 | WARD_B_TEMP_05 | 40.3 | CRITICAL
2026-09-22 04:36:25 | WARD_B_TEMP_01 | 34.8 | CRITICAL
2026-09-22 04:36:25 | WARD_B_TEMP_02 | 40.0 | CRITICAL
2026-09-22 04:36:25 | WARD_B_TEMP_03 | 39.0 | CRITICAL
2026-09-22 04:36:25 | WARD_B_TEMP_04 | 38.6 | CRITICAL
2026-09-22 04:36:25 | WARD_B_TEMP_05 | 35.2 | CRITICAL
2026-09-22 04:36:26 | WARD_B_TEMP_01 | 37.1 | NORMAL
2026-09-22 04:36:26 | WARD_B_TEMP_02 | 36.7 | NORMAL
2026-09-22 04:36:26 | WARD_B_TEMP_03 | 38.9 | CRITICAL
2026-09-22 04:36:26 | WARD_B_TEMP_04 | 39.5 | CRITICAL
2026-09-22 04:36:26 | WARD_B_TEMP_05 | 38.7 | CRITICAL
2026-09-22 04:36:27 | WARD_B_TEMP_01 | 39.8 | CRITICAL
2026-09-22 04:36:27 | WARD_B_TEMP_02 | 34.8 | CRITICAL
2026-09-22 04:36:27 | WARD_B_TEMP_03 | 36.0 | NORMAL
2026-09-22 04:36:27 | WARD_B_TEMP_04 | 35.0 | CRITICAL
2026-09-22 04:36:27 | WARD_B_TEMP_05 | 38.6 | CRITICAL
2026-09-22 04:36:28 | WARD_B_TEMP_01 | 36.2 | NORMAL
2026-09-22 04:36:28 | WARD_B_TEMP_02 | 35.1 | CRITICAL
2026-09-22 04:36:28 | WARD_B_TEMP_03 | 39.8 | CRITICAL
2026-09-22 04:36:28 | WARD_B_TEMP_04 | 35.3 | CRITICAL
2026-09-22 04:36:28 | WARD_B_TEMP_05 | 39.0 | CRITICAL
2026-09-22 04:36:29 | WARD_B_TEMP_01 | 34.8 | CRITICAL
2026-09-22 04:36:29 | WARD_B_TEMP_02 | 36.3 | NORMAL
2026-09-22 04:36:29 | WARD_B_TEMP_03 | 39.9 | CRITICAL
2026-09-22 04:36:29 | WARD_B_TEMP_04 | 38.9 | CRITICAL
2026-09-22 04:36:29 | WARD_B_TEMP_05 | 39.0 | CRITICAL
2026-09-22 04:36:30 | WARD_B_TEMP_01 | 37.7 | WARNING
2026-09-22 04:36:30 | WARD_B_TEMP_02 | 39.6 | CRITICAL
2026-09-22 04:36:30 | WARD_B_TEMP_03 | 39.6 | CRITICAL
2026-09-22 04:36:30 | WARD_B_TEMP_04 | 39.0 | CRITICAL
2026-09-22 04:36:30 | WARD_B_TEMP_05 | 35.7 | NORMAL
2026-09-22 04:36:31 | WARD_B_TEMP_01 | 37.4 | NORMAL
2026-09-22 04:36:31 | WARD_B_TEMP_02 | 39.1 | CRITICAL
2026-09-22 04:36:31 | WARD_B_TEMP_03 | 37.3 | NORMAL
2026-09-22 04:36:31 | WARD_B_TEMP_04 | 40.4 | CRITICAL
2026-09-22 04:36:31 | WARD_B_TEMP_05 | 40.0 | CRITICAL
2026-09-22 04:36:32 | WARD_B_TEMP_01 | 39.7 | CRITICAL
2026-09-22 04:36:32 | WARD_B_TEMP_02 | 39.2 | CRITICAL
2026-09-22 04:36:32 | WARD_B_TEMP_03 | 36.9 | NORMAL
2026-09-22 04:36:32 | WARD_B_TEMP_04 | 39.6 | CRITICAL
2026-09-22 04:36:32 | WARD_B_TEMP_05 | 35.2 | CRITICAL
2026-09-22 04:36:33 | WARD_B_TEMP_01 | 35.3 | CRITICAL
2026-09-22 04:36:33 | WARD_B_TEMP_02 | 34.7 | CRITICAL
2026-09-22 04:36:33 | WARD_B_TEMP_03 | 39.1 | CRITICAL
2026-09-22 04:36:33 | WARD_B_TEMP_04 | 37.6 | WARNING
2026-09-22 04:36:33 | WARD_B_TEMP_05 | 34.7 | CRITICAL
2026-09-22 04:36:34 | WARD_B_TEMP_01 | 35.0 | CRITICAL
2026-09-22 04:36:34 | WARD_B_TEMP_02 | 39.9 | CRITICAL
2026-09-22 04:36:34 | WARD_B_TEMP_03 | 39.7 | CRITICAL
2026-09-22 04:36:34 | WARD_B_TEMP_04 | 39.4 | CRITICAL
2026-09-22 04:36:34 | WARD_B_TEMP_05 | 40.3 | CRITICAL
2026-09-22 04:36:35 | WARD_B_TEMP_01 | 37.4 | NORMAL
2026-09-22 04:36:35 | WARD_B_TEMP_02 | 34.9 | CRITICAL
2026-09-22 04:36:35 | WARD_B_TEMP_03 | 40.3 | CRITICAL
2026-09-22 04:36:35 | WARD_B_TEMP_04 | 40.5 | CRITICAL
2026-09-22 04:36:35 | WARD_B_TEMP_05 | 38.8 | CRITICAL
2026-09-22 04:36:36 | WARD_B_TEMP_01 | 38.0 | WARNING
2026-09-22 04:36:36 | WARD_B_TEMP_02 | 35.6 | NORMAL
2026-09-22 04:36:36 | WARD_B_TEMP_03 | 40.0 | CRITICAL
2026-09-22 04:36:36 | WARD_B_TEMP_04 | 39.9 | CRITICAL
2026-09-22 04:36:36 | WARD_B_TEMP_05 | 40.0 | CRITICAL
2026-09-22 04:36:37 | WARD_B_TEMP_01 | 40.0 | CRITICAL
2026-09-22 04:36:37 | WARD_B_TEMP_02 | 35.5 | NORMAL
2026-09-22 04:36:37 | WARD_B_TEMP_03 | 35.3 | CRITICAL
2026-09-22 04:36:37 | WARD_B_TEMP_04 | 37.4 | NORMAL
2026-09-22 04:36:37 | WARD_B_TEMP_05 | 38.6 | CRITICAL
2026-09-22 04:36:38 | WARD_B_TEMP_01 | 40.1 | CRITICAL
2026-09-22 04:36:38 | WARD_B_TEMP_02 | 37.4 | NORMAL
2026-09-22 04:36:38 | WARD_B_TEMP_03 | 36.7 | NORMAL
2026-09-22 04:36:38 | WARD_B_TEMP_04 | 36.0 | NORMAL
2026-09-22 04:36:38 | WARD_B_TEMP_05 | 38.8 | CRITICAL
2026-09-22 04:36:39 | WARD_B_TEMP_01 | 38.7 | CRITICAL
2026-09-22 04:36:39 | WARD_B_TEMP_02 | 36.5 | NORMAL
2026-09-22 04:36:39 | WARD_B_TEMP_03 | 37.2 | NORMAL
2026-09-22 04:36:39 | WARD_B_TEMP_04 | 35.3 | CRITICAL
2026-09-22 04:36:39 | WARD_B_TEMP_05 | 36.3 | NORMAL
2026-09-22 04:36:40 | WARD_B_TEMP_01 | 38.9 | CRITICAL
2026-09-22 04:36:40 | WARD_B_TEMP_02 | 35.2 | CRITICAL
2026-09-22 04:36:40 | WARD_B_TEMP_03 | 34.8 | CRITICAL
2026-09-22 04:36:40 | WARD_B_TEMP_04 | 38.5 | CRITICAL
2026-09-22 04:36:40 | WARD_B_TEMP_05 | 36.1 | NORMAL
2026-09-22 04:36:41 | WARD_B_TEMP_01 | 36.3 | NORMAL
2026-09-22 04:36:41 | WARD_B_TEMP_02 | 35.0 | CRITICAL
2026-09-22 04:36:41 | WARD_B_TEMP_03 | 34.5 | CRITICAL
2026-09-22 04:36:41 | WARD_B_TEMP_04 | 35.4 | CRITICAL
2026-09-22 04:36:41 | WARD_B_TEMP_05 | 39.7 | CRITICAL
2026-09-22 04:36:42 | WARD_B_TEMP_01 | 39.1 | CRITICAL
2026-09-22 04:36:42 | WARD_B_TEMP_02 | 35.4 | CRITICAL
2026-09-22 04:36:42 | WARD_B_TEMP_03 | 35.0 | CRITICAL
2026-09-22 04:36:42 | WARD_B_TEMP_04 | 34.5 | CRITICAL
2026-09-22 04:36:42 | WARD_B_TEMP_05 | 35.8 | NORMAL
2026-09-22 04:36:43 | WARD_B_TEMP_01 | 38.6 | CRITICAL
2026-09-22 04:36:43 | WARD_B_TEMP_02 | 36.1 | NORMAL
2026-09-22 04:36:43 | WARD_B_TEMP_03 | 37.5 | WARNING
2026-09-22 04:36:43 | WARD_B_TEMP_04 | 36.3 | NORMAL
2026-09-22 04:36:43 | WARD_B_TEMP_05 | 39.5 | CRITICAL
2026-09-22 04:36:44 | WARD_B_TEMP_01 | 35.0 | CRITICAL
2026-09-22 04:36:44 | WARD_B_TEMP_02 | 38.8 | CRITICAL
2026-09-22 04:36:44 | WARD_B_TEMP_03 | 36.5 | NORMAL
2026-09-22 04:36:44 | WARD_B_TEMP_04 | 39.9 | CRITICAL
2026-09-22 04:36:44 | WARD_B_TEMP_05 | 36.8 | NORMAL
2026-09-22 04:36:45 | WARD_B_TEMP_01 | 39.5 | CRITICAL
2026-09-22 04:36:45 | WARD_B_TEMP_02 | 40.0 | CRITICAL
2026-09-22 04:36:45 | WARD_B_TEMP_03 | 37.4 | NORMAL
2026-09-22 04:36:45 | WARD_B_TEMP_04 | 37.2 | NORMAL
2026-09-22 04:36:45 | WARD_B_TEMP_05 | 36.9 | NORMAL
2026-09-22 04:36:46 | WARD_B_TEMP_01 | 38.3 | CRITICAL
2026-09-22 04:36:46 | WARD_B_TEMP_02 | 38.7 | CRITICAL
2026-09-22 04:36:46 | WARD_B_TEMP_03 | 38.5 | CRITICAL
2026-09-22 04:36:46 | WARD_B_TEMP_04 | 38.5 | CRITICAL
2026-09-22 04:36:46 | WARD_B_TEMP_05 | 35.1 | CRITICAL
2026-09-22 04:36:47 | WARD_B_TEMP_01 | 36.6 | NORMAL
2026-09-22 04:36:47 | WARD_B_TEMP_02 | 39.2 | CRITICAL
2026-09-22 04:36:47 | WARD_B_TEMP_03 | 37.7 | WARNING
2026-09-22 04:36:47 | WARD_B_TEMP_04 | 40.0 | CRITICAL
2026-09-22 04:36:47 | WARD_B_TEMP_05 | 36.4 | NORMAL
2026-09-22 04:36:48 | WARD_B_TEMP_01 | 39.1 | CRITICAL
2026-09-22 04:36:48 | WARD_B_TEMP_02 | 40.0 | CRITICAL
2026-09-22 04:36:48 | WARD_B_TEMP_03 | 38.9 | CRITICAL
2026-09-22 04:36:48 | WARD_B_TEMP_04 | 39.0 | CRITICAL
2026-09-22 04:36:48 | WARD_B_TEMP_05 | 35.5 | NORMAL
2026-09-22 04:36:49 | WARD_B_TEMP_01 | 36.4 | NORMAL
2026-09-22 04:36:49 | WARD_B_TEMP_02 | 35.9 | NORMAL
2026-09-22 04:36:49 | WARD_B_TEMP_03 | 38.6 | CRITICAL
2026-09-22 04:36:49 | WARD_B_TEMP_04 | 35.3 | CRITICAL
2026-09-22 04:36:49 | WARD_B_TEMP_05 | 39.1 | CRITICAL
2026-09-22 04:36:50 | WARD_B_TEMP_01 | 38.2 | CRITICAL
2026-09-22 04:36:50 | WARD_B_TEMP_02 | 36.8 | NORMAL
2026-09-22 04:36:50 | WARD_B_TEMP_03 | 34.9 | CRITICAL
2026-09-22 04:36:50 | WARD_B_TEMP_04 | 37.4 | NORMAL
2026-09-22 04:36:50 | WARD_B_TEMP_05 | 38.4 | CRITICAL
2026-09-22 04:36:51 | WARD_B_TEMP_01 | 39.0 | CRITICAL
2026-09-22 04:36:51 | WARD_B_TEMP_02 | 34.8 | CRITICAL
2026-09-22 04:36:51 | WARD_B_TEMP_03 | 36.6 | NORMAL
2026-09-22 04:36:51 | WARD_B_TEMP_04 | 39.7 | CRITICAL
2026-09-22 04:36:51 | WARD_B_TEMP_05 | 35.7 | NORMAL
2026-09-22 04:36:52 | WARD_B_TEMP_01 | 34.7 | CRITICAL
2026-09-22 04:36:52 | WARD_B_TEMP_02 | 34.7 | CRITICAL
2026-09-22 04:36:52 | WARD_B_TEMP_03 | 37.1 | NORMAL
2026-09-22 04:36:52 | WARD_B_TEMP_04 | 39.9 | CRITICAL
2026-09-22 04:36:52 | WARD_B_TEMP_05 | 35.0 | CRITICAL
2026-09-22 04:36:53 | WARD_B_TEMP_01 | 37.9 | WARNING
2026-09-22 04:36:53 | WARD_B_TEMP_02 | 35.5 | NORMAL
2026-09-22 04:36:53 | WARD_B_TEMP_03 | 40.1 | CRITICAL
2026-09-22 04:36:53 | WARD_B_TEMP_04 | 38.9 | CRITICAL
2026-09-22 04:36:53 | WARD_B_TEMP_05 | 39.0 | CRITICAL
2026-09-22 04:36:54 | WARD_B_TEMP_01 | 40.1 | CRITICAL
2026-09-22 04:36:54 | WARD_B_TEMP_02 | 35.3 | CRITICAL
2026-09-22 04:36:54 | WARD_B_TEMP_03 | 37.8 | WARNING
2026-09-22 04:36:54 | WARD_B_TEMP_04 | 38.1 | CRITICAL
2026-09-22 04:36:54 | WARD_B_TEMP_05 | 40.4 | CRITICAL
2026-09-22 04:36:55 | WARD_B_TEMP_01 | 35.0 | CRITICAL
2026-09-22 04:36:55 | WARD_B_TEMP_02 | 38.9 | CRITICAL
2026-09-22 04:36:55 | WARD_B_TEMP_03 | 35.2 | CRITICAL
2026-09-22 04:36:55 | WARD_B_TEMP_04 | 39.9 | CRITICAL
2026-09-22 04:36:55 | WARD_B_TEMP_05 | 36.7 | NORMAL
2026-09-22 04:36:56 | WARD_B_TEMP_01 | 39.4 | CRITICAL
2026-09-22 04:36:56 | WARD_B_TEMP_02 | 37.6 | WARNING
2026-09-22 04:36:56 | WARD_B_TEMP_03 | 36.7 | NORMAL
2026-09-22 04:36:56 | WARD_B_TEMP_04 | 40.0 | CRITICAL
2026-09-22 04:36:56 | WARD_B_TEMP_05 | 37.0 | NORMAL
2026-09-22 04:36:57 | WARD_B_TEMP_01 | 34.9 | CRITICAL
2026-09-22 04:36:57 | WARD_B_TEMP_02 | 35.5 | NORMAL
2026-09-22 04:36:57 | WARD_B_TEMP_03 | 39.1 | CRITICAL
2026-09-22 04:36:57 | WARD_B_TEMP_04 | 39.9 | CRITICAL
2026-09-22 04:36:57 | WARD_B_TEMP_05 | 39.4 | CRITICAL
2026-09-22 04:36:58 | WARD_B_TEMP_01 | 40.2 | CRITICAL
2026-09-22 04:36:58 | WARD_B_TEMP_02 | 39.7 | CRITICAL
2026-09-22 04:36:58 | WARD_B_TEMP_03 | 39.3 | CRITICAL
2026-09-22 04:36:58 | WARD_B_TEMP_04 | 34.7 | CRITICAL
2026-09-22 04:36:58 | WARD_B_TEMP_05 | 36.2 | NORMAL
2026-09-22 04:36:59 | WARD_B_TEMP_01 | 36.0 | NORMAL
2026-09-22 04:36:59 | WARD_B_TEMP_02 | 38.2 | CRITICAL
2026-09-22 04:36:59 | WARD_B_TEMP_03 | 36.0 | NORMAL
2026-09-22 04:36:59 | WARD_B_TEMP_04 | 39.1 | CRITICAL
2026-09-22 04:36:59 | WARD_B_TEMP_05 | 36.0 | NORMAL
2026-09-22 04:37:00 | WARD_B_TEMP_01 | 38.8 | CRITICAL
2026-09-22 04:37:00 | WARD_B_TEMP_02 | 36.1 | NORMAL
2026-09-22 04:37:00 | WARD_B_TEMP_03 | 35.5 | NORMAL
2026-09-22 04:37:00 | WARD_B_TEMP_04 | 36.5 | NORMAL
2026-09-22 04:37:00 | WARD_B_TEMP_05 | 34.7 | CRITICAL
2026-09-22 04:37:01 | WARD_B_TEMP_01 | 34.6 | CRITICAL
2026-09-22 04:37:01 | WARD_B_TEMP_02 | 39.9 | CRITICAL
2026-09-22 04:37:01 | WARD_B_TEMP_03 | 38.2 | CRITICAL
2026-09-22 04:37:01 | WARD_B_TEMP_04 | 36.5 | NORMAL
2026-09-22 04:37:01 | WARD_B_TEMP_05 | 39.3 | CRITICAL
2026-09-22 04:37:02 | WARD_B_TEMP_01 | 34.9 | CRITICAL
2026-09-22 04:37:02 | WARD_B_TEMP_02 | 38.6 | CRITICAL
2026-09-22 04:37:02 | WARD_B_TEMP_03 | 39.4 | CRITICAL
2026-09-22 04:37:02 | WARD_B_TEMP_04 | 35.6 | NORMAL
2026-09-22 04:37:02 | WARD_B_TEMP_05 | 38.1 | CRITICAL
2026-09-22 04:37:03 | WARD_B_TEMP_01 | 40.4 | CRITICAL
2026-09-22 04:37:03 | WARD_B_TEMP_02 | 39.4 | CRITICAL
2026-09-22 04:37:03 | WARD_B_TEMP_03 | 35.2 | CRITICAL
2026-09-22 04:37:03 | WARD_B_TEMP_04 | 36.2 | NORMAL
2026-09-22 04:37:03 | WARD_B_TEMP_05 | 39.2 | CRITICAL
2026-09-22 04:37:04 | WARD_B_TEMP_01 | 38.5 | CRITICAL
2026-09-22 04:37:04 | WARD_B_TEMP_02 | 40.2 | CRITICAL
2026-09-22 04:37:04 | WARD_B_TEMP_03 | 38.5 | CRITICAL
2026-09-22 04:37:04 | WARD_B_TEMP_04 | 40.4 | CRITICAL
2026-09-22 04:37:04 | WARD_B_TEMP_05 | 35.6 | NORMAL
2026-09-22 04:37:05 | WARD_B_TEMP_01 | 37.9 | WARNING
2026-09-22 04:37:05 | WARD_B_TEMP_02 | 40.3 | CRITICAL
2026-09-22 04:37:05 | WARD_B_TEMP_03 | 37.1 | NORMAL
2026-09-22 04:37:05 | WARD_B_TEMP_04 | 35.3 | CRITICAL
2026-09-22 04:37:05 | WARD_B_TEMP_05 | 35.7 | NORMAL
2026-09-22 04:37:06 | WARD_B_TEMP_01 | 36.7 | NORMAL
2026-09-22 04:37:06 | WARD_B_TEMP_02 | 39.7 | CRITICAL
2026-09-22 04:37:06 | WARD_B_TEMP_03 | 36.1 | NORMAL
2026-09-22 04:37:06 | WARD_B_TEMP_04 | 36.5 | NORMAL
2026-09-22 04:37:06 | WARD_B_TEMP_05 | 36.6 | NORMAL
2026-09-22 04:37:07 | WARD_B_TEMP_01 | 37.5 | WARNING
2026-09-22 04:37:07 | WARD_B_TEMP_02 | 40.4 | CRITICAL
2026-09-22 04:37:07 | WARD_B_TEMP_03 | 36.2 | NORMAL
2026-09-22 04:37:07 | WARD_B_TEMP_04 | 38.8 | CRITICAL
2026-09-22 04:37:07 | WARD_B_TEMP_05 | 39.9 | CRITICAL
2026-09-22 04:37:08 | WARD_B_TEMP_01 | 35.6 | NORMAL
2026-09-22 04:37:08 | WARD_B_TEMP_02 | 35.0 | CRITICAL
2026-09-22 04:37:08 | WARD_B_TEMP_03 | 36.0 | NORMAL
2026-09-22 04:37:08 | WARD_B_TEMP_04 | 35.9 | NORMAL
2026-09-22 04:37:08 | WARD_B_TEMP_05 | 37.6 | WARNING
2026-09-22 04:37:09 | WARD_B_TEMP_01 | 38.6 | CRITICAL
2026-09-22 04:37:09 | WARD_B_TEMP_02 | 37.1 | NORMAL
2026-09-22 04:37:09 | WARD_B_TEMP_03 | 38.1 | CRITICAL
2026-09-22 04:37:09 | WARD_B_TEMP_04 | 35.2 | CRITICAL
2026-09-22 04:37:09 | WARD_B_TEMP_05 | 37.0 | NORMAL
2026-09-22 04:37:10 | WARD_B_TEMP_01 | 38.8 | CRITICAL
2026-09-22 04:37:10 | WARD_B_TEMP_02 | 34.6 | CRITICAL
2026-09-22 04:37:10 | WARD_B_TEMP_03 | 40.5 | CRITICAL
2026-09-22 04:37:10 | WARD_B_TEMP_04 | 36.6 | NORMAL
2026-09-22 04:37:10 | WARD_B_TEMP_05 | 36.2 | NORMAL
2026-09-22 04:37:11 | WARD_B_TEMP_01 | 39.3 | CRITICAL
2026-09-22 04:37:11 | WARD_B_TEMP_02 | 40.3 | CRITICAL
2026-09-22 04:37:11 | WARD_B_TEMP_03 | 39.4 | CRITICAL
2026-09-22 04:37:11 | WARD_B_TEMP_04 | 38.1 | CRITICAL
2026-09-22 04:37:11 | WARD_B_TEMP_05 | 38.2 | CRITICAL
2026-09-22 04:37:12 | WARD_B_TEMP_01 | 35.4 | CRITICAL
2026-09-22 04:37:12 | WARD_B_TEMP_02 | 35.4 | CRITICAL
2026-09-22 04:37:12 | WARD_B_TEMP_03 | 36.3 | NORMAL
2026-09-22 04:37:12 | WARD_B_TEMP_04 | 40.0 | CRITICAL
2026-09-22 04:37:12 | WARD_B_TEMP_05 | 37.3 | NORMAL
2026-09-22 04:37:13 | WARD_B_TEMP_01 | 36.9 | NORMAL
2026-09-22 04:37:13 | WARD_B_TEMP_02 | 37.9 | WARNING
2026-09-22 04:37:13 | WARD_B_TEMP_03 | 37.1 | NORMAL
2026-09-22 04:37:13 | WARD_B_TEMP_04 | 37.1 | NORMAL
2026-09-22 04:37:13 | WARD_B_TEMP_05 | 37.0 | NORMAL
2026-09-22 04:37:14 | WARD_B_TEMP_01 | 39.2 | CRITICAL
2026-09-22 04:37:14 | WARD_B_TEMP_02 | 34.9 | CRITICAL
2026-09-22 04:37:14 | WARD_B_TEMP_03 | 40.1 | CRITICAL
2026-09-22 04:37:14 | WARD_B_TEMP_04 | 37.8 | WARNING
2026-09-22 04:37:14 | WARD_B_TEMP_05 | 40.1 | CRITICAL
2026-09-22 04:37:15 | WARD_B_TEMP_01 | 36.6 | NORMAL
2026-09-22 04:37:15 | WARD_B_TEMP_02 | 38.0 | WARNING
2026-09-22 04:37:15 | WARD_B_TEMP_03 | 39.2 | CRITICAL
2026-09-22 04:37:15 | WARD_B_TEMP_04 | 39.0 | CRITICAL
2026-09-22 04:37:15 | WARD_B_TEMP_05 | 37.2 | NORMAL
2026-09-22 04:37:16 | WARD_B_TEMP_01 | 35.0 | CRITICAL
2026-09-22 04:37:16 | WARD_B_TEMP_02 | 37.7 | WARNING
2026-09-22 04:37:16 | WARD_B_TEMP_03 | 37.0 | NORMAL
2026-09-22 04:37:16 | WARD_B_TEMP_04 | 39.0 | CRITICAL
2026-09-22 04:37:16 | WARD_B_TEMP_05 | 38.0 | WARNING
2026-09-22 04:37:17 | WARD_B_TEMP_01 | 39.5 | CRITICAL
2026-09-22 04:37:17 | WARD_B_TEMP_02 | 38.2 | CRITICAL
2026-09-22 04:37:17 | WARD_B_TEMP_03 | 36.3 | NORMAL
2026-09-22 04:37:17 | WARD_B_TEMP_04 | 39.7 | CRITICAL
2026-09-22 04:37:17 | WARD_B_TEMP_05 | 36.4 | NORMAL
2026-09-22 04:37:18 | WARD_B_TEMP_01 | 37.6 | WARNING
2026-09-22 04:37:18 | WARD_B_TEMP_02 | 39.5 | CRITICAL
2026-09-22 04:37:18 | WARD_B_TEMP_03 | 38.0 | WARNING
2026-09-22 04:37:18 | WARD_B_TEMP_04 | 37.1 | NORMAL
2026-09-22 04:37:18 | WARD_B_TEMP_05 | 36.2 | NORMAL
2026-09-22 04:37:19 | WARD_B_TEMP_01 | 34.6 | CRITICAL
2026-09-22 04:37:19 | WARD_B_TEMP_02 | 36.7 | NORMAL
2026-09-22 04:37:19 | WARD_B_TEMP_03 | 36.9 | NORMAL
2026-09-22 04:37:19 | WARD_B_TEMP_04 | 37.0 | NORMAL
2026-09-22 04:37:19 | WARD_B_TEMP_05 | 39.9 | CRITICAL
2026-09-22 04:37:20 | WARD_B_TEMP_01 | 38.3 | CRITICAL
2026-09-22 04:37:20 | WARD_B_TEMP_02 | 38.5 | CRITICAL
2026-09-22 04:37:20 | WARD_B_TEMP_03 | 35.7 | NORMAL
2026-09-22 04:37:20 | WARD_B_TEMP_04 | 39.6 | CRITICAL
2026-09-22 04:37:20 | WARD_B_TEMP_05 | 34.6 | CRITICAL
2026-09-22 04:37:21 | WARD_B_TEMP_01 | 36.9 | NORMAL
2026-09-22 04:37:21 | WARD_B_TEMP_02 | 38.7 | CRITICAL
2026-09-22 04:37:21 | WARD_B_TEMP_03 | 37.7 | WARNING
2026-09-22 04:37:21 | WARD_B_TEMP_04 | 40.3 | CRITICAL
2026-09-22 04:37:21 | WARD_B_TEMP_05 | 39.2 | CRITICAL
2026-09-22 04:37:22 | WARD_B_TEMP_01 | 36.5 | NORMAL
2026-09-22 04:37:22 | WARD_B_TEMP_02 | 40.2 | CRITICAL
2026-09-22 04:37:22 | WARD_B_TEMP_03 | 37.7 | WARNING
2026-09-22 04:37:22 | WARD_B_TEMP_04 | 34.6 | CRITICAL
2026-09-22 04:37:22 | WARD_B_TEMP_05 | 36.4 | NORMAL
2026-09-22 04:37:23 | WARD_B_TEMP_01 | 37.3 | NORMAL
2026-09-22 04:37:23 | WARD_B_TEMP_02 | 40.5 | CRITICAL
2026-09-22 04:37:23 | WARD_B_TEMP_03 | 38.7 | CRITICAL
2026-09-22 04:37:23 | WARD_B_TEMP_04 | 35.9 | NORMAL
2026-09-22 04:37:23 | WARD_B_TEMP_05 | 35.3 | CRITICAL
2026-09-22 04:37:24 | WARD_B_TEMP_01 | 35.5 | NORMAL
2026-09-22 04:37:24 | WARD_B_TEMP_02 | 37.2 | NORMAL
2026-09-22 04:37:24 | WARD_B_TEMP_03 | 39.9 | CRITICAL
2026-09-22 04:37:24 | WARD_B_TEMP_04 | 39.5 | CRITICAL
2026-09-22 04:37:24 | WARD_B_TEMP_05 | 34.6 | CRITICAL
2026-09-22 04:37:25 | WARD_B_TEMP_01 | 35.5 | NORMAL
2026-09-22 04:37:25 | WARD_B_TEMP_02 | 38.1 | CRITICAL
2026-09-22 04:37:25 | WARD_B_TEMP_03 | 39.9 | CRITICAL
2026-09-22 04:37:25 | WARD_B_TEMP_04 | 37.5 | WARNING
2026-09-22 04:37:25 | WARD_B_TEMP_05 | 39.4 | CRITICAL
2026-09-22 04:37:26 | WARD_B_TEMP_01 | 39.4 | CRITICAL
2026-09-22 04:37:26 | WARD_B_TEMP_02 | 38.1 | CRITICAL
2026-09-22 04:37:26 | WARD_B_TEMP_03 | 35.2 | CRITICAL
2026-09-22 04:37:26 | WARD_B_TEMP_04 | 35.4 | CRITICAL
2026-09-22 04:37:26 | WARD_B_TEMP_05 | 35.9 | NORMAL
2026-09-22 04:37:27 | WARD_B_TEMP_01 | 38.3 | CRITICAL
2026-09-22 04:37:27 | WARD_B_TEMP_02 | 38.0 | WARNING
2026-09-22 04:37:27 | WARD_B_TEMP_03 | 34.6 | CRITICAL
2026-09-22 04:37:27 | WARD_B_TEMP_04 | 36.3 | NORMAL
2026-09-22 04:37:27 | WARD_B_TEMP_05 | 38.6 | CRITICAL
2026-09-22 04:37:28 | WARD_B_TEMP_01 | 38.6 | CRITICAL
2026-09-22 04:37:28 | WARD_B_TEMP_02 | 37.1 | NORMAL
2026-09-22 04:37:28 | WARD_B_TEMP_03 | 37.6 | WARNING
2026-09-22 04:37:28 | WARD_B_TEMP_04 | 39.2 | CRITICAL
2026-09-22 04:37:28 | WARD_B_TEMP_05 | 38.9 | CRITICAL
2026-09-22 04:37:29 | WARD_B_TEMP_01 | 37.0 | NORMAL
2026-09-22 04:37:29 | WARD_B_TEMP_02 | 36.8 | NORMAL
2026-09-22 04:37:29 | WARD_B_TEMP_03 | 39.5 | CRITICAL
2026-09-22 04:37:29 | WARD_B_TEMP_04 | 39.6 | CRITICAL
2026-09-22 04:37:29 | WARD_B_TEMP_05 | 35.8 | NORMAL
2026-09-22 04:37:30 | WARD_B_TEMP_01 | 37.4 | NORMAL
2026-09-22 04:37:30 | WARD_B_TEMP_02 | 34.9 | CRITICAL
2026-09-22 04:37:30 | WARD_B_TEMP_03 | 36.6 | NORMAL
2026-09-22 04:37:30 | WARD_B_TEMP_04 | 35.2 | CRITICAL
2026-09-22 04:37:30 | WARD_B_TEMP_05 | 35.5 | NORMAL
2026-09-22 04:37:31 | WARD_B_TEMP_01 | 36.0 | NORMAL
2026-09-22 04:37:31 | WARD_B_TEMP_02 | 39.0 | CRITICAL
2026-09-22 04:37:31 | WARD_B_TEMP_03 | 35.0 | CRITICAL
2026-09-22 04:37:31 | WARD_B_TEMP_04 | 35.2 | CRITICAL
2026-09-22 04:37:31 | WARD_B_TEMP_05 | 36.2 | NORMAL
2026-09-22 04:37:32 | WARD_B_TEMP_01 | 36.5 | NORMAL
2026-09-22 04:37:32 | WARD_B_TEMP_02 | 36.5 | NORMAL
2026-09-22 04:37:32 | WARD_B_TEMP_03 | 37.7 | WARNING
2026-09-22 04:37:32 | WARD_B_TEMP_04 | 35.6 | NORMAL
2026-09-22 04:37:32 | WARD_B_TEMP_05 | 39.8 | CRITICAL
2026-09-22 04:37:33 | WARD_B_TEMP_01 | 35.1 | CRITICAL
2026-09-22 04:37:33 | WARD_B_TEMP_02 | 38.9 | CRITICAL
2026-09-22 04:37:33 | WARD_B_TEMP_03 | 35.8 | NORMAL
2026-09-22 04:37:33 | WARD_B_TEMP_04 | 38.2 | CRITICAL
2026-09-22 04:37:33 | WARD_B_TEMP_05 | 39.9 | CRITICAL
2026-09-22 04:37:34 | WARD_B_TEMP_01 | 34.7 | CRITICAL
2026-09-22 04:37:34 | WARD_B_TEMP_02 | 37.6 | WARNING
2026-09-22 04:37:34 | WARD_B_TEMP_03 | 37.9 | WARNING
2026-09-22 04:37:34 | WARD_B_TEMP_04 | 36.0 | NORMAL
2026-09-22 04:37:34 | WARD_B_TEMP_05 | 35.9 | NORMAL
2026-09-22 04:37:35 | WARD_B_TEMP_01 | 34.9 | CRITICAL
2026-09-22 04:37:35 | WARD_B_TEMP_02 | 40.2 | CRITICAL
2026-09-22 04:37:35 | WARD_B_TEMP_03 | 40.3 | CRITICAL
2026-09-22 04:37:35 | WARD_B_TEMP_04 | 35.9 | NORMAL
2026-09-22 04:37:35 | WARD_B_TEMP_05 | 35.9 | NORMAL
2026-09-22 04:37:36 | WARD_B_TEMP_01 | 39.1 | CRITICAL
2026-09-22 04:37:36 | WARD_B_TEMP_02 | 38.0 | WARNING
2026-09-22 04:37:36 | WARD_B_TEMP_03 | 38.5 | CRITICAL
2026-09-22 04:37:36 | WARD_B_TEMP_04 | 36.7 | NORMAL
2026-09-22 04:37:36 | WARD_B_TEMP_05 | 37.0 | NORMAL
2026-09-22 04:37:37 | WARD_B_TEMP_01 | 37.4 | NORMAL
2026-09-22 04:37:37 | WARD_B_TEMP_02 | 37.9 | WARNING
2026-09-22 04:37:37 | WARD_B_TEMP_03 | 36.7 | NORMAL
2026-09-22 04:37:37 | WARD_B_TEMP_04 | 38.7 | CRITICAL
2026-09-22 04:37:37 | WARD_B_TEMP_05 | 36.3 | NORMAL
2026-09-22 04:37:38 | WARD_B_TEMP_01 | 39.5 | CRITICAL
2026-09-22 04:37:38 | WARD_B_TEMP_02 | 36.1 | NORMAL
2026-09-22 04:37:38 | WARD_B_TEMP_03 | 40.4 | CRITICAL
2026-09-22 04:37:38 | WARD_B_TEMP_04 | 38.6 | CRITICAL
2026-09-22 04:37:38 | WARD_B_TEMP_05 | 35.7 | NORMAL
2026-09-22 04:37:39 | WARD_B_TEMP_01 | 36.2 | NORMAL
2026-09-22 04:37:39 | WARD_B_TEMP_02 | 37.1 | NORMAL
2026-09-22 04:37:39 | WARD_B_TEMP_03 | 35.1 | CRITICAL
2026-09-22 04:37:39 | WARD_B_TEMP_04 | 38.0 | WARNING
2026-09-22 04:37:39 | WARD_B_TEMP_05 | 35.0 | CRITICAL
2026-09-22 04:37:40 | WARD_B_TEMP_01 | 38.5 | CRITICAL
2026-09-22 04:37:40 | WARD_B_TEMP_02 | 37.6 | WARNING
2026-09-22 04:37:40 | WARD_B_TEMP_03 | 39.8 | CRITICAL
2026-09-22 04:37:40 | WARD_B_TEMP_04 | 38.3 | CRITICAL
2026-09-22 04:37:40 | WARD_B_TEMP_05 | 37.2 | NORMAL
2026-09-22 04:37:41 | WARD_B_TEMP_01 | 37.3 | NORMAL
2026-09-22 04:37:41 | WARD_B_TEMP_02 | 38.5 | CRITICAL
2026-09-22 04:37:41 | WARD_B_TEMP_03 | 38.0 | WARNING
2026-09-22 04:37:41 | WARD_B_TEMP_04 | 34.8 | CRITICAL
2026-09-22 04:37:41 | WARD_B_TEMP_05 | 35.0 | CRITICAL
2026-09-22 04:37:42 | WARD_B_TEMP_01 | 36.9 | NORMAL
2026-09-22 04:37:42 | WARD_B_TEMP_02 | 39.7 | CRITICAL
2026-09-22 04:37:42 | WARD_B_TEMP_03 | 35.6 | NORMAL
2026-09-22 04:37:42 | WARD_B_TEMP_04 | 40.1 | CRITICAL
2026-09-22 04:37:42 | WARD_B_TEMP_05 | 38.9 | CRITICAL
2026-09-22 04:37:43 | WARD_B_TEMP_01 | 38.6 | CRITICAL
2026-09-22 04:37:43 | WARD_B_TEMP_02 | 37.8 | WARNING
2026-09-22 04:37:43 | WARD_B_TEMP_03 | 38.4 | CRITICAL
2026-09-22 04:37:43 | WARD_B_TEMP_04 | 38.7 | CRITICAL
2026-09-22 04:37:43 | WARD_B_TEMP_05 | 40.2 | CRITICAL
2026-09-22 04:37:44 | WARD_B_TEMP_01 | 37.3 | NORMAL
2026-09-22 04:37:44 | WARD_B_TEMP_02 | 34.7 | CRITICAL
2026-09-22 04:37:44 | WARD_B_TEMP_03 | 39.4 | CRITICAL
2026-09-22 04:37:44 | WARD_B_TEMP_04 | 35.4 | CRITICAL
2026-09-22 04:37:44 | WARD_B_TEMP_05 | 40.1 | CRITICAL
2026-09-22 04:37:45 | WARD_B_TEMP_01 | 37.8 | WARNING
2026-09-22 04:37:45 | WARD_B_TEMP_02 | 36.1 | NORMAL
2026-09-22 04:37:45 | WARD_B_TEMP_03 | 36.5 | NORMAL
2026-09-22 04:37:45 | WARD_B_TEMP_04 | 39.6 | CRITICAL
2026-09-22 04:37:45 | WARD_B_TEMP_05 | 35.0 | CRITICAL
2026-09-22 04:37:46 | WARD_B_TEMP_01 | 35.0 | CRITICAL
2026-09-22 04:37:46 | WARD_B_TEMP_02 | 35.1 | CRITICAL
2026-09-22 04:37:46 | WARD_B_TEMP_03 | 38.0 | WARNING
2026-09-22 04:37:46 | WARD_B_TEMP_04 | 40.4 | CRITICAL
2026-09-22 04:37:46 | WARD_B_TEMP_05 | 39.1 | CRITICAL
2026-09-22 04:37:47 | WARD_B_TEMP_01 | 34.7 | CRITICAL
2026-09-22 04:37:47 | WARD_B_TEMP_02 | 38.0 | WARNING
2026-09-22 04:37:47 | WARD_B_TEMP_03 | 36.7 | NORMAL
2026-09-22 04:37:47 | WARD_B_TEMP_04 | 38.0 | WARNING
2026-09-22 04:37:47 | WARD_B_TEMP_05 | 34.6 | CRITICAL
2026-09-22 04:37:48 | WARD_B_TEMP_01 | 38.5 | CRITICAL
2026-09-22 04:37:48 | WARD_B_TEMP_02 | 39.8 | CRITICAL
2026-09-22 04:37:48 | WARD_B_TEMP_03 | 39.6 | CRITICAL
2026-09-22 04:37:48 | WARD_B_TEMP_04 | 36.7 | NORMAL
2026-09-22 04:37:48 | WARD_B_TEMP_05 | 39.0 | CRITICAL
2026-09-22 04:37:49 | WARD_B_TEMP_01 | 34.9 | CRITICAL
2026-09-22 04:37:49 | WARD_B_TEMP_02 | 39.7 | CRITICAL
2026-09-22 04:37:49 | WARD_B_TEMP_03 | 35.7 | NORMAL
2026-09-22 04:37:49 | WARD_B_TEMP_04 | 35.4 | CRITICAL
2026-09-22 04:37:49 | WARD_B_TEMP_05 | 37.0 | NORMAL
2026-09-22 04:37:50 | WARD_B_TEMP_01 | 38.9 | CRITICAL
2026-09-22 04:37:50 | WARD_B_TEMP_02 | 35.2 | CRITICAL
2026-09-22 04:37:50 | WARD_B_TEMP_03 | 38.6 | CRITICAL
2026-09-22 04:37:50 | WARD_B_TEMP_04 | 39.7 | CRITICAL
2026-09-22 04:37:50 | WARD_B_TEMP_05 | 36.1 | NORMAL
2026-09-22 04:37:51 | WARD_B_TEMP_01 | 35.8 | NORMAL
2026-09-22 04:37:51 | WARD_B_TEMP_02 | 35.4 | CRITICAL
2026-09-22 04:37:51 | WARD_B_TEMP_03 | 36.3 | NORMAL
2026-09-22 04:37:51 | WARD_B_TEMP_04 | 37.0 | NORMAL
2026-09-22 04:37:51 | WARD_B_TEMP_05 | 35.1 | CRITICAL
2026-09-22 04:37:52 | WARD_B_TEMP_01 | 37.8 | WARNING
2026-09-22 04:37:52 | WARD_B_TEMP_02 | 38.7 | CRITICAL
2026-09-22 04:37:52 | WARD_B_TEMP_03 | 38.1 | CRITICAL
2026-09-22 04:37:52 | WARD_B_TEMP_04 | 38.7 | CRITICAL
2026-09-22 04:37:52 | WARD_B_TEMP_05 | 36.8 | NORMAL
2026-09-22 04:37:53 | WARD_B_TEMP_01 | 34.7 | CRITICAL
2026-09-22 04:37:53 | WARD_B_TEMP_02 | 35.7 | NORMAL
2026-09-22 04:37:53 | WARD_B_TEMP_03 | 37.0 | NORMAL
2026-09-22 04:37:53 | WARD_B_TEMP_04 | 34.7 | CRITICAL
2026-09-22 04:37:53 | WARD_B_TEMP_05 | 35.6 | NORMAL
2026-09-22 04:37:54 | WARD_B_TEMP_01 | 39.5 | CRITICAL
2026-09-22 04:37:54 | WARD_B_TEMP_02 | 35.9 | NORMAL
2026-09-22 04:37:54 | WARD_B_TEMP_03 | 40.3 | CRITICAL
2026-09-22 04:37:54 | WARD_B_TEMP_04 | 35.9 | NORMAL
2026-09-22 04:37:54 | WARD_B_TEMP_05 | 39.4 | CRITICAL
2026-09-22 04:37:55 | WARD_B_TEMP_01 | 39.5 | CRITICAL
2026-09-22 04:37:55 | WARD_B_TEMP_02 | 37.6 | WARNING
2026-09-22 04:37:55 | WARD_B_TEMP_03 | 37.5 | WARNING
2026-09-22 04:37:55 | WARD_B_TEMP_04 | 34.9 | CRITICAL
2026-09-22 04:37:55 | WARD_B_TEMP_05 | 39.7 | CRITICAL
2026-09-22 04:37:56 | WARD_B_TEMP_01 | 37.5 | WARNING
2026-09-22 04:37:56 | WARD_B_TEMP_02 | 36.7 | NORMAL
2026-09-22 04:37:56 | WARD_B_TEMP_03 | 35.8 | NORMAL
2026-09-22 04:37:56 | WARD_B_TEMP_04 | 39.0 | CRITICAL
2026-09-22 04:37:56 | WARD_B_TEMP_05 | 39.7 | CRITICAL
2026-09-22 04:37:57 | WARD_B_TEMP_01 | 40.0 | CRITICAL
2026-09-22 04:37:57 | WARD_B_TEMP_02 | 39.9 | CRITICAL
2026-09-22 04:37:57 | WARD_B_TEMP_03 | 38.8 | CRITICAL
2026-09-22 04:37:57 | WARD_B_TEMP_04 | 36.7 | NORMAL
2026-09-22 04:37:57 | WARD_B_TEMP_05 | 36.4 | NORMAL
2026-09-22 04:37:58 | WARD_B_TEMP_01 | 35.4 | CRITICAL
2026-09-22 04:37:58 | WARD_B_TEMP_02 | 37.3 | NORMAL
2026-09-22 04:37:58 | WARD_B_TEMP_03 | 39.6 | CRITICAL
2026-09-22 04:37:58 | WARD_B_TEMP_04 | 38.0 | WARNING
2026-09-22 04:37:58 | WARD_B_TEMP_05 | 34.5 | CRITICAL
2026-09-22 04:37:59 | WARD_B_TEMP_01 | 35.0 | CRITICAL
2026-09-22 04:37:59 | WARD_B_TEMP_02 | 40.1 | CRITICAL
2026-09-22 04:37:59 | WARD_B_TEMP_03 | 38.9 | CRITICAL
2026-09-22 04:37:59 | WARD_B_TEMP_04 | 39.0 | CRITICAL
2026-09-22 04:37:59 | WARD_B_TEMP_05 | 36.2 | NORMAL
2026-09-22 04:38:00 | WARD_B_TEMP_01 | 37.3 | NORMAL
2026-09-22 04:38:00 | WARD_B_TEMP_02 | 39.6 | CRITICAL
2026-09-22 04:38:00 | WARD_B_TEMP_03 | 35.8 | NORMAL
2026-09-22 04:38:00 | WARD_B_TEMP_04 | 35.0 | CRITICAL
2026-09-22 04:38:00 | WARD_B_TEMP_05 | 35.6 | NORMAL
2026-09-22 04:38:01 | WARD_B_TEMP_01 | 40.1 | CRITICAL
2026-09-22 04:38:01 | WARD_B_TEMP_02 | 40.1 | CRITICAL
2026-09-22 04:38:01 | WARD_B_TEMP_03 | 37.1 | NORMAL
2026-09-22 04:38:01 | WARD_B_TEMP_04 | 34.7 | CRITICAL
2026-09-22 04:38:01 | WARD_B_TEMP_05 | 34.6 | CRITICAL
2026-09-22 04:38:02 | WARD_B_TEMP_01 | 38.1 | CRITICAL
2026-09-22 04:38:02 | WARD_B_TEMP_02 | 36.9 | NORMAL
2026-09-22 04:38:02 | WARD_B_TEMP_03 | 40.0 | CRITICAL
2026-09-22 04:38:02 | WARD_B_TEMP_04 | 36.5 | NORMAL
2026-09-22 04:38:02 | WARD_B_TEMP_05 | 34.9 | CRITICAL
2026-09-22 04:38:03 | WARD_B_TEMP_01 | 35.5 | NORMAL
2026-09-22 04:38:03 | WARD_B_TEMP_02 | 38.1 | CRITICAL
2026-09-22 04:38:03 | WARD_B_TEMP_03 | 40.2 | CRITICAL
2026-09-22 04:38:03 | WARD_B_TEMP_04 | 34.9 | CRITICAL
2026-09-22 04:38:03 | WARD_B_TEMP_05 | 37.3 | NORMAL
2026-09-22 04:38:04 | WARD_B_TEMP_01 | 39.5 | CRITICAL
2026-09-22 04:38:04 | WARD_B_TEMP_02 | 40.3 | CRITICAL
2026-09-22 04:38:04 | WARD_B_TEMP_03 | 39.5 | CRITICAL
2026-09-22 04:38:04 | WARD_B_TEMP_04 | 36.2 | NORMAL
2026-09-22 04:38:04 | WARD_B_TEMP_05 | 40.4 | CRITICAL
2026-09-22 04:38:05 | WARD_B_TEMP_01 | 39.9 | CRITICAL
2026-09-22 04:38:05 | WARD_B_TEMP_02 | 36.2 | NORMAL
2026-09-22 04:38:05 | WARD_B_TEMP_03 | 39.1 | CRITICAL
2026-09-22 04:38:05 | WARD_B_TEMP_04 | 36.9 | NORMAL
2026-09-22 04:38:05 | WARD_B_TEMP_05 | 35.3 | CRITICAL
2026-09-22 04:38:06 | WARD_B_TEMP_01 | 35.6 | NORMAL
2026-09-22 04:38:06 | WARD_B_TEMP_02 | 39.3 | CRITICAL
2026-09-22 04:38:06 | WARD_B_TEMP_03 | 40.3 | CRITICAL
2026-09-22 04:38:06 | WARD_B_TEMP_04 | 36.2 | NORMAL
2026-09-22 04:38:06 | WARD_B_TEMP_05 | 36.4 | NORMAL
2026-09-22 04:38:07 | WARD_B_TEMP_01 | 35.3 | CRITICAL
2026-09-22 04:38:07 | WARD_B_TEMP_02 | 39.6 | CRITICAL
2026-09-22 04:38:07 | WARD_B_TEMP_03 | 37.2 | NORMAL
2026-09-22 04:38:07 | WARD_B_TEMP_04 | 36.4 | NORMAL
2026-09-22 04:38:07 | WARD_B_TEMP_05 | 38.8 | CRITICAL
2026-09-22 04:38:08 | WARD_B_TEMP_01 | 39.2 | CRITICAL
2026-09-22 04:38:08 | WARD_B_TEMP_02 | 38.4 | CRITICAL
2026-09-22 04:38:08 | WARD_B_TEMP_03 | 40.4 | CRITICAL
2026-09-22 04:38:08 | WARD_B_TEMP_04 | 36.1 | NORMAL
2026-09-22 04:38:08 | WARD_B_TEMP_05 | 39.7 | CRITICAL
2026-09-22 04:38:09 | WARD_B_TEMP_01 | 38.5 | CRITICAL
2026-09-22 04:38:09 | WARD_B_TEMP_02 | 37.8 | WARNING
2026-09-22 04:38:09 | WARD_B_TEMP_03 | 36.7 | NORMAL
2026-09-22 04:38:09 | WARD_B_TEMP_04 | 39.9 | CRITICAL
2026-09-22 04:38:09 | WARD_B_TEMP_05 | 35.1 | CRITICAL
2026-09-22 04:38:10 | WARD_B_TEMP_01 | 36.0 | NORMAL
2026-09-22 04:38:10 | WARD_B_TEMP_02 | 38.0 | WARNING
2026-09-22 04:38:10 | WARD_B_TEMP_03 | 39.6 | CRITICAL
2026-09-22 04:38:10 | WARD_B_TEMP_04 | 36.5 | NORMAL
2026-09-22 04:38:10 | WARD_B_TEMP_05 | 35.9 | NORMAL
2026-09-22 04:38:11 | WARD_B_TEMP_01 | 35.0 | CRITICAL
2026-09-22 04:38:11 | WARD_B_TEMP_02 | 38.2 | CRITICAL
2026-09-22 04:38:11 | WARD_B_TEMP_03 | 38.1 | CRITICAL
2026-09-22 04:38:11 | WARD_B_TEMP_04 | 35.0 | CRITICAL
2026-09-22 04:38:11 | WARD_B_TEMP_05 | 39.7 | CRITICAL
2026-09-22 04:38:12 | WARD_B_TEMP_01 | 40.1 | CRITICAL
2026-09-22 04:38:12 | WARD_B_TEMP_02 | 38.8 | CRITICAL
2026-09-22 04:38:12 | WARD_B_TEMP_03 | 39.5 | CRITICAL
2026-09-22 04:38:12 | WARD_B_TEMP_04 | 35.0 | CRITICAL
2026-09-22 04:38:12 | WARD_B_TEMP_05 | 38.0 | WARNING
2026-09-22 04:38:13 | WARD_B_TEMP_01 | 37.6 | WARNING
2026-09-22 04:38:13 | WARD_B_TEMP_02 | 40.1 | CRITICAL
2026-09-22 04:38:13 | WARD_B_TEMP_03 | 37.3 | NORMAL
2026-09-22 04:38:13 | WARD_B_TEMP_04 | 39.1 | CRITICAL
2026-09-22 04:38:13 | WARD_B_TEMP_05 | 37.1 | NORMAL
2026-09-22 04:38:14 | WARD_B_TEMP_01 | 40.2 | CRITICAL
2026-09-22 04:38:14 | WARD_B_TEMP_02 | 35.6 | NORMAL
2026-09-22 04:38:14 | WARD_B_TEMP_03 | 35.6 | NORMAL
2026-09-22 04:38:14 | WARD_B_TEMP_04 | 40.3 | CRITICAL
2026-09-22 04:38:14 | WARD_B_TEMP_05 | 35.2 | CRITICAL
2026-09-22 04:38:15 | WARD_B_TEMP_01 | 40.3 | CRITICAL
2026-09-22 04:38:15 | WARD_B_TEMP_02 | 37.7 | WARNING
2026-09-22 04:38:15 | WARD_B_TEMP_03 | 35.7 | NORMAL
2026-09-22 04:38:15 | WARD_B_TEMP_04 | 40.5 | CRITICAL
2026-09-22 04:38:15 | WARD_B_TEMP_05 | 39.5 | CRITICAL
2026-09-22 04:38:16 | WARD_B_TEMP_01 | 40.4 | CRITICAL
2026-09-22 04:38:16 | WARD_B_TEMP_02 | 39.8 | CRITICAL
2026-09-22 04:38:16 | WARD_B_TEMP_03 | 38.0 | WARNING
2026-09-22 04:38:16 | WARD_B_TEMP_04 | 39.3 | CRITICAL
2026-09-22 04:38:16 | WARD_B_TEMP_05 | 39.5 | CRITICAL
2026-09-22 04:38:17 | WARD_B_TEMP_01 | 35.2 | CRITICAL
2026-09-22 04:38:17 | WARD_B_TEMP_02 | 39.7 | CRITICAL
2026-09-22 04:38:17 | WARD_B_TEMP_03 | 39.8 | CRITICAL
2026-09-22 04:38:17 | WARD_B_TEMP_04 | 35.2 | CRITICAL
2026-09-22 04:38:17 | WARD_B_TEMP_05 | 37.6 | WARNING
2026-09-22 04:38:18 | WARD_B_TEMP_01 | 39.0 | CRITICAL
2026-09-22 04:38:18 | WARD_B_TEMP_02 | 39.6 | CRITICAL
2026-09-22 04:38:18 | WARD_B_TEMP_03 | 34.8 | CRITICAL
2026-09-22 04:38:18 | WARD_B_TEMP_04 | 38.7 | CRITICAL
2026-09-22 04:38:18 | WARD_B_TEMP_05 | 34.9 | CRITICAL
2026-09-22 04:38:19 | WARD_B_TEMP_01 | 37.9 | WARNING
2026-09-22 04:38:19 | WARD_B_TEMP_02 | 39.3 | CRITICAL
2026-09-22 04:38:19 | WARD_B_TEMP_03 | 38.8 | CRITICAL
2026-09-22 04:38:19 | WARD_B_TEMP_04 | 34.9 | CRITICAL
2026-09-22 04:38:19 | WARD_B_TEMP_05 | 38.1 | CRITICAL
2026-09-22 04:38:20 | WARD_B_TEMP_01 | 35.5 | NORMAL
2026-09-22 04:38:20 | WARD_B_TEMP_02 | 37.1 | NORMAL
2026-09-22 04:38:20 | WARD_B_TEMP_03 | 38.4 | CRITICAL
2026-09-22 04:38:20 | WARD_B_TEMP_04 | 37.6 | WARNING
2026-09-22 04:38:20 | WARD_B_TEMP_05 | 37.9 | WARNING
2026-09-22 04:38:21 | WARD_B_TEMP_01 | 37.7 | WARNING
2026-09-22 04:38:21 | WARD_B_TEMP_02 | 36.6 | NORMAL
2026-09-22 04:38:21 | WARD_B_TEMP_03 | 39.6 | CRITICAL
2026-09-22 04:38:21 | WARD_B_TEMP_04 | 36.0 | NORMAL
2026-09-22 04:38:21 | WARD_B_TEMP_05 | 36.4 | NORMAL
2026-09-22 04:38:22 | WARD_B_TEMP_01 | 35.5 | NORMAL
2026-09-22 04:38:22 | WARD_B_TEMP_02 | 36.5 | NORMAL
2026-09-22 04:38:22 | WARD_B_TEMP_03 | 34.7 | CRITICAL
2026-09-22 04:38:22 | WARD_B_TEMP_04 | 37.5 | WARNING
2026-09-22 04:38:22 | WARD_B_TEMP_05 | 38.9 | CRITICAL
2026-09-22 04:38:23 | WARD_B_TEMP_01 | 36.9 | NORMAL
2026-09-22 04:38:23 | WARD_B_TEMP_02 | 36.3 | NORMAL
2026-09-22 04:38:23 | WARD_B_TEMP_03 | 40.3 | CRITICAL
2026-09-22 04:38:23 | WARD_B_TEMP_04 | 38.1 | CRITICAL
2026-09-22 04:38:23 | WARD_B_TEMP_05 | 36.2 | NORMAL
2026-09-22 04:38:24 | WARD_B_TEMP_01 | 39.4 | CRITICAL
2026-09-22 04:38:24 | WARD_B_TEMP_02 | 39.2 | CRITICAL
2026-09-22 04:38:24 | WARD_B_TEMP_03 | 35.5 | NORMAL
2026-09-22 04:38:24 | WARD_B_TEMP_04 | 36.3 | NORMAL
2026-09-22 04:38:24 | WARD_B_TEMP_05 | 35.5 | NORMAL
2026-09-22 04:38:25 | WARD_B_TEMP_01 | 39.5 | CRITICAL
2026-09-22 04:38:25 | WARD_B_TEMP_02 | 36.3 | NORMAL
2026-09-22 04:38:25 | WARD_B_TEMP_03 | 34.7 | CRITICAL
2026-09-22 04:38:25 | WARD_B_TEMP_04 | 40.2 | CRITICAL
2026-09-22 04:38:25 | WARD_B_TEMP_05 | 38.4 | CRITICAL
2026-09-22 04:38:26 | WARD_B_TEMP_01 | 34.6 | CRITICAL
2026-09-22 04:38:26 | WARD_B_TEMP_02 | 37.2 | NORMAL
2026-09-22 04:38:26 | WARD_B_TEMP_03 | 38.1 | CRITICAL
2026-09-22 04:38:26 | WARD_B_TEMP_04 | 38.6 | CRITICAL
2026-09-22 04:38:26 | WARD_B_TEMP_05 | 38.3 | CRITICAL
2026-09-22 04:38:27 | WARD_B_TEMP_01 | 40.2 | CRITICAL
2026-09-22 04:38:27 | WARD_B_TEMP_02 | 37.4 | NORMAL
2026-09-22 04:38:27 | WARD_B_TEMP_03 | 36.9 | NORMAL
2026-09-22 04:38:27 | WARD_B_TEMP_04 | 37.5 | WARNING
2026-09-22 04:38:27 | WARD_B_TEMP_05 | 39.6 | CRITICAL
2026-09-22 04:38:28 | WARD_B_TEMP_01 | 36.3 | NORMAL
2026-09-22 04:38:28 | WARD_B_TEMP_02 | 38.0 | WARNING
2026-09-22 04:38:28 | WARD_B_TEMP_03 | 38.7 | CRITICAL
2026-09-22 04:38:28 | WARD_B_TEMP_04 | 39.9 | CRITICAL
2026-09-22 04:38:28 | WARD_B_TEMP_05 | 35.9 | NORMAL
2026-09-22 04:38:29 | WARD_B_TEMP_01 | 39.9 | CRITICAL
2026-09-22 04:38:29 | WARD_B_TEMP_02 | 35.0 | CRITICAL
2026-09-22 04:38:29 | WARD_B_TEMP_03 | 36.7 | NORMAL
2026-09-22 04:38:29 | WARD_B_TEMP_04 | 39.8 | CRITICAL
2026-09-22 04:38:29 | WARD_B_TEMP_05 | 37.7 | WARNING
2026-09-22 04:38:30 | WARD_B_TEMP_01 | 37.7 | WARNING
2026-09-22 04:38:30 | WARD_B_TEMP_02 | 40.2 | CRITICAL
2026-09-22 04:38:30 | WARD_B_TEMP_03 | 39.1 | CRITICAL
2026-09-22 04:38:30 | WARD_B_TEMP_04 | 37.8 | WARNING
2026-09-22 04:38:30 | WARD_B_TEMP_05 | 36.5 | NORMAL
2026-09-22 04:38:31 | WARD_B_TEMP_01 | 38.8 | CRITICAL
2026-09-22 04:38:31 | WARD_B_TEMP_02 | 36.3 | NORMAL
2026-09-22 04:38:31 | WARD_B_TEMP_03 | 38.7 | CRITICAL
2026-09-22 04:38:31 | WARD_B_TEMP_04 | 36.8 | NORMAL
2026-09-22 04:38:31 | WARD_B_TEMP_05 | 35.8 | NORMAL
2026-09-22 04:38:32 | WARD_B_TEMP_01 | 39.3 | CRITICAL
2026-09-22 04:38:32 | WARD_B_TEMP_02 | 40.3 | CRITICAL
2026-09-22 04:38:32 | WARD_B_TEMP_03 | 35.8 | NORMAL
2026-09-22 04:38:32 | WARD_B_TEMP_04 | 38.0 | WARNING
2026-09-22 04:38:32 | WARD_B_TEMP_05 | 40.0 | CRITICAL
2026-09-22 04:38:33 | WARD_B_TEMP_01 | 39.3 | CRITICAL
2026-09-22 04:38:33 | WARD_B_TEMP_02 | 37.2 | NORMAL
2026-09-22 04:38:33 | WARD_B_TEMP_03 | 35.3 | CRITICAL
2026-09-22 04:38:33 | WARD_B_TEMP_04 | 37.5 | WARNING
2026-09-22 04:38:33 | WARD_B_TEMP_05 | 38.6 | CRITICAL
2026-09-22 04:38:34 | WARD_B_TEMP_01 | 37.1 | NORMAL
2026-09-22 04:38:34 | WARD_B_TEMP_02 | 38.3 | CRITICAL
2026-09-22 04:38:34 | WARD_B_TEMP_03 | 39.3 | CRITICAL
2026-09-22 04:38:34 | WARD_B_TEMP_04 | 35.8 | NORMAL
2026-09-22 04:38:34 | WARD_B_TEMP_05 | 38.3 | CRITICAL
2026-09-22 04:38:35 | WARD_B_TEMP_01 | 36.4 | NORMAL
2026-09-22 04:38:35 | WARD_B_TEMP_02 | 37.0 | NORMAL
2026-09-22 04:38:35 | WARD_B_TEMP_03 | 39.4 | CRITICAL
2026-09-22 04:38:35 | WARD_B_TEMP_04 | 40.4 | CRITICAL
2026-09-22 04:38:35 | WARD_B_TEMP_05 | 39.2 | CRITICAL
2026-09-22 04:38:36 | WARD_B_TEMP_01 | 37.4 | NORMAL
2026-09-22 04:38:36 | WARD_B_TEMP_02 | 38.2 | CRITICAL
2026-09-22 04:38:36 | WARD_B_TEMP_03 | 36.6 | NORMAL
2026-09-22 04:38:36 | WARD_B_TEMP_04 | 38.3 | CRITICAL
2026-09-22 04:38:36 | WARD_B_TEMP_05 | 37.5 | WARNING
2026-09-22 04:38:37 | WARD_B_TEMP_01 | 35.8 | NORMAL
2026-09-22 04:38:37 | WARD_B_TEMP_02 | 39.2 | CRITICAL
2026-09-22 04:38:37 | WARD_B_TEMP_03 | 36.9 | NORMAL
2026-09-22 04:38:37 | WARD_B_TEMP_04 | 36.8 | NORMAL
2026-09-22 04:38:37 | WARD_B_TEMP_05 | 35.8 | NORMAL
2026-09-22 04:38:38 | WARD_B_TEMP_01 | 39.3 | CRITICAL
2026-09-22 04:38:38 | WARD_B_TEMP_02 | 39.6 | CRITICAL
2026-09-22 04:38:38 | WARD_B_TEMP_03 | 38.2 | CRITICAL
2026-09-22 04:38:38 | WARD_B_TEMP_04 | 37.2 | NORMAL
2026-09-22 04:38:38 | WARD_B_TEMP_05 | 39.7 | CRITICAL
2026-09-22 04:38:39 | WARD_B_TEMP_01 | 35.4 | CRITICAL
2026-09-22 04:38:39 | WARD_B_TEMP_02 | 35.2 | CRITICAL
2026-09-22 04:38:39 | WARD_B_TEMP_03 | 36.9 | NORMAL
2026-09-22 04:38:39 | WARD_B_TEMP_04 | 40.4 | CRITICAL
2026-09-22 04:38:39 | WARD_B_TEMP_05 | 38.8 | CRITICAL
2026-09-22 04:38:40 | WARD_B_TEMP_01 | 39.2 | CRITICAL
2026-09-22 04:38:40 | WARD_B_TEMP_02 | 38.7 | CRITICAL
2026-09-22 04:38:40 | WARD_B_TEMP_03 | 38.9 | CRITICAL
2026-09-22 04:38:40 | WARD_B_TEMP_04 | 37.5 | WARNING
2026-09-22 04:38:40 | WARD_B_TEMP_05 | 39.5 | CRITICAL
2026-09-22 04:38:41 | WARD_B_TEMP_01 | 37.8 | WARNING
2026-09-22 04:38:41 | WARD_B_TEMP_02 | 35.2 | CRITICAL
2026-09-22 04:38:41 | WARD_B_TEMP_03 | 37.5 | WARNING
2026-09-22 04:38:41 | WARD_B_TEMP_04 | 36.5 | NORMAL
2026-09-22 04:38:41 | WARD_B_TEMP_05 | 39.3 | CRITICAL
2026-09-22 04:38:42 | WARD_B_TEMP_01 | 40.0 | CRITICAL
2026-09-22 04:38:42 | WARD_B_TEMP_02 | 40.4 | CRITICAL
2026-09-22 04:38:42 | WARD_B_TEMP_03 | 36.5 | NORMAL
2026-09-22 04:38:42 | WARD_B_TEMP_04 | 39.4 | CRITICAL
2026-09-22 04:38:42 | WARD_B_TEMP_05 | 38.1 | CRITICAL
2026-09-22 04:38:43 | WARD_B_TEMP_01 | 39.3 | CRITICAL
2026-09-22 04:38:43 | WARD_B_TEMP_02 | 37.4 | NORMAL
2026-09-22 04:38:43 | WARD_B_TEMP_03 | 37.7 | WARNING
2026-09-22 04:38:43 | WARD_B_TEMP_04 | 36.0 | NORMAL
2026-09-22 04:38:43 | WARD_B_TEMP_05 | 39.1 | CRITICAL
2026-09-22 04:38:44 | WARD_B_TEMP_01 | 38.7 | CRITICAL
2026-09-22 04:38:44 | WARD_B_TEMP_02 | 35.2 | CRITICAL
2026-09-22 04:38:44 | WARD_B_TEMP_03 | 38.0 | WARNING
2026-09-22 04:38:44 | WARD_B_TEMP_04 | 36.0 | NORMAL
2026-09-22 04:38:44 | WARD_B_TEMP_05 | 37.9 | WARNING
2026-09-22 04:38:45 | WARD_B_TEMP_01 | 38.4 | CRITICAL
2026-09-22 04:38:45 | WARD_B_TEMP_02 | 37.6 | WARNING
2026-09-22 04:38:45 | WARD_B_TEMP_03 | 35.8 | NORMAL
2026-09-22 04:38:45 | WARD_B_TEMP_04 | 38.4 | CRITICAL
2026-09-22 04:38:45 | WARD_B_TEMP_05 | 34.6 | CRITICAL
2026-09-22 04:38:46 | WARD_B_TEMP_01 | 39.9 | CRITICAL
2026-09-22 04:38:46 | WARD_B_TEMP_02 | 35.9 | NORMAL
2026-09-22 04:38:46 | WARD_B_TEMP_03 | 39.9 | CRITICAL
2026-09-22 04:38:46 | WARD_B_TEMP_04 | 37.5 | WARNING
2026-09-22 04:38:46 | WARD_B_TEMP_05 | 35.2 | CRITICAL
2026-09-22 04:38:47 | WARD_B_TEMP_01 | 37.9 | WARNING
2026-09-22 04:38:47 | WARD_B_TEMP_02 | 36.8 | NORMAL
2026-09-22 04:38:47 | WARD_B_TEMP_03 | 36.4 | NORMAL
2026-09-22 04:38:47 | WARD_B_TEMP_04 | 37.1 | NORMAL
2026-09-22 04:38:47 | WARD_B_TEMP_05 | 38.4 | CRITICAL
2026-09-22 04:38:48 | WARD_B_TEMP_01 | 39.3 | CRITICAL
2026-09-22 04:38:48 | WARD_B_TEMP_02 | 35.8 | NORMAL
2026-09-22 04:38:48 | WARD_B_TEMP_03 | 39.1 | CRITICAL
2026-09-22 04:38:48 | WARD_B_TEMP_04 | 36.2 | NORMAL
2026-09-22 04:38:48 | WARD_B_TEMP_05 | 39.9 | CRITICAL
2026-09-22 04:38:49 | WARD_B_TEMP_01 | 40.4 | CRITICAL
2026-09-22 04:38:49 | WARD_B_TEMP_02 | 37.0 | NORMAL
2026-09-22 04:38:49 | WARD_B_TEMP_03 | 39.4 | CRITICAL
2026-09-22 04:38:49 | WARD_B_TEMP_04 | 37.2 | NORMAL
2026-09-22 04:38:49 | WARD_B_TEMP_05 | 34.8 | CRITICAL
2026-09-22 04:38:50 | WARD_B_TEMP_01 | 38.7 | CRITICAL
2026-09-22 04:38:50 | WARD_B_TEMP_02 | 36.1 | NORMAL
2026-09-22 04:38:50 | WARD_B_TEMP_03 | 40.3 | CRITICAL
2026-09-22 04:38:50 | WARD_B_TEMP_04 | 38.0 | WARNING
2026-09-22 04:38:50 | WARD_B_TEMP_05 | 36.4 | NORMAL
2026-09-22 04:38:51 | WARD_B_TEMP_01 | 35.8 | NORMAL
2026-09-22 04:38:51 | WARD_B_TEMP_02 | 38.6 | CRITICAL
2026-09-22 04:38:51 | WARD_B_TEMP_03 | 40.4 | CRITICAL
2026-09-22 04:38:51 | WARD_B_TEMP_04 | 34.6 | CRITICAL
2026-09-22 04:38:51 | WARD_B_TEMP_05 | 40.1 | CRITICAL
2026-09-22 04:38:52 | WARD_B_TEMP_01 | 39.1 | CRITICAL
2026-09-22 04:38:52 | WARD_B_TEMP_02 | 39.5 | CRITICAL
2026-09-22 04:38:52 | WARD_B_TEMP_03 | 38.6 | CRITICAL
2026-09-22 04:38:52 | WARD_B_TEMP_04 | 39.1 | CRITICAL
2026-09-22 04:38:52 | WARD_B_TEMP_05 | 38.0 | WARNING
2026-09-22 04:38:53 | WARD_B_TEMP_01 | 37.6 | WARNING
2026-09-22 04:38:53 | WARD_B_TEMP_02 | 39.2 | CRITICAL
2026-09-22 04:38:53 | WARD_B_TEMP_03 | 38.7 | CRITICAL
2026-09-22 04:38:53 | WARD_B_TEMP_04 | 39.2 | CRITICAL
2026-09-22 04:38:53 | WARD_B_TEMP_05 | 40.1 | CRITICAL
2026-09-22 04:38:54 | WARD_B_TEMP_01 | 40.3 | CRITICAL
2026-09-22 04:38:54 | WARD_B_TEMP_02 | 36.0 | NORMAL
2026-09-22 04:38:54 | WARD_B_TEMP_03 | 38.6 | CRITICAL
2026-09-22 04:38:54 | WARD_B_TEMP_04 | 40.0 | CRITICAL
2026-09-22 04:38:54 | WARD_B_TEMP_05 | 37.6 | WARNING
2026-09-22 04:38:55 | WARD_B_TEMP_01 | 36.8 | NORMAL
2026-09-22 04:38:55 | WARD_B_TEMP_02 | 37.7 | WARNING
2026-09-22 04:38:55 | WARD_B_TEMP_03 | 37.2 | NORMAL
2026-09-22 04:38:55 | WARD_B_TEMP_04 | 39.5 | CRITICAL
2026-09-22 04:38:55 | WARD_B_TEMP_05 | 35.4 | CRITICAL
2026-09-22 04:38:56 | WARD_B_TEMP_01 | 36.2 | NORMAL
2026-09-22 04:38:56 | WARD_B_TEMP_02 | 38.7 | CRITICAL
2026-09-22 04:38:56 | WARD_B_TEMP_03 | 39.5 | CRITICAL
2026-09-22 04:38:56 | WARD_B_TEMP_04 | 36.1 | NORMAL
2026-09-22 04:38:56 | WARD_B_TEMP_05 | 36.0 | NORMAL
2026-09-22 04:38:57 | WARD_B_TEMP_01 | 38.4 | CRITICAL
2026-09-22 04:38:57 | WARD_B_TEMP_02 | 39.2 | CRITICAL
2026-09-22 04:38:57 | WARD_B_TEMP_03 | 35.5 | NORMAL
2026-09-22 04:38:57 | WARD_B_TEMP_04 | 39.0 | CRITICAL
2026-09-22 04:38:57 | WARD_B_TEMP_05 | 37.6 | WARNING
2026-09-22 04:38:58 | WARD_B_TEMP_01 | 40.5 | CRITICAL
2026-09-22 04:38:58 | WARD_B_TEMP_02 | 40.1 | CRITICAL
2026-09-22 04:38:58 | WARD_B_TEMP_03 | 36.7 | NORMAL
2026-09-22 04:38:58 | WARD_B_TEMP_04 | 36.1 | NORMAL
2026-09-22 04:38:58 | WARD_B_TEMP_05 | 36.6 | NORMAL
2026-09-22 04:38:59 | WARD_B_TEMP_01 | 38.7 | CRITICAL
2026-09-22 04:38:59 | WARD_B_TEMP_02 | 38.4 | CRITICAL
2026-09-22 04:38:59 | WARD_B_TEMP_03 | 34.5 | CRITICAL
2026-09-22 04:38:59 | WARD_B_TEMP_04 | 34.6 | CRITICAL
2026-09-22 04:38:59 | WARD_B_TEMP_05 | 39.6 | CRITICAL
2026-09-22 04:39:00 | WARD_B_TEMP_01 | 36.1 | NORMAL
2026-09-22 04:39:00 | WARD_B_TEMP_02 | 40.1 | CRITICAL
2026-09-22 04:39:00 | WARD_B_TEMP_03 | 40.4 | CRITICAL
2026-09-22 04:39:00 | WARD_B_TEMP_04 | 36.4 | NORMAL
2026-09-22 04:39:00 | WARD_B_TEMP_05 | 36.5 | NORMAL
2026-09-22 04:39:01 | WARD_B_TEMP_01 | 37.8 | WARNING
2026-09-22 04:39:01 | WARD_B_TEMP_02 | 38.6 | CRITICAL
2026-09-22 04:39:01 | WARD_B_TEMP_03 | 35.9 | NORMAL
2026-09-22 04:39:01 | WARD_B_TEMP_04 | 40.0 | CRITICAL
2026-09-22 04:39:01 | WARD_B_TEMP_05 | 37.1 | NORMAL
2026-09-22 04:39:02 | WARD_B_TEMP_01 | 39.4 | CRITICAL
2026-09-22 04:39:02 | WARD_B_TEMP_02 | 37.6 | WARNING
2026-09-22 04:39:02 | WARD_B_TEMP_03 | 37.7 | WARNING
2026-09-22 04:39:02 | WARD_B_TEMP_04 | 36.9 | NORMAL
2026-09-22 04:39:02 | WARD_B_TEMP_05 | 35.9 | NORMAL
2026-09-22 04:39:03 | WARD_B_TEMP_01 | 38.5 | CRITICAL
2026-09-22 04:39:03 | WARD_B_TEMP_02 | 40.1 | CRITICAL
2026-09-22 04:39:03 | WARD_B_TEMP_03 | 36.8 | NORMAL
2026-09-22 04:39:03 | WARD_B_TEMP_04 | 35.9 | NORMAL
2026-09-22 04:39:03 | WARD_B_TEMP_05 | 40.1 | CRITICAL
2026-09-22 04:39:04 | WARD_B_TEMP_01 | 38.7 | CRITICAL
2026-09-22 04:39:04 | WARD_B_TEMP_02 | 39.2 | CRITICAL
2026-09-22 04:39:04 | WARD_B_TEMP_03 | 39.1 | CRITICAL
2026-09-22 04:39:04 | WARD_B_TEMP_04 | 40.0 | CRITICAL
2026-09-22 04:39:04 | WARD_B_TEMP_05 | 40.3 | CRITICAL
2026-09-22 04:39:05 | WARD_B_TEMP_01 | 40.0 | CRITICAL
2026-09-22 04:39:05 | WARD_B_TEMP_02 | 39.3 | CRITICAL
2026-09-22 04:39:05 | WARD_B_TEMP_03 | 38.4 | CRITICAL
2026-09-22 04:39:05 | WARD_B_TEMP_04 | 40.1 | CRITICAL
2026-09-22 04:39:05 | WARD_B_TEMP_05 | 40.1 | CRITICAL
2026-09-22 04:39:06 | WARD_B_TEMP_01 | 35.7 | NORMAL
2026-09-22 04:39:06 | WARD_B_TEMP_02 | 38.0 | WARNING
2026-09-22 04:39:06 | WARD_B_TEMP_03 | 38.0 | WARNING
2026-09-22 04:39:06 | WARD_B_TEMP_04 | 36.7 | NORMAL
2026-09-22 04:39:06 | WARD_B_TEMP_05 | 39.0 | CRITICAL
2026-09-22 04:39:07 | WARD_B_TEMP_01 | 39.7 | CRITICAL
2026-09-22 04:39:07 | WARD_B_TEMP_02 | 36.1 | NORMAL
2026-09-22 04:39:07 | WARD_B_TEMP_03 | 38.6 | CRITICAL
2026-09-22 04:39:07 | WARD_B_TEMP_04 | 34.5 | CRITICAL
2026-09-22 04:39:07 | WARD_B_TEMP_05 | 36.4 | NORMAL
2026-09-22 04:39:08 | WARD_B_TEMP_01 | 39.2 | CRITICAL
2026-09-22 04:39:08 | WARD_B_TEMP_02 | 39.5 | CRITICAL
2026-09-22 04:39:08 | WARD_B_TEMP_03 | 35.5 | NORMAL
2026-09-22 04:39:08 | WARD_B_TEMP_04 | 36.5 | NORMAL
2026-09-22 04:39:08 | WARD_B_TEMP_05 | 39.5 | CRITICAL
2026-09-22 04:39:09 | WARD_B_TEMP_01 | 36.1 | NORMAL
2026-09-22 04:39:09 | WARD_B_TEMP_02 | 35.7 | NORMAL
2026-09-22 04:39:09 | WARD_B_TEMP_03 | 38.8 | CRITICAL
2026-09-22 04:39:09 | WARD_B_TEMP_04 | 37.6 | WARNING
2026-09-22 04:39:09 | WARD_B_TEMP_05 | 38.4 | CRITICAL
2026-09-22 04:39:10 | WARD_B_TEMP_01 | 39.5 | CRITICAL
2026-09-22 04:39:10 | WARD_B_TEMP_02 | 35.6 | NORMAL
2026-09-22 04:39:10 | WARD_B_TEMP_03 | 40.0 | CRITICAL
2026-09-22 04:39:10 | WARD_B_TEMP_04 | 40.4 | CRITICAL
2026-09-22 04:39:10 | WARD_B_TEMP_05 | 37.1 | NORMAL
2026-09-22 04:39:11 | WARD_B_TEMP_01 | 38.9 | CRITICAL
2026-09-22 04:39:11 | WARD_B_TEMP_02 | 35.1 | CRITICAL
2026-09-22 04:39:11 | WARD_B_TEMP_03 | 34.8 | CRITICAL
2026-09-22 04:39:11 | WARD_B_TEMP_04 | 38.3 | CRITICAL
2026-09-22 04:39:11 | WARD_B_TEMP_05 | 37.7 | WARNING
2026-09-22 04:39:12 | WARD_B_TEMP_01 | 38.5 | CRITICAL
2026-09-22 04:39:12 | WARD_B_TEMP_02 | 34.7 | CRITICAL
2026-09-22 04:39:12 | WARD_B_TEMP_03 | 35.0 | CRITICAL
2026-09-22 04:39:12 | WARD_B_TEMP_04 | 37.2 | NORMAL
2026-09-22 04:39:12 | WARD_B_TEMP_05 | 39.3 | CRITICAL
2026-09-22 04:39:13 | WARD_B_TEMP_01 | 35.3 | CRITICAL
2026-09-22 04:39:13 | WARD_B_TEMP_02 | 39.0 | CRITICAL
2026-09-22 04:39:13 | WARD_B_TEMP_03 | 34.9 | CRITICAL
2026-09-22 04:39:13 | WARD_B_TEMP_04 | 35.7 | NORMAL
2026-09-22 04:39:13 | WARD_B_TEMP_05 | 39.2 | CRITICAL
2026-09-22 04:39:14 | WARD_B_TEMP_01 | 40.0 | CRITICAL
2026-09-22 04:39:14 | WARD_B_TEMP_02 | 36.8 | NORMAL
2026-09-22 04:39:14 | WARD_B_TEMP_03 | 38.7 | CRITICAL
2026-09-22 04:39:14 | WARD_B_TEMP_04 | 40.4 | CRITICAL
2026-09-22 04:39:14 | WARD_B_TEMP_05 | 35.3 | CRITICAL
2026-09-22 04:39:15 | WARD_B_TEMP_01 | 37.3 | NORMAL
2026-09-22 04:39:15 | WARD_B_TEMP_02 | 35.5 | NORMAL
2026-09-22 04:39:15 | WARD_B_TEMP_03 | 37.1 | NORMAL
2026-09-22 04:39:15 | WARD_B_TEMP_04 | 36.4 | NORMAL
2026-09-22 04:39:15 | WARD_B_TEMP_05 | 35.9 | NORMAL
2026-09-22 04:39:16 | WARD_B_TEMP_01 | 38.0 | WARNING
2026-09-22 04:39:16 | WARD_B_TEMP_02 | 34.9 | CRITICAL
2026-09-22 04:39:16 | WARD_B_TEMP_03 | 39.6 | CRITICAL
2026-09-22 04:39:16 | WARD_B_TEMP_04 | 37.9 | WARNING
2026-09-22 04:39:16 | WARD_B_TEMP_05 | 39.5 | CRITICAL
2026-09-22 04:39:17 | WARD_B_TEMP_01 | 39.3 | CRITICAL
2026-09-22 04:39:17 | WARD_B_TEMP_02 | 39.7 | CRITICAL
2026-09-22 04:39:17 | WARD_B_TEMP_03 | 36.8 | NORMAL
2026-09-22 04:39:17 | WARD_B_TEMP_04 | 37.6 | WARNING
2026-09-22 04:39:17 | WARD_B_TEMP_05 | 35.9 | NORMAL
2026-09-22 04:39:18 | WARD_B_TEMP_01 | 39.7 | CRITICAL
2026-09-22 04:39:18 | WARD_B_TEMP_02 | 38.3 | CRITICAL
2026-09-22 04:39:18 | WARD_B_TEMP_03 | 38.4 | CRITICAL
2026-09-22 04:39:18 | WARD_B_TEMP_04 | 39.3 | CRITICAL
2026-09-22 04:39:18 | WARD_B_TEMP_05 | 36.0 | NORMAL
2026-09-22 04:39:19 | WARD_B_TEMP_01 | 36.8 | NORMAL
2026-09-22 04:39:19 | WARD_B_TEMP_02 | 40.3 | CRITICAL
2026-09-22 04:39:19 | WARD_B_TEMP_03 | 35.0 | CRITICAL
2026-09-22 04:39:19 | WARD_B_TEMP_04 | 34.7 | CRITICAL
2026-09-22 04:39:19 | WARD_B_TEMP_05 | 38.5 | CRITICAL
2026-09-22 04:39:20 | WARD_B_TEMP_01 | 35.9 | NORMAL
2026-09-22 04:39:20 | WARD_B_TEMP_02 | 39.9 | CRITICAL
2026-09-22 04:39:20 | WARD_B_TEMP_03 | 39.2 | CRITICAL
2026-09-22 04:39:20 | WARD_B_TEMP_04 | 34.8 | CRITICAL
2026-09-22 04:39:20 | WARD_B_TEMP_05 | 35.2 | CRITICAL
2026-09-22 04:39:21 | WARD_B_TEMP_01 | 35.3 | CRITICAL
2026-09-22 04:39:21 | WARD_B_TEMP_02 | 38.2 | CRITICAL
2026-09-22 04:39:21 | WARD_B_TEMP_03 | 36.5 | NORMAL
2026-09-22 04:39:21 | WARD_B_TEMP_04 | 36.8 | NORMAL
2026-09-22 04:39:21 | WARD_B_TEMP_05 | 34.7 | CRITICAL
2026-09-22 04:39:22 | WARD_B_TEMP_01 | 38.7 | CRITICAL
2026-09-22 04:39:22 | WARD_B_TEMP_02 | 39.2 | CRITICAL
2026-09-22 04:39:22 | WARD_B_TEMP_03 | 35.5 | NORMAL
2026-09-22 04:39:22 | WARD_B_TEMP_04 | 37.2 | NORMAL
2026-09-22 04:39:22 | WARD_B_TEMP_05 | 35.1 | CRITICAL
2026-09-22 04:39:23 | WARD_B_TEMP_01 | 39.5 | CRITICAL
2026-09-22 04:39:23 | WARD_B_TEMP_02 | 38.2 | CRITICAL
2026-09-22 04:39:23 | WARD_B_TEMP_03 | 38.2 | CRITICAL
2026-09-22 04:39:23 | WARD_B_TEMP_04 | 39.8 | CRITICAL
2026-09-22 04:39:23 | WARD_B_TEMP_05 | 35.1 | CRITICAL
2026-09-22 04:39:24 | WARD_B_TEMP_01 | 37.8 | WARNING
2026-09-22 04:39:24 | WARD_B_TEMP_02 | 37.2 | NORMAL
2026-09-22 04:39:24 | WARD_B_TEMP_03 | 40.2 | CRITICAL
2026-09-22 04:39:24 | WARD_B_TEMP_04 | 38.9 | CRITICAL
2026-09-22 04:39:24 | WARD_B_TEMP_05 | 39.1 | CRITICAL
2026-09-22 04:39:25 | WARD_B_TEMP_01 | 39.2 | CRITICAL
2026-09-22 04:39:25 | WARD_B_TEMP_02 | 36.0 | NORMAL
2026-09-22 04:39:25 | WARD_B_TEMP_03 | 34.7 | CRITICAL
2026-09-22 04:39:25 | WARD_B_TEMP_04 | 38.8 | CRITICAL
2026-09-22 04:39:25 | WARD_B_TEMP_05 | 34.6 | CRITICAL
2026-09-22 04:39:26 | WARD_B_TEMP_01 | 38.5 | CRITICAL
2026-09-22 04:39:26 | WARD_B_TEMP_02 | 37.8 | WARNING
2026-09-22 04:39:26 | WARD_B_TEMP_03 | 38.9 | CRITICAL
2026-09-22 04:39:26 | WARD_B_TEMP_04 | 39.6 | CRITICAL
2026-09-22 04:39:26 | WARD_B_TEMP_05 | 37.9 | WARNING
2026-09-22 04:39:27 | WARD_B_TEMP_01 | 39.0 | CRITICAL
2026-09-22 04:39:27 | WARD_B_TEMP_02 | 38.7 | CRITICAL
2026-09-22 04:39:27 | WARD_B_TEMP_03 | 40.2 | CRITICAL
2026-09-22 04:39:27 | WARD_B_TEMP_04 | 39.8 | CRITICAL
2026-09-22 04:39:27 | WARD_B_TEMP_05 | 39.4 | CRITICAL
2026-09-22 04:39:28 | WARD_B_TEMP_01 | 37.0 | NORMAL
2026-09-22 04:39:28 | WARD_B_TEMP_02 | 39.3 | CRITICAL
2026-09-22 04:39:28 | WARD_B_TEMP_03 | 37.4 | NORMAL
2026-09-22 04:39:28 | WARD_B_TEMP_04 | 39.8 | CRITICAL
2026-09-22 04:39:28 | WARD_B_TEMP_05 | 39.7 | CRITICAL
2026-09-22 04:39:29 | WARD_B_TEMP_01 | 39.4 | CRITICAL
2026-09-22 04:39:29 | WARD_B_TEMP_02 | 39.6 | CRITICAL
2026-09-22 04:39:29 | WARD_B_TEMP_03 | 37.0 | NORMAL
2026-09-22 04:39:29 | WARD_B_TEMP_04 | 37.7 | WARNING
2026-09-22 04:39:29 | WARD_B_TEMP_05 | 37.9 | WARNING
2026-09-22 04:39:30 | WARD_B_TEMP_01 | 36.4 | NORMAL
2026-09-22 04:39:30 | WARD_B_TEMP_02 | 40.1 | CRITICAL
2026-09-22 04:39:30 | WARD_B_TEMP_03 | 39.7 | CRITICAL
2026-09-22 04:39:30 | WARD_B_TEMP_04 | 39.0 | CRITICAL
2026-09-22 04:39:30 | WARD_B_TEMP_05 | 37.4 | NORMAL
2026-09-22 04:39:31 | WARD_B_TEMP_01 | 35.8 | NORMAL
2026-09-22 04:39:31 | WARD_B_TEMP_02 | 39.3 | CRITICAL
2026-09-22 04:39:31 | WARD_B_TEMP_03 | 36.8 | NORMAL
2026-09-22 04:39:31 | WARD_B_TEMP_04 | 40.0 | CRITICAL
2026-09-22 04:39:31 | WARD_B_TEMP_05 | 36.4 | NORMAL
2026-09-22 04:39:32 | WARD_B_TEMP_01 | 37.0 | NORMAL
2026-09-22 04:39:32 | WARD_B_TEMP_02 | 35.8 | NORMAL
2026-09-22 04:39:32 | WARD_B_TEMP_03 | 38.3 | CRITICAL
2026-09-22 04:39:32 | WARD_B_TEMP_04 | 39.3 | CRITICAL
2026-09-22 04:39:32 | WARD_B_TEMP_05 | 38.6 | CRITICAL
2026-09-22 04:39:33 | WARD_B_TEMP_01 | 39.4 | CRITICAL
2026-09-22 04:39:33 | WARD_B_TEMP_02 | 34.8 | CRITICAL
2026-09-22 04:39:33 | WARD_B_TEMP_03 | 38.6 | CRITICAL
2026-09-22 04:39:33 | WARD_B_TEMP_04 | 37.9 | WARNING
2026-09-22 04:39:33 | WARD_B_TEMP_05 | 37.5 | WARNING
2026-09-22 04:39:34 | WARD_B_TEMP_01 | 37.6 | WARNING
2026-09-22 04:39:34 | WARD_B_TEMP_02 | 40.2 | CRITICAL
2026-09-22 04:39:34 | WARD_B_TEMP_03 | 35.2 | CRITICAL
2026-09-22 04:39:34 | WARD_B_TEMP_04 | 36.9 | NORMAL
2026-09-22 04:39:34 | WARD_B_TEMP_05 | 38.9 | CRITICAL
2026-09-22 04:39:35 | WARD_B_TEMP_01 | 40.5 | CRITICAL
2026-09-22 04:39:35 | WARD_B_TEMP_02 | 34.7 | CRITICAL
2026-09-22 04:39:35 | WARD_B_TEMP_03 | 39.1 | CRITICAL
2026-09-22 04:39:35 | WARD_B_TEMP_04 | 36.3 | NORMAL
2026-09-22 04:39:35 | WARD_B_TEMP_05 | 38.0 | WARNING
2026-09-22 04:39:36 | WARD_B_TEMP_01 | 36.4 | NORMAL
2026-09-22 04:39:36 | WARD_B_TEMP_02 | 39.5 | CRITICAL
2026-09-22 04:39:36 | WARD_B_TEMP_03 | 39.1 | CRITICAL
2026-09-22 04:39:36 | WARD_B_TEMP_04 | 38.0 | WARNING
2026-09-22 04:39:36 | WARD_B_TEMP_05 | 38.1 | CRITICAL
2026-09-22 04:39:37 | WARD_B_TEMP_01 | 38.8 | CRITICAL
2026-09-22 04:39:37 | WARD_B_TEMP_02 | 38.9 | CRITICAL
2026-09-22 04:39:37 | WARD_B_TEMP_03 | 34.9 | CRITICAL
2026-09-22 04:39:37 | WARD_B_TEMP_04 | 39.7 | CRITICAL
2026-09-22 04:39:37 | WARD_B_TEMP_05 | 39.7 | CRITICAL
2026-09-22 04:39:38 | WARD_B_TEMP_01 | 37.6 | WARNING
2026-09-22 04:39:38 | WARD_B_TEMP_02 | 37.1 | NORMAL
2026-09-22 04:39:38 | WARD_B_TEMP_03 | 34.9 | CRITICAL
2026-09-22 04:39:38 | WARD_B_TEMP_04 | 40.3 | CRITICAL
2026-09-22 04:39:38 | WARD_B_TEMP_05 | 38.9 | CRITICAL
2026-09-22 04:39:39 | WARD_B_TEMP_01 | 38.6 | CRITICAL
2026-09-22 04:39:39 | WARD_B_TEMP_02 | 35.2 | CRITICAL
2026-09-22 04:39:39 | WARD_B_TEMP_03 | 35.3 | CRITICAL
2026-09-22 04:39:39 | WARD_B_TEMP_04 | 35.4 | CRITICAL
2026-09-22 04:39:39 | WARD_B_TEMP_05 | 40.2 | CRITICAL
2026-09-22 04:39:40 | WARD_B_TEMP_01 | 37.0 | NORMAL
2026-09-22 04:39:40 | WARD_B_TEMP_02 | 40.3 | CRITICAL
2026-09-22 04:39:40 | WARD_B_TEMP_03 | 38.5 | CRITICAL
2026-09-22 04:39:40 | WARD_B_TEMP_04 | 37.0 | NORMAL
2026-09-22 04:39:40 | WARD_B_TEMP_05 | 37.9 | WARNING
2026-09-22 04:39:41 | WARD_B_TEMP_01 | 36.0 | NORMAL
2026-09-22 04:39:41 | WARD_B_TEMP_02 | 37.9 | WARNING
2026-09-22 04:39:41 | WARD_B_TEMP_03 | 36.3 | NORMAL
2026-09-22 04:39:41 | WARD_B_TEMP_04 | 37.5 | WARNING
2026-09-22 04:39:41 | WARD_B_TEMP_05 | 40.0 | CRITICAL
2026-09-22 04:39:42 | WARD_B_TEMP_01 | 39.9 | CRITICAL
2026-09-22 04:39:42 | WARD_B_TEMP_02 | 38.8 | CRITICAL
2026-09-22 04:39:42 | WARD_B_TEMP_03 | 35.8 | NORMAL
2026-09-22 04:39:42 | WARD_B_TEMP_04 | 37.3 | NORMAL
2026-09-22 04:39:42 | WARD_B_TEMP_05 | 36.7 | NORMAL
2026-09-22 04:39:43 | WARD_B_TEMP_01 | 39.4 | CRITICAL
2026-09-22 04:39:43 | WARD_B_TEMP_02 | 34.9 | CRITICAL
2026-09-22 04:39:43 | WARD_B_TEMP_03 | 35.5 | NORMAL
2026-09-22 04:39:43 | WARD_B_TEMP_04 | 39.3 | CRITICAL
2026-09-22 04:39:43 | WARD_B_TEMP_05 | 39.9 | CRITICAL
2026-09-22 04:39:44 | WARD_B_TEMP_01 | 38.6 | CRITICAL
2026-09-22 04:39:44 | WARD_B_TEMP_02 | 36.9 | NORMAL
2026-09-22 04:39:44 | WARD_B_TEMP_03 | 37.2 | NORMAL
2026-09-22 04:39:44 | WARD_B_TEMP_04 | 35.4 | CRITICAL
2026-09-22 04:39:44 | WARD_B_TEMP_05 | 37.5 | WARNING
2026-09-22 04:39:45 | WARD_B_TEMP_01 | 37.5 | WARNING
2026-09-22 04:39:45 | WARD_B_TEMP_02 | 39.9 | CRITICAL
2026-09-22 04:39:45 | WARD_B_TEMP_03 | 37.4 | NORMAL
2026-09-22 04:39:45 | WARD_B_TEMP_04 | 37.4 | NORMAL
2026-09-22 04:39:45 | WARD_B_TEMP_05 | 35.4 | CRITICAL
2026-09-22 04:39:46 | WARD_B_TEMP_01 | 37.0 | NORMAL
2026-09-22 04:39:46 | WARD_B_TEMP_02 | 38.1 | CRITICAL
2026-09-22 04:39:46 | WARD_B_TEMP_03 | 36.0 | NORMAL
2026-09-22 04:39:46 | WARD_B_TEMP_04 | 36.0 | NORMAL
2026-09-22 04:39:46 | WARD_B_TEMP_05 | 38.6 | CRITICAL
2026-09-22 04:39:47 | WARD_B_TEMP_01 | 34.7 | CRITICAL
2026-09-22 04:39:47 | WARD_B_TEMP_02 | 35.0 | CRITICAL
2026-09-22 04:39:47 | WARD_B_TEMP_03 | 40.4 | CRITICAL
2026-09-22 04:39:47 | WARD_B_TEMP_04 | 37.0 | NORMAL
2026-09-22 04:39:47 | WARD_B_TEMP_05 | 37.5 | WARNING
2026-09-22 04:39:48 | WARD_B_TEMP_01 | 38.1 | CRITICAL
2026-09-22 04:39:48 | WARD_B_TEMP_02 | 37.5 | WARNING
2026-09-22 04:39:48 | WARD_B_TEMP_03 | 39.2 | CRITICAL
2026-09-22 04:39:48 | WARD_B_TEMP_04 | 38.9 | CRITICAL
2026-09-22 04:39:48 | WARD_B_TEMP_05 | 37.7 | WARNING
2026-09-22 04:39:49 | WARD_B_TEMP_01 | 36.3 | NORMAL
2026-09-22 04:39:49 | WARD_B_TEMP_02 | 35.6 | NORMAL
2026-09-22 04:39:49 | WARD_B_TEMP_03 | 36.7 | NORMAL
2026-09-22 04:39:49 | WARD_B_TEMP_04 | 37.1 | NORMAL
2026-09-22 04:39:49 | WARD_B_TEMP_05 | 37.2 | NORMAL
2026-09-22 04:39:50 | WARD_B_TEMP_01 | 40.4 | CRITICAL
2026-09-22 04:39:50 | WARD_B_TEMP_02 | 37.5 | WARNING
2026-09-22 04:39:50 | WARD_B_TEMP_03 | 35.7 | NORMAL
2026-09-22 04:39:50 | WARD_B_TEMP_04 | 37.3 | NORMAL
2026-09-22 04:39:50 | WARD_B_TEMP_05 | 38.0 | WARNING
2026-09-22 04:39:51 | WARD_B_TEMP_01 | 35.3 | CRITICAL
2026-09-22 04:39:51 | WARD_B_TEMP_02 | 39.3 | CRITICAL
2026-09-22 04:39:51 | WARD_B_TEMP_03 | 37.8 | WARNING
2026-09-22 04:39:51 | WARD_B_TEMP_04 | 37.4 | NORMAL
2026-09-22 04:39:51 | WARD_B_TEMP_05 | 37.9 | WARNING
2026-09-22 04:39:52 | WARD_B_TEMP_01 | 38.7 | CRITICAL
2026-09-22 04:39:52 | WARD_B_TEMP_02 | 40.3 | CRITICAL
2026-09-22 04:39:52 | WARD_B_TEMP_03 | 35.7 | NORMAL
2026-09-22 04:39:52 | WARD_B_TEMP_04 | 36.1 | NORMAL
2026-09-22 04:39:52 | WARD_B_TEMP_05 | 36.5 | NORMAL
2026-09-22 04:39:53 | WARD_B_TEMP_01 | 40.5 | CRITICAL
2026-09-22 04:39:53 | WARD_B_TEMP_02 | 36.9 | NORMAL
2026-09-22 04:39:53 | WARD_B_TEMP_03 | 38.3 | CRITICAL
2026-09-22 04:39:53 | WARD_B_TEMP_04 | 40.4 | CRITICAL
2026-09-22 04:39:53 | WARD_B_TEMP_05 | 40.4 | CRITICAL
2026-09-22 04:39:54 | WARD_B_TEMP_01 | 34.9 | CRITICAL
2026-09-22 04:39:54 | WARD_B_TEMP_02 | 35.5 | NORMAL
2026-09-22 04:39:54 | WARD_B_TEMP_03 | 34.6 | CRITICAL
2026-09-22 04:39:54 | WARD_B_TEMP_04 | 35.0 | CRITICAL
2026-09-22 04:39:54 | WARD_B_TEMP_05 | 39.5 | CRITICAL
2026-09-22 04:39:55 | WARD_B_TEMP_01 | 39.4 | CRITICAL
2026-09-22 04:39:55 | WARD_B_TEMP_02 | 39.0 | CRITICAL
2026-09-22 04:39:55 | WARD_B_TEMP_03 | 39.5 | CRITICAL
2026-09-22 04:39:55 | WARD_B_TEMP_04 | 40.3 | CRITICAL
2026-09-22 04:39:55 | WARD_B_TEMP_05 | 40.5 | CRITICAL
2026-09-22 04:39:56 | WARD_B_TEMP_01 | 36.1 | NORMAL
2026-09-22 04:39:56 | WARD_B_TEMP_02 | 36.9 | NORMAL
2026-09-22 04:39:56 | WARD_B_TEMP_03 | 38.3 | CRITICAL
2026-09-22 04:39:56 | WARD_B_TEMP_04 | 37.4 | NORMAL
2026-09-22 04:39:56 | WARD_B_TEMP_05 | 34.5 | CRITICAL
2026-09-22 04:39:57 | WARD_B_TEMP_01 | 36.6 | NORMAL
2026-09-22 04:39:57 | WARD_B_TEMP_02 | 40.0 | CRITICAL
2026-09-22 04:39:57 | WARD_B_TEMP_03 | 35.4 | CRITICAL
2026-09-22 04:39:57 | WARD_B_TEMP_04 | 35.9 | NORMAL
2026-09-22 04:39:57 | WARD_B_TEMP_05 | 38.9 | CRITICAL
2026-09-22 04:39:58 | WARD_B_TEMP_01 | 38.4 | CRITICAL
2026-09-22 04:39:58 | WARD_B_TEMP_02 | 40.5 | CRITICAL
2026-09-22 04:39:58 | WARD_B_TEMP_03 | 36.8 | NORMAL
2026-09-22 04:39:58 | WARD_B_TEMP_04 | 39.1 | CRITICAL
2026-09-22 04:39:58 | WARD_B_TEMP_05 | 37.6 | WARNING
2026-09-22 04:39:59 | WARD_B_TEMP_01 | 39.3 | CRITICAL
2026-09-22 04:39:59 | WARD_B_TEMP_02 | 38.4 | CRITICAL
2026-09-22 04:39:59 | WARD_B_TEMP_03 | 34.8 | CRITICAL
2026-09-22 04:39:59 | WARD_B_TEMP_04 | 35.5 | NORMAL
2026-09-22 04:39:59 | WARD_B_TEMP_05 | 39.8 | CRITICAL
2026-09-22 04:40:00 | WARD_B_TEMP_01 | 35.1 | CRITICAL
2026-09-22 04:40:00 | WARD_B_TEMP_02 | 39.2 | CRITICAL
2026-09-22 04:40:00 | WARD_B_TEMP_03 | 37.8 | WARNING
2026-09-22 04:40:00 | WARD_B_TEMP_04 | 39.2 | CRITICAL
2026-09-22 04:40:00 | WARD_B_TEMP_05 | 34.6 | CRITICAL
2026-09-22 04:40:01 | WARD_B_TEMP_01 | 39.6 | CRITICAL
2026-09-22 04:40:01 | WARD_B_TEMP_02 | 37.8 | WARNING
2026-09-22 04:40:01 | WARD_B_TEMP_03 | 37.8 | WARNING
2026-09-22 04:40:01 | WARD_B_TEMP_04 | 36.3 | NORMAL
2026-09-22 04:40:01 | WARD_B_TEMP_05 | 37.6 | WARNING
2026-09-22 04:40:02 | WARD_B_TEMP_01 | 40.1 | CRITICAL
2026-09-22 04:40:02 | WARD_B_TEMP_02 | 37.2 | NORMAL
2026-09-22 04:40:02 | WARD_B_TEMP_03 | 38.6 | CRITICAL
2026-09-22 04:40:02 | WARD_B_TEMP_04 | 38.8 | CRITICAL
2026-09-22 04:40:02 | WARD_B_TEMP_05 | 37.2 | NORMAL
2026-09-22 04:40:03 | WARD_B_TEMP_01 | 34.7 | CRITICAL
2026-09-22 04:40:03 | WARD_B_TEMP_02 | 36.9 | NORMAL
2026-09-22 04:40:03 | WARD_B_TEMP_03 | 37.4 | NORMAL
2026-09-22 04:40:03 | WARD_B_TEMP_04 | 36.6 | NORMAL
2026-09-22 04:40:03 | WARD_B_TEMP_05 | 34.6 | CRITICAL
2026-09-22 04:40:04 | WARD_B_TEMP_01 | 39.4 | CRITICAL
2026-09-22 04:40:04 | WARD_B_TEMP_02 | 36.0 | NORMAL
2026-09-22 04:40:04 | WARD_B_TEMP_03 | 39.8 | CRITICAL
2026-09-22 04:40:04 | WARD_B_TEMP_04 | 37.5 | WARNING
2026-09-22 04:40:04 | WARD_B_TEMP_05 | 38.7 | CRITICAL
2026-09-22 04:40:05 | WARD_B_TEMP_01 | 35.8 | NORMAL
2026-09-22 04:40:05 | WARD_B_TEMP_02 | 37.7 | WARNING
2026-09-22 04:40:05 | WARD_B_TEMP_03 | 35.6 | NORMAL
2026-09-22 04:40:05 | WARD_B_TEMP_04 | 35.3 | CRITICAL
2026-09-22 04:40:05 | WARD_B_TEMP_05 | 35.8 | NORMAL
2026-09-22 04:40:06 | WARD_B_TEMP_01 | 38.1 | CRITICAL
2026-09-22 04:40:06 | WARD_B_TEMP_02 | 36.9 | NORMAL
2026-09-22 04:40:06 | WARD_B_TEMP_03 | 34.6 | CRITICAL
2026-09-22 04:40:06 | WARD_B_TEMP_04 | 39.1 | CRITICAL
2026-09-22 04:40:06 | WARD_B_TEMP_05 | 37.6 | WARNING
2026-09-22 04:40:07 | WARD_B_TEMP_01 | 37.3 | NORMAL
2026-09-22 04:40:07 | WARD_B_TEMP_02 | 39.8 | CRITICAL
2026-09-22 04:40:07 | WARD_B_TEMP_03 | 38.1 | CRITICAL
2026-09-22 04:40:07 | WARD_B_TEMP_04 | 37.5 | WARNING
2026-09-22 04:40:07 | WARD_B_TEMP_05 | 35.5 | NORMAL
2026-09-22 04:40:08 | WARD_B_TEMP_01 | 34.7 | CRITICAL
2026-09-22 04:40:08 | WARD_B_TEMP_02 | 36.8 | NORMAL
2026-09-22 04:40:08 | WARD_B_TEMP_03 | 36.2 | NORMAL
2026-09-22 04:40:08 | WARD_B_TEMP_04 | 36.1 | NORMAL
2026-09-22 04:40:08 | WARD_B_TEMP_05 | 37.6 | WARNING
2026-09-22 04:40:09 | WARD_B_TEMP_01 | 39.0 | CRITICAL
2026-09-22 04:40:09 | WARD_B_TEMP_02 | 37.8 | WARNING
2026-09-22 04:40:09 | WARD_B_TEMP_03 | 39.7 | CRITICAL
2026-09-22 04:40:09 | WARD_B_TEMP_04 | 38.5 | CRITICAL
2026-09-22 04:40:09 | WARD_B_TEMP_05 | 37.5 | WARNING
2026-09-22 04:40:10 | WARD_B_TEMP_01 | 35.6 | NORMAL
2026-09-22 04:40:10 | WARD_B_TEMP_02 | 37.7 | WARNING
2026-09-22 04:40:10 | WARD_B_TEMP_03 | 38.8 | CRITICAL
2026-09-22 04:40:10 | WARD_B_TEMP_04 | 38.0 | WARNING
2026-09-22 04:40:10 | WARD_B_TEMP_05 | 38.8 | CRITICAL
2026-09-22 04:40:11 | WARD_B_TEMP_01 | 39.5 | CRITICAL
2026-09-22 04:40:11 | WARD_B_TEMP_02 | 38.2 | CRITICAL
2026-09-22 04:40:11 | WARD_B_TEMP_03 | 40.0 | CRITICAL
2026-09-22 04:40:11 | WARD_B_TEMP_04 | 40.0 | CRITICAL
2026-09-22 04:40:11 | WARD_B_TEMP_05 | 39.8 | CRITICAL
2026-09-22 04:40:12 | WARD_B_TEMP_01 | 37.9 | WARNING
2026-09-22 04:40:12 | WARD_B_TEMP_02 | 37.0 | NORMAL
2026-09-22 04:40:12 | WARD_B_TEMP_03 | 36.3 | NORMAL
2026-09-22 04:40:12 | WARD_B_TEMP_04 | 36.3 | NORMAL
2026-09-22 04:40:12 | WARD_B_TEMP_05 | 37.6 | WARNING
2026-09-22 04:40:13 | WARD_B_TEMP_01 | 39.6 | CRITICAL
2026-09-22 04:40:13 | WARD_B_TEMP_02 | 35.3 | CRITICAL
2026-09-22 04:40:13 | WARD_B_TEMP_03 | 40.4 | CRITICAL
2026-09-22 04:40:13 | WARD_B_TEMP_04 | 37.1 | NORMAL
2026-09-22 04:40:13 | WARD_B_TEMP_05 | 38.8 | CRITICAL
2026-09-22 04:40:14 | WARD_B_TEMP_01 | 35.5 | NORMAL
2026-09-22 04:40:14 | WARD_B_TEMP_02 | 39.7 | CRITICAL
2026-09-22 04:40:14 | WARD_B_TEMP_03 | 36.7 | NORMAL
2026-09-22 04:40:14 | WARD_B_TEMP_04 | 36.2 | NORMAL
2026-09-22 04:40:14 | WARD_B_TEMP_05 | 37.7 | WARNING
2026-09-22 04:40:15 | WARD_B_TEMP_01 | 38.8 | CRITICAL
2026-09-22 04:40:15 | WARD_B_TEMP_02 | 38.5 | CRITICAL
2026-09-22 04:40:15 | WARD_B_TEMP_03 | 39.2 | CRITICAL
2026-09-22 04:40:15 | WARD_B_TEMP_04 | 37.4 | NORMAL
2026-09-22 04:40:15 | WARD_B_TEMP_05 | 38.9 | CRITICAL
2026-09-22 04:40:16 | WARD_B_TEMP_01 | 39.2 | CRITICAL
2026-09-22 04:40:16 | WARD_B_TEMP_02 | 38.6 | CRITICAL
2026-09-22 04:40:16 | WARD_B_TEMP_03 | 39.0 | CRITICAL
2026-09-22 04:40:16 | WARD_B_TEMP_04 | 35.3 | CRITICAL
2026-09-22 04:40:16 | WARD_B_TEMP_05 | 40.3 | CRITICAL
2026-09-22 04:40:17 | WARD_B_TEMP_01 | 38.1 | CRITICAL
2026-09-22 04:40:17 | WARD_B_TEMP_02 | 36.7 | NORMAL
2026-09-22 04:40:17 | WARD_B_TEMP_03 | 40.1 | CRITICAL
2026-09-22 04:40:17 | WARD_B_TEMP_04 | 37.6 | WARNING
2026-09-22 04:40:17 | WARD_B_TEMP_05 | 35.9 | NORMAL
2026-09-22 04:40:18 | WARD_B_TEMP_01 | 37.9 | WARNING
2026-09-22 04:40:18 | WARD_B_TEMP_02 | 34.5 | CRITICAL
2026-09-22 04:40:18 | WARD_B_TEMP_03 | 36.6 | NORMAL
2026-09-22 04:40:18 | WARD_B_TEMP_04 | 35.8 | NORMAL
2026-09-22 04:40:18 | WARD_B_TEMP_05 | 39.6 | CRITICAL
2026-09-22 04:40:19 | WARD_B_TEMP_01 | 37.8 | WARNING
2026-09-22 04:40:19 | WARD_B_TEMP_02 | 38.5 | CRITICAL
2026-09-22 04:40:19 | WARD_B_TEMP_03 | 36.5 | NORMAL
2026-09-22 04:40:19 | WARD_B_TEMP_04 | 40.4 | CRITICAL
2026-09-22 04:40:19 | WARD_B_TEMP_05 | 39.8 | CRITICAL
2026-09-22 04:40:20 | WARD_B_TEMP_01 | 34.5 | CRITICAL
2026-09-22 04:40:20 | WARD_B_TEMP_02 | 38.0 | WARNING
2026-09-22 04:40:20 | WARD_B_TEMP_03 | 39.9 | CRITICAL
2026-09-22 04:40:20 | WARD_B_TEMP_04 | 37.3 | NORMAL
2026-09-22 04:40:20 | WARD_B_TEMP_05 | 36.0 | NORMAL
2026-09-22 04:40:21 | WARD_B_TEMP_01 | 37.1 | NORMAL
2026-09-22 04:40:21 | WARD_B_TEMP_02 | 39.0 | CRITICAL
2026-09-22 04:40:21 | WARD_B_TEMP_03 | 37.2 | NORMAL
2026-09-22 04:40:21 | WARD_B_TEMP_04 | 38.0 | WARNING
2026-09-22 04:40:21 | WARD_B_TEMP_05 | 39.5 | CRITICAL
2026-09-22 04:40:22 | WARD_B_TEMP_01 | 36.5 | NORMAL
2026-09-22 04:40:22 | WARD_B_TEMP_02 | 39.6 | CRITICAL
2026-09-22 04:40:22 | WARD_B_TEMP_03 | 39.4 | CRITICAL
2026-09-22 04:40:22 | WARD_B_TEMP_04 | 38.4 | CRITICAL
2026-09-22 04:40:22 | WARD_B_TEMP_05 | 37.4 | NORMAL
2026-09-22 04:40:23 | WARD_B_TEMP_01 | 36.2 | NORMAL
2026-09-22 04:40:23 | WARD_B_TEMP_02 | 38.0 | WARNING
2026-09-22 04:40:23 | WARD_B_TEMP_03 | 38.2 | CRITICAL
2026-09-22 04:40:23 | WARD_B_TEMP_04 | 34.8 | CRITICAL
2026-09-22 04:40:23 | WARD_B_TEMP_05 | 36.5 | NORMAL
2026-09-22 04:40:24 | WARD_B_TEMP_01 | 34.7 | CRITICAL
2026-09-22 04:40:24 | WARD_B_TEMP_02 | 37.7 | WARNING
2026-09-22 04:40:24 | WARD_B_TEMP_03 | 34.6 | CRITICAL
2026-09-22 04:40:24 | WARD_B_TEMP_04 | 36.5 | NORMAL
2026-09-22 04:40:24 | WARD_B_TEMP_05 | 37.5 | WARNING
2026-09-22 04:40:25 | WARD_B_TEMP_01 | 39.2 | CRITICAL
2026-09-22 04:40:25 | WARD_B_TEMP_02 | 36.7 | NORMAL
2026-09-22 04:40:25 | WARD_B_TEMP_03 | 37.3 | NORMAL
2026-09-22 04:40:25 | WARD_B_TEMP_04 | 36.2 | NORMAL
2026-09-22 04:40:25 | WARD_B_TEMP_05 | 38.7 | CRITICAL
2026-09-22 04:40:26 | WARD_B_TEMP_01 | 38.7 | CRITICAL
2026-09-22 04:40:26 | WARD_B_TEMP_02 | 38.3 | CRITICAL
2026-09-22 04:40:26 | WARD_B_TEMP_03 | 36.7 | NORMAL
2026-09-22 04:40:26 | WARD_B_TEMP_04 | 36.6 | NORMAL
2026-09-22 04:40:26 | WARD_B_TEMP_05 | 36.5 | NORMAL
2026-09-22 04:40:27 | WARD_B_TEMP_01 | 34.6 | CRITICAL
2026-09-22 04:40:27 | WARD_B_TEMP_02 | 40.4 | CRITICAL
2026-09-22 04:40:27 | WARD_B_TEMP_03 | 38.1 | CRITICAL
2026-09-22 04:40:27 | WARD_B_TEMP_04 | 35.7 | NORMAL
2026-09-22 04:40:27 | WARD_B_TEMP_05 | 37.4 | NORMAL
2026-09-22 04:40:28 | WARD_B_TEMP_01 | 39.9 | CRITICAL
2026-09-22 04:40:28 | WARD_B_TEMP_02 | 39.6 | CRITICAL
2026-09-22 04:40:28 | WARD_B_TEMP_03 | 36.5 | NORMAL
2026-09-22 04:40:28 | WARD_B_TEMP_04 | 40.3 | CRITICAL
2026-09-22 04:40:28 | WARD_B_TEMP_05 | 35.2 | CRITICAL
2026-09-22 04:40:29 | WARD_B_TEMP_01 | 39.2 | CRITICAL
2026-09-22 04:40:29 | WARD_B_TEMP_02 | 39.7 | CRITICAL
2026-09-22 04:40:29 | WARD_B_TEMP_03 | 39.3 | CRITICAL
2026-09-22 04:40:29 | WARD_B_TEMP_04 | 37.6 | WARNING
2026-09-22 04:40:29 | WARD_B_TEMP_05 | 37.1 | NORMAL
2026-09-22 04:40:30 | WARD_B_TEMP_01 | 37.3 | NORMAL
2026-09-22 04:40:30 | WARD_B_TEMP_02 | 39.1 | CRITICAL
2026-09-22 04:40:30 | WARD_B_TEMP_03 | 38.5 | CRITICAL
2026-09-22 04:40:30 | WARD_B_TEMP_04 | 37.2 | NORMAL
2026-09-22 04:40:30 | WARD_B_TEMP_05 | 35.3 | CRITICAL
2026-09-22 04:40:31 | WARD_B_TEMP_01 | 37.2 | NORMAL
2026-09-22 04:40:31 | WARD_B_TEMP_02 | 38.9 | CRITICAL
2026-09-22 04:40:31 | WARD_B_TEMP_03 | 39.3 | CRITICAL
2026-09-22 04:40:31 | WARD_B_TEMP_04 | 39.2 | CRITICAL
2026-09-22 04:40:31 | WARD_B_TEMP_05 | 37.7 | WARNING
2026-09-22 04:40:32 | WARD_B_TEMP_01 | 36.6 | NORMAL
2026-09-22 04:40:32 | WARD_B_TEMP_02 | 35.9 | NORMAL
2026-09-22 04:40:32 | WARD_B_TEMP_03 | 38.2 | CRITICAL
2026-09-22 04:40:32 | WARD_B_TEMP_04 | 38.8 | CRITICAL
2026-09-22 04:40:32 | WARD_B_TEMP_05 | 35.8 | NORMAL
2026-09-22 04:40:33 | WARD_B_TEMP_01 | 37.6 | WARNING
2026-09-22 04:40:33 | WARD_B_TEMP_02 | 36.5 | NORMAL
2026-09-22 04:40:33 | WARD_B_TEMP_03 | 38.9 | CRITICAL
2026-09-22 04:40:33 | WARD_B_TEMP_04 | 39.5 | CRITICAL
2026-09-22 04:40:33 | WARD_B_TEMP_05 | 40.0 | CRITICAL
2026-09-22 04:40:34 | WARD_B_TEMP_01 | 39.3 | CRITICAL
2026-09-22 04:40:34 | WARD_B_TEMP_02 | 40.1 | CRITICAL
2026-09-22 04:40:34 | WARD_B_TEMP_03 | 35.3 | CRITICAL
2026-09-22 04:40:34 | WARD_B_TEMP_04 | 36.7 | NORMAL
2026-09-22 04:40:34 | WARD_B_TEMP_05 | 38.2 | CRITICAL
2026-09-22 04:40:35 | WARD_B_TEMP_01 | 36.4 | NORMAL
2026-09-22 04:40:35 | WARD_B_TEMP_02 | 34.6 | CRITICAL
2026-09-22 04:40:35 | WARD_B_TEMP_03 | 35.9 | NORMAL
2026-09-22 04:40:35 | WARD_B_TEMP_04 | 40.2 | CRITICAL
2026-09-22 04:40:35 | WARD_B_TEMP_05 | 36.8 | NORMAL
2026-09-22 04:40:36 | WARD_B_TEMP_01 | 34.8 | CRITICAL
2026-09-22 04:40:36 | WARD_B_TEMP_02 | 35.7 | NORMAL
2026-09-22 04:40:36 | WARD_B_TEMP_03 | 37.7 | WARNING
2026-09-22 04:40:36 | WARD_B_TEMP_04 | 40.2 | CRITICAL
2026-09-22 04:40:36 | WARD_B_TEMP_05 | 39.3 | CRITICAL
2026-09-22 04:40:37 | WARD_B_TEMP_01 | 40.5 | CRITICAL
2026-09-22 04:40:37 | WARD_B_TEMP_02 | 39.3 | CRITICAL
2026-09-22 04:40:37 | WARD_B_TEMP_03 | 39.4 | CRITICAL
2026-09-22 04:40:37 | WARD_B_TEMP_04 | 35.1 | CRITICAL
2026-09-22 04:40:37 | WARD_B_TEMP_05 | 37.8 | WARNING
2026-09-22 04:40:38 | WARD_B_TEMP_01 | 38.4 | CRITICAL
2026-09-22 04:40:38 | WARD_B_TEMP_02 | 38.8 | CRITICAL
2026-09-22 04:40:38 | WARD_B_TEMP_03 | 39.4 | CRITICAL
2026-09-22 04:40:38 | WARD_B_TEMP_04 | 35.0 | CRITICAL
2026-09-22 04:40:38 | WARD_B_TEMP_05 | 39.8 | CRITICAL
2026-09-22 04:40:39 | WARD_B_TEMP_01 | 40.0 | CRITICAL
2026-09-22 04:40:39 | WARD_B_TEMP_02 | 35.2 | CRITICAL
2026-09-22 04:40:39 | WARD_B_TEMP_03 | 36.8 | NORMAL
2026-09-22 04:40:39 | WARD_B_TEMP_04 | 39.7 | CRITICAL
2026-09-22 04:40:39 | WARD_B_TEMP_05 | 38.2 | CRITICAL
2026-09-22 04:40:40 | WARD_B_TEMP_01 | 38.8 | CRITICAL
2026-09-22 04:40:40 | WARD_B_TEMP_02 | 39.5 | CRITICAL
2026-09-22 04:40:40 | WARD_B_TEMP_03 | 35.6 | NORMAL
2026-09-22 04:40:40 | WARD_B_TEMP_04 | 39.4 | CRITICAL
2026-09-22 04:40:40 | WARD_B_TEMP_05 | 38.9 | CRITICAL
2026-09-22 04:40:41 | WARD_B_TEMP_01 | 37.0 | NORMAL
2026-09-22 04:40:41 | WARD_B_TEMP_02 | 36.2 | NORMAL
2026-09-22 04:40:41 | WARD_B_TEMP_03 | 39.1 | CRITICAL
2026-09-22 04:40:41 | WARD_B_TEMP_04 | 34.8 | CRITICAL
2026-09-22 04:40:41 | WARD_B_TEMP_05 | 37.4 | NORMAL
2026-09-22 04:40:42 | WARD_B_TEMP_01 | 37.8 | WARNING
2026-09-22 04:40:42 | WARD_B_TEMP_02 | 38.5 | CRITICAL
2026-09-22 04:40:42 | WARD_B_TEMP_03 | 36.7 | NORMAL
2026-09-22 04:40:42 | WARD_B_TEMP_04 | 38.6 | CRITICAL
2026-09-22 04:40:42 | WARD_B_TEMP_05 | 39.3 | CRITICAL
2026-09-22 04:40:43 | WARD_B_TEMP_01 | 36.3 | NORMAL
2026-09-22 04:40:43 | WARD_B_TEMP_02 | 38.3 | CRITICAL
2026-09-22 04:40:43 | WARD_B_TEMP_03 | 39.7 | CRITICAL
2026-09-22 04:40:43 | WARD_B_TEMP_04 | 39.2 | CRITICAL
2026-09-22 04:40:43 | WARD_B_TEMP_05 | 38.4 | CRITICAL
2026-09-22 04:40:44 | WARD_B_TEMP_01 | 36.9 | NORMAL
2026-09-22 04:40:44 | WARD_B_TEMP_02 | 40.5 | CRITICAL
2026-09-22 04:40:44 | WARD_B_TEMP_03 | 35.6 | NORMAL
2026-09-22 04:40:44 | WARD_B_TEMP_04 | 37.1 | NORMAL
2026-09-22 04:40:44 | WARD_B_TEMP_05 | 37.5 | WARNING
2026-09-22 04:40:45 | WARD_B_TEMP_01 | 37.3 | NORMAL
2026-09-22 04:40:45 | WARD_B_TEMP_02 | 36.3 | NORMAL
2026-09-22 04:40:45 | WARD_B_TEMP_03 | 35.4 | CRITICAL
2026-09-22 04:40:45 | WARD_B_TEMP_04 | 40.3 | CRITICAL
2026-09-22 04:40:45 | WARD_B_TEMP_05 | 40.2 | CRITICAL
2026-09-22 04:40:46 | WARD_B_TEMP_01 | 37.7 | WARNING
2026-09-22 04:40:46 | WARD_B_TEMP_02 | 36.6 | NORMAL
2026-09-22 04:40:46 | WARD_B_TEMP_03 | 40.0 | CRITICAL
2026-09-22 04:40:46 | WARD_B_TEMP_04 | 37.5 | WARNING
2026-09-22 04:40:46 | WARD_B_TEMP_05 | 38.7 | CRITICAL
2026-09-22 04:40:47 | WARD_B_TEMP_01 | 35.2 | CRITICAL
2026-09-22 04:40:47 | WARD_B_TEMP_02 | 38.7 | CRITICAL
2026-09-22 04:40:47 | WARD_B_TEMP_03 | 39.5 | CRITICAL
2026-09-22 04:40:47 | WARD_B_TEMP_04 | 36.3 | NORMAL
2026-09-22 04:40:47 | WARD_B_TEMP_05 | 39.5 | CRITICAL
2026-09-22 04:40:48 | WARD_B_TEMP_01 | 38.8 | CRITICAL
2026-09-22 04:40:48 | WARD_B_TEMP_02 | 34.6 | CRITICAL
2026-09-22 04:40:48 | WARD_B_TEMP_03 | 34.6 | CRITICAL
2026-09-22 04:40:48 | WARD_B_TEMP_04 | 34.8 | CRITICAL
2026-09-22 04:40:48 | WARD_B_TEMP_05 | 39.9 | CRITICAL
2026-09-22 04:40:49 | WARD_B_TEMP_01 | 38.6 | CRITICAL
2026-09-22 04:40:49 | WARD_B_TEMP_02 | 39.3 | CRITICAL
2026-09-22 04:40:49 | WARD_B_TEMP_03 | 40.1 | CRITICAL
2026-09-22 04:40:49 | WARD_B_TEMP_04 | 37.8 | WARNING
2026-09-22 04:40:49 | WARD_B_TEMP_05 | 36.6 | NORMAL
2026-09-22 04:40:50 | WARD_B_TEMP_01 | 38.8 | CRITICAL
2026-09-22 04:40:50 | WARD_B_TEMP_02 | 39.0 | CRITICAL
2026-09-22 04:40:50 | WARD_B_TEMP_03 | 37.9 | WARNING
2026-09-22 04:40:50 | WARD_B_TEMP_04 | 34.9 | CRITICAL
2026-09-22 04:40:50 | WARD_B_TEMP_05 | 35.5 | NORMAL
2026-09-22 04:40:51 | WARD_B_TEMP_01 | 36.0 | NORMAL
2026-09-22 04:40:51 | WARD_B_TEMP_02 | 36.0 | NORMAL
2026-09-22 04:40:51 | WARD_B_TEMP_03 | 35.1 | CRITICAL
2026-09-22 04:40:51 | WARD_B_TEMP_04 | 38.1 | CRITICAL
2026-09-22 04:40:51 | WARD_B_TEMP_05 | 38.6 | CRITICAL
2026-09-22 04:40:52 | WARD_B_TEMP_01 | 38.1 | CRITICAL
2026-09-22 04:40:52 | WARD_B_TEMP_02 | 35.9 | NORMAL
2026-09-22 04:40:52 | WARD_B_TEMP_03 | 35.7 | NORMAL
2026-09-22 04:40:52 | WARD_B_TEMP_04 | 39.3 | CRITICAL
2026-09-22 04:40:52 | WARD_B_TEMP_05 | 37.3 | NORMAL
2026-09-22 04:40:53 | WARD_B_TEMP_01 | 40.4 | CRITICAL
2026-09-22 04:40:53 | WARD_B_TEMP_02 | 38.0 | WARNING
2026-09-22 04:40:53 | WARD_B_TEMP_03 | 37.0 | NORMAL
2026-09-22 04:40:53 | WARD_B_TEMP_04 | 39.0 | CRITICAL
2026-09-22 04:40:53 | WARD_B_TEMP_05 | 35.9 | NORMAL
2026-09-22 04:40:54 | WARD_B_TEMP_01 | 38.1 | CRITICAL
2026-09-22 04:40:54 | WARD_B_TEMP_02 | 38.6 | CRITICAL
2026-09-22 04:40:54 | WARD_B_TEMP_03 | 40.1 | CRITICAL
2026-09-22 04:40:54 | WARD_B_TEMP_04 | 40.2 | CRITICAL
2026-09-22 04:40:54 | WARD_B_TEMP_05 | 36.1 | NORMAL
2026-09-22 04:40:55 | WARD_B_TEMP_01 | 35.5 | NORMAL
2026-09-22 04:40:55 | WARD_B_TEMP_02 | 39.8 | CRITICAL
2026-09-22 04:40:55 | WARD_B_TEMP_03 | 35.0 | CRITICAL
2026-09-22 04:40:55 | WARD_B_TEMP_04 | 37.7 | WARNING
2026-09-22 04:40:55 | WARD_B_TEMP_05 | 39.9 | CRITICAL
2026-09-22 04:40:56 | WARD_B_TEMP_01 | 37.3 | NORMAL
2026-09-22 04:40:56 | WARD_B_TEMP_02 | 40.3 | CRITICAL
2026-09-22 04:40:56 | WARD_B_TEMP_03 | 39.8 | CRITICAL
2026-09-22 04:40:56 | WARD_B_TEMP_04 | 35.3 | CRITICAL
2026-09-22 04:40:56 | WARD_B_TEMP_05 | 36.6 | NORMAL
2026-09-22 04:40:57 | WARD_B_TEMP_01 | 37.2 | NORMAL
2026-09-22 04:40:57 | WARD_B_TEMP_02 | 36.0 | NORMAL
2026-09-22 04:40:57 | WARD_B_TEMP_03 | 38.9 | CRITICAL
2026-09-22 04:40:57 | WARD_B_TEMP_04 | 37.3 | NORMAL
2026-09-22 04:40:57 | WARD_B_TEMP_05 | 35.0 | CRITICAL
2026-09-22 04:40:59 | WARD_B_TEMP_01 | 35.8 | NORMAL
2026-09-22 04:40:59 | WARD_B_TEMP_02 | 38.5 | CRITICAL
2026-09-22 04:40:59 | WARD_B_TEMP_03 | 36.2 | NORMAL
2026-09-22 04:40:59 | WARD_B_TEMP_04 | 35.4 | CRITICAL
2026-09-22 04:40:59 | WARD_B_TEMP_05 | 39.0 | CRITICAL
2026-09-22 04:41:00 | WARD_B_TEMP_01 | 37.8 | WARNING
2026-09-22 04:41:00 | WARD_B_TEMP_02 | 39.9 | CRITICAL
2026-09-22 04:41:00 | WARD_B_TEMP_03 | 36.1 | NORMAL
2026-09-22 04:41:00 | WARD_B_TEMP_04 | 36.9 | NORMAL
2026-09-22 04:41:00 | WARD_B_TEMP_05 | 38.8 | CRITICAL
2026-09-22 04:41:01 | WARD_B_TEMP_01 | 35.7 | NORMAL
2026-09-22 04:41:01 | WARD_B_TEMP_02 | 35.6 | NORMAL
2026-09-22 04:41:01 | WARD_B_TEMP_03 | 39.7 | CRITICAL
2026-09-22 04:41:01 | WARD_B_TEMP_04 | 36.9 | NORMAL
2026-09-22 04:41:01 | WARD_B_TEMP_05 | 36.5 | NORMAL
2026-09-22 04:41:02 | WARD_B_TEMP_01 | 40.4 | CRITICAL
2026-09-22 04:41:02 | WARD_B_TEMP_02 | 38.1 | CRITICAL
2026-09-22 04:41:02 | WARD_B_TEMP_03 | 39.9 | CRITICAL
2026-09-22 04:41:02 | WARD_B_TEMP_04 | 38.4 | CRITICAL
2026-09-22 04:41:02 | WARD_B_TEMP_05 | 36.1 | NORMAL
2026-09-22 04:41:03 | WARD_B_TEMP_01 | 35.8 | NORMAL
2026-09-22 04:41:03 | WARD_B_TEMP_02 | 39.5 | CRITICAL
2026-09-22 04:41:03 | WARD_B_TEMP_03 | 38.5 | CRITICAL
2026-09-22 04:41:03 | WARD_B_TEMP_04 | 40.1 | CRITICAL
2026-09-22 04:41:03 | WARD_B_TEMP_05 | 35.3 | CRITICAL
2026-09-22 04:41:04 | WARD_B_TEMP_01 | 37.6 | WARNING
2026-09-22 04:41:04 | WARD_B_TEMP_02 | 36.6 | NORMAL
2026-09-22 04:41:04 | WARD_B_TEMP_03 | 36.3 | NORMAL
2026-09-22 04:41:04 | WARD_B_TEMP_04 | 37.5 | WARNING
2026-09-22 04:41:04 | WARD_B_TEMP_05 | 38.3 | CRITICAL
2026-09-22 04:41:05 | WARD_B_TEMP_01 | 39.8 | CRITICAL
2026-09-22 04:41:05 | WARD_B_TEMP_02 | 36.0 | NORMAL
2026-09-22 04:41:05 | WARD_B_TEMP_03 | 39.7 | CRITICAL
2026-09-22 04:41:05 | WARD_B_TEMP_04 | 36.5 | NORMAL
2026-09-22 04:41:05 | WARD_B_TEMP_05 | 39.0 | CRITICAL
2026-09-22 04:41:06 | WARD_B_TEMP_01 | 38.8 | CRITICAL
2026-09-22 04:41:06 | WARD_B_TEMP_02 | 36.7 | NORMAL
2026-09-22 04:41:06 | WARD_B_TEMP_03 | 36.1 | NORMAL
2026-09-22 04:41:06 | WARD_B_TEMP_04 | 38.4 | CRITICAL
2026-09-22 04:41:06 | WARD_B_TEMP_05 | 39.0 | CRITICAL
2026-09-22 04:41:07 | WARD_B_TEMP_01 | 36.2 | NORMAL
2026-09-22 04:41:07 | WARD_B_TEMP_02 | 36.6 | NORMAL
2026-09-22 04:41:07 | WARD_B_TEMP_03 | 39.3 | CRITICAL
2026-09-22 04:41:07 | WARD_B_TEMP_04 | 36.4 | NORMAL
2026-09-22 04:41:07 | WARD_B_TEMP_05 | 36.8 | NORMAL
2026-09-22 04:41:08 | WARD_B_TEMP_01 | 38.4 | CRITICAL
2026-09-22 04:41:08 | WARD_B_TEMP_02 | 35.8 | NORMAL
2026-09-22 04:41:08 | WARD_B_TEMP_03 | 38.7 | CRITICAL
2026-09-22 04:41:08 | WARD_B_TEMP_04 | 40.5 | CRITICAL
2026-09-22 04:41:08 | WARD_B_TEMP_05 | 39.4 | CRITICAL
2026-09-22 04:41:09 | WARD_B_TEMP_01 | 37.2 | NORMAL
2026-09-22 04:41:09 | WARD_B_TEMP_02 | 36.3 | NORMAL
2026-09-22 04:41:09 | WARD_B_TEMP_03 | 39.7 | CRITICAL
2026-09-22 04:41:09 | WARD_B_TEMP_04 | 39.0 | CRITICAL
2026-09-22 04:41:09 | WARD_B_TEMP_05 | 39.9 | CRITICAL
2026-09-22 04:41:10 | WARD_B_TEMP_01 | 39.6 | CRITICAL
2026-09-22 04:41:10 | WARD_B_TEMP_02 | 35.3 | CRITICAL
2026-09-22 04:41:10 | WARD_B_TEMP_03 | 35.7 | NORMAL
2026-09-22 04:41:10 | WARD_B_TEMP_04 | 39.9 | CRITICAL
2026-09-22 04:41:10 | WARD_B_TEMP_05 | 34.7 | CRITICAL
2026-09-22 04:41:11 | WARD_B_TEMP_01 | 35.6 | NORMAL
2026-09-22 04:41:11 | WARD_B_TEMP_02 | 37.1 | NORMAL
2026-09-22 04:41:11 | WARD_B_TEMP_03 | 39.7 | CRITICAL
2026-09-22 04:41:11 | WARD_B_TEMP_04 | 37.4 | NORMAL
2026-09-22 04:41:11 | WARD_B_TEMP_05 | 38.1 | CRITICAL
2026-09-22 04:41:12 | WARD_B_TEMP_01 | 37.5 | WARNING
2026-09-22 04:41:12 | WARD_B_TEMP_02 | 37.1 | NORMAL
2026-09-22 04:41:12 | WARD_B_TEMP_03 | 40.4 | CRITICAL
2026-09-22 04:41:12 | WARD_B_TEMP_04 | 36.9 | NORMAL
2026-09-22 04:41:12 | WARD_B_TEMP_05 | 36.2 | NORMAL
2026-09-22 04:41:13 | WARD_B_TEMP_01 | 39.0 | CRITICAL
2026-09-22 04:41:13 | WARD_B_TEMP_02 | 37.8 | WARNING
2026-09-22 04:41:13 | WARD_B_TEMP_03 | 39.5 | CRITICAL
2026-09-22 04:41:13 | WARD_B_TEMP_04 | 37.4 | NORMAL
2026-09-22 04:41:13 | WARD_B_TEMP_05 | 40.5 | CRITICAL
2026-09-22 04:41:14 | WARD_B_TEMP_01 | 37.0 | NORMAL
2026-09-22 04:41:14 | WARD_B_TEMP_02 | 36.5 | NORMAL
2026-09-22 04:41:14 | WARD_B_TEMP_03 | 35.0 | CRITICAL
2026-09-22 04:41:14 | WARD_B_TEMP_04 | 36.6 | NORMAL
2026-09-22 04:41:14 | WARD_B_TEMP_05 | 35.7 | NORMAL
2026-09-22 04:41:15 | WARD_B_TEMP_01 | 35.6 | NORMAL
2026-09-22 04:41:15 | WARD_B_TEMP_02 | 35.2 | CRITICAL
2026-09-22 04:41:15 | WARD_B_TEMP_03 | 37.5 | WARNING
2026-09-22 04:41:15 | WARD_B_TEMP_04 | 36.5 | NORMAL
2026-09-22 04:41:15 | WARD_B_TEMP_05 | 36.5 | NORMAL
2026-09-22 04:41:16 | WARD_B_TEMP_01 | 40.2 | CRITICAL
2026-09-22 04:41:16 | WARD_B_TEMP_02 | 39.9 | CRITICAL
2026-09-22 04:41:16 | WARD_B_TEMP_03 | 37.4 | NORMAL
2026-09-22 04:41:16 | WARD_B_TEMP_04 | 35.3 | CRITICAL
2026-09-22 04:41:16 | WARD_B_TEMP_05 | 38.3 | CRITICAL
2026-09-22 04:41:17 | WARD_B_TEMP_01 | 36.3 | NORMAL
2026-09-22 04:41:17 | WARD_B_TEMP_02 | 37.1 | NORMAL
2026-09-22 04:41:17 | WARD_B_TEMP_03 | 40.1 | CRITICAL
2026-09-22 04:41:17 | WARD_B_TEMP_04 | 36.9 | NORMAL
2026-09-22 04:41:17 | WARD_B_TEMP_05 | 39.7 | CRITICAL
2026-09-22 04:41:18 | WARD_B_TEMP_01 | 38.7 | CRITICAL
2026-09-22 04:41:18 | WARD_B_TEMP_02 | 37.6 | WARNING
2026-09-22 04:41:18 | WARD_B_TEMP_03 | 39.4 | CRITICAL
2026-09-22 04:41:18 | WARD_B_TEMP_04 | 37.1 | NORMAL
2026-09-22 04:41:18 | WARD_B_TEMP_05 | 36.3 | NORMAL
2026-09-22 04:41:19 | WARD_B_TEMP_01 | 38.9 | CRITICAL
2026-09-22 04:41:19 | WARD_B_TEMP_02 | 34.5 | CRITICAL
2026-09-22 04:41:19 | WARD_B_TEMP_03 | 37.1 | NORMAL
2026-09-22 04:41:19 | WARD_B_TEMP_04 | 39.3 | CRITICAL
2026-09-22 04:41:19 | WARD_B_TEMP_05 | 37.4 | NORMAL
2026-09-22 04:41:20 | WARD_B_TEMP_01 | 37.8 | WARNING
2026-09-22 04:41:20 | WARD_B_TEMP_02 | 38.6 | CRITICAL
2026-09-22 04:41:20 | WARD_B_TEMP_03 | 34.9 | CRITICAL
2026-09-22 04:41:20 | WARD_B_TEMP_04 | 34.9 | CRITICAL
2026-09-22 04:41:20 | WARD_B_TEMP_05 | 37.9 | WARNING
2026-09-22 04:41:21 | WARD_B_TEMP_01 | 37.3 | NORMAL
2026-09-22 04:41:21 | WARD_B_TEMP_02 | 38.8 | CRITICAL
2026-09-22 04:41:21 | WARD_B_TEMP_03 | 35.8 | NORMAL
2026-09-22 04:41:21 | WARD_B_TEMP_04 | 40.2 | CRITICAL
2026-09-22 04:41:21 | WARD_B_TEMP_05 | 39.7 | CRITICAL
2026-09-22 04:41:22 | WARD_B_TEMP_01 | 35.2 | CRITICAL
2026-09-22 04:41:22 | WARD_B_TEMP_02 | 40.2 | CRITICAL
2026-09-22 04:41:22 | WARD_B_TEMP_03 | 36.7 | NORMAL
2026-09-22 04:41:22 | WARD_B_TEMP_04 | 39.4 | CRITICAL
2026-09-22 04:41:22 | WARD_B_TEMP_05 | 38.5 | CRITICAL
2026-09-22 04:41:23 | WARD_B_TEMP_01 | 39.9 | CRITICAL
2026-09-22 04:41:23 | WARD_B_TEMP_02 | 36.4 | NORMAL
2026-09-22 04:41:23 | WARD_B_TEMP_03 | 37.6 | WARNING
2026-09-22 04:41:23 | WARD_B_TEMP_04 | 34.6 | CRITICAL
2026-09-22 04:41:23 | WARD_B_TEMP_05 | 37.6 | WARNING
2026-09-22 04:41:24 | WARD_B_TEMP_01 | 40.4 | CRITICAL
2026-09-22 04:41:24 | WARD_B_TEMP_02 | 35.0 | CRITICAL
2026-09-22 04:41:24 | WARD_B_TEMP_03 | 39.7 | CRITICAL
2026-09-22 04:41:24 | WARD_B_TEMP_04 | 36.8 | NORMAL
2026-09-22 04:41:24 | WARD_B_TEMP_05 | 34.8 | CRITICAL
2026-09-22 04:41:25 | WARD_B_TEMP_01 | 37.0 | NORMAL
2026-09-22 04:41:25 | WARD_B_TEMP_02 | 37.9 | WARNING
2026-09-22 04:41:25 | WARD_B_TEMP_03 | 38.6 | CRITICAL
2026-09-22 04:41:25 | WARD_B_TEMP_04 | 38.0 | WARNING
2026-09-22 04:41:25 | WARD_B_TEMP_05 | 38.6 | CRITICAL
2026-09-22 04:41:26 | WARD_B_TEMP_01 | 35.0 | CRITICAL
2026-09-22 04:41:26 | WARD_B_TEMP_02 | 38.0 | WARNING
2026-09-22 04:41:26 | WARD_B_TEMP_03 | 40.1 | CRITICAL
2026-09-22 04:41:26 | WARD_B_TEMP_04 | 37.1 | NORMAL
2026-09-22 04:41:26 | WARD_B_TEMP_05 | 35.0 | CRITICAL
2026-09-22 04:41:27 | WARD_B_TEMP_01 | 37.0 | NORMAL
2026-09-22 04:41:27 | WARD_B_TEMP_02 | 39.8 | CRITICAL
2026-09-22 04:41:27 | WARD_B_TEMP_03 | 40.5 | CRITICAL
2026-09-22 04:41:27 | WARD_B_TEMP_04 | 36.0 | NORMAL
2026-09-22 04:41:27 | WARD_B_TEMP_05 | 36.8 | NORMAL
2026-09-22 04:41:28 | WARD_B_TEMP_01 | 35.2 | CRITICAL
2026-09-22 04:41:28 | WARD_B_TEMP_02 | 35.0 | CRITICAL
2026-09-22 04:41:28 | WARD_B_TEMP_03 | 35.1 | CRITICAL
2026-09-22 04:41:28 | WARD_B_TEMP_04 | 34.9 | CRITICAL
2026-09-22 04:41:28 | WARD_B_TEMP_05 | 38.6 | CRITICAL
2026-09-22 04:41:29 | WARD_B_TEMP_01 | 38.4 | CRITICAL
2026-09-22 04:41:29 | WARD_B_TEMP_02 | 36.1 | NORMAL
2026-09-22 04:41:29 | WARD_B_TEMP_03 | 39.1 | CRITICAL
2026-09-22 04:41:29 | WARD_B_TEMP_04 | 36.1 | NORMAL
2026-09-22 04:41:29 | WARD_B_TEMP_05 | 38.5 | CRITICAL
2026-09-22 04:41:30 | WARD_B_TEMP_01 | 34.8 | CRITICAL
2026-09-22 04:41:30 | WARD_B_TEMP_02 | 40.4 | CRITICAL
2026-09-22 04:41:30 | WARD_B_TEMP_03 | 39.4 | CRITICAL
2026-09-22 04:41:30 | WARD_B_TEMP_04 | 38.8 | CRITICAL
2026-09-22 04:41:30 | WARD_B_TEMP_05 | 35.3 | CRITICAL
2026-09-22 04:41:31 | WARD_B_TEMP_01 | 36.0 | NORMAL
2026-09-22 04:41:31 | WARD_B_TEMP_02 | 36.4 | NORMAL
2026-09-22 04:41:31 | WARD_B_TEMP_03 | 38.5 | CRITICAL
2026-09-22 04:41:31 | WARD_B_TEMP_04 | 38.4 | CRITICAL
2026-09-22 04:41:31 | WARD_B_TEMP_05 | 39.1 | CRITICAL
2026-09-22 04:41:32 | WARD_B_TEMP_01 | 37.0 | NORMAL
2026-09-22 04:41:32 | WARD_B_TEMP_02 | 40.0 | CRITICAL
2026-09-22 04:41:32 | WARD_B_TEMP_03 | 37.6 | WARNING
2026-09-22 04:41:32 | WARD_B_TEMP_04 | 39.7 | CRITICAL
2026-09-22 04:41:32 | WARD_B_TEMP_05 | 39.4 | CRITICAL
2026-09-22 04:41:33 | WARD_B_TEMP_01 | 37.3 | NORMAL
2026-09-22 04:41:33 | WARD_B_TEMP_02 | 36.0 | NORMAL
2026-09-22 04:41:33 | WARD_B_TEMP_03 | 34.5 | CRITICAL
2026-09-22 04:41:33 | WARD_B_TEMP_04 | 37.7 | WARNING
2026-09-22 04:41:33 | WARD_B_TEMP_05 | 39.7 | CRITICAL
2026-09-22 04:41:34 | WARD_B_TEMP_01 | 35.7 | NORMAL
2026-09-22 04:41:34 | WARD_B_TEMP_02 | 38.0 | WARNING
2026-09-22 04:41:34 | WARD_B_TEMP_03 | 40.1 | CRITICAL
2026-09-22 04:41:34 | WARD_B_TEMP_04 | 34.7 | CRITICAL
2026-09-22 04:41:34 | WARD_B_TEMP_05 | 37.7 | WARNING
2026-09-22 04:41:35 | WARD_B_TEMP_01 | 38.7 | CRITICAL
2026-09-22 04:41:35 | WARD_B_TEMP_02 | 40.2 | CRITICAL
2026-09-22 04:41:35 | WARD_B_TEMP_03 | 35.8 | NORMAL
2026-09-22 04:41:35 | WARD_B_TEMP_04 | 35.4 | CRITICAL
2026-09-22 04:41:35 | WARD_B_TEMP_05 | 37.7 | WARNING
2026-09-22 04:41:36 | WARD_B_TEMP_01 | 39.7 | CRITICAL
2026-09-22 04:41:36 | WARD_B_TEMP_02 | 37.7 | WARNING
2026-09-22 04:41:36 | WARD_B_TEMP_03 | 36.5 | NORMAL
2026-09-22 04:41:36 | WARD_B_TEMP_04 | 37.0 | NORMAL
2026-09-22 04:41:36 | WARD_B_TEMP_05 | 36.6 | NORMAL
2026-09-22 04:41:37 | WARD_B_TEMP_01 | 38.1 | CRITICAL
2026-09-22 04:41:37 | WARD_B_TEMP_02 | 34.5 | CRITICAL
2026-09-22 04:41:37 | WARD_B_TEMP_03 | 39.2 | CRITICAL
2026-09-22 04:41:37 | WARD_B_TEMP_04 | 40.4 | CRITICAL
2026-09-22 04:41:37 | WARD_B_TEMP_05 | 38.7 | CRITICAL
2026-09-22 04:41:38 | WARD_B_TEMP_01 | 38.0 | WARNING
2026-09-22 04:41:38 | WARD_B_TEMP_02 | 38.4 | CRITICAL
2026-09-22 04:41:38 | WARD_B_TEMP_03 | 37.5 | WARNING
2026-09-22 04:41:38 | WARD_B_TEMP_04 | 39.2 | CRITICAL
2026-09-22 04:41:38 | WARD_B_TEMP_05 | 36.1 | NORMAL
2026-09-22 04:41:39 | WARD_B_TEMP_01 | 39.4 | CRITICAL
2026-09-22 04:41:39 | WARD_B_TEMP_02 | 34.5 | CRITICAL
2026-09-22 04:41:39 | WARD_B_TEMP_03 | 37.9 | WARNING
2026-09-22 04:41:39 | WARD_B_TEMP_04 | 40.1 | CRITICAL
2026-09-22 04:41:39 | WARD_B_TEMP_05 | 37.2 | NORMAL
2026-09-22 04:41:40 | WARD_B_TEMP_01 | 38.7 | CRITICAL
2026-09-22 04:41:40 | WARD_B_TEMP_02 | 38.9 | CRITICAL
2026-09-22 04:41:40 | WARD_B_TEMP_03 | 37.6 | WARNING
2026-09-22 04:41:40 | WARD_B_TEMP_04 | 34.7 | CRITICAL
2026-09-22 04:41:40 | WARD_B_TEMP_05 | 34.6 | CRITICAL
2026-09-22 04:41:41 | WARD_B_TEMP_01 | 38.6 | CRITICAL
2026-09-22 04:41:41 | WARD_B_TEMP_02 | 35.6 | NORMAL
2026-09-22 04:41:41 | WARD_B_TEMP_03 | 36.4 | NORMAL
2026-09-22 04:41:41 | WARD_B_TEMP_04 | 34.7 | CRITICAL
2026-09-22 04:41:41 | WARD_B_TEMP_05 | 39.1 | CRITICAL
2026-09-22 04:41:42 | WARD_B_TEMP_01 | 36.3 | NORMAL
2026-09-22 04:41:42 | WARD_B_TEMP_02 | 35.2 | CRITICAL
2026-09-22 04:41:42 | WARD_B_TEMP_03 | 38.3 | CRITICAL
2026-09-22 04:41:42 | WARD_B_TEMP_04 | 38.2 | CRITICAL
2026-09-22 04:41:42 | WARD_B_TEMP_05 | 37.6 | WARNING
2026-09-22 04:41:43 | WARD_B_TEMP_01 | 37.4 | NORMAL
2026-09-22 04:41:43 | WARD_B_TEMP_02 | 38.0 | WARNING
2026-09-22 04:41:43 | WARD_B_TEMP_03 | 38.1 | CRITICAL
2026-09-22 04:41:43 | WARD_B_TEMP_04 | 38.5 | CRITICAL
2026-09-22 04:41:43 | WARD_B_TEMP_05 | 35.1 | CRITICAL
2026-09-22 04:41:44 | WARD_B_TEMP_01 | 39.1 | CRITICAL
2026-09-22 04:41:44 | WARD_B_TEMP_02 | 36.0 | NORMAL
2026-09-22 04:41:44 | WARD_B_TEMP_03 | 38.4 | CRITICAL
2026-09-22 04:41:44 | WARD_B_TEMP_04 | 34.5 | CRITICAL
2026-09-22 04:41:44 | WARD_B_TEMP_05 | 34.7 | CRITICAL
2026-09-22 04:41:45 | WARD_B_TEMP_01 | 40.2 | CRITICAL
2026-09-22 04:41:45 | WARD_B_TEMP_02 | 39.4 | CRITICAL
2026-09-22 04:41:45 | WARD_B_TEMP_03 | 39.0 | CRITICAL
2026-09-22 04:41:45 | WARD_B_TEMP_04 | 40.0 | CRITICAL
2026-09-22 04:41:45 | WARD_B_TEMP_05 | 38.4 | CRITICAL
2026-09-22 04:41:46 | WARD_B_TEMP_01 | 38.4 | CRITICAL
2026-09-22 04:41:46 | WARD_B_TEMP_02 | 40.5 | CRITICAL
2026-09-22 04:41:46 | WARD_B_TEMP_03 | 34.9 | CRITICAL
2026-09-22 04:41:46 | WARD_B_TEMP_04 | 39.7 | CRITICAL
2026-09-22 04:41:46 | WARD_B_TEMP_05 | 40.2 | CRITICAL
2026-09-22 04:41:47 | WARD_B_TEMP_01 | 36.9 | NORMAL
2026-09-22 04:41:47 | WARD_B_TEMP_02 | 38.1 | CRITICAL
2026-09-22 04:41:47 | WARD_B_TEMP_03 | 38.3 | CRITICAL
2026-09-22 04:41:47 | WARD_B_TEMP_04 | 38.6 | CRITICAL
2026-09-22 04:41:47 | WARD_B_TEMP_05 | 36.3 | NORMAL
2026-09-22 04:41:48 | WARD_B_TEMP_01 | 37.8 | WARNING
2026-09-22 04:41:48 | WARD_B_TEMP_02 | 39.1 | CRITICAL
2026-09-22 04:41:48 | WARD_B_TEMP_03 | 35.9 | NORMAL
2026-09-22 04:41:48 | WARD_B_TEMP_04 | 40.4 | CRITICAL
2026-09-22 04:41:48 | WARD_B_TEMP_05 | 39.2 | CRITICAL
2026-09-22 04:41:49 | WARD_B_TEMP_01 | 38.2 | CRITICAL
2026-09-22 04:41:49 | WARD_B_TEMP_02 | 36.5 | NORMAL
2026-09-22 04:41:49 | WARD_B_TEMP_03 | 38.2 | CRITICAL
2026-09-22 04:41:49 | WARD_B_TEMP_04 | 36.6 | NORMAL
2026-09-22 04:41:49 | WARD_B_TEMP_05 | 35.3 | CRITICAL
2026-09-22 04:41:50 | WARD_B_TEMP_01 | 38.3 | CRITICAL
2026-09-22 04:41:50 | WARD_B_TEMP_02 | 38.6 | CRITICAL
2026-09-22 04:41:50 | WARD_B_TEMP_03 | 38.4 | CRITICAL
2026-09-22 04:41:50 | WARD_B_TEMP_04 | 37.3 | NORMAL
2026-09-22 04:41:50 | WARD_B_TEMP_05 | 39.8 | CRITICAL
2026-09-22 04:41:51 | WARD_B_TEMP_01 | 35.8 | NORMAL
2026-09-22 04:41:51 | WARD_B_TEMP_02 | 36.1 | NORMAL
2026-09-22 04:41:51 | WARD_B_TEMP_03 | 38.5 | CRITICAL
2026-09-22 04:41:51 | WARD_B_TEMP_04 | 40.5 | CRITICAL
2026-09-22 04:41:51 | WARD_B_TEMP_05 | 40.3 | CRITICAL
2026-09-22 04:41:52 | WARD_B_TEMP_01 | 35.7 | NORMAL
2026-09-22 04:41:52 | WARD_B_TEMP_02 | 39.6 | CRITICAL
2026-09-22 04:41:52 | WARD_B_TEMP_03 | 39.1 | CRITICAL
2026-09-22 04:41:52 | WARD_B_TEMP_04 | 36.8 | NORMAL
2026-09-22 04:41:52 | WARD_B_TEMP_05 | 37.3 | NORMAL
2026-09-22 04:41:53 | WARD_B_TEMP_01 | 38.2 | CRITICAL
2026-09-22 04:41:53 | WARD_B_TEMP_02 | 39.1 | CRITICAL
2026-09-22 04:41:53 | WARD_B_TEMP_03 | 35.8 | NORMAL
2026-09-22 04:41:53 | WARD_B_TEMP_04 | 39.8 | CRITICAL
2026-09-22 04:41:53 | WARD_B_TEMP_05 | 39.9 | CRITICAL
2026-09-22 04:41:54 | WARD_B_TEMP_01 | 40.0 | CRITICAL
2026-09-22 04:41:54 | WARD_B_TEMP_02 | 38.9 | CRITICAL
2026-09-22 04:41:54 | WARD_B_TEMP_03 | 40.3 | CRITICAL
2026-09-22 04:41:54 | WARD_B_TEMP_04 | 35.6 | NORMAL
2026-09-22 04:41:54 | WARD_B_TEMP_05 | 35.5 | NORMAL
2026-09-22 04:41:55 | WARD_B_TEMP_01 | 38.9 | CRITICAL
2026-09-22 04:41:55 | WARD_B_TEMP_02 | 40.1 | CRITICAL
2026-09-22 04:41:55 | WARD_B_TEMP_03 | 35.5 | NORMAL
2026-09-22 04:41:55 | WARD_B_TEMP_04 | 34.6 | CRITICAL
2026-09-22 04:41:55 | WARD_B_TEMP_05 | 35.1 | CRITICAL
2026-09-22 04:41:56 | WARD_B_TEMP_01 | 37.3 | NORMAL
2026-09-22 04:41:56 | WARD_B_TEMP_02 | 37.3 | NORMAL
2026-09-22 04:41:56 | WARD_B_TEMP_03 | 40.0 | CRITICAL
2026-09-22 04:41:56 | WARD_B_TEMP_04 | 34.8 | CRITICAL
2026-09-22 04:41:56 | WARD_B_TEMP_05 | 38.8 | CRITICAL
2026-09-22 04:41:57 | WARD_B_TEMP_01 | 36.1 | NORMAL
2026-09-22 04:41:57 | WARD_B_TEMP_02 | 38.6 | CRITICAL
2026-09-22 04:41:57 | WARD_B_TEMP_03 | 36.1 | NORMAL
2026-09-22 04:41:57 | WARD_B_TEMP_04 | 34.9 | CRITICAL
2026-09-22 04:41:57 | WARD_B_TEMP_05 | 37.2 | NORMAL
2026-09-22 04:41:58 | WARD_B_TEMP_01 | 39.9 | CRITICAL
2026-09-22 04:41:58 | WARD_B_TEMP_02 | 34.9 | CRITICAL
2026-09-22 04:41:58 | WARD_B_TEMP_03 | 35.0 | CRITICAL
2026-09-22 04:41:58 | WARD_B_TEMP_04 | 38.3 | CRITICAL
2026-09-22 04:41:58 | WARD_B_TEMP_05 | 37.0 | NORMAL
2026-09-22 04:41:59 | WARD_B_TEMP_01 | 37.0 | NORMAL
2026-09-22 04:41:59 | WARD_B_TEMP_02 | 40.4 | CRITICAL
2026-09-22 04:41:59 | WARD_B_TEMP_03 | 37.2 | NORMAL
2026-09-22 04:41:59 | WARD_B_TEMP_04 | 40.3 | CRITICAL
2026-09-22 04:41:59 | WARD_B_TEMP_05 | 39.7 | CRITICAL
2026-09-22 04:42:00 | WARD_B_TEMP_01 | 37.2 | NORMAL
2026-09-22 04:42:00 | WARD_B_TEMP_02 | 40.5 | CRITICAL
2026-09-22 04:42:00 | WARD_B_TEMP_03 | 35.3 | CRITICAL
2026-09-22 04:42:00 | WARD_B_TEMP_04 | 35.1 | CRITICAL
2026-09-22 04:42:00 | WARD_B_TEMP_05 | 38.9 | CRITICAL
2026-09-22 04:42:01 | WARD_B_TEMP_01 | 37.1 | NORMAL
2026-09-22 04:42:01 | WARD_B_TEMP_02 | 37.5 | WARNING
2026-09-22 04:42:01 | WARD_B_TEMP_03 | 39.9 | CRITICAL
2026-09-22 04:42:01 | WARD_B_TEMP_04 | 39.6 | CRITICAL
2026-09-22 04:42:01 | WARD_B_TEMP_05 | 36.4 | NORMAL
2026-09-22 04:42:02 | WARD_B_TEMP_01 | 37.1 | NORMAL
2026-09-22 04:42:02 | WARD_B_TEMP_02 | 35.5 | NORMAL
2026-09-22 04:42:02 | WARD_B_TEMP_03 | 38.5 | CRITICAL
2026-09-22 04:42:02 | WARD_B_TEMP_04 | 37.6 | WARNING
2026-09-22 04:42:02 | WARD_B_TEMP_05 | 34.5 | CRITICAL
2026-09-22 04:42:03 | WARD_B_TEMP_01 | 39.3 | CRITICAL
2026-09-22 04:42:03 | WARD_B_TEMP_02 | 39.2 | CRITICAL
2026-09-22 04:42:03 | WARD_B_TEMP_03 | 39.5 | CRITICAL
2026-09-22 04:42:03 | WARD_B_TEMP_04 | 38.3 | CRITICAL
2026-09-22 04:42:03 | WARD_B_TEMP_05 | 40.2 | CRITICAL
2026-09-22 04:42:04 | WARD_B_TEMP_01 | 35.9 | NORMAL
2026-09-22 04:42:04 | WARD_B_TEMP_02 | 35.9 | NORMAL
2026-09-22 04:42:04 | WARD_B_TEMP_03 | 35.4 | CRITICAL
2026-09-22 04:42:04 | WARD_B_TEMP_04 | 37.4 | NORMAL
2026-09-22 04:42:04 | WARD_B_TEMP_05 | 40.1 | CRITICAL
2026-09-22 04:42:05 | WARD_B_TEMP_01 | 35.6 | NORMAL
2026-09-22 04:42:05 | WARD_B_TEMP_02 | 35.8 | NORMAL
2026-09-22 04:42:05 | WARD_B_TEMP_03 | 36.1 | NORMAL
2026-09-22 04:42:05 | WARD_B_TEMP_04 | 34.5 | CRITICAL
2026-09-22 04:42:05 | WARD_B_TEMP_05 | 37.4 | NORMAL
2026-09-22 04:42:06 | WARD_B_TEMP_01 | 40.0 | CRITICAL
2026-09-22 04:42:06 | WARD_B_TEMP_02 | 37.0 | NORMAL
2026-09-22 04:42:06 | WARD_B_TEMP_03 | 38.7 | CRITICAL
2026-09-22 04:42:06 | WARD_B_TEMP_04 | 37.9 | WARNING
2026-09-22 04:42:06 | WARD_B_TEMP_05 | 39.8 | CRITICAL
2026-09-22 04:42:07 | WARD_B_TEMP_01 | 34.6 | CRITICAL
2026-09-22 04:42:07 | WARD_B_TEMP_02 | 35.4 | CRITICAL
2026-09-22 04:42:07 | WARD_B_TEMP_03 | 40.4 | CRITICAL
2026-09-22 04:42:07 | WARD_B_TEMP_04 | 36.0 | NORMAL
2026-09-22 04:42:07 | WARD_B_TEMP_05 | 39.6 | CRITICAL
2026-09-22 04:42:08 | WARD_B_TEMP_01 | 35.9 | NORMAL
2026-09-22 04:42:08 | WARD_B_TEMP_02 | 37.2 | NORMAL
2026-09-22 04:42:08 | WARD_B_TEMP_03 | 37.3 | NORMAL
2026-09-22 04:42:08 | WARD_B_TEMP_04 | 35.4 | CRITICAL
2026-09-22 04:42:08 | WARD_B_TEMP_05 | 34.7 | CRITICAL
2026-09-22 04:42:09 | WARD_B_TEMP_01 | 39.9 | CRITICAL
2026-09-22 04:42:09 | WARD_B_TEMP_02 | 39.5 | CRITICAL
2026-09-22 04:42:09 | WARD_B_TEMP_03 | 37.0 | NORMAL
2026-09-22 04:42:09 | WARD_B_TEMP_04 | 37.2 | NORMAL
2026-09-22 04:42:09 | WARD_B_TEMP_05 | 40.5 | CRITICAL
2026-09-22 04:42:10 | WARD_B_TEMP_01 | 38.7 | CRITICAL
2026-09-22 04:42:10 | WARD_B_TEMP_02 | 36.8 | NORMAL
2026-09-22 04:42:10 | WARD_B_TEMP_03 | 36.1 | NORMAL
2026-09-22 04:42:10 | WARD_B_TEMP_04 | 36.3 | NORMAL
2026-09-22 04:42:10 | WARD_B_TEMP_05 | 38.0 | WARNING
2026-09-22 04:42:11 | WARD_B_TEMP_01 | 35.8 | NORMAL
2026-09-22 04:42:11 | WARD_B_TEMP_02 | 37.6 | WARNING
2026-09-22 04:42:11 | WARD_B_TEMP_03 | 40.4 | CRITICAL
2026-09-22 04:42:11 | WARD_B_TEMP_04 | 35.0 | CRITICAL
2026-09-22 04:42:11 | WARD_B_TEMP_05 | 38.4 | CRITICAL
2026-09-22 04:42:12 | WARD_B_TEMP_01 | 34.9 | CRITICAL
2026-09-22 04:42:12 | WARD_B_TEMP_02 | 36.5 | NORMAL
2026-09-22 04:42:12 | WARD_B_TEMP_03 | 36.2 | NORMAL
2026-09-22 04:42:12 | WARD_B_TEMP_04 | 38.4 | CRITICAL
2026-09-22 04:42:12 | WARD_B_TEMP_05 | 38.9 | CRITICAL
2026-09-22 04:42:13 | WARD_B_TEMP_01 | 39.4 | CRITICAL
2026-09-22 04:42:13 | WARD_B_TEMP_02 | 36.5 | NORMAL
2026-09-22 04:42:13 | WARD_B_TEMP_03 | 37.0 | NORMAL
2026-09-22 04:42:13 | WARD_B_TEMP_04 | 36.7 | NORMAL
2026-09-22 04:42:13 | WARD_B_TEMP_05 | 39.0 | CRITICAL
2026-09-22 04:42:14 | WARD_B_TEMP_01 | 38.9 | CRITICAL
2026-09-22 04:42:14 | WARD_B_TEMP_02 | 40.2 | CRITICAL
2026-09-22 04:42:14 | WARD_B_TEMP_03 | 39.4 | CRITICAL
2026-09-22 04:42:14 | WARD_B_TEMP_04 | 39.1 | CRITICAL
2026-09-22 04:42:14 | WARD_B_TEMP_05 | 35.4 | CRITICAL
2026-09-22 04:42:15 | WARD_B_TEMP_01 | 36.6 | NORMAL
2026-09-22 04:42:15 | WARD_B_TEMP_02 | 38.4 | CRITICAL
2026-09-22 04:42:15 | WARD_B_TEMP_03 | 37.2 | NORMAL
2026-09-22 04:42:15 | WARD_B_TEMP_04 | 37.7 | WARNING
2026-09-22 04:42:15 | WARD_B_TEMP_05 | 36.0 | NORMAL
2026-09-22 04:42:16 | WARD_B_TEMP_01 | 39.0 | CRITICAL
2026-09-22 04:42:16 | WARD_B_TEMP_02 | 39.3 | CRITICAL
2026-09-22 04:42:16 | WARD_B_TEMP_03 | 35.6 | NORMAL
2026-09-22 04:42:16 | WARD_B_TEMP_04 | 36.5 | NORMAL
2026-09-22 04:42:16 | WARD_B_TEMP_05 | 39.3 | CRITICAL
2026-09-22 04:42:17 | WARD_B_TEMP_01 | 38.8 | CRITICAL
2026-09-22 04:42:17 | WARD_B_TEMP_02 | 40.1 | CRITICAL
2026-09-22 04:42:17 | WARD_B_TEMP_03 | 40.0 | CRITICAL
2026-09-22 04:42:17 | WARD_B_TEMP_04 | 39.5 | CRITICAL
2026-09-22 04:42:17 | WARD_B_TEMP_05 | 37.3 | NORMAL
2026-09-22 04:42:18 | WARD_B_TEMP_01 | 37.8 | WARNING
2026-09-22 04:42:18 | WARD_B_TEMP_02 | 37.9 | WARNING
2026-09-22 04:42:18 | WARD_B_TEMP_03 | 40.2 | CRITICAL
2026-09-22 04:42:18 | WARD_B_TEMP_04 | 38.6 | CRITICAL
2026-09-22 04:42:18 | WARD_B_TEMP_05 | 37.5 | WARNING
2026-09-22 04:42:19 | WARD_B_TEMP_01 | 37.2 | NORMAL
2026-09-22 04:42:19 | WARD_B_TEMP_02 | 39.5 | CRITICAL
2026-09-22 04:42:19 | WARD_B_TEMP_03 | 35.8 | NORMAL
2026-09-22 04:42:19 | WARD_B_TEMP_04 | 36.2 | NORMAL
2026-09-22 04:42:19 | WARD_B_TEMP_05 | 37.2 | NORMAL
2026-09-22 04:42:20 | WARD_B_TEMP_01 | 40.0 | CRITICAL
2026-09-22 04:42:20 | WARD_B_TEMP_02 | 37.6 | WARNING
2026-09-22 04:42:20 | WARD_B_TEMP_03 | 37.5 | WARNING
2026-09-22 04:42:20 | WARD_B_TEMP_04 | 36.8 | NORMAL
2026-09-22 04:42:20 | WARD_B_TEMP_05 | 38.9 | CRITICAL
2026-09-22 04:42:21 | WARD_B_TEMP_01 | 38.3 | CRITICAL
2026-09-22 04:42:21 | WARD_B_TEMP_02 | 37.3 | NORMAL
2026-09-22 04:42:21 | WARD_B_TEMP_03 | 36.4 | NORMAL
2026-09-22 04:42:21 | WARD_B_TEMP_04 | 35.8 | NORMAL
2026-09-22 04:42:21 | WARD_B_TEMP_05 | 35.5 | NORMAL
2026-09-22 04:42:22 | WARD_B_TEMP_01 | 37.3 | NORMAL
2026-09-22 04:42:22 | WARD_B_TEMP_02 | 38.2 | CRITICAL
2026-09-22 04:42:22 | WARD_B_TEMP_03 | 35.2 | CRITICAL
2026-09-22 04:42:22 | WARD_B_TEMP_04 | 36.7 | NORMAL
2026-09-22 04:42:22 | WARD_B_TEMP_05 | 34.8 | CRITICAL
2026-09-22 04:42:23 | WARD_B_TEMP_01 | 37.0 | NORMAL
2026-09-22 04:42:23 | WARD_B_TEMP_02 | 34.8 | CRITICAL
2026-09-22 04:42:23 | WARD_B_TEMP_03 | 37.9 | WARNING
2026-09-22 04:42:23 | WARD_B_TEMP_04 | 37.3 | NORMAL
2026-09-22 04:42:23 | WARD_B_TEMP_05 | 37.6 | WARNING
2026-09-22 04:42:24 | WARD_B_TEMP_01 | 35.0 | CRITICAL
2026-09-22 04:42:24 | WARD_B_TEMP_02 | 35.0 | CRITICAL
2026-09-22 04:42:24 | WARD_B_TEMP_03 | 39.1 | CRITICAL
2026-09-22 04:42:24 | WARD_B_TEMP_04 | 39.7 | CRITICAL
2026-09-22 04:42:24 | WARD_B_TEMP_05 | 35.6 | NORMAL
2026-09-22 04:42:25 | WARD_B_TEMP_01 | 37.4 | NORMAL
2026-09-22 04:42:25 | WARD_B_TEMP_02 | 39.7 | CRITICAL
2026-09-22 04:42:25 | WARD_B_TEMP_03 | 34.5 | CRITICAL
2026-09-22 04:42:25 | WARD_B_TEMP_04 | 36.2 | NORMAL
2026-09-22 04:42:25 | WARD_B_TEMP_05 | 35.1 | CRITICAL
2026-09-22 04:42:26 | WARD_B_TEMP_01 | 38.5 | CRITICAL
2026-09-22 04:42:26 | WARD_B_TEMP_02 | 36.1 | NORMAL
2026-09-22 04:42:26 | WARD_B_TEMP_03 | 39.7 | CRITICAL
2026-09-22 04:42:26 | WARD_B_TEMP_04 | 34.6 | CRITICAL
2026-09-22 04:42:26 | WARD_B_TEMP_05 | 35.0 | CRITICAL
2026-09-22 04:42:27 | WARD_B_TEMP_01 | 35.5 | NORMAL
2026-09-22 04:42:27 | WARD_B_TEMP_02 | 38.9 | CRITICAL
2026-09-22 04:42:27 | WARD_B_TEMP_03 | 36.1 | NORMAL
2026-09-22 04:42:27 | WARD_B_TEMP_04 | 37.8 | WARNING
2026-09-22 04:42:27 | WARD_B_TEMP_05 | 35.6 | NORMAL
2026-09-22 04:42:28 | WARD_B_TEMP_01 | 36.6 | NORMAL
2026-09-22 04:42:28 | WARD_B_TEMP_02 | 38.9 | CRITICAL
2026-09-22 04:42:28 | WARD_B_TEMP_03 | 40.4 | CRITICAL
2026-09-22 04:42:28 | WARD_B_TEMP_04 | 38.3 | CRITICAL
2026-09-22 04:42:28 | WARD_B_TEMP_05 | 35.7 | NORMAL
2026-09-22 04:42:29 | WARD_B_TEMP_01 | 37.9 | WARNING
2026-09-22 04:42:29 | WARD_B_TEMP_02 | 38.2 | CRITICAL
2026-09-22 04:42:29 | WARD_B_TEMP_03 | 38.9 | CRITICAL
2026-09-22 04:42:29 | WARD_B_TEMP_04 | 37.2 | NORMAL
2026-09-22 04:42:29 | WARD_B_TEMP_05 | 39.3 | CRITICAL
2026-09-22 04:42:30 | WARD_B_TEMP_01 | 35.0 | CRITICAL
2026-09-22 04:42:30 | WARD_B_TEMP_02 | 35.1 | CRITICAL
2026-09-22 04:42:30 | WARD_B_TEMP_03 | 36.2 | NORMAL
2026-09-22 04:42:30 | WARD_B_TEMP_04 | 34.9 | CRITICAL
2026-09-22 04:42:30 | WARD_B_TEMP_05 | 35.8 | NORMAL
2026-09-22 04:42:31 | WARD_B_TEMP_01 | 39.7 | CRITICAL
2026-09-22 04:42:31 | WARD_B_TEMP_02 | 38.1 | CRITICAL
2026-09-22 04:42:31 | WARD_B_TEMP_03 | 35.5 | NORMAL
2026-09-22 04:42:31 | WARD_B_TEMP_04 | 37.3 | NORMAL
2026-09-22 04:42:31 | WARD_B_TEMP_05 | 35.7 | NORMAL
2026-09-22 04:42:32 | WARD_B_TEMP_01 | 38.2 | CRITICAL
2026-09-22 04:42:32 | WARD_B_TEMP_02 | 36.5 | NORMAL
2026-09-22 04:42:32 | WARD_B_TEMP_03 | 39.0 | CRITICAL
2026-09-22 04:42:32 | WARD_B_TEMP_04 | 36.9 | NORMAL
2026-09-22 04:42:32 | WARD_B_TEMP_05 | 40.0 | CRITICAL
2026-09-22 04:42:33 | WARD_B_TEMP_01 | 34.7 | CRITICAL
2026-09-22 04:42:33 | WARD_B_TEMP_02 | 39.7 | CRITICAL
2026-09-22 04:42:33 | WARD_B_TEMP_03 | 36.7 | NORMAL
2026-09-22 04:42:33 | WARD_B_TEMP_04 | 38.3 | CRITICAL
2026-09-22 04:42:33 | WARD_B_TEMP_05 | 38.0 | WARNING
2026-09-22 04:42:34 | WARD_B_TEMP_01 | 37.7 | WARNING
2026-09-22 04:42:34 | WARD_B_TEMP_02 | 37.0 | NORMAL
2026-09-22 04:42:34 | WARD_B_TEMP_03 | 34.6 | CRITICAL
2026-09-22 04:42:34 | WARD_B_TEMP_04 | 40.4 | CRITICAL
2026-09-22 04:42:34 | WARD_B_TEMP_05 | 37.3 | NORMAL
2026-09-22 04:42:35 | WARD_B_TEMP_01 | 36.4 | NORMAL
2026-09-22 04:42:35 | WARD_B_TEMP_02 | 38.7 | CRITICAL
2026-09-22 04:42:35 | WARD_B_TEMP_03 | 39.6 | CRITICAL
2026-09-22 04:42:35 | WARD_B_TEMP_04 | 34.6 | CRITICAL
2026-09-22 04:42:35 | WARD_B_TEMP_05 | 36.8 | NORMAL
2026-09-22 04:42:36 | WARD_B_TEMP_01 | 37.7 | WARNING
2026-09-22 04:42:36 | WARD_B_TEMP_02 | 36.8 | NORMAL
2026-09-22 04:42:36 | WARD_B_TEMP_03 | 38.0 | WARNING
2026-09-22 04:42:36 | WARD_B_TEMP_04 | 35.9 | NORMAL
2026-09-22 04:42:36 | WARD_B_TEMP_05 | 39.6 | CRITICAL
2026-09-22 04:42:37 | WARD_B_TEMP_01 | 40.4 | CRITICAL
2026-09-22 04:42:37 | WARD_B_TEMP_02 | 38.7 | CRITICAL
2026-09-22 04:42:37 | WARD_B_TEMP_03 | 38.3 | CRITICAL
2026-09-22 04:42:37 | WARD_B_TEMP_04 | 37.6 | WARNING
2026-09-22 04:42:37 | WARD_B_TEMP_05 | 37.4 | NORMAL
2026-09-22 04:42:38 | WARD_B_TEMP_01 | 35.6 | NORMAL
2026-09-22 04:42:38 | WARD_B_TEMP_02 | 39.4 | CRITICAL
2026-09-22 04:42:38 | WARD_B_TEMP_03 | 35.3 | CRITICAL
2026-09-22 04:42:38 | WARD_B_TEMP_04 | 40.1 | CRITICAL
2026-09-22 04:42:38 | WARD_B_TEMP_05 | 38.6 | CRITICAL
2026-09-22 04:42:39 | WARD_B_TEMP_01 | 39.7 | CRITICAL
2026-09-22 04:42:39 | WARD_B_TEMP_02 | 35.9 | NORMAL
2026-09-22 04:42:39 | WARD_B_TEMP_03 | 35.7 | NORMAL
2026-09-22 04:42:39 | WARD_B_TEMP_04 | 37.3 | NORMAL
2026-09-22 04:42:39 | WARD_B_TEMP_05 | 37.1 | NORMAL
2026-09-22 04:42:40 | WARD_B_TEMP_01 | 38.8 | CRITICAL
2026-09-22 04:42:40 | WARD_B_TEMP_02 | 34.8 | CRITICAL
2026-09-22 04:42:40 | WARD_B_TEMP_03 | 36.7 | NORMAL
2026-09-22 04:42:40 | WARD_B_TEMP_04 | 35.6 | NORMAL
2026-09-22 04:42:40 | WARD_B_TEMP_05 | 37.8 | WARNING
2026-09-22 04:42:41 | WARD_B_TEMP_01 | 35.0 | CRITICAL
2026-09-22 04:42:41 | WARD_B_TEMP_02 | 37.7 | WARNING
2026-09-22 04:42:41 | WARD_B_TEMP_03 | 34.5 | CRITICAL
2026-09-22 04:42:41 | WARD_B_TEMP_04 | 34.7 | CRITICAL
2026-09-22 04:42:41 | WARD_B_TEMP_05 | 34.8 | CRITICAL
2026-09-22 04:42:42 | WARD_B_TEMP_01 | 35.3 | CRITICAL
2026-09-22 04:42:42 | WARD_B_TEMP_02 | 40.1 | CRITICAL
2026-09-22 04:42:42 | WARD_B_TEMP_03 | 39.6 | CRITICAL
2026-09-22 04:42:42 | WARD_B_TEMP_04 | 37.6 | WARNING
2026-09-22 04:42:42 | WARD_B_TEMP_05 | 38.0 | WARNING
2026-09-22 04:42:43 | WARD_B_TEMP_01 | 39.3 | CRITICAL
2026-09-22 04:42:43 | WARD_B_TEMP_02 | 36.1 | NORMAL
2026-09-22 04:42:43 | WARD_B_TEMP_03 | 35.1 | CRITICAL
2026-09-22 04:42:43 | WARD_B_TEMP_04 | 37.0 | NORMAL
2026-09-22 04:42:43 | WARD_B_TEMP_05 | 39.5 | CRITICAL
2026-09-22 04:42:44 | WARD_B_TEMP_01 | 34.9 | CRITICAL
2026-09-22 04:42:44 | WARD_B_TEMP_02 | 35.0 | CRITICAL
2026-09-22 04:42:44 | WARD_B_TEMP_03 | 34.9 | CRITICAL
2026-09-22 04:42:44 | WARD_B_TEMP_04 | 38.6 | CRITICAL
2026-09-22 04:42:44 | WARD_B_TEMP_05 | 39.5 | CRITICAL
2026-09-22 04:42:45 | WARD_B_TEMP_01 | 34.6 | CRITICAL
2026-09-22 04:42:45 | WARD_B_TEMP_02 | 40.3 | CRITICAL
2026-09-22 04:42:45 | WARD_B_TEMP_03 | 35.0 | CRITICAL
2026-09-22 04:42:45 | WARD_B_TEMP_04 | 35.0 | CRITICAL
2026-09-22 04:42:45 | WARD_B_TEMP_05 | 37.3 | NORMAL
2026-09-22 04:42:46 | WARD_B_TEMP_01 | 38.9 | CRITICAL
2026-09-22 04:42:46 | WARD_B_TEMP_02 | 38.3 | CRITICAL
2026-09-22 04:42:46 | WARD_B_TEMP_03 | 34.5 | CRITICAL
2026-09-22 04:42:46 | WARD_B_TEMP_04 | 39.3 | CRITICAL
2026-09-22 04:42:46 | WARD_B_TEMP_05 | 35.9 | NORMAL
2026-09-22 04:42:47 | WARD_B_TEMP_01 | 37.4 | NORMAL
2026-09-22 04:42:47 | WARD_B_TEMP_02 | 35.4 | CRITICAL
2026-09-22 04:42:47 | WARD_B_TEMP_03 | 39.9 | CRITICAL
2026-09-22 04:42:47 | WARD_B_TEMP_04 | 38.7 | CRITICAL
2026-09-22 04:42:47 | WARD_B_TEMP_05 | 36.2 | NORMAL
2026-09-22 04:42:48 | WARD_B_TEMP_01 | 36.8 | NORMAL
2026-09-22 04:42:48 | WARD_B_TEMP_02 | 36.4 | NORMAL
2026-09-22 04:42:48 | WARD_B_TEMP_03 | 36.5 | NORMAL
2026-09-22 04:42:48 | WARD_B_TEMP_04 | 34.7 | CRITICAL
2026-09-22 04:42:48 | WARD_B_TEMP_05 | 35.6 | NORMAL
2026-09-22 04:42:49 | WARD_B_TEMP_01 | 36.5 | NORMAL
2026-09-22 04:42:49 | WARD_B_TEMP_02 | 35.1 | CRITICAL
2026-09-22 04:42:49 | WARD_B_TEMP_03 | 36.7 | NORMAL
2026-09-22 04:42:49 | WARD_B_TEMP_04 | 37.1 | NORMAL
2026-09-22 04:42:49 | WARD_B_TEMP_05 | 36.9 | NORMAL
2026-09-22 04:42:50 | WARD_B_TEMP_01 | 39.3 | CRITICAL
2026-09-22 04:42:50 | WARD_B_TEMP_02 | 39.8 | CRITICAL
2026-09-22 04:42:50 | WARD_B_TEMP_03 | 39.9 | CRITICAL
2026-09-22 04:42:50 | WARD_B_TEMP_04 | 37.7 | WARNING
2026-09-22 04:42:50 | WARD_B_TEMP_05 | 34.6 | CRITICAL
2026-09-22 04:42:51 | WARD_B_TEMP_01 | 36.0 | NORMAL
2026-09-22 04:42:51 | WARD_B_TEMP_02 | 34.7 | CRITICAL
2026-09-22 04:42:51 | WARD_B_TEMP_03 | 37.8 | WARNING
2026-09-22 04:42:51 | WARD_B_TEMP_04 | 34.8 | CRITICAL
2026-09-22 04:42:51 | WARD_B_TEMP_05 | 37.1 | NORMAL
2026-09-22 04:42:52 | WARD_B_TEMP_01 | 38.7 | CRITICAL
2026-09-22 04:42:52 | WARD_B_TEMP_02 | 35.9 | NORMAL
2026-09-22 04:42:52 | WARD_B_TEMP_03 | 36.5 | NORMAL
2026-09-22 04:42:52 | WARD_B_TEMP_04 | 38.2 | CRITICAL
2026-09-22 04:42:52 | WARD_B_TEMP_05 | 37.2 | NORMAL
2026-09-22 04:42:53 | WARD_B_TEMP_01 | 38.6 | CRITICAL
2026-09-22 04:42:53 | WARD_B_TEMP_02 | 39.1 | CRITICAL
2026-09-22 04:42:53 | WARD_B_TEMP_03 | 40.2 | CRITICAL
2026-09-22 04:42:53 | WARD_B_TEMP_04 | 38.2 | CRITICAL
2026-09-22 04:42:53 | WARD_B_TEMP_05 | 38.8 | CRITICAL
2026-09-22 04:42:54 | WARD_B_TEMP_01 | 38.8 | CRITICAL
2026-09-22 04:42:54 | WARD_B_TEMP_02 | 39.5 | CRITICAL
2026-09-22 04:42:54 | WARD_B_TEMP_03 | 36.3 | NORMAL
2026-09-22 04:42:54 | WARD_B_TEMP_04 | 37.3 | NORMAL
2026-09-22 04:42:54 | WARD_B_TEMP_05 | 38.1 | CRITICAL
2026-09-22 04:42:55 | WARD_B_TEMP_01 | 36.7 | NORMAL
2026-09-22 04:42:55 | WARD_B_TEMP_02 | 36.2 | NORMAL
2026-09-22 04:42:55 | WARD_B_TEMP_03 | 38.4 | CRITICAL
2026-09-22 04:42:55 | WARD_B_TEMP_04 | 37.8 | WARNING
2026-09-22 04:42:55 | WARD_B_TEMP_05 | 38.4 | CRITICAL
2026-09-22 04:42:56 | WARD_B_TEMP_01 | 35.0 | CRITICAL
2026-09-22 04:42:56 | WARD_B_TEMP_02 | 39.9 | CRITICAL
2026-09-22 04:42:56 | WARD_B_TEMP_03 | 36.2 | NORMAL
2026-09-22 04:42:56 | WARD_B_TEMP_04 | 34.8 | CRITICAL
2026-09-22 04:42:56 | WARD_B_TEMP_05 | 39.4 | CRITICAL
2026-09-22 04:42:57 | WARD_B_TEMP_01 | 40.1 | CRITICAL
2026-09-22 04:42:57 | WARD_B_TEMP_02 | 38.6 | CRITICAL
2026-09-22 04:42:57 | WARD_B_TEMP_03 | 35.1 | CRITICAL
2026-09-22 04:42:57 | WARD_B_TEMP_04 | 40.2 | CRITICAL
2026-09-22 04:42:57 | WARD_B_TEMP_05 | 39.8 | CRITICAL
2026-09-22 04:42:58 | WARD_B_TEMP_01 | 34.5 | CRITICAL
2026-09-22 04:42:58 | WARD_B_TEMP_02 | 37.1 | NORMAL
2026-09-22 04:42:58 | WARD_B_TEMP_03 | 37.8 | WARNING
2026-09-22 04:42:58 | WARD_B_TEMP_04 | 35.5 | NORMAL
2026-09-22 04:42:58 | WARD_B_TEMP_05 | 35.1 | CRITICAL
2026-09-22 04:42:59 | WARD_B_TEMP_01 | 36.0 | NORMAL
2026-09-22 04:42:59 | WARD_B_TEMP_02 | 38.6 | CRITICAL
2026-09-22 04:42:59 | WARD_B_TEMP_03 | 39.0 | CRITICAL
2026-09-22 04:42:59 | WARD_B_TEMP_04 | 40.1 | CRITICAL
2026-09-22 04:42:59 | WARD_B_TEMP_05 | 39.9 | CRITICAL
2026-09-22 04:43:00 | WARD_B_TEMP_01 | 35.0 | CRITICAL
2026-09-22 04:43:00 | WARD_B_TEMP_02 | 38.7 | CRITICAL
2026-09-22 04:43:00 | WARD_B_TEMP_03 | 39.1 | CRITICAL
2026-09-22 04:43:00 | WARD_B_TEMP_04 | 36.0 | NORMAL
2026-09-22 04:43:00 | WARD_B_TEMP_05 | 37.2 | NORMAL
2026-09-22 04:43:01 | WARD_B_TEMP_01 | 37.3 | NORMAL
2026-09-22 04:43:01 | WARD_B_TEMP_02 | 36.4 | NORMAL
2026-09-22 04:43:01 | WARD_B_TEMP_03 | 36.6 | NORMAL
2026-09-22 04:43:01 | WARD_B_TEMP_04 | 34.7 | CRITICAL
2026-09-22 04:43:01 | WARD_B_TEMP_05 | 36.6 | NORMAL
2026-09-22 04:43:02 | WARD_B_TEMP_01 | 38.4 | CRITICAL
2026-09-22 04:43:02 | WARD_B_TEMP_02 | 36.6 | NORMAL
2026-09-22 04:43:02 | WARD_B_TEMP_03 | 39.2 | CRITICAL
2026-09-22 04:43:02 | WARD_B_TEMP_04 | 40.2 | CRITICAL
2026-09-22 04:43:02 | WARD_B_TEMP_05 | 35.2 | CRITICAL
2026-09-22 04:43:03 | WARD_B_TEMP_01 | 36.6 | NORMAL
2026-09-22 04:43:03 | WARD_B_TEMP_02 | 37.2 | NORMAL
2026-09-22 04:43:03 | WARD_B_TEMP_03 | 38.3 | CRITICAL
2026-09-22 04:43:03 | WARD_B_TEMP_04 | 35.4 | CRITICAL
2026-09-22 04:43:03 | WARD_B_TEMP_05 | 35.0 | CRITICAL
2026-09-22 04:43:04 | WARD_B_TEMP_01 | 37.0 | NORMAL
2026-09-22 04:43:04 | WARD_B_TEMP_02 | 40.0 | CRITICAL
2026-09-22 04:43:04 | WARD_B_TEMP_03 | 35.1 | CRITICAL
2026-09-22 04:43:04 | WARD_B_TEMP_04 | 35.8 | NORMAL
2026-09-22 04:43:04 | WARD_B_TEMP_05 | 37.1 | NORMAL
2026-09-22 04:43:05 | WARD_B_TEMP_01 | 35.2 | CRITICAL
2026-09-22 04:43:05 | WARD_B_TEMP_02 | 36.8 | NORMAL
2026-09-22 04:43:05 | WARD_B_TEMP_03 | 39.4 | CRITICAL
2026-09-22 04:43:05 | WARD_B_TEMP_04 | 39.0 | CRITICAL
2026-09-22 04:43:05 | WARD_B_TEMP_05 | 34.6 | CRITICAL
2026-09-22 04:43:06 | WARD_B_TEMP_01 | 35.0 | CRITICAL
2026-09-22 04:43:06 | WARD_B_TEMP_02 | 34.8 | CRITICAL
2026-09-22 04:43:06 | WARD_B_TEMP_03 | 39.3 | CRITICAL
2026-09-22 04:43:06 | WARD_B_TEMP_04 | 34.9 | CRITICAL
2026-09-22 04:43:06 | WARD_B_TEMP_05 | 37.3 | NORMAL
2026-09-22 04:43:07 | WARD_B_TEMP_01 | 37.0 | NORMAL
2026-09-22 04:43:07 | WARD_B_TEMP_02 | 37.6 | WARNING
2026-09-22 04:43:07 | WARD_B_TEMP_03 | 34.9 | CRITICAL
2026-09-22 04:43:07 | WARD_B_TEMP_04 | 39.6 | CRITICAL
2026-09-22 04:43:07 | WARD_B_TEMP_05 | 35.8 | NORMAL
2026-09-22 04:43:08 | WARD_B_TEMP_01 | 36.8 | NORMAL
2026-09-22 04:43:08 | WARD_B_TEMP_02 | 38.2 | CRITICAL
2026-09-22 04:43:08 | WARD_B_TEMP_03 | 39.2 | CRITICAL
2026-09-22 04:43:08 | WARD_B_TEMP_04 | 40.2 | CRITICAL
2026-09-22 04:43:08 | WARD_B_TEMP_05 | 38.6 | CRITICAL
2026-09-22 04:43:09 | WARD_B_TEMP_01 | 38.4 | CRITICAL
2026-09-22 04:43:09 | WARD_B_TEMP_02 | 37.7 | WARNING
2026-09-22 04:43:09 | WARD_B_TEMP_03 | 35.7 | NORMAL
2026-09-22 04:43:09 | WARD_B_TEMP_04 | 37.8 | WARNING
2026-09-22 04:43:09 | WARD_B_TEMP_05 | 34.6 | CRITICAL
2026-09-22 04:43:10 | WARD_B_TEMP_01 | 37.9 | WARNING
2026-09-22 04:43:10 | WARD_B_TEMP_02 | 38.8 | CRITICAL
2026-09-22 04:43:10 | WARD_B_TEMP_03 | 36.9 | NORMAL
2026-09-22 04:43:10 | WARD_B_TEMP_04 | 35.8 | NORMAL
2026-09-22 04:43:10 | WARD_B_TEMP_05 | 38.3 | CRITICAL
2026-09-22 04:43:11 | WARD_B_TEMP_01 | 39.9 | CRITICAL
2026-09-22 04:43:11 | WARD_B_TEMP_02 | 34.7 | CRITICAL
2026-09-22 04:43:11 | WARD_B_TEMP_03 | 37.3 | NORMAL
2026-09-22 04:43:11 | WARD_B_TEMP_04 | 40.1 | CRITICAL
2026-09-22 04:43:11 | WARD_B_TEMP_05 | 37.2 | NORMAL
2026-09-22 04:43:12 | WARD_B_TEMP_01 | 35.1 | CRITICAL
2026-09-22 04:43:12 | WARD_B_TEMP_02 | 36.6 | NORMAL
2026-09-22 04:43:12 | WARD_B_TEMP_03 | 38.6 | CRITICAL
2026-09-22 04:43:12 | WARD_B_TEMP_04 | 39.3 | CRITICAL
2026-09-22 04:43:12 | WARD_B_TEMP_05 | 36.4 | NORMAL
2026-09-22 04:43:13 | WARD_B_TEMP_01 | 35.1 | CRITICAL
2026-09-22 04:43:13 | WARD_B_TEMP_02 | 36.2 | NORMAL
2026-09-22 04:43:13 | WARD_B_TEMP_03 | 36.9 | NORMAL
2026-09-22 04:43:13 | WARD_B_TEMP_04 | 35.3 | CRITICAL
2026-09-22 04:43:13 | WARD_B_TEMP_05 | 38.5 | CRITICAL
2026-09-22 04:43:14 | WARD_B_TEMP_01 | 39.7 | CRITICAL
2026-09-22 04:43:14 | WARD_B_TEMP_02 | 39.8 | CRITICAL
2026-09-22 04:43:14 | WARD_B_TEMP_03 | 34.5 | CRITICAL
2026-09-22 04:43:14 | WARD_B_TEMP_04 | 36.5 | NORMAL
2026-09-22 04:43:14 | WARD_B_TEMP_05 | 35.4 | CRITICAL
2026-09-22 04:43:15 | WARD_B_TEMP_01 | 38.5 | CRITICAL
2026-09-22 04:43:15 | WARD_B_TEMP_02 | 37.1 | NORMAL
2026-09-22 04:43:15 | WARD_B_TEMP_03 | 38.2 | CRITICAL
2026-09-22 04:43:15 | WARD_B_TEMP_04 | 39.3 | CRITICAL
2026-09-22 04:43:15 | WARD_B_TEMP_05 | 39.0 | CRITICAL
2026-09-22 04:43:16 | WARD_B_TEMP_01 | 36.7 | NORMAL
2026-09-22 04:43:16 | WARD_B_TEMP_02 | 35.7 | NORMAL
2026-09-22 04:43:16 | WARD_B_TEMP_03 | 36.0 | NORMAL
2026-09-22 04:43:16 | WARD_B_TEMP_04 | 37.2 | NORMAL
2026-09-22 04:43:16 | WARD_B_TEMP_05 | 40.1 | CRITICAL
2026-09-22 04:43:17 | WARD_B_TEMP_01 | 36.3 | NORMAL
2026-09-22 04:43:17 | WARD_B_TEMP_02 | 37.5 | WARNING
2026-09-22 04:43:17 | WARD_B_TEMP_03 | 36.4 | NORMAL
2026-09-22 04:43:17 | WARD_B_TEMP_04 | 35.8 | NORMAL
2026-09-22 04:43:17 | WARD_B_TEMP_05 | 36.0 | NORMAL
2026-09-22 04:43:18 | WARD_B_TEMP_01 | 34.7 | CRITICAL
2026-09-22 04:43:18 | WARD_B_TEMP_02 | 40.1 | CRITICAL
2026-09-22 04:43:18 | WARD_B_TEMP_03 | 34.6 | CRITICAL
2026-09-22 04:43:18 | WARD_B_TEMP_04 | 37.4 | NORMAL
2026-09-22 04:43:18 | WARD_B_TEMP_05 | 35.8 | NORMAL
2026-09-22 04:43:19 | WARD_B_TEMP_01 | 40.3 | CRITICAL
2026-09-22 04:43:19 | WARD_B_TEMP_02 | 37.5 | WARNING
2026-09-22 04:43:19 | WARD_B_TEMP_03 | 39.2 | CRITICAL
2026-09-22 04:43:19 | WARD_B_TEMP_04 | 36.8 | NORMAL
2026-09-22 04:43:19 | WARD_B_TEMP_05 | 34.6 | CRITICAL
2026-09-22 04:43:20 | WARD_B_TEMP_01 | 35.7 | NORMAL
2026-09-22 04:43:20 | WARD_B_TEMP_02 | 37.2 | NORMAL
2026-09-22 04:43:20 | WARD_B_TEMP_03 | 39.0 | CRITICAL
2026-09-22 04:43:20 | WARD_B_TEMP_04 | 38.6 | CRITICAL
2026-09-22 04:43:20 | WARD_B_TEMP_05 | 39.2 | CRITICAL
2026-09-22 04:43:21 | WARD_B_TEMP_01 | 35.3 | CRITICAL
2026-09-22 04:43:21 | WARD_B_TEMP_02 | 34.9 | CRITICAL
2026-09-22 04:43:21 | WARD_B_TEMP_03 | 36.3 | NORMAL
2026-09-22 04:43:21 | WARD_B_TEMP_04 | 37.0 | NORMAL
2026-09-22 04:43:21 | WARD_B_TEMP_05 | 35.4 | CRITICAL
2026-09-22 04:43:22 | WARD_B_TEMP_01 | 35.4 | CRITICAL
2026-09-22 04:43:22 | WARD_B_TEMP_02 | 35.2 | CRITICAL
2026-09-22 04:43:22 | WARD_B_TEMP_03 | 35.5 | NORMAL
2026-09-22 04:43:22 | WARD_B_TEMP_04 | 40.0 | CRITICAL
2026-09-22 04:43:22 | WARD_B_TEMP_05 | 35.1 | CRITICAL
2026-09-22 04:43:23 | WARD_B_TEMP_01 | 40.0 | CRITICAL
2026-09-22 04:43:23 | WARD_B_TEMP_02 | 39.2 | CRITICAL
2026-09-22 04:43:23 | WARD_B_TEMP_03 | 40.4 | CRITICAL
2026-09-22 04:43:23 | WARD_B_TEMP_04 | 39.8 | CRITICAL
2026-09-22 04:43:23 | WARD_B_TEMP_05 | 37.0 | NORMAL
2026-09-22 04:43:24 | WARD_B_TEMP_01 | 37.7 | WARNING
2026-09-22 04:43:24 | WARD_B_TEMP_02 | 37.9 | WARNING
2026-09-22 04:43:24 | WARD_B_TEMP_03 | 39.4 | CRITICAL
2026-09-22 04:43:24 | WARD_B_TEMP_04 | 36.6 | NORMAL
2026-09-22 04:43:24 | WARD_B_TEMP_05 | 38.8 | CRITICAL
2026-09-22 04:43:25 | WARD_B_TEMP_01 | 34.7 | CRITICAL
2026-09-22 04:43:25 | WARD_B_TEMP_02 | 35.3 | CRITICAL
2026-09-22 04:43:25 | WARD_B_TEMP_03 | 39.6 | CRITICAL
2026-09-22 04:43:25 | WARD_B_TEMP_04 | 40.1 | CRITICAL
2026-09-22 04:43:25 | WARD_B_TEMP_05 | 40.4 | CRITICAL
2026-09-22 04:43:26 | WARD_B_TEMP_01 | 34.9 | CRITICAL
2026-09-22 04:43:26 | WARD_B_TEMP_02 | 40.4 | CRITICAL
2026-09-22 04:43:26 | WARD_B_TEMP_03 | 35.4 | CRITICAL
2026-09-22 04:43:26 | WARD_B_TEMP_04 | 36.0 | NORMAL
2026-09-22 04:43:26 | WARD_B_TEMP_05 | 37.0 | NORMAL
2026-09-22 04:43:27 | WARD_B_TEMP_01 | 35.3 | CRITICAL
2026-09-22 04:43:27 | WARD_B_TEMP_02 | 36.4 | NORMAL
2026-09-22 04:43:27 | WARD_B_TEMP_03 | 39.6 | CRITICAL
2026-09-22 04:43:27 | WARD_B_TEMP_04 | 36.0 | NORMAL
2026-09-22 04:43:27 | WARD_B_TEMP_05 | 35.3 | CRITICAL
2026-09-22 04:43:28 | WARD_B_TEMP_01 | 40.5 | CRITICAL
2026-09-22 04:43:28 | WARD_B_TEMP_02 | 34.5 | CRITICAL
2026-09-22 04:43:28 | WARD_B_TEMP_03 | 39.6 | CRITICAL
2026-09-22 04:43:28 | WARD_B_TEMP_04 | 38.4 | CRITICAL
2026-09-22 04:43:28 | WARD_B_TEMP_05 | 39.9 | CRITICAL
2026-09-22 04:43:29 | WARD_B_TEMP_01 | 38.0 | WARNING
2026-09-22 04:43:29 | WARD_B_TEMP_02 | 39.3 | CRITICAL
2026-09-22 04:43:29 | WARD_B_TEMP_03 | 37.3 | NORMAL
2026-09-22 04:43:29 | WARD_B_TEMP_04 | 36.4 | NORMAL
2026-09-22 04:43:29 | WARD_B_TEMP_05 | 36.6 | NORMAL
2026-09-22 04:43:30 | WARD_B_TEMP_01 | 40.2 | CRITICAL
2026-09-22 04:43:30 | WARD_B_TEMP_02 | 34.9 | CRITICAL
2026-09-22 04:43:30 | WARD_B_TEMP_03 | 39.8 | CRITICAL
2026-09-22 04:43:30 | WARD_B_TEMP_04 | 37.9 | WARNING
2026-09-22 04:43:30 | WARD_B_TEMP_05 | 39.2 | CRITICAL
2026-09-22 04:43:31 | WARD_B_TEMP_01 | 35.9 | NORMAL
2026-09-22 04:43:31 | WARD_B_TEMP_02 | 37.9 | WARNING
2026-09-22 04:43:31 | WARD_B_TEMP_03 | 35.0 | CRITICAL
2026-09-22 04:43:31 | WARD_B_TEMP_04 | 39.0 | CRITICAL
2026-09-22 04:43:31 | WARD_B_TEMP_05 | 38.5 | CRITICAL
2026-09-22 04:43:32 | WARD_B_TEMP_01 | 39.3 | CRITICAL
2026-09-22 04:43:32 | WARD_B_TEMP_02 | 37.6 | WARNING
2026-09-22 04:43:32 | WARD_B_TEMP_03 | 37.8 | WARNING
2026-09-22 04:43:32 | WARD_B_TEMP_04 | 36.9 | NORMAL
2026-09-22 04:43:32 | WARD_B_TEMP_05 | 38.5 | CRITICAL
2026-09-22 04:43:33 | WARD_B_TEMP_01 | 34.9 | CRITICAL
2026-09-22 04:43:33 | WARD_B_TEMP_02 | 37.2 | NORMAL
2026-09-22 04:43:33 | WARD_B_TEMP_03 | 39.7 | CRITICAL
2026-09-22 04:43:33 | WARD_B_TEMP_04 | 38.1 | CRITICAL
2026-09-22 04:43:33 | WARD_B_TEMP_05 | 37.9 | WARNING
2026-09-22 04:43:34 | WARD_B_TEMP_01 | 40.4 | CRITICAL
2026-09-22 04:43:34 | WARD_B_TEMP_02 | 36.3 | NORMAL
2026-09-22 04:43:34 | WARD_B_TEMP_03 | 37.5 | WARNING
2026-09-22 04:43:34 | WARD_B_TEMP_04 | 35.4 | CRITICAL
2026-09-22 04:43:34 | WARD_B_TEMP_05 | 39.6 | CRITICAL
2026-09-22 04:43:35 | WARD_B_TEMP_01 | 36.5 | NORMAL
2026-09-22 04:43:35 | WARD_B_TEMP_02 | 36.9 | NORMAL
2026-09-22 04:43:35 | WARD_B_TEMP_03 | 37.1 | NORMAL
2026-09-22 04:43:35 | WARD_B_TEMP_04 | 39.6 | CRITICAL
2026-09-22 04:43:35 | WARD_B_TEMP_05 | 35.3 | CRITICAL
2026-09-22 04:43:36 | WARD_B_TEMP_01 | 35.9 | NORMAL
2026-09-22 04:43:36 | WARD_B_TEMP_02 | 36.6 | NORMAL
2026-09-22 04:43:36 | WARD_B_TEMP_03 | 39.3 | CRITICAL
2026-09-22 04:43:36 | WARD_B_TEMP_04 | 40.3 | CRITICAL
2026-09-22 04:43:36 | WARD_B_TEMP_05 | 38.2 | CRITICAL
2026-09-22 04:43:37 | WARD_B_TEMP_01 | 36.9 | NORMAL
2026-09-22 04:43:37 | WARD_B_TEMP_02 | 36.0 | NORMAL
2026-09-22 04:43:37 | WARD_B_TEMP_03 | 39.5 | CRITICAL
2026-09-22 04:43:37 | WARD_B_TEMP_04 | 36.6 | NORMAL
2026-09-22 04:43:37 | WARD_B_TEMP_05 | 36.7 | NORMAL
2026-09-22 04:43:38 | WARD_B_TEMP_01 | 38.7 | CRITICAL
2026-09-22 04:43:38 | WARD_B_TEMP_02 | 40.2 | CRITICAL
2026-09-22 04:43:38 | WARD_B_TEMP_03 | 38.6 | CRITICAL
2026-09-22 04:43:38 | WARD_B_TEMP_04 | 39.7 | CRITICAL
2026-09-22 04:43:38 | WARD_B_TEMP_05 | 38.0 | WARNING
2026-09-22 04:43:39 | WARD_B_TEMP_01 | 38.7 | CRITICAL
2026-09-22 04:43:39 | WARD_B_TEMP_02 | 36.6 | NORMAL
2026-09-22 04:43:39 | WARD_B_TEMP_03 | 39.5 | CRITICAL
2026-09-22 04:43:39 | WARD_B_TEMP_04 | 34.9 | CRITICAL
2026-09-22 04:43:39 | WARD_B_TEMP_05 | 36.2 | NORMAL
2026-09-22 04:43:40 | WARD_B_TEMP_01 | 36.0 | NORMAL
2026-09-22 04:43:40 | WARD_B_TEMP_02 | 35.1 | CRITICAL
2026-09-22 04:43:40 | WARD_B_TEMP_03 | 37.9 | WARNING
2026-09-22 04:43:40 | WARD_B_TEMP_04 | 36.3 | NORMAL
2026-09-22 04:43:40 | WARD_B_TEMP_05 | 40.3 | CRITICAL
2026-09-22 04:43:41 | WARD_B_TEMP_01 | 34.5 | CRITICAL
2026-09-22 04:43:41 | WARD_B_TEMP_02 | 36.7 | NORMAL
2026-09-22 04:43:41 | WARD_B_TEMP_03 | 35.3 | CRITICAL
2026-09-22 04:43:41 | WARD_B_TEMP_04 | 36.5 | NORMAL
2026-09-22 04:43:41 | WARD_B_TEMP_05 | 36.4 | NORMAL
2026-09-22 04:43:42 | WARD_B_TEMP_01 | 39.3 | CRITICAL
2026-09-22 04:43:42 | WARD_B_TEMP_02 | 38.2 | CRITICAL
2026-09-22 04:43:42 | WARD_B_TEMP_03 | 39.8 | CRITICAL
2026-09-22 04:43:42 | WARD_B_TEMP_04 | 38.8 | CRITICAL
2026-09-22 04:43:42 | WARD_B_TEMP_05 | 37.1 | NORMAL
2026-09-22 04:43:43 | WARD_B_TEMP_01 | 34.8 | CRITICAL
2026-09-22 04:43:43 | WARD_B_TEMP_02 | 34.7 | CRITICAL
2026-09-22 04:43:43 | WARD_B_TEMP_03 | 37.9 | WARNING
2026-09-22 04:43:43 | WARD_B_TEMP_04 | 36.9 | NORMAL
2026-09-22 04:43:43 | WARD_B_TEMP_05 | 37.7 | WARNING
2026-09-22 04:43:44 | WARD_B_TEMP_01 | 39.4 | CRITICAL
2026-09-22 04:43:44 | WARD_B_TEMP_02 | 36.3 | NORMAL
2026-09-22 04:43:44 | WARD_B_TEMP_03 | 38.8 | CRITICAL
2026-09-22 04:43:44 | WARD_B_TEMP_04 | 38.4 | CRITICAL
2026-09-22 04:43:44 | WARD_B_TEMP_05 | 34.8 | CRITICAL
2026-09-22 04:43:45 | WARD_B_TEMP_01 | 39.3 | CRITICAL
2026-09-22 04:43:45 | WARD_B_TEMP_02 | 40.3 | CRITICAL
2026-09-22 04:43:45 | WARD_B_TEMP_03 | 35.6 | NORMAL
2026-09-22 04:43:45 | WARD_B_TEMP_04 | 39.0 | CRITICAL
2026-09-22 04:43:45 | WARD_B_TEMP_05 | 35.6 | NORMAL
2026-09-22 04:43:46 | WARD_B_TEMP_01 | 40.4 | CRITICAL
2026-09-22 04:43:46 | WARD_B_TEMP_02 | 39.8 | CRITICAL
2026-09-22 04:43:46 | WARD_B_TEMP_03 | 38.1 | CRITICAL
2026-09-22 04:43:46 | WARD_B_TEMP_04 | 35.1 | CRITICAL
2026-09-22 04:43:46 | WARD_B_TEMP_05 | 34.6 | CRITICAL
2026-09-22 04:43:47 | WARD_B_TEMP_01 | 35.2 | CRITICAL
2026-09-22 04:43:47 | WARD_B_TEMP_02 | 36.0 | NORMAL
2026-09-22 04:43:47 | WARD_B_TEMP_03 | 38.5 | CRITICAL
2026-09-22 04:43:47 | WARD_B_TEMP_04 | 40.0 | CRITICAL
2026-09-22 04:43:47 | WARD_B_TEMP_05 | 35.8 | NORMAL
2026-09-22 04:43:48 | WARD_B_TEMP_01 | 37.4 | NORMAL
2026-09-22 04:43:48 | WARD_B_TEMP_02 | 39.6 | CRITICAL
2026-09-22 04:43:48 | WARD_B_TEMP_03 | 37.5 | WARNING
2026-09-22 04:43:48 | WARD_B_TEMP_04 | 36.6 | NORMAL
2026-09-22 04:43:48 | WARD_B_TEMP_05 | 34.9 | CRITICAL
2026-09-22 04:43:49 | WARD_B_TEMP_01 | 38.7 | CRITICAL
2026-09-22 04:43:49 | WARD_B_TEMP_02 | 36.3 | NORMAL
2026-09-22 04:43:49 | WARD_B_TEMP_03 | 39.7 | CRITICAL
2026-09-22 04:43:49 | WARD_B_TEMP_04 | 35.2 | CRITICAL
2026-09-22 04:43:49 | WARD_B_TEMP_05 | 35.6 | NORMAL
2026-09-22 04:43:50 | WARD_B_TEMP_01 | 35.4 | CRITICAL
2026-09-22 04:43:50 | WARD_B_TEMP_02 | 37.8 | WARNING
2026-09-22 04:43:50 | WARD_B_TEMP_03 | 35.9 | NORMAL
2026-09-22 04:43:50 | WARD_B_TEMP_04 | 40.1 | CRITICAL
2026-09-22 04:43:50 | WARD_B_TEMP_05 | 36.5 | NORMAL
2026-09-22 04:43:51 | WARD_B_TEMP_01 | 35.2 | CRITICAL
2026-09-22 04:43:51 | WARD_B_TEMP_02 | 39.1 | CRITICAL
2026-09-22 04:43:51 | WARD_B_TEMP_03 | 34.9 | CRITICAL
2026-09-22 04:43:51 | WARD_B_TEMP_04 | 36.2 | NORMAL
2026-09-22 04:43:51 | WARD_B_TEMP_05 | 40.0 | CRITICAL
2026-09-22 04:43:52 | WARD_B_TEMP_01 | 40.3 | CRITICAL
2026-09-22 04:43:52 | WARD_B_TEMP_02 | 38.4 | CRITICAL
2026-09-22 04:43:52 | WARD_B_TEMP_03 | 34.6 | CRITICAL
2026-09-22 04:43:52 | WARD_B_TEMP_04 | 36.5 | NORMAL
2026-09-22 04:43:52 | WARD_B_TEMP_05 | 34.5 | CRITICAL
2026-09-22 04:43:53 | WARD_B_TEMP_01 | 34.8 | CRITICAL
2026-09-22 04:43:53 | WARD_B_TEMP_02 | 40.4 | CRITICAL
2026-09-22 04:43:53 | WARD_B_TEMP_03 | 38.1 | CRITICAL
2026-09-22 04:43:53 | WARD_B_TEMP_04 | 40.4 | CRITICAL
2026-09-22 04:43:53 | WARD_B_TEMP_05 | 39.1 | CRITICAL
2026-09-22 04:43:54 | WARD_B_TEMP_01 | 38.6 | CRITICAL
2026-09-22 04:43:54 | WARD_B_TEMP_02 | 35.3 | CRITICAL
2026-09-22 04:43:54 | WARD_B_TEMP_03 | 34.8 | CRITICAL
2026-09-22 04:43:54 | WARD_B_TEMP_04 | 34.8 | CRITICAL
2026-09-22 04:43:54 | WARD_B_TEMP_05 | 34.7 | CRITICAL
2026-09-22 04:43:55 | WARD_B_TEMP_01 | 38.0 | WARNING
2026-09-22 04:43:55 | WARD_B_TEMP_02 | 37.8 | WARNING
2026-09-22 04:43:55 | WARD_B_TEMP_03 | 36.8 | NORMAL
2026-09-22 04:43:55 | WARD_B_TEMP_04 | 38.6 | CRITICAL
2026-09-22 04:43:55 | WARD_B_TEMP_05 | 37.6 | WARNING
2026-09-22 04:43:56 | WARD_B_TEMP_01 | 38.1 | CRITICAL
2026-09-22 04:43:56 | WARD_B_TEMP_02 | 37.9 | WARNING
2026-09-22 04:43:56 | WARD_B_TEMP_03 | 35.5 | NORMAL
2026-09-22 04:43:56 | WARD_B_TEMP_04 | 38.0 | WARNING
2026-09-22 04:43:56 | WARD_B_TEMP_05 | 37.0 | NORMAL
2026-09-22 04:43:57 | WARD_B_TEMP_01 | 39.3 | CRITICAL
2026-09-22 04:43:57 | WARD_B_TEMP_02 | 35.4 | CRITICAL
2026-09-22 04:43:57 | WARD_B_TEMP_03 | 38.1 | CRITICAL
2026-09-22 04:43:57 | WARD_B_TEMP_04 | 39.8 | CRITICAL
2026-09-22 04:43:57 | WARD_B_TEMP_05 | 40.1 | CRITICAL
2026-09-22 04:43:58 | WARD_B_TEMP_01 | 36.6 | NORMAL
2026-09-22 04:43:58 | WARD_B_TEMP_02 | 40.3 | CRITICAL
2026-09-22 04:43:58 | WARD_B_TEMP_03 | 39.0 | CRITICAL
2026-09-22 04:43:58 | WARD_B_TEMP_04 | 39.8 | CRITICAL
2026-09-22 04:43:58 | WARD_B_TEMP_05 | 37.6 | WARNING
2026-09-22 04:43:59 | WARD_B_TEMP_01 | 34.9 | CRITICAL
2026-09-22 04:43:59 | WARD_B_TEMP_02 | 39.3 | CRITICAL
2026-09-22 04:43:59 | WARD_B_TEMP_03 | 40.3 | CRITICAL
2026-09-22 04:43:59 | WARD_B_TEMP_04 | 39.0 | CRITICAL
2026-09-22 04:43:59 | WARD_B_TEMP_05 | 34.9 | CRITICAL
2026-09-22 04:44:00 | WARD_B_TEMP_01 | 37.6 | WARNING
2026-09-22 04:44:00 | WARD_B_TEMP_02 | 39.1 | CRITICAL
2026-09-22 04:44:00 | WARD_B_TEMP_03 | 38.8 | CRITICAL
2026-09-22 04:44:00 | WARD_B_TEMP_04 | 39.0 | CRITICAL
2026-09-22 04:44:00 | WARD_B_TEMP_05 | 36.6 | NORMAL
2026-09-22 04:44:01 | WARD_B_TEMP_01 | 37.2 | NORMAL
2026-09-22 04:44:01 | WARD_B_TEMP_02 | 35.5 | NORMAL
2026-09-22 04:44:01 | WARD_B_TEMP_03 | 36.3 | NORMAL
2026-09-22 04:44:01 | WARD_B_TEMP_04 | 38.9 | CRITICAL
2026-09-22 04:44:01 | WARD_B_TEMP_05 | 36.4 | NORMAL
2026-09-22 04:44:02 | WARD_B_TEMP_01 | 39.1 | CRITICAL
2026-09-22 04:44:02 | WARD_B_TEMP_02 | 39.7 | CRITICAL
2026-09-22 04:44:02 | WARD_B_TEMP_03 | 36.1 | NORMAL
2026-09-22 04:44:02 | WARD_B_TEMP_04 | 38.4 | CRITICAL
2026-09-22 04:44:02 | WARD_B_TEMP_05 | 39.9 | CRITICAL
2026-09-22 04:44:03 | WARD_B_TEMP_01 | 34.8 | CRITICAL
2026-09-22 04:44:03 | WARD_B_TEMP_02 | 38.5 | CRITICAL
2026-09-22 04:44:03 | WARD_B_TEMP_03 | 40.1 | CRITICAL
2026-09-22 04:44:03 | WARD_B_TEMP_04 | 36.0 | NORMAL
2026-09-22 04:44:03 | WARD_B_TEMP_05 | 34.5 | CRITICAL
2026-09-22 04:44:04 | WARD_B_TEMP_01 | 36.8 | NORMAL
2026-09-22 04:44:04 | WARD_B_TEMP_02 | 37.5 | WARNING
2026-09-22 04:44:04 | WARD_B_TEMP_03 | 39.3 | CRITICAL
2026-09-22 04:44:04 | WARD_B_TEMP_04 | 39.1 | CRITICAL
2026-09-22 04:44:04 | WARD_B_TEMP_05 | 36.0 | NORMAL
2026-09-22 04:44:05 | WARD_B_TEMP_01 | 34.8 | CRITICAL
2026-09-22 04:44:05 | WARD_B_TEMP_02 | 35.2 | CRITICAL
2026-09-22 04:44:05 | WARD_B_TEMP_03 | 37.9 | WARNING
2026-09-22 04:44:05 | WARD_B_TEMP_04 | 37.4 | NORMAL
2026-09-22 04:44:05 | WARD_B_TEMP_05 | 35.4 | CRITICAL
2026-09-22 04:44:06 | WARD_B_TEMP_01 | 35.7 | NORMAL
2026-09-22 04:44:06 | WARD_B_TEMP_02 | 37.9 | WARNING
2026-09-22 04:44:06 | WARD_B_TEMP_03 | 37.4 | NORMAL
2026-09-22 04:44:06 | WARD_B_TEMP_04 | 36.5 | NORMAL
2026-09-22 04:44:06 | WARD_B_TEMP_05 | 34.7 | CRITICAL
2026-09-22 04:44:07 | WARD_B_TEMP_01 | 36.3 | NORMAL
2026-09-22 04:44:07 | WARD_B_TEMP_02 | 40.0 | CRITICAL
2026-09-22 04:44:07 | WARD_B_TEMP_03 | 35.7 | NORMAL
2026-09-22 04:44:07 | WARD_B_TEMP_04 | 38.2 | CRITICAL
2026-09-22 04:44:07 | WARD_B_TEMP_05 | 38.6 | CRITICAL
2026-09-22 04:44:08 | WARD_B_TEMP_01 | 35.5 | NORMAL
2026-09-22 04:44:08 | WARD_B_TEMP_02 | 39.4 | CRITICAL
2026-09-22 04:44:08 | WARD_B_TEMP_03 | 35.5 | NORMAL
2026-09-22 04:44:08 | WARD_B_TEMP_04 | 35.4 | CRITICAL
2026-09-22 04:44:08 | WARD_B_TEMP_05 | 39.2 | CRITICAL
2026-09-22 04:44:09 | WARD_B_TEMP_01 | 37.8 | WARNING
2026-09-22 04:44:09 | WARD_B_TEMP_02 | 35.1 | CRITICAL
2026-09-22 04:44:09 | WARD_B_TEMP_03 | 36.5 | NORMAL
2026-09-22 04:44:09 | WARD_B_TEMP_04 | 36.7 | NORMAL
2026-09-22 04:44:09 | WARD_B_TEMP_05 | 35.7 | NORMAL
2026-09-22 04:44:10 | WARD_B_TEMP_01 | 35.0 | CRITICAL
2026-09-22 04:44:10 | WARD_B_TEMP_02 | 39.7 | CRITICAL
2026-09-22 04:44:10 | WARD_B_TEMP_03 | 35.2 | CRITICAL
2026-09-22 04:44:10 | WARD_B_TEMP_04 | 38.5 | CRITICAL
2026-09-22 04:44:10 | WARD_B_TEMP_05 | 37.9 | WARNING
2026-09-22 04:44:11 | WARD_B_TEMP_01 | 36.8 | NORMAL
2026-09-22 04:44:11 | WARD_B_TEMP_02 | 39.3 | CRITICAL
2026-09-22 04:44:11 | WARD_B_TEMP_03 | 36.1 | NORMAL
2026-09-22 04:44:11 | WARD_B_TEMP_04 | 39.1 | CRITICAL
2026-09-22 04:44:11 | WARD_B_TEMP_05 | 37.7 | WARNING
2026-09-22 04:44:12 | WARD_B_TEMP_01 | 36.1 | NORMAL
2026-09-22 04:44:12 | WARD_B_TEMP_02 | 35.2 | CRITICAL
2026-09-22 04:44:12 | WARD_B_TEMP_03 | 37.2 | NORMAL
2026-09-22 04:44:12 | WARD_B_TEMP_04 | 34.9 | CRITICAL
2026-09-22 04:44:12 | WARD_B_TEMP_05 | 36.3 | NORMAL
2026-09-22 04:44:13 | WARD_B_TEMP_01 | 36.5 | NORMAL
2026-09-22 04:44:13 | WARD_B_TEMP_02 | 35.3 | CRITICAL
2026-09-22 04:44:13 | WARD_B_TEMP_03 | 34.6 | CRITICAL
2026-09-22 04:44:13 | WARD_B_TEMP_04 | 40.0 | CRITICAL
2026-09-22 04:44:13 | WARD_B_TEMP_05 | 38.5 | CRITICAL
2026-09-22 04:44:14 | WARD_B_TEMP_01 | 40.1 | CRITICAL
2026-09-22 04:44:14 | WARD_B_TEMP_02 | 36.1 | NORMAL
2026-09-22 04:44:14 | WARD_B_TEMP_03 | 37.1 | NORMAL
2026-09-22 04:44:14 | WARD_B_TEMP_04 | 36.0 | NORMAL
2026-09-22 04:44:14 | WARD_B_TEMP_05 | 36.3 | NORMAL
2026-09-22 04:44:15 | WARD_B_TEMP_01 | 35.2 | CRITICAL
2026-09-22 04:44:15 | WARD_B_TEMP_02 | 38.9 | CRITICAL
2026-09-22 04:44:15 | WARD_B_TEMP_03 | 39.7 | CRITICAL
2026-09-22 04:44:15 | WARD_B_TEMP_04 | 40.3 | CRITICAL
2026-09-22 04:44:15 | WARD_B_TEMP_05 | 37.4 | NORMAL
2026-09-22 04:44:16 | WARD_B_TEMP_01 | 36.6 | NORMAL
2026-09-22 04:44:16 | WARD_B_TEMP_02 | 36.8 | NORMAL
2026-09-22 04:44:16 | WARD_B_TEMP_03 | 36.0 | NORMAL
2026-09-22 04:44:16 | WARD_B_TEMP_04 | 36.9 | NORMAL
2026-09-22 04:44:16 | WARD_B_TEMP_05 | 39.5 | CRITICAL
2026-09-22 04:44:17 | WARD_B_TEMP_01 | 39.9 | CRITICAL
2026-09-22 04:44:17 | WARD_B_TEMP_02 | 39.2 | CRITICAL
2026-09-22 04:44:17 | WARD_B_TEMP_03 | 40.3 | CRITICAL
2026-09-22 04:44:17 | WARD_B_TEMP_04 | 34.9 | CRITICAL
2026-09-22 04:44:17 | WARD_B_TEMP_05 | 35.6 | NORMAL
2026-09-22 04:44:18 | WARD_B_TEMP_01 | 38.2 | CRITICAL
2026-09-22 04:44:18 | WARD_B_TEMP_02 | 38.2 | CRITICAL
2026-09-22 04:44:18 | WARD_B_TEMP_03 | 34.6 | CRITICAL
2026-09-22 04:44:18 | WARD_B_TEMP_04 | 38.3 | CRITICAL
2026-09-22 04:44:18 | WARD_B_TEMP_05 | 39.3 | CRITICAL
2026-09-22 04:44:19 | WARD_B_TEMP_01 | 35.9 | NORMAL
2026-09-22 04:44:19 | WARD_B_TEMP_02 | 39.6 | CRITICAL
2026-09-22 04:44:19 | WARD_B_TEMP_03 | 38.2 | CRITICAL
2026-09-22 04:44:19 | WARD_B_TEMP_04 | 35.7 | NORMAL
2026-09-22 04:44:19 | WARD_B_TEMP_05 | 34.6 | CRITICAL
2026-09-22 04:44:20 | WARD_B_TEMP_01 | 35.0 | CRITICAL
2026-09-22 04:44:20 | WARD_B_TEMP_02 | 35.2 | CRITICAL
2026-09-22 04:44:20 | WARD_B_TEMP_03 | 36.2 | NORMAL
2026-09-22 04:44:20 | WARD_B_TEMP_04 | 39.9 | CRITICAL
2026-09-22 04:44:20 | WARD_B_TEMP_05 | 35.8 | NORMAL
2026-09-22 04:44:21 | WARD_B_TEMP_01 | 37.1 | NORMAL
2026-09-22 04:44:21 | WARD_B_TEMP_02 | 35.7 | NORMAL
2026-09-22 04:44:21 | WARD_B_TEMP_03 | 36.0 | NORMAL
2026-09-22 04:44:21 | WARD_B_TEMP_04 | 36.2 | NORMAL
2026-09-22 04:44:21 | WARD_B_TEMP_05 | 36.0 | NORMAL
2026-09-22 04:44:22 | WARD_B_TEMP_01 | 38.3 | CRITICAL
2026-09-22 04:44:22 | WARD_B_TEMP_02 | 37.8 | WARNING
2026-09-22 04:44:22 | WARD_B_TEMP_03 | 35.8 | NORMAL
2026-09-22 04:44:22 | WARD_B_TEMP_04 | 38.1 | CRITICAL
2026-09-22 04:44:22 | WARD_B_TEMP_05 | 39.8 | CRITICAL
2026-09-22 04:44:23 | WARD_B_TEMP_01 | 38.9 | CRITICAL
2026-09-22 04:44:23 | WARD_B_TEMP_02 | 37.0 | NORMAL
2026-09-22 04:44:23 | WARD_B_TEMP_03 | 34.7 | CRITICAL
2026-09-22 04:44:23 | WARD_B_TEMP_04 | 35.4 | CRITICAL
2026-09-22 04:44:23 | WARD_B_TEMP_05 | 35.6 | NORMAL
2026-09-22 04:44:24 | WARD_B_TEMP_01 | 36.6 | NORMAL
2026-09-22 04:44:24 | WARD_B_TEMP_02 | 39.1 | CRITICAL
2026-09-22 04:44:24 | WARD_B_TEMP_03 | 35.2 | CRITICAL
2026-09-22 04:44:24 | WARD_B_TEMP_04 | 39.5 | CRITICAL
2026-09-22 04:44:24 | WARD_B_TEMP_05 | 36.9 | NORMAL
2026-09-22 04:44:25 | WARD_B_TEMP_01 | 38.2 | CRITICAL
2026-09-22 04:44:25 | WARD_B_TEMP_02 | 40.5 | CRITICAL
2026-09-22 04:44:25 | WARD_B_TEMP_03 | 40.0 | CRITICAL
2026-09-22 04:44:25 | WARD_B_TEMP_04 | 40.0 | CRITICAL
2026-09-22 04:44:25 | WARD_B_TEMP_05 | 37.7 | WARNING
2026-09-22 04:44:26 | WARD_B_TEMP_01 | 37.4 | NORMAL
2026-09-22 04:44:26 | WARD_B_TEMP_02 | 38.4 | CRITICAL
2026-09-22 04:44:26 | WARD_B_TEMP_03 | 39.5 | CRITICAL
2026-09-22 04:44:26 | WARD_B_TEMP_04 | 38.6 | CRITICAL
2026-09-22 04:44:26 | WARD_B_TEMP_05 | 34.6 | CRITICAL
2026-09-22 04:44:27 | WARD_B_TEMP_01 | 39.4 | CRITICAL
2026-09-22 04:44:27 | WARD_B_TEMP_02 | 37.9 | WARNING
2026-09-22 04:44:27 | WARD_B_TEMP_03 | 38.6 | CRITICAL
2026-09-22 04:44:27 | WARD_B_TEMP_04 | 35.6 | NORMAL
2026-09-22 04:44:27 | WARD_B_TEMP_05 | 36.2 | NORMAL
2026-09-22 04:44:28 | WARD_B_TEMP_01 | 39.7 | CRITICAL
2026-09-22 04:44:28 | WARD_B_TEMP_02 | 35.9 | NORMAL
2026-09-22 04:44:28 | WARD_B_TEMP_03 | 37.5 | WARNING
2026-09-22 04:44:28 | WARD_B_TEMP_04 | 39.1 | CRITICAL
2026-09-22 04:44:28 | WARD_B_TEMP_05 | 39.0 | CRITICAL
2026-09-22 04:44:29 | WARD_B_TEMP_01 | 37.2 | NORMAL
2026-09-22 04:44:29 | WARD_B_TEMP_02 | 38.2 | CRITICAL
2026-09-22 04:44:29 | WARD_B_TEMP_03 | 37.5 | WARNING
2026-09-22 04:44:29 | WARD_B_TEMP_04 | 37.6 | WARNING
2026-09-22 04:44:29 | WARD_B_TEMP_05 | 39.7 | CRITICAL
2026-09-22 04:44:30 | WARD_B_TEMP_01 | 38.6 | CRITICAL
2026-09-22 04:44:30 | WARD_B_TEMP_02 | 38.3 | CRITICAL
2026-09-22 04:44:30 | WARD_B_TEMP_03 | 38.3 | CRITICAL
2026-09-22 04:44:30 | WARD_B_TEMP_04 | 39.9 | CRITICAL
2026-09-22 04:44:30 | WARD_B_TEMP_05 | 38.4 | CRITICAL
2026-09-22 04:44:31 | WARD_B_TEMP_01 | 34.6 | CRITICAL
2026-09-22 04:44:31 | WARD_B_TEMP_02 | 35.7 | NORMAL
2026-09-22 04:44:31 | WARD_B_TEMP_03 | 37.4 | NORMAL
2026-09-22 04:44:31 | WARD_B_TEMP_04 | 37.1 | NORMAL
2026-09-22 04:44:31 | WARD_B_TEMP_05 | 38.5 | CRITICAL
2026-09-22 04:44:32 | WARD_B_TEMP_01 | 36.7 | NORMAL
2026-09-22 04:44:32 | WARD_B_TEMP_02 | 38.4 | CRITICAL
2026-09-22 04:44:32 | WARD_B_TEMP_03 | 39.2 | CRITICAL
2026-09-22 04:44:32 | WARD_B_TEMP_04 | 38.5 | CRITICAL
2026-09-22 04:44:32 | WARD_B_TEMP_05 | 38.3 | CRITICAL
2026-09-22 04:44:33 | WARD_B_TEMP_01 | 37.7 | WARNING
2026-09-22 04:44:33 | WARD_B_TEMP_02 | 36.8 | NORMAL
2026-09-22 04:44:33 | WARD_B_TEMP_03 | 35.1 | CRITICAL
2026-09-22 04:44:33 | WARD_B_TEMP_04 | 39.4 | CRITICAL
2026-09-22 04:44:33 | WARD_B_TEMP_05 | 37.7 | WARNING
2026-09-22 04:44:34 | WARD_B_TEMP_01 | 36.0 | NORMAL
2026-09-22 04:44:34 | WARD_B_TEMP_02 | 39.4 | CRITICAL
2026-09-22 04:44:34 | WARD_B_TEMP_03 | 34.9 | CRITICAL
2026-09-22 04:44:34 | WARD_B_TEMP_04 | 38.8 | CRITICAL
2026-09-22 04:44:34 | WARD_B_TEMP_05 | 38.8 | CRITICAL
2026-09-22 04:44:35 | WARD_B_TEMP_01 | 36.0 | NORMAL
2026-09-22 04:44:35 | WARD_B_TEMP_02 | 36.8 | NORMAL
2026-09-22 04:44:35 | WARD_B_TEMP_03 | 34.7 | CRITICAL
2026-09-22 04:44:35 | WARD_B_TEMP_04 | 37.3 | NORMAL
2026-09-22 04:44:35 | WARD_B_TEMP_05 | 35.0 | CRITICAL
2026-09-22 04:44:36 | WARD_B_TEMP_01 | 38.2 | CRITICAL
2026-09-22 04:44:36 | WARD_B_TEMP_02 | 39.4 | CRITICAL
2026-09-22 04:44:36 | WARD_B_TEMP_03 | 39.7 | CRITICAL
2026-09-22 04:44:36 | WARD_B_TEMP_04 | 38.9 | CRITICAL
2026-09-22 04:44:36 | WARD_B_TEMP_05 | 39.9 | CRITICAL
2026-09-22 04:44:37 | WARD_B_TEMP_01 | 38.1 | CRITICAL
2026-09-22 04:44:37 | WARD_B_TEMP_02 | 35.5 | NORMAL
2026-09-22 04:44:37 | WARD_B_TEMP_03 | 35.7 | NORMAL
2026-09-22 04:44:37 | WARD_B_TEMP_04 | 37.2 | NORMAL
2026-09-22 04:44:37 | WARD_B_TEMP_05 | 39.0 | CRITICAL
2026-09-22 04:44:38 | WARD_B_TEMP_01 | 35.9 | NORMAL
2026-09-22 04:44:38 | WARD_B_TEMP_02 | 39.6 | CRITICAL
2026-09-22 04:44:38 | WARD_B_TEMP_03 | 39.4 | CRITICAL
2026-09-22 04:44:38 | WARD_B_TEMP_04 | 39.6 | CRITICAL
2026-09-22 04:44:38 | WARD_B_TEMP_05 | 34.6 | CRITICAL
2026-09-22 04:44:39 | WARD_B_TEMP_01 | 34.6 | CRITICAL
2026-09-22 04:44:39 | WARD_B_TEMP_02 | 40.3 | CRITICAL
2026-09-22 04:44:39 | WARD_B_TEMP_03 | 39.5 | CRITICAL
2026-09-22 04:44:39 | WARD_B_TEMP_04 | 36.8 | NORMAL
2026-09-22 04:44:39 | WARD_B_TEMP_05 | 36.7 | NORMAL
2026-09-22 04:44:40 | WARD_B_TEMP_01 | 39.8 | CRITICAL
2026-09-22 04:44:40 | WARD_B_TEMP_02 | 39.9 | CRITICAL
2026-09-22 04:44:40 | WARD_B_TEMP_03 | 36.8 | NORMAL
2026-09-22 04:44:40 | WARD_B_TEMP_04 | 36.8 | NORMAL
2026-09-22 04:44:40 | WARD_B_TEMP_05 | 38.6 | CRITICAL
2026-09-22 04:44:41 | WARD_B_TEMP_01 | 39.6 | CRITICAL
2026-09-22 04:44:41 | WARD_B_TEMP_02 | 37.7 | WARNING
2026-09-22 04:44:41 | WARD_B_TEMP_03 | 38.9 | CRITICAL
2026-09-22 04:44:41 | WARD_B_TEMP_04 | 37.2 | NORMAL
2026-09-22 04:44:41 | WARD_B_TEMP_05 | 35.4 | CRITICAL
2026-09-22 04:44:42 | WARD_B_TEMP_01 | 34.7 | CRITICAL
2026-09-22 04:44:42 | WARD_B_TEMP_02 | 35.5 | NORMAL
2026-09-22 04:44:42 | WARD_B_TEMP_03 | 36.1 | NORMAL
2026-09-22 04:44:42 | WARD_B_TEMP_04 | 37.8 | WARNING
2026-09-22 04:44:42 | WARD_B_TEMP_05 | 40.0 | CRITICAL
2026-09-22 04:44:43 | WARD_B_TEMP_01 | 37.2 | NORMAL
2026-09-22 04:44:43 | WARD_B_TEMP_02 | 39.4 | CRITICAL
2026-09-22 04:44:43 | WARD_B_TEMP_03 | 36.4 | NORMAL
2026-09-22 04:44:43 | WARD_B_TEMP_04 | 35.2 | CRITICAL
2026-09-22 04:44:43 | WARD_B_TEMP_05 | 36.6 | NORMAL
2026-09-22 04:44:44 | WARD_B_TEMP_01 | 39.3 | CRITICAL
2026-09-22 04:44:44 | WARD_B_TEMP_02 | 40.2 | CRITICAL
2026-09-22 04:44:44 | WARD_B_TEMP_03 | 36.3 | NORMAL
2026-09-22 04:44:44 | WARD_B_TEMP_04 | 37.5 | WARNING
2026-09-22 04:44:44 | WARD_B_TEMP_05 | 36.2 | NORMAL
2026-09-22 04:44:45 | WARD_B_TEMP_01 | 37.2 | NORMAL
2026-09-22 04:44:45 | WARD_B_TEMP_02 | 36.4 | NORMAL
2026-09-22 04:44:45 | WARD_B_TEMP_03 | 36.2 | NORMAL
2026-09-22 04:44:45 | WARD_B_TEMP_04 | 39.1 | CRITICAL
2026-09-22 04:44:45 | WARD_B_TEMP_05 | 37.3 | NORMAL
2026-09-22 04:44:46 | WARD_B_TEMP_01 | 36.2 | NORMAL
2026-09-22 04:44:46 | WARD_B_TEMP_02 | 35.8 | NORMAL
2026-09-22 04:44:46 | WARD_B_TEMP_03 | 37.4 | NORMAL
2026-09-22 04:44:46 | WARD_B_TEMP_04 | 35.9 | NORMAL
2026-09-22 04:44:46 | WARD_B_TEMP_05 | 36.5 | NORMAL
2026-09-22 04:44:47 | WARD_B_TEMP_01 | 38.4 | CRITICAL
2026-09-22 04:44:47 | WARD_B_TEMP_02 | 40.2 | CRITICAL
2026-09-22 04:44:47 | WARD_B_TEMP_03 | 35.6 | NORMAL
2026-09-22 04:44:47 | WARD_B_TEMP_04 | 40.1 | CRITICAL
2026-09-22 04:44:47 | WARD_B_TEMP_05 | 37.6 | WARNING
2026-09-22 04:44:48 | WARD_B_TEMP_01 | 36.4 | NORMAL
2026-09-22 04:44:48 | WARD_B_TEMP_02 | 37.0 | NORMAL
2026-09-22 04:44:48 | WARD_B_TEMP_03 | 38.9 | CRITICAL
2026-09-22 04:44:48 | WARD_B_TEMP_04 | 35.1 | CRITICAL
2026-09-22 04:44:48 | WARD_B_TEMP_05 | 37.2 | NORMAL
2026-09-22 04:44:49 | WARD_B_TEMP_01 | 39.1 | CRITICAL
2026-09-22 04:44:49 | WARD_B_TEMP_02 | 35.9 | NORMAL
2026-09-22 04:44:49 | WARD_B_TEMP_03 | 40.1 | CRITICAL
2026-09-22 04:44:49 | WARD_B_TEMP_04 | 38.6 | CRITICAL
2026-09-22 04:44:49 | WARD_B_TEMP_05 | 36.0 | NORMAL
2026-09-22 04:44:50 | WARD_B_TEMP_01 | 37.1 | NORMAL
2026-09-22 04:44:50 | WARD_B_TEMP_02 | 37.1 | NORMAL
2026-09-22 04:44:50 | WARD_B_TEMP_03 | 35.3 | CRITICAL
2026-09-22 04:44:50 | WARD_B_TEMP_04 | 35.6 | NORMAL
2026-09-22 04:44:50 | WARD_B_TEMP_05 | 36.2 | NORMAL
2026-09-22 04:44:51 | WARD_B_TEMP_01 | 38.3 | CRITICAL
2026-09-22 04:44:51 | WARD_B_TEMP_02 | 37.2 | NORMAL
2026-09-22 04:44:51 | WARD_B_TEMP_03 | 38.4 | CRITICAL
2026-09-22 04:44:51 | WARD_B_TEMP_04 | 35.5 | NORMAL
2026-09-22 04:44:51 | WARD_B_TEMP_05 | 36.3 | NORMAL
2026-09-22 04:44:52 | WARD_B_TEMP_01 | 36.7 | NORMAL
2026-09-22 04:44:52 | WARD_B_TEMP_02 | 38.9 | CRITICAL
2026-09-22 04:44:52 | WARD_B_TEMP_03 | 39.5 | CRITICAL
2026-09-22 04:44:52 | WARD_B_TEMP_04 | 35.0 | CRITICAL
2026-09-22 04:44:52 | WARD_B_TEMP_05 | 34.9 | CRITICAL
2026-09-22 04:44:53 | WARD_B_TEMP_01 | 35.3 | CRITICAL
2026-09-22 04:44:53 | WARD_B_TEMP_02 | 38.6 | CRITICAL
2026-09-22 04:44:53 | WARD_B_TEMP_03 | 34.8 | CRITICAL
2026-09-22 04:44:53 | WARD_B_TEMP_04 | 36.5 | NORMAL
2026-09-22 04:44:53 | WARD_B_TEMP_05 | 39.6 | CRITICAL
2026-09-22 04:44:54 | WARD_B_TEMP_01 | 37.2 | NORMAL
2026-09-22 04:44:54 | WARD_B_TEMP_02 | 38.5 | CRITICAL
2026-09-22 04:44:54 | WARD_B_TEMP_03 | 39.2 | CRITICAL
2026-09-22 04:44:54 | WARD_B_TEMP_04 | 36.7 | NORMAL
2026-09-22 04:44:54 | WARD_B_TEMP_05 | 34.8 | CRITICAL
2026-09-22 04:44:55 | WARD_B_TEMP_01 | 37.4 | NORMAL
2026-09-22 04:44:55 | WARD_B_TEMP_02 | 36.0 | NORMAL
2026-09-22 04:44:55 | WARD_B_TEMP_03 | 39.4 | CRITICAL
2026-09-22 04:44:55 | WARD_B_TEMP_04 | 38.6 | CRITICAL
2026-09-22 04:44:55 | WARD_B_TEMP_05 | 36.2 | NORMAL
2026-09-22 04:44:56 | WARD_B_TEMP_01 | 36.4 | NORMAL
2026-09-22 04:44:56 | WARD_B_TEMP_02 | 35.2 | CRITICAL
2026-09-22 04:44:56 | WARD_B_TEMP_03 | 35.0 | CRITICAL
2026-09-22 04:44:56 | WARD_B_TEMP_04 | 39.3 | CRITICAL
2026-09-22 04:44:56 | WARD_B_TEMP_05 | 36.3 | NORMAL
2026-09-22 04:44:57 | WARD_B_TEMP_01 | 39.5 | CRITICAL
2026-09-22 04:44:57 | WARD_B_TEMP_02 | 36.2 | NORMAL
2026-09-22 04:44:57 | WARD_B_TEMP_03 | 36.0 | NORMAL
2026-09-22 04:44:57 | WARD_B_TEMP_04 | 38.4 | CRITICAL
2026-09-22 04:44:57 | WARD_B_TEMP_05 | 38.3 | CRITICAL
2026-09-22 04:44:58 | WARD_B_TEMP_01 | 39.6 | CRITICAL
2026-09-22 04:44:58 | WARD_B_TEMP_02 | 34.6 | CRITICAL
2026-09-22 04:44:58 | WARD_B_TEMP_03 | 38.8 | CRITICAL
2026-09-22 04:44:58 | WARD_B_TEMP_04 | 36.6 | NORMAL
2026-09-22 04:44:58 | WARD_B_TEMP_05 | 35.2 | CRITICAL
2026-09-22 04:44:59 | WARD_B_TEMP_01 | 39.6 | CRITICAL
2026-09-22 04:44:59 | WARD_B_TEMP_02 | 36.3 | NORMAL
2026-09-22 04:44:59 | WARD_B_TEMP_03 | 37.4 | NORMAL
2026-09-22 04:44:59 | WARD_B_TEMP_04 | 38.1 | CRITICAL
2026-09-22 04:44:59 | WARD_B_TEMP_05 | 37.0 | NORMAL
2026-09-22 04:45:00 | WARD_B_TEMP_01 | 38.2 | CRITICAL
2026-09-22 04:45:00 | WARD_B_TEMP_02 | 39.3 | CRITICAL
2026-09-22 04:45:00 | WARD_B_TEMP_03 | 36.5 | NORMAL
2026-09-22 04:45:00 | WARD_B_TEMP_04 | 40.5 | CRITICAL
2026-09-22 04:45:00 | WARD_B_TEMP_05 | 39.3 | CRITICAL
2026-09-22 04:45:01 | WARD_B_TEMP_01 | 38.9 | CRITICAL
2026-09-22 04:45:01 | WARD_B_TEMP_02 | 38.0 | WARNING
2026-09-22 04:45:01 | WARD_B_TEMP_03 | 36.6 | NORMAL
2026-09-22 04:45:01 | WARD_B_TEMP_04 | 39.1 | CRITICAL
2026-09-22 04:45:01 | WARD_B_TEMP_05 | 35.7 | NORMAL
2026-09-22 04:45:02 | WARD_B_TEMP_01 | 36.2 | NORMAL
2026-09-22 04:45:02 | WARD_B_TEMP_02 | 36.6 | NORMAL
2026-09-22 04:45:02 | WARD_B_TEMP_03 | 35.4 | CRITICAL
2026-09-22 04:45:02 | WARD_B_TEMP_04 | 35.5 | NORMAL
2026-09-22 04:45:02 | WARD_B_TEMP_05 | 39.2 | CRITICAL
2026-09-22 04:45:03 | WARD_B_TEMP_01 | 35.2 | CRITICAL
2026-09-22 04:45:03 | WARD_B_TEMP_02 | 39.9 | CRITICAL
2026-09-22 04:45:03 | WARD_B_TEMP_03 | 35.3 | CRITICAL
2026-09-22 04:45:03 | WARD_B_TEMP_04 | 38.8 | CRITICAL
2026-09-22 04:45:03 | WARD_B_TEMP_05 | 39.3 | CRITICAL
2026-09-22 04:45:04 | WARD_B_TEMP_01 | 35.4 | CRITICAL
2026-09-22 04:45:04 | WARD_B_TEMP_02 | 37.4 | NORMAL
2026-09-22 04:45:04 | WARD_B_TEMP_03 | 35.3 | CRITICAL
2026-09-22 04:45:04 | WARD_B_TEMP_04 | 38.0 | WARNING
2026-09-22 04:45:04 | WARD_B_TEMP_05 | 35.5 | NORMAL
2026-09-22 04:45:05 | WARD_B_TEMP_01 | 34.7 | CRITICAL
2026-09-22 04:45:05 | WARD_B_TEMP_02 | 37.6 | WARNING
2026-09-22 04:45:05 | WARD_B_TEMP_03 | 35.3 | CRITICAL
2026-09-22 04:45:05 | WARD_B_TEMP_04 | 38.0 | WARNING
2026-09-22 04:45:05 | WARD_B_TEMP_05 | 35.2 | CRITICAL
2026-09-22 04:45:06 | WARD_B_TEMP_01 | 40.0 | CRITICAL
2026-09-22 04:45:06 | WARD_B_TEMP_02 | 35.9 | NORMAL
2026-09-22 04:45:06 | WARD_B_TEMP_03 | 40.1 | CRITICAL
2026-09-22 04:45:06 | WARD_B_TEMP_04 | 35.1 | CRITICAL
2026-09-22 04:45:06 | WARD_B_TEMP_05 | 35.9 | NORMAL
2026-09-22 04:45:07 | WARD_B_TEMP_01 | 34.8 | CRITICAL
2026-09-22 04:45:07 | WARD_B_TEMP_02 | 37.4 | NORMAL
2026-09-22 04:45:07 | WARD_B_TEMP_03 | 37.8 | WARNING
2026-09-22 04:45:07 | WARD_B_TEMP_04 | 37.1 | NORMAL
2026-09-22 04:45:07 | WARD_B_TEMP_05 | 35.0 | CRITICAL
2026-09-22 04:45:08 | WARD_B_TEMP_01 | 40.2 | CRITICAL
2026-09-22 04:45:08 | WARD_B_TEMP_02 | 36.7 | NORMAL
2026-09-22 04:45:08 | WARD_B_TEMP_03 | 36.2 | NORMAL
2026-09-22 04:45:08 | WARD_B_TEMP_04 | 36.0 | NORMAL
2026-09-22 04:45:08 | WARD_B_TEMP_05 | 36.4 | NORMAL
2026-09-22 04:45:09 | WARD_B_TEMP_01 | 35.4 | CRITICAL
2026-09-22 04:45:09 | WARD_B_TEMP_02 | 35.9 | NORMAL
2026-09-22 04:45:09 | WARD_B_TEMP_03 | 37.8 | WARNING
2026-09-22 04:45:09 | WARD_B_TEMP_04 | 34.9 | CRITICAL
2026-09-22 04:45:09 | WARD_B_TEMP_05 | 40.2 | CRITICAL
2026-09-22 04:45:10 | WARD_B_TEMP_01 | 37.6 | WARNING
2026-09-22 04:45:10 | WARD_B_TEMP_02 | 40.5 | CRITICAL
2026-09-22 04:45:10 | WARD_B_TEMP_03 | 38.3 | CRITICAL
2026-09-22 04:45:10 | WARD_B_TEMP_04 | 40.3 | CRITICAL
2026-09-22 04:45:10 | WARD_B_TEMP_05 | 36.3 | NORMAL
2026-09-22 04:45:11 | WARD_B_TEMP_01 | 36.7 | NORMAL
2026-09-22 04:45:11 | WARD_B_TEMP_02 | 37.0 | NORMAL
2026-09-22 04:45:11 | WARD_B_TEMP_03 | 35.1 | CRITICAL
2026-09-22 04:45:11 | WARD_B_TEMP_04 | 35.3 | CRITICAL
2026-09-22 04:45:11 | WARD_B_TEMP_05 | 40.2 | CRITICAL
2026-09-22 04:45:12 | WARD_B_TEMP_01 | 35.8 | NORMAL
2026-09-22 04:45:12 | WARD_B_TEMP_02 | 39.3 | CRITICAL
2026-09-22 04:45:12 | WARD_B_TEMP_03 | 38.9 | CRITICAL
2026-09-22 04:45:12 | WARD_B_TEMP_04 | 38.3 | CRITICAL
2026-09-22 04:45:12 | WARD_B_TEMP_05 | 39.5 | CRITICAL
2026-09-22 04:45:13 | WARD_B_TEMP_01 | 35.5 | NORMAL
2026-09-22 04:45:13 | WARD_B_TEMP_02 | 35.7 | NORMAL
2026-09-22 04:45:13 | WARD_B_TEMP_03 | 39.9 | CRITICAL
2026-09-22 04:45:13 | WARD_B_TEMP_04 | 36.9 | NORMAL
2026-09-22 04:45:13 | WARD_B_TEMP_05 | 37.4 | NORMAL
2026-09-22 04:45:14 | WARD_B_TEMP_01 | 37.7 | WARNING
2026-09-22 04:45:14 | WARD_B_TEMP_02 | 37.6 | WARNING
2026-09-22 04:45:14 | WARD_B_TEMP_03 | 39.2 | CRITICAL
2026-09-22 04:45:14 | WARD_B_TEMP_04 | 38.6 | CRITICAL
2026-09-22 04:45:14 | WARD_B_TEMP_05 | 36.9 | NORMAL
2026-09-22 04:45:15 | WARD_B_TEMP_01 | 38.2 | CRITICAL
2026-09-22 04:45:15 | WARD_B_TEMP_02 | 39.6 | CRITICAL
2026-09-22 04:45:15 | WARD_B_TEMP_03 | 35.2 | CRITICAL
2026-09-22 04:45:15 | WARD_B_TEMP_04 | 40.3 | CRITICAL
2026-09-22 04:45:15 | WARD_B_TEMP_05 | 35.6 | NORMAL
2026-09-22 04:45:16 | WARD_B_TEMP_01 | 36.6 | NORMAL
2026-09-22 04:45:16 | WARD_B_TEMP_02 | 39.5 | CRITICAL
2026-09-22 04:45:16 | WARD_B_TEMP_03 | 39.1 | CRITICAL
2026-09-22 04:45:16 | WARD_B_TEMP_04 | 37.6 | WARNING
2026-09-22 04:45:16 | WARD_B_TEMP_05 | 34.6 | CRITICAL
2026-09-22 04:45:17 | WARD_B_TEMP_01 | 36.9 | NORMAL
2026-09-22 04:45:17 | WARD_B_TEMP_02 | 39.3 | CRITICAL
2026-09-22 04:45:17 | WARD_B_TEMP_03 | 34.8 | CRITICAL
2026-09-22 04:45:17 | WARD_B_TEMP_04 | 37.5 | WARNING
2026-09-22 04:45:17 | WARD_B_TEMP_05 | 39.4 | CRITICAL
2026-09-22 04:45:18 | WARD_B_TEMP_01 | 38.1 | CRITICAL
2026-09-22 04:45:18 | WARD_B_TEMP_02 | 38.6 | CRITICAL
2026-09-22 04:45:18 | WARD_B_TEMP_03 | 37.9 | WARNING
2026-09-22 04:45:18 | WARD_B_TEMP_04 | 34.9 | CRITICAL
2026-09-22 04:45:18 | WARD_B_TEMP_05 | 37.6 | WARNING
2026-09-22 04:45:19 | WARD_B_TEMP_01 | 38.3 | CRITICAL
2026-09-22 04:45:19 | WARD_B_TEMP_02 | 36.8 | NORMAL
2026-09-22 04:45:19 | WARD_B_TEMP_03 | 35.4 | CRITICAL
2026-09-22 04:45:19 | WARD_B_TEMP_04 | 36.3 | NORMAL
2026-09-22 04:45:19 | WARD_B_TEMP_05 | 35.8 | NORMAL
2026-09-22 04:45:20 | WARD_B_TEMP_01 | 39.5 | CRITICAL
2026-09-22 04:45:20 | WARD_B_TEMP_02 | 35.9 | NORMAL
2026-09-22 04:45:20 | WARD_B_TEMP_03 | 35.4 | CRITICAL
2026-09-22 04:45:20 | WARD_B_TEMP_04 | 39.2 | CRITICAL
2026-09-22 04:45:20 | WARD_B_TEMP_05 | 40.4 | CRITICAL
2026-09-22 04:45:21 | WARD_B_TEMP_01 | 38.3 | CRITICAL
2026-09-22 04:45:21 | WARD_B_TEMP_02 | 36.9 | NORMAL
2026-09-22 04:45:21 | WARD_B_TEMP_03 | 37.9 | WARNING
2026-09-22 04:45:21 | WARD_B_TEMP_04 | 40.2 | CRITICAL
2026-09-22 04:45:21 | WARD_B_TEMP_05 | 39.5 | CRITICAL
2026-09-22 04:45:22 | WARD_B_TEMP_01 | 39.7 | CRITICAL
2026-09-22 04:45:22 | WARD_B_TEMP_02 | 36.8 | NORMAL
2026-09-22 04:45:22 | WARD_B_TEMP_03 | 34.6 | CRITICAL
2026-09-22 04:45:22 | WARD_B_TEMP_04 | 37.0 | NORMAL
2026-09-22 04:45:22 | WARD_B_TEMP_05 | 38.3 | CRITICAL
2026-09-22 04:45:23 | WARD_B_TEMP_01 | 38.2 | CRITICAL
2026-09-22 04:45:23 | WARD_B_TEMP_02 | 36.4 | NORMAL
2026-09-22 04:45:23 | WARD_B_TEMP_03 | 36.0 | NORMAL
2026-09-22 04:45:23 | WARD_B_TEMP_04 | 35.9 | NORMAL
2026-09-22 04:45:23 | WARD_B_TEMP_05 | 40.4 | CRITICAL
2026-09-22 04:45:24 | WARD_B_TEMP_01 | 36.7 | NORMAL
2026-09-22 04:45:24 | WARD_B_TEMP_02 | 39.9 | CRITICAL
2026-09-22 04:45:24 | WARD_B_TEMP_03 | 38.6 | CRITICAL
2026-09-22 04:45:24 | WARD_B_TEMP_04 | 36.6 | NORMAL
2026-09-22 04:45:24 | WARD_B_TEMP_05 | 36.3 | NORMAL
2026-09-22 04:45:25 | WARD_B_TEMP_01 | 40.3 | CRITICAL
2026-09-22 04:45:25 | WARD_B_TEMP_02 | 34.7 | CRITICAL
2026-09-22 04:45:25 | WARD_B_TEMP_03 | 37.0 | NORMAL
2026-09-22 04:45:25 | WARD_B_TEMP_04 | 39.0 | CRITICAL
2026-09-22 04:45:25 | WARD_B_TEMP_05 | 37.8 | WARNING
2026-09-22 04:45:26 | WARD_B_TEMP_01 | 37.1 | NORMAL
2026-09-22 04:45:26 | WARD_B_TEMP_02 | 35.5 | NORMAL
2026-09-22 04:45:26 | WARD_B_TEMP_03 | 37.6 | WARNING
2026-09-22 04:45:26 | WARD_B_TEMP_04 | 40.0 | CRITICAL
2026-09-22 04:45:26 | WARD_B_TEMP_05 | 40.1 | CRITICAL
2026-09-22 04:45:27 | WARD_B_TEMP_01 | 36.4 | NORMAL
2026-09-22 04:45:27 | WARD_B_TEMP_02 | 35.7 | NORMAL
2026-09-22 04:45:27 | WARD_B_TEMP_03 | 38.0 | WARNING
2026-09-22 04:45:27 | WARD_B_TEMP_04 | 36.7 | NORMAL
2026-09-22 04:45:27 | WARD_B_TEMP_05 | 36.6 | NORMAL
2026-09-22 04:45:28 | WARD_B_TEMP_01 | 40.3 | CRITICAL
2026-09-22 04:45:28 | WARD_B_TEMP_02 | 39.3 | CRITICAL
2026-09-22 04:45:28 | WARD_B_TEMP_03 | 36.5 | NORMAL
2026-09-22 04:45:28 | WARD_B_TEMP_04 | 39.6 | CRITICAL
2026-09-22 04:45:28 | WARD_B_TEMP_05 | 35.3 | CRITICAL
2026-09-22 04:45:29 | WARD_B_TEMP_01 | 37.0 | NORMAL
2026-09-22 04:45:29 | WARD_B_TEMP_02 | 35.5 | NORMAL
2026-09-22 04:45:29 | WARD_B_TEMP_03 | 39.2 | CRITICAL
2026-09-22 04:45:29 | WARD_B_TEMP_04 | 38.7 | CRITICAL
2026-09-22 04:45:29 | WARD_B_TEMP_05 | 40.4 | CRITICAL
2026-09-22 04:45:30 | WARD_B_TEMP_01 | 39.9 | CRITICAL
2026-09-22 04:45:30 | WARD_B_TEMP_02 | 35.2 | CRITICAL
2026-09-22 04:45:30 | WARD_B_TEMP_03 | 35.0 | CRITICAL
2026-09-22 04:45:30 | WARD_B_TEMP_04 | 37.5 | WARNING
2026-09-22 04:45:30 | WARD_B_TEMP_05 | 34.6 | CRITICAL
2026-09-22 04:45:31 | WARD_B_TEMP_01 | 39.3 | CRITICAL
2026-09-22 04:45:31 | WARD_B_TEMP_02 | 35.6 | NORMAL
2026-09-22 04:45:31 | WARD_B_TEMP_03 | 37.2 | NORMAL
2026-09-22 04:45:31 | WARD_B_TEMP_04 | 38.6 | CRITICAL
2026-09-22 04:45:31 | WARD_B_TEMP_05 | 35.2 | CRITICAL
2026-09-22 04:45:32 | WARD_B_TEMP_01 | 35.4 | CRITICAL
2026-09-22 04:45:32 | WARD_B_TEMP_02 | 38.5 | CRITICAL
2026-09-22 04:45:32 | WARD_B_TEMP_03 | 38.6 | CRITICAL
2026-09-22 04:45:32 | WARD_B_TEMP_04 | 38.2 | CRITICAL
2026-09-22 04:45:32 | WARD_B_TEMP_05 | 40.2 | CRITICAL
2026-09-22 04:45:33 | WARD_B_TEMP_01 | 37.8 | WARNING
2026-09-22 04:45:33 | WARD_B_TEMP_02 | 40.3 | CRITICAL
2026-09-22 04:45:33 | WARD_B_TEMP_03 | 39.3 | CRITICAL
2026-09-22 04:45:33 | WARD_B_TEMP_04 | 34.5 | CRITICAL
2026-09-22 04:45:33 | WARD_B_TEMP_05 | 36.7 | NORMAL
2026-09-22 04:45:34 | WARD_B_TEMP_01 | 36.2 | NORMAL
2026-09-22 04:45:34 | WARD_B_TEMP_02 | 39.3 | CRITICAL
2026-09-22 04:45:34 | WARD_B_TEMP_03 | 38.6 | CRITICAL
2026-09-22 04:45:34 | WARD_B_TEMP_04 | 34.7 | CRITICAL
2026-09-22 04:45:34 | WARD_B_TEMP_05 | 35.6 | NORMAL
2026-09-22 04:45:35 | WARD_B_TEMP_01 | 37.8 | WARNING
2026-09-22 04:45:35 | WARD_B_TEMP_02 | 34.6 | CRITICAL
2026-09-22 04:45:35 | WARD_B_TEMP_03 | 34.6 | CRITICAL
2026-09-22 04:45:35 | WARD_B_TEMP_04 | 39.5 | CRITICAL
2026-09-22 04:45:35 | WARD_B_TEMP_05 | 34.6 | CRITICAL
2026-09-22 04:45:36 | WARD_B_TEMP_01 | 38.4 | CRITICAL
2026-09-22 04:45:36 | WARD_B_TEMP_02 | 37.7 | WARNING
2026-09-22 04:45:36 | WARD_B_TEMP_03 | 40.2 | CRITICAL
2026-09-22 04:45:36 | WARD_B_TEMP_04 | 35.6 | NORMAL
2026-09-22 04:45:36 | WARD_B_TEMP_05 | 39.7 | CRITICAL
2026-09-22 04:45:37 | WARD_B_TEMP_01 | 38.4 | CRITICAL
2026-09-22 04:45:37 | WARD_B_TEMP_02 | 36.4 | NORMAL
2026-09-22 04:45:37 | WARD_B_TEMP_03 | 39.4 | CRITICAL
2026-09-22 04:45:37 | WARD_B_TEMP_04 | 35.3 | CRITICAL
2026-09-22 04:45:37 | WARD_B_TEMP_05 | 35.8 | NORMAL
2026-09-22 04:45:38 | WARD_B_TEMP_01 | 35.4 | CRITICAL
2026-09-22 04:45:38 | WARD_B_TEMP_02 | 36.0 | NORMAL
2026-09-22 04:45:38 | WARD_B_TEMP_03 | 35.1 | CRITICAL
2026-09-22 04:45:38 | WARD_B_TEMP_04 | 39.8 | CRITICAL
2026-09-22 04:45:38 | WARD_B_TEMP_05 | 40.4 | CRITICAL
2026-09-22 04:45:39 | WARD_B_TEMP_01 | 38.6 | CRITICAL
2026-09-22 04:45:39 | WARD_B_TEMP_02 | 38.2 | CRITICAL
2026-09-22 04:45:39 | WARD_B_TEMP_03 | 37.0 | NORMAL
2026-09-22 04:45:39 | WARD_B_TEMP_04 | 39.6 | CRITICAL
2026-09-22 04:45:39 | WARD_B_TEMP_05 | 37.8 | WARNING
2026-09-22 04:45:40 | WARD_B_TEMP_01 | 39.4 | CRITICAL
2026-09-22 04:45:40 | WARD_B_TEMP_02 | 34.6 | CRITICAL
2026-09-22 04:45:40 | WARD_B_TEMP_03 | 37.4 | NORMAL
2026-09-22 04:45:40 | WARD_B_TEMP_04 | 37.4 | NORMAL
2026-09-22 04:45:40 | WARD_B_TEMP_05 | 37.4 | NORMAL
2026-09-22 04:45:41 | WARD_B_TEMP_01 | 39.3 | CRITICAL
2026-09-22 04:45:41 | WARD_B_TEMP_02 | 37.3 | NORMAL
2026-09-22 04:45:41 | WARD_B_TEMP_03 | 37.8 | WARNING
2026-09-22 04:45:41 | WARD_B_TEMP_04 | 38.5 | CRITICAL
2026-09-22 04:45:41 | WARD_B_TEMP_05 | 35.2 | CRITICAL
2026-09-22 04:45:42 | WARD_B_TEMP_01 | 38.9 | CRITICAL
2026-09-22 04:45:42 | WARD_B_TEMP_02 | 36.3 | NORMAL
2026-09-22 04:45:42 | WARD_B_TEMP_03 | 39.0 | CRITICAL
2026-09-22 04:45:42 | WARD_B_TEMP_04 | 35.7 | NORMAL
2026-09-22 04:45:42 | WARD_B_TEMP_05 | 39.8 | CRITICAL
2026-09-22 04:45:43 | WARD_B_TEMP_01 | 35.7 | NORMAL
2026-09-22 04:45:43 | WARD_B_TEMP_02 | 34.6 | CRITICAL
2026-09-22 04:45:43 | WARD_B_TEMP_03 | 38.3 | CRITICAL
2026-09-22 04:45:43 | WARD_B_TEMP_04 | 36.3 | NORMAL
2026-09-22 04:45:43 | WARD_B_TEMP_05 | 38.6 | CRITICAL
2026-09-22 04:45:44 | WARD_B_TEMP_01 | 36.6 | NORMAL
2026-09-22 04:45:44 | WARD_B_TEMP_02 | 35.2 | CRITICAL
2026-09-22 04:45:44 | WARD_B_TEMP_03 | 39.9 | CRITICAL
2026-09-22 04:45:44 | WARD_B_TEMP_04 | 35.4 | CRITICAL
2026-09-22 04:45:44 | WARD_B_TEMP_05 | 35.4 | CRITICAL
2026-09-22 04:45:45 | WARD_B_TEMP_01 | 34.9 | CRITICAL
2026-09-22 04:45:45 | WARD_B_TEMP_02 | 37.4 | NORMAL
2026-09-22 04:45:45 | WARD_B_TEMP_03 | 36.5 | NORMAL
2026-09-22 04:45:45 | WARD_B_TEMP_04 | 36.5 | NORMAL
2026-09-22 04:45:45 | WARD_B_TEMP_05 | 39.9 | CRITICAL
2026-09-22 04:45:46 | WARD_B_TEMP_01 | 34.5 | CRITICAL
2026-09-22 04:45:46 | WARD_B_TEMP_02 | 36.6 | NORMAL
2026-09-22 04:45:46 | WARD_B_TEMP_03 | 38.4 | CRITICAL
2026-09-22 04:45:46 | WARD_B_TEMP_04 | 38.6 | CRITICAL
2026-09-22 04:45:46 | WARD_B_TEMP_05 | 36.5 | NORMAL
2026-09-22 04:45:47 | WARD_B_TEMP_01 | 39.9 | CRITICAL
2026-09-22 04:45:47 | WARD_B_TEMP_02 | 36.1 | NORMAL
2026-09-22 04:45:47 | WARD_B_TEMP_03 | 35.1 | CRITICAL
2026-09-22 04:45:47 | WARD_B_TEMP_04 | 37.6 | WARNING
2026-09-22 04:45:47 | WARD_B_TEMP_05 | 36.0 | NORMAL
2026-09-22 04:45:48 | WARD_B_TEMP_01 | 34.8 | CRITICAL
2026-09-22 04:45:48 | WARD_B_TEMP_02 | 36.3 | NORMAL
2026-09-22 04:45:48 | WARD_B_TEMP_03 | 38.8 | CRITICAL
2026-09-22 04:45:48 | WARD_B_TEMP_04 | 38.2 | CRITICAL
2026-09-22 04:45:48 | WARD_B_TEMP_05 | 40.3 | CRITICAL
2026-09-22 04:45:49 | WARD_B_TEMP_01 | 34.9 | CRITICAL
2026-09-22 04:45:49 | WARD_B_TEMP_02 | 34.8 | CRITICAL
2026-09-22 04:45:49 | WARD_B_TEMP_03 | 34.6 | CRITICAL
2026-09-22 04:45:49 | WARD_B_TEMP_04 | 36.8 | NORMAL
2026-09-22 04:45:49 | WARD_B_TEMP_05 | 38.8 | CRITICAL
2026-09-22 04:45:50 | WARD_B_TEMP_01 | 38.7 | CRITICAL
2026-09-22 04:45:50 | WARD_B_TEMP_02 | 40.3 | CRITICAL
2026-09-22 04:45:50 | WARD_B_TEMP_03 | 35.2 | CRITICAL
2026-09-22 04:45:50 | WARD_B_TEMP_04 | 39.2 | CRITICAL
2026-09-22 04:45:50 | WARD_B_TEMP_05 | 35.2 | CRITICAL
2026-09-22 04:45:51 | WARD_B_TEMP_01 | 39.8 | CRITICAL
2026-09-22 04:45:51 | WARD_B_TEMP_02 | 39.3 | CRITICAL
2026-09-22 04:45:51 | WARD_B_TEMP_03 | 36.7 | NORMAL
2026-09-22 04:45:51 | WARD_B_TEMP_04 | 36.2 | NORMAL
2026-09-22 04:45:51 | WARD_B_TEMP_05 | 36.0 | NORMAL
2026-09-22 04:45:52 | WARD_B_TEMP_01 | 35.7 | NORMAL
2026-09-22 04:45:52 | WARD_B_TEMP_02 | 37.8 | WARNING
2026-09-22 04:45:52 | WARD_B_TEMP_03 | 37.4 | NORMAL
2026-09-22 04:45:52 | WARD_B_TEMP_04 | 34.8 | CRITICAL
2026-09-22 04:45:52 | WARD_B_TEMP_05 | 37.2 | NORMAL
2026-09-22 04:45:53 | WARD_B_TEMP_01 | 34.9 | CRITICAL
2026-09-22 04:45:53 | WARD_B_TEMP_02 | 38.9 | CRITICAL
2026-09-22 04:45:53 | WARD_B_TEMP_03 | 35.7 | NORMAL
2026-09-22 04:45:53 | WARD_B_TEMP_04 | 36.5 | NORMAL
2026-09-22 04:45:53 | WARD_B_TEMP_05 | 39.1 | CRITICAL
2026-09-22 04:45:54 | WARD_B_TEMP_01 | 34.6 | CRITICAL
2026-09-22 04:45:54 | WARD_B_TEMP_02 | 35.9 | NORMAL
2026-09-22 04:45:54 | WARD_B_TEMP_03 | 35.8 | NORMAL
2026-09-22 04:45:54 | WARD_B_TEMP_04 | 38.0 | WARNING
2026-09-22 04:45:54 | WARD_B_TEMP_05 | 37.4 | NORMAL
2026-09-22 04:45:55 | WARD_B_TEMP_01 | 39.6 | CRITICAL
2026-09-22 04:45:55 | WARD_B_TEMP_02 | 37.7 | WARNING
2026-09-22 04:45:55 | WARD_B_TEMP_03 | 37.3 | NORMAL
2026-09-22 04:45:55 | WARD_B_TEMP_04 | 35.3 | CRITICAL
2026-09-22 04:45:55 | WARD_B_TEMP_05 | 40.0 | CRITICAL
2026-09-22 04:45:56 | WARD_B_TEMP_01 | 38.5 | CRITICAL
2026-09-22 04:45:56 | WARD_B_TEMP_02 | 35.3 | CRITICAL
2026-09-22 04:45:56 | WARD_B_TEMP_03 | 40.3 | CRITICAL
2026-09-22 04:45:56 | WARD_B_TEMP_04 | 38.4 | CRITICAL
2026-09-22 04:45:56 | WARD_B_TEMP_05 | 34.8 | CRITICAL
2026-09-22 04:45:57 | WARD_B_TEMP_01 | 35.3 | CRITICAL
2026-09-22 04:45:57 | WARD_B_TEMP_02 | 35.4 | CRITICAL
2026-09-22 04:45:57 | WARD_B_TEMP_03 | 36.8 | NORMAL
2026-09-22 04:45:57 | WARD_B_TEMP_04 | 34.6 | CRITICAL
2026-09-22 04:45:57 | WARD_B_TEMP_05 | 36.8 | NORMAL
2026-09-22 04:45:58 | WARD_B_TEMP_01 | 38.2 | CRITICAL
2026-09-22 04:45:58 | WARD_B_TEMP_02 | 38.2 | CRITICAL
2026-09-22 04:45:58 | WARD_B_TEMP_03 | 35.5 | NORMAL
2026-09-22 04:45:58 | WARD_B_TEMP_04 | 37.3 | NORMAL
2026-09-22 04:45:58 | WARD_B_TEMP_05 | 39.1 | CRITICAL
2026-09-22 04:45:59 | WARD_B_TEMP_01 | 40.3 | CRITICAL
2026-09-22 04:45:59 | WARD_B_TEMP_02 | 37.0 | NORMAL
2026-09-22 04:45:59 | WARD_B_TEMP_03 | 36.9 | NORMAL
2026-09-22 04:45:59 | WARD_B_TEMP_04 | 36.7 | NORMAL
2026-09-22 04:45:59 | WARD_B_TEMP_05 | 36.3 | NORMAL
2026-09-22 04:46:00 | WARD_B_TEMP_01 | 40.2 | CRITICAL
2026-09-22 04:46:00 | WARD_B_TEMP_02 | 40.2 | CRITICAL
2026-09-22 04:46:00 | WARD_B_TEMP_03 | 38.5 | CRITICAL
2026-09-22 04:46:00 | WARD_B_TEMP_04 | 38.9 | CRITICAL
2026-09-22 04:46:00 | WARD_B_TEMP_05 | 36.1 | NORMAL
2026-09-22 04:46:01 | WARD_B_TEMP_01 | 39.4 | CRITICAL
2026-09-22 04:46:01 | WARD_B_TEMP_02 | 35.4 | CRITICAL
2026-09-22 04:46:01 | WARD_B_TEMP_03 | 37.1 | NORMAL
2026-09-22 04:46:01 | WARD_B_TEMP_04 | 37.6 | WARNING
2026-09-22 04:46:01 | WARD_B_TEMP_05 | 39.7 | CRITICAL
2026-09-22 04:46:02 | WARD_B_TEMP_01 | 40.5 | CRITICAL
2026-09-22 04:46:02 | WARD_B_TEMP_02 | 36.7 | NORMAL
2026-09-22 04:46:02 | WARD_B_TEMP_03 | 38.2 | CRITICAL
2026-09-22 04:46:02 | WARD_B_TEMP_04 | 38.3 | CRITICAL
2026-09-22 04:46:02 | WARD_B_TEMP_05 | 39.4 | CRITICAL
2026-09-22 04:46:03 | WARD_B_TEMP_01 | 35.7 | NORMAL
2026-09-22 04:46:03 | WARD_B_TEMP_02 | 36.5 | NORMAL
2026-09-22 04:46:03 | WARD_B_TEMP_03 | 37.0 | NORMAL
2026-09-22 04:46:03 | WARD_B_TEMP_04 | 39.6 | CRITICAL
2026-09-22 04:46:03 | WARD_B_TEMP_05 | 35.5 | NORMAL
2026-09-22 04:46:04 | WARD_B_TEMP_01 | 39.7 | CRITICAL
2026-09-22 04:46:04 | WARD_B_TEMP_02 | 39.1 | CRITICAL
2026-09-22 04:46:04 | WARD_B_TEMP_03 | 35.2 | CRITICAL
2026-09-22 04:46:04 | WARD_B_TEMP_04 | 38.8 | CRITICAL
2026-09-22 04:46:04 | WARD_B_TEMP_05 | 36.2 | NORMAL
2026-09-22 04:46:05 | WARD_B_TEMP_01 | 39.9 | CRITICAL
2026-09-22 04:46:05 | WARD_B_TEMP_02 | 40.4 | CRITICAL
2026-09-22 04:46:05 | WARD_B_TEMP_03 | 36.0 | NORMAL
2026-09-22 04:46:05 | WARD_B_TEMP_04 | 37.7 | WARNING
2026-09-22 04:46:05 | WARD_B_TEMP_05 | 35.2 | CRITICAL
2026-09-22 04:46:06 | WARD_B_TEMP_01 | 39.8 | CRITICAL
2026-09-22 04:46:06 | WARD_B_TEMP_02 | 38.0 | WARNING
2026-09-22 04:46:06 | WARD_B_TEMP_03 | 39.7 | CRITICAL
2026-09-22 04:46:06 | WARD_B_TEMP_04 | 36.7 | NORMAL
2026-09-22 04:46:06 | WARD_B_TEMP_05 | 35.7 | NORMAL
2026-09-22 04:46:07 | WARD_B_TEMP_01 | 34.5 | CRITICAL
2026-09-22 04:46:07 | WARD_B_TEMP_02 | 38.1 | CRITICAL
2026-09-22 04:46:07 | WARD_B_TEMP_03 | 36.1 | NORMAL
2026-09-22 04:46:07 | WARD_B_TEMP_04 | 39.5 | CRITICAL
2026-09-22 04:46:07 | WARD_B_TEMP_05 | 37.2 | NORMAL
2026-09-22 04:46:08 | WARD_B_TEMP_01 | 36.8 | NORMAL
2026-09-22 04:46:08 | WARD_B_TEMP_02 | 35.8 | NORMAL
2026-09-22 04:46:08 | WARD_B_TEMP_03 | 37.2 | NORMAL
2026-09-22 04:46:08 | WARD_B_TEMP_04 | 39.9 | CRITICAL
2026-09-22 04:46:08 | WARD_B_TEMP_05 | 35.1 | CRITICAL
2026-09-22 04:46:09 | WARD_B_TEMP_01 | 35.6 | NORMAL
2026-09-22 04:46:09 | WARD_B_TEMP_02 | 39.6 | CRITICAL
2026-09-22 04:46:09 | WARD_B_TEMP_03 | 35.8 | NORMAL
2026-09-22 04:46:09 | WARD_B_TEMP_04 | 36.2 | NORMAL
2026-09-22 04:46:09 | WARD_B_TEMP_05 | 39.9 | CRITICAL
2026-09-22 04:46:10 | WARD_B_TEMP_01 | 38.7 | CRITICAL
2026-09-22 04:46:10 | WARD_B_TEMP_02 | 36.3 | NORMAL
2026-09-22 04:46:10 | WARD_B_TEMP_03 | 38.3 | CRITICAL
2026-09-22 04:46:10 | WARD_B_TEMP_04 | 39.6 | CRITICAL
2026-09-22 04:46:10 | WARD_B_TEMP_05 | 40.0 | CRITICAL
2026-09-22 04:46:11 | WARD_B_TEMP_01 | 40.4 | CRITICAL
2026-09-22 04:46:11 | WARD_B_TEMP_02 | 39.0 | CRITICAL
2026-09-22 04:46:11 | WARD_B_TEMP_03 | 35.9 | NORMAL
2026-09-22 04:46:11 | WARD_B_TEMP_04 | 38.6 | CRITICAL
2026-09-22 04:46:11 | WARD_B_TEMP_05 | 38.2 | CRITICAL
2026-09-22 04:46:12 | WARD_B_TEMP_01 | 35.1 | CRITICAL
2026-09-22 04:46:12 | WARD_B_TEMP_02 | 35.4 | CRITICAL
2026-09-22 04:46:12 | WARD_B_TEMP_03 | 37.5 | WARNING
2026-09-22 04:46:12 | WARD_B_TEMP_04 | 39.1 | CRITICAL
2026-09-22 04:46:12 | WARD_B_TEMP_05 | 39.6 | CRITICAL
2026-09-22 04:46:13 | WARD_B_TEMP_01 | 37.3 | NORMAL
2026-09-22 04:46:13 | WARD_B_TEMP_02 | 39.1 | CRITICAL
2026-09-22 04:46:13 | WARD_B_TEMP_03 | 38.6 | CRITICAL
2026-09-22 04:46:13 | WARD_B_TEMP_04 | 38.2 | CRITICAL
2026-09-22 04:46:13 | WARD_B_TEMP_05 | 36.7 | NORMAL
2026-09-22 04:46:14 | WARD_B_TEMP_01 | 38.1 | CRITICAL
2026-09-22 04:46:14 | WARD_B_TEMP_02 | 37.8 | WARNING
2026-09-22 04:46:14 | WARD_B_TEMP_03 | 37.1 | NORMAL
2026-09-22 04:46:14 | WARD_B_TEMP_04 | 39.9 | CRITICAL
2026-09-22 04:46:14 | WARD_B_TEMP_05 | 40.5 | CRITICAL
2026-09-22 04:46:15 | WARD_B_TEMP_01 | 36.7 | NORMAL
2026-09-22 04:46:15 | WARD_B_TEMP_02 | 37.6 | WARNING
2026-09-22 04:46:15 | WARD_B_TEMP_03 | 38.3 | CRITICAL
2026-09-22 04:46:15 | WARD_B_TEMP_04 | 35.4 | CRITICAL
2026-09-22 04:46:15 | WARD_B_TEMP_05 | 36.0 | NORMAL
2026-09-22 04:46:16 | WARD_B_TEMP_01 | 39.9 | CRITICAL
2026-09-22 04:46:16 | WARD_B_TEMP_02 | 37.5 | WARNING
2026-09-22 04:46:16 | WARD_B_TEMP_03 | 39.3 | CRITICAL
2026-09-22 04:46:16 | WARD_B_TEMP_04 | 37.0 | NORMAL
2026-09-22 04:46:16 | WARD_B_TEMP_05 | 38.4 | CRITICAL
2026-09-22 04:46:17 | WARD_B_TEMP_01 | 37.3 | NORMAL
2026-09-22 04:46:17 | WARD_B_TEMP_02 | 36.6 | NORMAL
2026-09-22 04:46:17 | WARD_B_TEMP_03 | 37.8 | WARNING
2026-09-22 04:46:17 | WARD_B_TEMP_04 | 36.0 | NORMAL
2026-09-22 04:46:17 | WARD_B_TEMP_05 | 35.2 | CRITICAL
2026-09-22 04:46:18 | WARD_B_TEMP_01 | 35.7 | NORMAL
2026-09-22 04:46:18 | WARD_B_TEMP_02 | 36.0 | NORMAL
2026-09-22 04:46:18 | WARD_B_TEMP_03 | 35.2 | CRITICAL
2026-09-22 04:46:18 | WARD_B_TEMP_04 | 38.6 | CRITICAL
2026-09-22 04:46:18 | WARD_B_TEMP_05 | 35.5 | NORMAL
2026-09-22 04:46:19 | WARD_B_TEMP_01 | 39.0 | CRITICAL
2026-09-22 04:46:19 | WARD_B_TEMP_02 | 40.0 | CRITICAL
2026-09-22 04:46:19 | WARD_B_TEMP_03 | 34.8 | CRITICAL
2026-09-22 04:46:19 | WARD_B_TEMP_04 | 39.7 | CRITICAL
2026-09-22 04:46:19 | WARD_B_TEMP_05 | 37.8 | WARNING
2026-09-22 04:46:20 | WARD_B_TEMP_01 | 35.0 | CRITICAL
2026-09-22 04:46:20 | WARD_B_TEMP_02 | 38.6 | CRITICAL
2026-09-22 04:46:20 | WARD_B_TEMP_03 | 35.3 | CRITICAL
2026-09-22 04:46:20 | WARD_B_TEMP_04 | 35.5 | NORMAL
2026-09-22 04:46:20 | WARD_B_TEMP_05 | 40.1 | CRITICAL
2026-09-22 04:46:21 | WARD_B_TEMP_01 | 35.5 | NORMAL
2026-09-22 04:46:21 | WARD_B_TEMP_02 | 40.2 | CRITICAL
2026-09-22 04:46:21 | WARD_B_TEMP_03 | 37.9 | WARNING
2026-09-22 04:46:21 | WARD_B_TEMP_04 | 40.4 | CRITICAL
2026-09-22 04:46:21 | WARD_B_TEMP_05 | 40.1 | CRITICAL
2026-09-22 04:46:22 | WARD_B_TEMP_01 | 38.1 | CRITICAL
2026-09-22 04:46:22 | WARD_B_TEMP_02 | 40.1 | CRITICAL
2026-09-22 04:46:22 | WARD_B_TEMP_03 | 37.7 | WARNING
2026-09-22 04:46:22 | WARD_B_TEMP_04 | 39.1 | CRITICAL
2026-09-22 04:46:22 | WARD_B_TEMP_05 | 37.5 | WARNING
2026-09-22 04:46:23 | WARD_B_TEMP_01 | 37.7 | WARNING
2026-09-22 04:46:23 | WARD_B_TEMP_02 | 38.5 | CRITICAL
2026-09-22 04:46:23 | WARD_B_TEMP_03 | 40.3 | CRITICAL
2026-09-22 04:46:23 | WARD_B_TEMP_04 | 40.3 | CRITICAL
2026-09-22 04:46:23 | WARD_B_TEMP_05 | 36.7 | NORMAL
2026-09-22 04:46:24 | WARD_B_TEMP_01 | 36.9 | NORMAL
2026-09-22 04:46:24 | WARD_B_TEMP_02 | 35.4 | CRITICAL
2026-09-22 04:46:24 | WARD_B_TEMP_03 | 39.4 | CRITICAL
2026-09-22 04:46:24 | WARD_B_TEMP_04 | 39.7 | CRITICAL
2026-09-22 04:46:24 | WARD_B_TEMP_05 | 34.8 | CRITICAL
2026-09-22 04:46:25 | WARD_B_TEMP_01 | 35.0 | CRITICAL
2026-09-22 04:46:25 | WARD_B_TEMP_02 | 38.5 | CRITICAL
2026-09-22 04:46:25 | WARD_B_TEMP_03 | 39.4 | CRITICAL
2026-09-22 04:46:25 | WARD_B_TEMP_04 | 35.2 | CRITICAL
2026-09-22 04:46:25 | WARD_B_TEMP_05 | 37.9 | WARNING
2026-09-22 04:46:26 | WARD_B_TEMP_01 | 35.3 | CRITICAL
2026-09-22 04:46:26 | WARD_B_TEMP_02 | 34.8 | CRITICAL
2026-09-22 04:46:26 | WARD_B_TEMP_03 | 39.1 | CRITICAL
2026-09-22 04:46:26 | WARD_B_TEMP_04 | 34.7 | CRITICAL
2026-09-22 04:46:26 | WARD_B_TEMP_05 | 37.4 | NORMAL
2026-09-22 04:46:27 | WARD_B_TEMP_01 | 37.5 | WARNING
2026-09-22 04:46:27 | WARD_B_TEMP_02 | 39.0 | CRITICAL
2026-09-22 04:46:27 | WARD_B_TEMP_03 | 39.8 | CRITICAL
2026-09-22 04:46:27 | WARD_B_TEMP_04 | 34.5 | CRITICAL
2026-09-22 04:46:27 | WARD_B_TEMP_05 | 40.3 | CRITICAL
2026-09-22 04:46:28 | WARD_B_TEMP_01 | 38.4 | CRITICAL
2026-09-22 04:46:28 | WARD_B_TEMP_02 | 35.2 | CRITICAL
2026-09-22 04:46:28 | WARD_B_TEMP_03 | 36.8 | NORMAL
2026-09-22 04:46:28 | WARD_B_TEMP_04 | 35.2 | CRITICAL
2026-09-22 04:46:28 | WARD_B_TEMP_05 | 40.3 | CRITICAL
2026-09-22 04:46:29 | WARD_B_TEMP_01 | 37.5 | WARNING
2026-09-22 04:46:29 | WARD_B_TEMP_02 | 35.6 | NORMAL
2026-09-22 04:46:29 | WARD_B_TEMP_03 | 37.1 | NORMAL
2026-09-22 04:46:29 | WARD_B_TEMP_04 | 35.8 | NORMAL
2026-09-22 04:46:29 | WARD_B_TEMP_05 | 35.6 | NORMAL
2026-09-22 04:46:30 | WARD_B_TEMP_01 | 40.5 | CRITICAL
2026-09-22 04:46:30 | WARD_B_TEMP_02 | 34.6 | CRITICAL
2026-09-22 04:46:30 | WARD_B_TEMP_03 | 39.3 | CRITICAL
2026-09-22 04:46:30 | WARD_B_TEMP_04 | 35.4 | CRITICAL
2026-09-22 04:46:30 | WARD_B_TEMP_05 | 35.7 | NORMAL
2026-09-22 04:46:31 | WARD_B_TEMP_01 | 36.1 | NORMAL
2026-09-22 04:46:31 | WARD_B_TEMP_02 | 37.0 | NORMAL
2026-09-22 04:46:31 | WARD_B_TEMP_03 | 36.8 | NORMAL
2026-09-22 04:46:31 | WARD_B_TEMP_04 | 39.9 | CRITICAL
2026-09-22 04:46:31 | WARD_B_TEMP_05 | 37.7 | WARNING
2026-09-22 04:46:32 | WARD_B_TEMP_01 | 38.4 | CRITICAL
2026-09-22 04:46:32 | WARD_B_TEMP_02 | 35.3 | CRITICAL
2026-09-22 04:46:32 | WARD_B_TEMP_03 | 35.0 | CRITICAL
2026-09-22 04:46:32 | WARD_B_TEMP_04 | 38.1 | CRITICAL
2026-09-22 04:46:32 | WARD_B_TEMP_05 | 39.8 | CRITICAL
2026-09-22 04:46:33 | WARD_B_TEMP_01 | 39.9 | CRITICAL
2026-09-22 04:46:33 | WARD_B_TEMP_02 | 36.2 | NORMAL
2026-09-22 04:46:33 | WARD_B_TEMP_03 | 34.8 | CRITICAL
2026-09-22 04:46:33 | WARD_B_TEMP_04 | 37.2 | NORMAL
2026-09-22 04:46:33 | WARD_B_TEMP_05 | 38.7 | CRITICAL
2026-09-22 04:46:34 | WARD_B_TEMP_01 | 38.6 | CRITICAL
2026-09-22 04:46:34 | WARD_B_TEMP_02 | 38.1 | CRITICAL
2026-09-22 04:46:34 | WARD_B_TEMP_03 | 37.1 | NORMAL
2026-09-22 04:46:34 | WARD_B_TEMP_04 | 35.9 | NORMAL
2026-09-22 04:46:34 | WARD_B_TEMP_05 | 39.3 | CRITICAL
2026-09-22 04:46:35 | WARD_B_TEMP_01 | 34.6 | CRITICAL
2026-09-22 04:46:35 | WARD_B_TEMP_02 | 35.1 | CRITICAL
2026-09-22 04:46:35 | WARD_B_TEMP_03 | 40.4 | CRITICAL
2026-09-22 04:46:35 | WARD_B_TEMP_04 | 40.2 | CRITICAL
2026-09-22 04:46:35 | WARD_B_TEMP_05 | 35.9 | NORMAL
2026-09-22 04:46:36 | WARD_B_TEMP_01 | 35.0 | CRITICAL
2026-09-22 04:46:36 | WARD_B_TEMP_02 | 37.7 | WARNING
2026-09-22 04:46:36 | WARD_B_TEMP_03 | 36.1 | NORMAL
2026-09-22 04:46:36 | WARD_B_TEMP_04 | 40.4 | CRITICAL
2026-09-22 04:46:36 | WARD_B_TEMP_05 | 35.9 | NORMAL
2026-09-22 04:46:37 | WARD_B_TEMP_01 | 35.0 | CRITICAL
2026-09-22 04:46:37 | WARD_B_TEMP_02 | 38.4 | CRITICAL
2026-09-22 04:46:37 | WARD_B_TEMP_03 | 40.0 | CRITICAL
2026-09-22 04:46:37 | WARD_B_TEMP_04 | 35.4 | CRITICAL
2026-09-22 04:46:37 | WARD_B_TEMP_05 | 40.0 | CRITICAL
2026-09-22 04:46:38 | WARD_B_TEMP_01 | 40.3 | CRITICAL
2026-09-22 04:46:38 | WARD_B_TEMP_02 | 34.8 | CRITICAL
2026-09-22 04:46:38 | WARD_B_TEMP_03 | 34.8 | CRITICAL
2026-09-22 04:46:38 | WARD_B_TEMP_04 | 39.6 | CRITICAL
2026-09-22 04:46:38 | WARD_B_TEMP_05 | 34.9 | CRITICAL
2026-09-22 04:46:39 | WARD_B_TEMP_01 | 39.6 | CRITICAL
2026-09-22 04:46:39 | WARD_B_TEMP_02 | 37.9 | WARNING
2026-09-22 04:46:39 | WARD_B_TEMP_03 | 39.1 | CRITICAL
2026-09-22 04:46:39 | WARD_B_TEMP_04 | 36.5 | NORMAL
2026-09-22 04:46:39 | WARD_B_TEMP_05 | 39.3 | CRITICAL
2026-09-22 04:46:40 | WARD_B_TEMP_01 | 37.7 | WARNING
2026-09-22 04:46:40 | WARD_B_TEMP_02 | 38.4 | CRITICAL
2026-09-22 04:46:40 | WARD_B_TEMP_03 | 37.3 | NORMAL
2026-09-22 04:46:40 | WARD_B_TEMP_04 | 35.9 | NORMAL
2026-09-22 04:46:40 | WARD_B_TEMP_05 | 36.1 | NORMAL
2026-09-22 04:46:41 | WARD_B_TEMP_01 | 35.0 | CRITICAL
2026-09-22 04:46:41 | WARD_B_TEMP_02 | 40.1 | CRITICAL
2026-09-22 04:46:41 | WARD_B_TEMP_03 | 40.3 | CRITICAL
2026-09-22 04:46:41 | WARD_B_TEMP_04 | 37.8 | WARNING
2026-09-22 04:46:41 | WARD_B_TEMP_05 | 40.1 | CRITICAL
2026-09-22 04:46:42 | WARD_B_TEMP_01 | 40.2 | CRITICAL
2026-09-22 04:46:42 | WARD_B_TEMP_02 | 39.5 | CRITICAL
2026-09-22 04:46:42 | WARD_B_TEMP_03 | 35.0 | CRITICAL
2026-09-22 04:46:42 | WARD_B_TEMP_04 | 37.5 | WARNING
2026-09-22 04:46:42 | WARD_B_TEMP_05 | 38.7 | CRITICAL
2026-09-22 04:46:43 | WARD_B_TEMP_01 | 38.6 | CRITICAL
2026-09-22 04:46:43 | WARD_B_TEMP_02 | 38.6 | CRITICAL
2026-09-22 04:46:43 | WARD_B_TEMP_03 | 38.4 | CRITICAL
2026-09-22 04:46:43 | WARD_B_TEMP_04 | 40.4 | CRITICAL
2026-09-22 04:46:43 | WARD_B_TEMP_05 | 40.4 | CRITICAL
2026-09-22 04:46:44 | WARD_B_TEMP_01 | 34.7 | CRITICAL
2026-09-22 04:46:44 | WARD_B_TEMP_02 | 38.4 | CRITICAL
2026-09-22 04:46:44 | WARD_B_TEMP_03 | 37.4 | NORMAL
2026-09-22 04:46:44 | WARD_B_TEMP_04 | 37.5 | WARNING
2026-09-22 04:46:44 | WARD_B_TEMP_05 | 38.1 | CRITICAL
2026-09-22 04:46:45 | WARD_B_TEMP_01 | 38.7 | CRITICAL
2026-09-22 04:46:45 | WARD_B_TEMP_02 | 34.8 | CRITICAL
2026-09-22 04:46:45 | WARD_B_TEMP_03 | 39.4 | CRITICAL
2026-09-22 04:46:45 | WARD_B_TEMP_04 | 36.9 | NORMAL
2026-09-22 04:46:45 | WARD_B_TEMP_05 | 40.0 | CRITICAL
2026-09-22 04:46:46 | WARD_B_TEMP_01 | 38.4 | CRITICAL
2026-09-22 04:46:46 | WARD_B_TEMP_02 | 38.7 | CRITICAL
2026-09-22 04:46:46 | WARD_B_TEMP_03 | 37.3 | NORMAL
2026-09-22 04:46:46 | WARD_B_TEMP_04 | 35.7 | NORMAL
2026-09-22 04:46:46 | WARD_B_TEMP_05 | 39.1 | CRITICAL
2026-09-22 04:46:47 | WARD_B_TEMP_01 | 37.5 | WARNING
2026-09-22 04:46:47 | WARD_B_TEMP_02 | 37.8 | WARNING
2026-09-22 04:46:47 | WARD_B_TEMP_03 | 34.6 | CRITICAL
2026-09-22 04:46:47 | WARD_B_TEMP_04 | 35.3 | CRITICAL
2026-09-22 04:46:47 | WARD_B_TEMP_05 | 40.0 | CRITICAL
2026-09-22 04:46:48 | WARD_B_TEMP_01 | 38.5 | CRITICAL
2026-09-22 04:46:48 | WARD_B_TEMP_02 | 39.6 | CRITICAL
2026-09-22 04:46:48 | WARD_B_TEMP_03 | 40.2 | CRITICAL
2026-09-22 04:46:48 | WARD_B_TEMP_04 | 40.0 | CRITICAL
2026-09-22 04:46:48 | WARD_B_TEMP_05 | 34.7 | CRITICAL
2026-09-22 04:46:49 | WARD_B_TEMP_01 | 38.1 | CRITICAL
2026-09-22 04:46:49 | WARD_B_TEMP_02 | 39.6 | CRITICAL
2026-09-22 04:46:49 | WARD_B_TEMP_03 | 36.2 | NORMAL
2026-09-22 04:46:49 | WARD_B_TEMP_04 | 39.0 | CRITICAL
2026-09-22 04:46:49 | WARD_B_TEMP_05 | 38.6 | CRITICAL
2026-09-22 04:46:50 | WARD_B_TEMP_01 | 34.6 | CRITICAL
2026-09-22 04:46:50 | WARD_B_TEMP_02 | 39.7 | CRITICAL
2026-09-22 04:46:50 | WARD_B_TEMP_03 | 35.2 | CRITICAL
2026-09-22 04:46:50 | WARD_B_TEMP_04 | 36.3 | NORMAL
2026-09-22 04:46:50 | WARD_B_TEMP_05 | 37.5 | WARNING
2026-09-22 04:46:51 | WARD_B_TEMP_01 | 38.0 | WARNING
2026-09-22 04:46:51 | WARD_B_TEMP_02 | 34.8 | CRITICAL
2026-09-22 04:46:51 | WARD_B_TEMP_03 | 40.4 | CRITICAL
2026-09-22 04:46:51 | WARD_B_TEMP_04 | 39.6 | CRITICAL
2026-09-22 04:46:51 | WARD_B_TEMP_05 | 39.9 | CRITICAL
2026-09-22 04:46:52 | WARD_B_TEMP_01 | 38.9 | CRITICAL
2026-09-22 04:46:52 | WARD_B_TEMP_02 | 39.8 | CRITICAL
2026-09-22 04:46:52 | WARD_B_TEMP_03 | 38.3 | CRITICAL
2026-09-22 04:46:52 | WARD_B_TEMP_04 | 37.6 | WARNING
2026-09-22 04:46:52 | WARD_B_TEMP_05 | 38.9 | CRITICAL
2026-09-22 04:46:53 | WARD_B_TEMP_01 | 39.7 | CRITICAL
2026-09-22 04:46:53 | WARD_B_TEMP_02 | 37.7 | WARNING
2026-09-22 04:46:53 | WARD_B_TEMP_03 | 37.6 | WARNING
2026-09-22 04:46:53 | WARD_B_TEMP_04 | 40.2 | CRITICAL
2026-09-22 04:46:53 | WARD_B_TEMP_05 | 39.2 | CRITICAL
2026-09-22 04:46:54 | WARD_B_TEMP_01 | 38.6 | CRITICAL
2026-09-22 04:46:54 | WARD_B_TEMP_02 | 36.9 | NORMAL
2026-09-22 04:46:54 | WARD_B_TEMP_03 | 37.4 | NORMAL
2026-09-22 04:46:54 | WARD_B_TEMP_04 | 37.5 | WARNING
2026-09-22 04:46:54 | WARD_B_TEMP_05 | 35.7 | NORMAL
2026-09-22 04:46:55 | WARD_B_TEMP_01 | 39.3 | CRITICAL
2026-09-22 04:46:55 | WARD_B_TEMP_02 | 37.4 | NORMAL
2026-09-22 04:46:55 | WARD_B_TEMP_03 | 36.3 | NORMAL
2026-09-22 04:46:55 | WARD_B_TEMP_04 | 40.2 | CRITICAL
2026-09-22 04:46:55 | WARD_B_TEMP_05 | 34.5 | CRITICAL
2026-09-22 04:46:56 | WARD_B_TEMP_01 | 37.3 | NORMAL
2026-09-22 04:46:56 | WARD_B_TEMP_02 | 36.8 | NORMAL
2026-09-22 04:46:56 | WARD_B_TEMP_03 | 38.8 | CRITICAL
2026-09-22 04:46:56 | WARD_B_TEMP_04 | 39.6 | CRITICAL
2026-09-22 04:46:56 | WARD_B_TEMP_05 | 38.0 | WARNING
2026-09-22 04:46:57 | WARD_B_TEMP_01 | 37.7 | WARNING
2026-09-22 04:46:57 | WARD_B_TEMP_02 | 37.5 | WARNING
2026-09-22 04:46:57 | WARD_B_TEMP_03 | 36.5 | NORMAL
2026-09-22 04:46:57 | WARD_B_TEMP_04 | 38.4 | CRITICAL
2026-09-22 04:46:57 | WARD_B_TEMP_05 | 34.7 | CRITICAL
2026-09-22 04:46:58 | WARD_B_TEMP_01 | 39.4 | CRITICAL
2026-09-22 04:46:58 | WARD_B_TEMP_02 | 35.8 | NORMAL
2026-09-22 04:46:58 | WARD_B_TEMP_03 | 35.9 | NORMAL
2026-09-22 04:46:58 | WARD_B_TEMP_04 | 38.6 | CRITICAL
2026-09-22 04:46:58 | WARD_B_TEMP_05 | 37.1 | NORMAL
2026-09-22 04:46:59 | WARD_B_TEMP_01 | 39.9 | CRITICAL
2026-09-22 04:46:59 | WARD_B_TEMP_02 | 36.0 | NORMAL
2026-09-22 04:46:59 | WARD_B_TEMP_03 | 38.5 | CRITICAL
2026-09-22 04:46:59 | WARD_B_TEMP_04 | 35.0 | CRITICAL
2026-09-22 04:46:59 | WARD_B_TEMP_05 | 38.4 | CRITICAL
2026-09-22 04:47:00 | WARD_B_TEMP_01 | 38.7 | CRITICAL
2026-09-22 04:47:00 | WARD_B_TEMP_02 | 37.8 | WARNING
2026-09-22 04:47:00 | WARD_B_TEMP_03 | 39.7 | CRITICAL
2026-09-22 04:47:00 | WARD_B_TEMP_04 | 34.6 | CRITICAL
2026-09-22 04:47:00 | WARD_B_TEMP_05 | 40.2 | CRITICAL
2026-09-22 04:47:01 | WARD_B_TEMP_01 | 36.1 | NORMAL
2026-09-22 04:47:01 | WARD_B_TEMP_02 | 36.9 | NORMAL
2026-09-22 04:47:01 | WARD_B_TEMP_03 | 40.3 | CRITICAL
2026-09-22 04:47:01 | WARD_B_TEMP_04 | 37.8 | WARNING
2026-09-22 04:47:01 | WARD_B_TEMP_05 | 35.5 | NORMAL
2026-09-22 04:47:02 | WARD_B_TEMP_01 | 37.8 | WARNING
2026-09-22 04:47:02 | WARD_B_TEMP_02 | 38.4 | CRITICAL
2026-09-22 04:47:02 | WARD_B_TEMP_03 | 35.7 | NORMAL
2026-09-22 04:47:02 | WARD_B_TEMP_04 | 40.4 | CRITICAL
2026-09-22 04:47:02 | WARD_B_TEMP_05 | 35.6 | NORMAL
2026-09-22 04:47:03 | WARD_B_TEMP_01 | 37.1 | NORMAL
2026-09-22 04:47:03 | WARD_B_TEMP_02 | 35.2 | CRITICAL
2026-09-22 04:47:03 | WARD_B_TEMP_03 | 38.4 | CRITICAL
2026-09-22 04:47:03 | WARD_B_TEMP_04 | 38.8 | CRITICAL
2026-09-22 04:47:03 | WARD_B_TEMP_05 | 36.4 | NORMAL
2026-09-22 04:47:04 | WARD_B_TEMP_01 | 36.3 | NORMAL
2026-09-22 04:47:04 | WARD_B_TEMP_02 | 36.4 | NORMAL
2026-09-22 04:47:04 | WARD_B_TEMP_03 | 34.6 | CRITICAL
2026-09-22 04:47:04 | WARD_B_TEMP_04 | 40.2 | CRITICAL
2026-09-22 04:47:04 | WARD_B_TEMP_05 | 38.2 | CRITICAL
2026-09-22 04:47:05 | WARD_B_TEMP_01 | 36.3 | NORMAL
2026-09-22 04:47:05 | WARD_B_TEMP_02 | 35.5 | NORMAL
2026-09-22 04:47:05 | WARD_B_TEMP_03 | 35.4 | CRITICAL
2026-09-22 04:47:05 | WARD_B_TEMP_04 | 39.3 | CRITICAL
2026-09-22 04:47:05 | WARD_B_TEMP_05 | 40.1 | CRITICAL
2026-09-22 04:47:06 | WARD_B_TEMP_01 | 39.4 | CRITICAL
2026-09-22 04:47:06 | WARD_B_TEMP_02 | 34.6 | CRITICAL
2026-09-22 04:47:06 | WARD_B_TEMP_03 | 35.5 | NORMAL
2026-09-22 04:47:06 | WARD_B_TEMP_04 | 34.6 | CRITICAL
2026-09-22 04:47:06 | WARD_B_TEMP_05 | 36.8 | NORMAL
2026-09-22 04:47:07 | WARD_B_TEMP_01 | 39.2 | CRITICAL
2026-09-22 04:47:07 | WARD_B_TEMP_02 | 35.1 | CRITICAL
2026-09-22 04:47:07 | WARD_B_TEMP_03 | 40.3 | CRITICAL
2026-09-22 04:47:07 | WARD_B_TEMP_04 | 38.0 | WARNING
2026-09-22 04:47:07 | WARD_B_TEMP_05 | 37.0 | NORMAL
2026-09-22 04:47:08 | WARD_B_TEMP_01 | 36.1 | NORMAL
2026-09-22 04:47:08 | WARD_B_TEMP_02 | 38.9 | CRITICAL
2026-09-22 04:47:08 | WARD_B_TEMP_03 | 35.4 | CRITICAL
2026-09-22 04:47:08 | WARD_B_TEMP_04 | 36.3 | NORMAL
2026-09-22 04:47:08 | WARD_B_TEMP_05 | 39.2 | CRITICAL
2026-09-22 04:47:09 | WARD_B_TEMP_01 | 37.3 | NORMAL
2026-09-22 04:47:09 | WARD_B_TEMP_02 | 36.4 | NORMAL
2026-09-22 04:47:09 | WARD_B_TEMP_03 | 38.2 | CRITICAL
2026-09-22 04:47:09 | WARD_B_TEMP_04 | 34.7 | CRITICAL
2026-09-22 04:47:09 | WARD_B_TEMP_05 | 35.4 | CRITICAL
2026-09-22 04:47:10 | WARD_B_TEMP_01 | 36.6 | NORMAL
2026-09-22 04:47:10 | WARD_B_TEMP_02 | 39.8 | CRITICAL
2026-09-22 04:47:10 | WARD_B_TEMP_03 | 36.9 | NORMAL
2026-09-22 04:47:10 | WARD_B_TEMP_04 | 39.8 | CRITICAL
2026-09-22 04:47:10 | WARD_B_TEMP_05 | 38.4 | CRITICAL
2026-09-22 04:47:11 | WARD_B_TEMP_01 | 35.2 | CRITICAL
2026-09-22 04:47:11 | WARD_B_TEMP_02 | 40.2 | CRITICAL
2026-09-22 04:47:11 | WARD_B_TEMP_03 | 38.4 | CRITICAL
2026-09-22 04:47:11 | WARD_B_TEMP_04 | 36.4 | NORMAL
2026-09-22 04:47:11 | WARD_B_TEMP_05 | 35.6 | NORMAL
2026-09-22 04:47:12 | WARD_B_TEMP_01 | 39.7 | CRITICAL
2026-09-22 04:47:12 | WARD_B_TEMP_02 | 39.7 | CRITICAL
2026-09-22 04:47:12 | WARD_B_TEMP_03 | 36.7 | NORMAL
2026-09-22 04:47:12 | WARD_B_TEMP_04 | 39.7 | CRITICAL
2026-09-22 04:47:12 | WARD_B_TEMP_05 | 37.2 | NORMAL
2026-09-22 04:47:13 | WARD_B_TEMP_01 | 36.2 | NORMAL
2026-09-22 04:47:13 | WARD_B_TEMP_02 | 35.9 | NORMAL
2026-09-22 04:47:13 | WARD_B_TEMP_03 | 39.6 | CRITICAL
2026-09-22 04:47:13 | WARD_B_TEMP_04 | 36.7 | NORMAL
2026-09-22 04:47:13 | WARD_B_TEMP_05 | 36.8 | NORMAL
2026-09-22 04:47:14 | WARD_B_TEMP_01 | 34.6 | CRITICAL
2026-09-22 04:47:14 | WARD_B_TEMP_02 | 39.5 | CRITICAL
2026-09-22 04:47:14 | WARD_B_TEMP_03 | 38.3 | CRITICAL
2026-09-22 04:47:14 | WARD_B_TEMP_04 | 35.0 | CRITICAL
2026-09-22 04:47:14 | WARD_B_TEMP_05 | 39.2 | CRITICAL
2026-09-22 04:47:15 | WARD_B_TEMP_01 | 35.4 | CRITICAL
2026-09-22 04:47:15 | WARD_B_TEMP_02 | 39.9 | CRITICAL
2026-09-22 04:47:15 | WARD_B_TEMP_03 | 34.7 | CRITICAL
2026-09-22 04:47:15 | WARD_B_TEMP_04 | 36.0 | NORMAL
2026-09-22 04:47:15 | WARD_B_TEMP_05 | 38.7 | CRITICAL
2026-09-22 04:47:16 | WARD_B_TEMP_01 | 36.3 | NORMAL
2026-09-22 04:47:16 | WARD_B_TEMP_02 | 37.9 | WARNING
2026-09-22 04:47:16 | WARD_B_TEMP_03 | 36.4 | NORMAL
2026-09-22 04:47:16 | WARD_B_TEMP_04 | 35.2 | CRITICAL
2026-09-22 04:47:16 | WARD_B_TEMP_05 | 36.7 | NORMAL
2026-09-22 04:47:17 | WARD_B_TEMP_01 | 37.1 | NORMAL
2026-09-22 04:47:17 | WARD_B_TEMP_02 | 36.0 | NORMAL
2026-09-22 04:47:17 | WARD_B_TEMP_03 | 38.1 | CRITICAL
2026-09-22 04:47:17 | WARD_B_TEMP_04 | 37.0 | NORMAL
2026-09-22 04:47:17 | WARD_B_TEMP_05 | 40.5 | CRITICAL
2026-09-22 04:47:18 | WARD_B_TEMP_01 | 37.6 | WARNING
2026-09-22 04:47:18 | WARD_B_TEMP_02 | 38.2 | CRITICAL
2026-09-22 04:47:18 | WARD_B_TEMP_03 | 35.6 | NORMAL
2026-09-22 04:47:18 | WARD_B_TEMP_04 | 38.2 | CRITICAL
2026-09-22 04:47:18 | WARD_B_TEMP_05 | 35.3 | CRITICAL
2026-09-22 04:47:19 | WARD_B_TEMP_01 | 36.8 | NORMAL
2026-09-22 04:47:19 | WARD_B_TEMP_02 | 36.2 | NORMAL
2026-09-22 04:47:19 | WARD_B_TEMP_03 | 37.1 | NORMAL
2026-09-22 04:47:19 | WARD_B_TEMP_04 | 37.8 | WARNING
2026-09-22 04:47:19 | WARD_B_TEMP_05 | 40.0 | CRITICAL
2026-09-22 04:47:20 | WARD_B_TEMP_01 | 39.8 | CRITICAL
2026-09-22 04:47:20 | WARD_B_TEMP_02 | 37.7 | WARNING
2026-09-22 04:47:20 | WARD_B_TEMP_03 | 35.1 | CRITICAL
2026-09-22 04:47:20 | WARD_B_TEMP_04 | 36.1 | NORMAL
2026-09-22 04:47:20 | WARD_B_TEMP_05 | 36.7 | NORMAL
2026-09-22 04:47:21 | WARD_B_TEMP_01 | 39.1 | CRITICAL
2026-09-22 04:47:21 | WARD_B_TEMP_02 | 38.9 | CRITICAL
2026-09-22 04:47:21 | WARD_B_TEMP_03 | 35.9 | NORMAL
2026-09-22 04:47:21 | WARD_B_TEMP_04 | 40.2 | CRITICAL
2026-09-22 04:47:21 | WARD_B_TEMP_05 | 38.4 | CRITICAL
2026-09-22 04:47:22 | WARD_B_TEMP_01 | 39.9 | CRITICAL
2026-09-22 04:47:22 | WARD_B_TEMP_02 | 37.4 | NORMAL
2026-09-22 04:47:22 | WARD_B_TEMP_03 | 39.0 | CRITICAL
2026-09-22 04:47:22 | WARD_B_TEMP_04 | 37.3 | NORMAL
2026-09-22 04:47:22 | WARD_B_TEMP_05 | 34.9 | CRITICAL
2026-09-22 04:47:23 | WARD_B_TEMP_01 | 37.2 | NORMAL
2026-09-22 04:47:23 | WARD_B_TEMP_02 | 36.0 | NORMAL
2026-09-22 04:47:23 | WARD_B_TEMP_03 | 40.3 | CRITICAL
2026-09-22 04:47:23 | WARD_B_TEMP_04 | 38.5 | CRITICAL
2026-09-22 04:47:23 | WARD_B_TEMP_05 | 38.1 | CRITICAL
2026-09-22 04:47:24 | WARD_B_TEMP_01 | 36.4 | NORMAL
2026-09-22 04:47:24 | WARD_B_TEMP_02 | 37.4 | NORMAL
2026-09-22 04:47:24 | WARD_B_TEMP_03 | 38.1 | CRITICAL
2026-09-22 04:47:24 | WARD_B_TEMP_04 | 37.8 | WARNING
2026-09-22 04:47:24 | WARD_B_TEMP_05 | 37.8 | WARNING
2026-09-22 04:47:25 | WARD_B_TEMP_01 | 38.7 | CRITICAL
2026-09-22 04:47:25 | WARD_B_TEMP_02 | 40.4 | CRITICAL
2026-09-22 04:47:25 | WARD_B_TEMP_03 | 40.2 | CRITICAL
2026-09-22 04:47:25 | WARD_B_TEMP_04 | 40.3 | CRITICAL
2026-09-22 04:47:25 | WARD_B_TEMP_05 | 34.5 | CRITICAL
2026-09-22 04:47:26 | WARD_B_TEMP_01 | 40.2 | CRITICAL
2026-09-22 04:47:26 | WARD_B_TEMP_02 | 37.8 | WARNING
2026-09-22 04:47:26 | WARD_B_TEMP_03 | 40.1 | CRITICAL
2026-09-22 04:47:26 | WARD_B_TEMP_04 | 38.8 | CRITICAL
2026-09-22 04:47:26 | WARD_B_TEMP_05 | 39.8 | CRITICAL
2026-09-22 04:47:27 | WARD_B_TEMP_01 | 39.8 | CRITICAL
2026-09-22 04:47:27 | WARD_B_TEMP_02 | 39.6 | CRITICAL
2026-09-22 04:47:27 | WARD_B_TEMP_03 | 36.4 | NORMAL
2026-09-22 04:47:27 | WARD_B_TEMP_04 | 37.5 | WARNING
2026-09-22 04:47:27 | WARD_B_TEMP_05 | 34.5 | CRITICAL
2026-09-22 04:47:28 | WARD_B_TEMP_01 | 39.0 | CRITICAL
2026-09-22 04:47:28 | WARD_B_TEMP_02 | 36.3 | NORMAL
2026-09-22 04:47:28 | WARD_B_TEMP_03 | 38.9 | CRITICAL
2026-09-22 04:47:28 | WARD_B_TEMP_04 | 39.0 | CRITICAL
2026-09-22 04:47:28 | WARD_B_TEMP_05 | 38.8 | CRITICAL
2026-09-22 04:47:29 | WARD_B_TEMP_01 | 36.3 | NORMAL
2026-09-22 04:47:29 | WARD_B_TEMP_02 | 39.7 | CRITICAL
2026-09-22 04:47:29 | WARD_B_TEMP_03 | 39.0 | CRITICAL
2026-09-22 04:47:29 | WARD_B_TEMP_04 | 38.7 | CRITICAL
2026-09-22 04:47:29 | WARD_B_TEMP_05 | 35.4 | CRITICAL
2026-09-22 04:47:30 | WARD_B_TEMP_01 | 40.1 | CRITICAL
2026-09-22 04:47:30 | WARD_B_TEMP_02 | 39.5 | CRITICAL
2026-09-22 04:47:30 | WARD_B_TEMP_03 | 37.1 | NORMAL
2026-09-22 04:47:30 | WARD_B_TEMP_04 | 34.8 | CRITICAL
2026-09-22 04:47:30 | WARD_B_TEMP_05 | 37.4 | NORMAL
2026-09-22 04:47:31 | WARD_B_TEMP_01 | 40.3 | CRITICAL
2026-09-22 04:47:31 | WARD_B_TEMP_02 | 36.8 | NORMAL
2026-09-22 04:47:31 | WARD_B_TEMP_03 | 37.3 | NORMAL
2026-09-22 04:47:31 | WARD_B_TEMP_04 | 36.4 | NORMAL
2026-09-22 04:47:31 | WARD_B_TEMP_05 | 39.5 | CRITICAL
2026-09-22 04:47:32 | WARD_B_TEMP_01 | 37.8 | WARNING
2026-09-22 04:47:32 | WARD_B_TEMP_02 | 38.0 | WARNING
2026-09-22 04:47:32 | WARD_B_TEMP_03 | 35.3 | CRITICAL
2026-09-22 04:47:32 | WARD_B_TEMP_04 | 36.6 | NORMAL
2026-09-22 04:47:32 | WARD_B_TEMP_05 | 37.3 | NORMAL
2026-09-22 04:47:33 | WARD_B_TEMP_01 | 36.0 | NORMAL
2026-09-22 04:47:33 | WARD_B_TEMP_02 | 37.6 | WARNING
2026-09-22 04:47:33 | WARD_B_TEMP_03 | 38.8 | CRITICAL
2026-09-22 04:47:33 | WARD_B_TEMP_04 | 35.4 | CRITICAL
2026-09-22 04:47:33 | WARD_B_TEMP_05 | 39.0 | CRITICAL
2026-09-22 04:47:34 | WARD_B_TEMP_01 | 36.0 | NORMAL
2026-09-22 04:47:34 | WARD_B_TEMP_02 | 37.1 | NORMAL
2026-09-22 04:47:34 | WARD_B_TEMP_03 | 36.9 | NORMAL
2026-09-22 04:47:34 | WARD_B_TEMP_04 | 39.4 | CRITICAL
2026-09-22 04:47:34 | WARD_B_TEMP_05 | 39.9 | CRITICAL
2026-09-22 04:47:35 | WARD_B_TEMP_01 | 39.0 | CRITICAL
2026-09-22 04:47:35 | WARD_B_TEMP_02 | 40.2 | CRITICAL
2026-09-22 04:47:35 | WARD_B_TEMP_03 | 40.5 | CRITICAL
2026-09-22 04:47:35 | WARD_B_TEMP_04 | 35.9 | NORMAL
2026-09-22 04:47:35 | WARD_B_TEMP_05 | 37.4 | NORMAL
2026-09-22 04:47:36 | WARD_B_TEMP_01 | 37.4 | NORMAL
2026-09-22 04:47:36 | WARD_B_TEMP_02 | 37.6 | WARNING
2026-09-22 04:47:36 | WARD_B_TEMP_03 | 35.8 | NORMAL
2026-09-22 04:47:36 | WARD_B_TEMP_04 | 36.4 | NORMAL
2026-09-22 04:47:36 | WARD_B_TEMP_05 | 36.2 | NORMAL
2026-09-22 04:47:37 | WARD_B_TEMP_01 | 36.2 | NORMAL
2026-09-22 04:47:37 | WARD_B_TEMP_02 | 39.8 | CRITICAL
2026-09-22 04:47:37 | WARD_B_TEMP_03 | 39.4 | CRITICAL
2026-09-22 04:47:37 | WARD_B_TEMP_04 | 35.2 | CRITICAL
2026-09-22 04:47:37 | WARD_B_TEMP_05 | 35.9 | NORMAL
2026-09-22 04:47:38 | WARD_B_TEMP_01 | 38.2 | CRITICAL
2026-09-22 04:47:38 | WARD_B_TEMP_02 | 37.1 | NORMAL
2026-09-22 04:47:38 | WARD_B_TEMP_03 | 36.9 | NORMAL
2026-09-22 04:47:38 | WARD_B_TEMP_04 | 37.4 | NORMAL
2026-09-22 04:47:38 | WARD_B_TEMP_05 | 36.2 | NORMAL
2026-09-22 04:47:39 | WARD_B_TEMP_01 | 35.4 | CRITICAL
2026-09-22 04:47:39 | WARD_B_TEMP_02 | 37.8 | WARNING
2026-09-22 04:47:39 | WARD_B_TEMP_03 | 37.9 | WARNING
2026-09-22 04:47:39 | WARD_B_TEMP_04 | 34.8 | CRITICAL
2026-09-22 04:47:39 | WARD_B_TEMP_05 | 36.7 | NORMAL
2026-09-22 04:47:40 | WARD_B_TEMP_01 | 36.2 | NORMAL
2026-09-22 04:47:40 | WARD_B_TEMP_02 | 38.3 | CRITICAL
2026-09-22 04:47:40 | WARD_B_TEMP_03 | 36.2 | NORMAL
2026-09-22 04:47:40 | WARD_B_TEMP_04 | 38.8 | CRITICAL
2026-09-22 04:47:40 | WARD_B_TEMP_05 | 39.1 | CRITICAL
2026-09-22 04:47:41 | WARD_B_TEMP_01 | 39.8 | CRITICAL
2026-09-22 04:47:41 | WARD_B_TEMP_02 | 38.1 | CRITICAL
2026-09-22 04:47:41 | WARD_B_TEMP_03 | 38.1 | CRITICAL
2026-09-22 04:47:41 | WARD_B_TEMP_04 | 39.6 | CRITICAL
2026-09-22 04:47:41 | WARD_B_TEMP_05 | 35.6 | NORMAL
2026-09-22 04:47:42 | WARD_B_TEMP_01 | 40.5 | CRITICAL
2026-09-22 04:47:42 | WARD_B_TEMP_02 | 34.7 | CRITICAL
2026-09-22 04:47:42 | WARD_B_TEMP_03 | 36.3 | NORMAL
2026-09-22 04:47:42 | WARD_B_TEMP_04 | 37.2 | NORMAL
2026-09-22 04:47:42 | WARD_B_TEMP_05 | 38.1 | CRITICAL
2026-09-22 04:47:43 | WARD_B_TEMP_01 | 36.8 | NORMAL
2026-09-22 04:47:43 | WARD_B_TEMP_02 | 40.0 | CRITICAL
2026-09-22 04:47:43 | WARD_B_TEMP_03 | 34.9 | CRITICAL
2026-09-22 04:47:43 | WARD_B_TEMP_04 | 36.0 | NORMAL
2026-09-22 04:47:43 | WARD_B_TEMP_05 | 40.1 | CRITICAL
2026-09-22 04:47:44 | WARD_B_TEMP_01 | 37.3 | NORMAL
2026-09-22 04:47:44 | WARD_B_TEMP_02 | 35.9 | NORMAL
2026-09-22 04:47:44 | WARD_B_TEMP_03 | 38.2 | CRITICAL
2026-09-22 04:47:44 | WARD_B_TEMP_04 | 38.9 | CRITICAL
2026-09-22 04:47:44 | WARD_B_TEMP_05 | 36.4 | NORMAL
2026-09-22 04:47:45 | WARD_B_TEMP_01 | 35.2 | CRITICAL
2026-09-22 04:47:45 | WARD_B_TEMP_02 | 40.4 | CRITICAL
2026-09-22 04:47:45 | WARD_B_TEMP_03 | 38.6 | CRITICAL
2026-09-22 04:47:45 | WARD_B_TEMP_04 | 37.4 | NORMAL
2026-09-22 04:47:45 | WARD_B_TEMP_05 | 35.0 | CRITICAL
2026-09-22 04:47:46 | WARD_B_TEMP_01 | 36.4 | NORMAL
2026-09-22 04:47:46 | WARD_B_TEMP_02 | 39.0 | CRITICAL
2026-09-22 04:47:46 | WARD_B_TEMP_03 | 36.5 | NORMAL
2026-09-22 04:47:46 | WARD_B_TEMP_04 | 39.1 | CRITICAL
2026-09-22 04:47:46 | WARD_B_TEMP_05 | 39.9 | CRITICAL
2026-09-22 04:47:47 | WARD_B_TEMP_01 | 39.4 | CRITICAL
2026-09-22 04:47:47 | WARD_B_TEMP_02 | 35.9 | NORMAL
2026-09-22 04:47:47 | WARD_B_TEMP_03 | 35.9 | NORMAL
2026-09-22 04:47:47 | WARD_B_TEMP_04 | 37.5 | WARNING
2026-09-22 04:47:47 | WARD_B_TEMP_05 | 39.3 | CRITICAL
2026-09-22 04:47:48 | WARD_B_TEMP_01 | 36.8 | NORMAL
2026-09-22 04:47:48 | WARD_B_TEMP_02 | 39.9 | CRITICAL
2026-09-22 04:47:48 | WARD_B_TEMP_03 | 34.6 | CRITICAL
2026-09-22 04:47:48 | WARD_B_TEMP_04 | 39.1 | CRITICAL
2026-09-22 04:47:48 | WARD_B_TEMP_05 | 35.4 | CRITICAL
2026-09-22 04:47:49 | WARD_B_TEMP_01 | 36.8 | NORMAL
2026-09-22 04:47:49 | WARD_B_TEMP_02 | 37.4 | NORMAL
2026-09-22 04:47:49 | WARD_B_TEMP_03 | 35.3 | CRITICAL
2026-09-22 04:47:49 | WARD_B_TEMP_04 | 39.9 | CRITICAL
2026-09-22 04:47:49 | WARD_B_TEMP_05 | 40.0 | CRITICAL
2026-09-22 04:47:50 | WARD_B_TEMP_01 | 40.1 | CRITICAL
2026-09-22 04:47:50 | WARD_B_TEMP_02 | 36.3 | NORMAL
2026-09-22 04:47:50 | WARD_B_TEMP_03 | 37.2 | NORMAL
2026-09-22 04:47:50 | WARD_B_TEMP_04 | 35.2 | CRITICAL
2026-09-22 04:47:50 | WARD_B_TEMP_05 | 35.4 | CRITICAL
2026-09-22 04:47:51 | WARD_B_TEMP_01 | 39.4 | CRITICAL
2026-09-22 04:47:51 | WARD_B_TEMP_02 | 35.1 | CRITICAL
2026-09-22 04:47:51 | WARD_B_TEMP_03 | 38.8 | CRITICAL
2026-09-22 04:47:51 | WARD_B_TEMP_04 | 37.9 | WARNING
2026-09-22 04:47:51 | WARD_B_TEMP_05 | 38.1 | CRITICAL
2026-09-22 04:47:52 | WARD_B_TEMP_01 | 35.9 | NORMAL
2026-09-22 04:47:52 | WARD_B_TEMP_02 | 39.9 | CRITICAL
2026-09-22 04:47:52 | WARD_B_TEMP_03 | 39.3 | CRITICAL
2026-09-22 04:47:52 | WARD_B_TEMP_04 | 35.1 | CRITICAL
2026-09-22 04:47:52 | WARD_B_TEMP_05 | 36.3 | NORMAL
2026-09-22 04:47:53 | WARD_B_TEMP_01 | 39.5 | CRITICAL
2026-09-22 04:47:53 | WARD_B_TEMP_02 | 35.1 | CRITICAL
2026-09-22 04:47:53 | WARD_B_TEMP_03 | 37.2 | NORMAL
2026-09-22 04:47:53 | WARD_B_TEMP_04 | 39.9 | CRITICAL
2026-09-22 04:47:53 | WARD_B_TEMP_05 | 39.1 | CRITICAL
2026-09-22 04:47:54 | WARD_B_TEMP_01 | 37.1 | NORMAL
2026-09-22 04:47:54 | WARD_B_TEMP_02 | 35.3 | CRITICAL
2026-09-22 04:47:54 | WARD_B_TEMP_03 | 35.0 | CRITICAL
2026-09-22 04:47:54 | WARD_B_TEMP_04 | 36.0 | NORMAL
2026-09-22 04:47:54 | WARD_B_TEMP_05 | 36.6 | NORMAL
2026-09-22 04:47:55 | WARD_B_TEMP_01 | 36.3 | NORMAL
2026-09-22 04:47:55 | WARD_B_TEMP_02 | 34.6 | CRITICAL
2026-09-22 04:47:55 | WARD_B_TEMP_03 | 40.2 | CRITICAL
2026-09-22 04:47:55 | WARD_B_TEMP_04 | 34.8 | CRITICAL
2026-09-22 04:47:55 | WARD_B_TEMP_05 | 37.3 | NORMAL
2026-09-22 04:47:56 | WARD_B_TEMP_01 | 39.8 | CRITICAL
2026-09-22 04:47:56 | WARD_B_TEMP_02 | 34.9 | CRITICAL
2026-09-22 04:47:56 | WARD_B_TEMP_03 | 35.6 | NORMAL
2026-09-22 04:47:56 | WARD_B_TEMP_04 | 37.1 | NORMAL
2026-09-22 04:47:56 | WARD_B_TEMP_05 | 36.7 | NORMAL
2026-09-22 04:47:57 | WARD_B_TEMP_01 | 38.8 | CRITICAL
2026-09-22 04:47:57 | WARD_B_TEMP_02 | 35.7 | NORMAL
2026-09-22 04:47:57 | WARD_B_TEMP_03 | 39.5 | CRITICAL
2026-09-22 04:47:57 | WARD_B_TEMP_04 | 37.9 | WARNING
2026-09-22 04:47:57 | WARD_B_TEMP_05 | 38.6 | CRITICAL
2026-09-22 04:47:58 | WARD_B_TEMP_01 | 35.2 | CRITICAL
2026-09-22 04:47:58 | WARD_B_TEMP_02 | 36.5 | NORMAL
2026-09-22 04:47:58 | WARD_B_TEMP_03 | 36.7 | NORMAL
2026-09-22 04:47:58 | WARD_B_TEMP_04 | 40.2 | CRITICAL
2026-09-22 04:47:58 | WARD_B_TEMP_05 | 40.3 | CRITICAL
2026-09-22 04:47:59 | WARD_B_TEMP_01 | 39.4 | CRITICAL
2026-09-22 04:47:59 | WARD_B_TEMP_02 | 37.4 | NORMAL
2026-09-22 04:47:59 | WARD_B_TEMP_03 | 37.9 | WARNING
2026-09-22 04:47:59 | WARD_B_TEMP_04 | 34.9 | CRITICAL
2026-09-22 04:47:59 | WARD_B_TEMP_05 | 39.0 | CRITICAL
2026-09-22 04:48:00 | WARD_B_TEMP_01 | 37.3 | NORMAL
2026-09-22 04:48:00 | WARD_B_TEMP_02 | 37.7 | WARNING
2026-09-22 04:48:00 | WARD_B_TEMP_03 | 40.1 | CRITICAL
2026-09-22 04:48:00 | WARD_B_TEMP_04 | 38.7 | CRITICAL
2026-09-22 04:48:00 | WARD_B_TEMP_05 | 37.9 | WARNING
2026-09-22 04:48:01 | WARD_B_TEMP_01 | 40.1 | CRITICAL
2026-09-22 04:48:01 | WARD_B_TEMP_02 | 36.4 | NORMAL
2026-09-22 04:48:01 | WARD_B_TEMP_03 | 39.7 | CRITICAL
2026-09-22 04:48:01 | WARD_B_TEMP_04 | 39.1 | CRITICAL
2026-09-22 04:48:01 | WARD_B_TEMP_05 | 38.0 | WARNING
2026-09-22 04:48:02 | WARD_B_TEMP_01 | 39.4 | CRITICAL
2026-09-22 04:48:02 | WARD_B_TEMP_02 | 37.4 | NORMAL
2026-09-22 04:48:02 | WARD_B_TEMP_03 | 34.9 | CRITICAL
2026-09-22 04:48:02 | WARD_B_TEMP_04 | 35.4 | CRITICAL
2026-09-22 04:48:02 | WARD_B_TEMP_05 | 37.3 | NORMAL
2026-09-22 04:48:03 | WARD_B_TEMP_01 | 36.3 | NORMAL
2026-09-22 04:48:03 | WARD_B_TEMP_02 | 36.9 | NORMAL
2026-09-22 04:48:03 | WARD_B_TEMP_03 | 35.2 | CRITICAL
2026-09-22 04:48:03 | WARD_B_TEMP_04 | 37.0 | NORMAL
2026-09-22 04:48:03 | WARD_B_TEMP_05 | 34.5 | CRITICAL
2026-09-22 04:48:04 | WARD_B_TEMP_01 | 38.7 | CRITICAL
2026-09-22 04:48:04 | WARD_B_TEMP_02 | 35.9 | NORMAL
2026-09-22 04:48:04 | WARD_B_TEMP_03 | 37.0 | NORMAL
2026-09-22 04:48:04 | WARD_B_TEMP_04 | 39.6 | CRITICAL
2026-09-22 04:48:04 | WARD_B_TEMP_05 | 39.5 | CRITICAL
2026-09-22 04:48:05 | WARD_B_TEMP_01 | 38.2 | CRITICAL
2026-09-22 04:48:05 | WARD_B_TEMP_02 | 38.6 | CRITICAL
2026-09-22 04:48:05 | WARD_B_TEMP_03 | 35.1 | CRITICAL
2026-09-22 04:48:05 | WARD_B_TEMP_04 | 38.9 | CRITICAL
2026-09-22 04:48:05 | WARD_B_TEMP_05 | 35.0 | CRITICAL
2026-09-22 04:48:06 | WARD_B_TEMP_01 | 37.7 | WARNING
2026-09-22 04:48:06 | WARD_B_TEMP_02 | 38.3 | CRITICAL
2026-09-22 04:48:06 | WARD_B_TEMP_03 | 36.2 | NORMAL
2026-09-22 04:48:06 | WARD_B_TEMP_04 | 38.3 | CRITICAL
2026-09-22 04:48:06 | WARD_B_TEMP_05 | 35.0 | CRITICAL
2026-09-22 04:48:07 | WARD_B_TEMP_01 | 40.2 | CRITICAL
2026-09-22 04:48:07 | WARD_B_TEMP_02 | 38.6 | CRITICAL
2026-09-22 04:48:07 | WARD_B_TEMP_03 | 37.0 | NORMAL
2026-09-22 04:48:07 | WARD_B_TEMP_04 | 35.0 | CRITICAL
2026-09-22 04:48:07 | WARD_B_TEMP_05 | 37.4 | NORMAL
2026-09-22 04:48:08 | WARD_B_TEMP_01 | 35.8 | NORMAL
2026-09-22 04:48:08 | WARD_B_TEMP_02 | 38.3 | CRITICAL
2026-09-22 04:48:08 | WARD_B_TEMP_03 | 36.8 | NORMAL
2026-09-22 04:48:08 | WARD_B_TEMP_04 | 38.0 | WARNING
2026-09-22 04:48:08 | WARD_B_TEMP_05 | 35.8 | NORMAL
2026-09-22 04:48:09 | WARD_B_TEMP_01 | 36.4 | NORMAL
2026-09-22 04:48:09 | WARD_B_TEMP_02 | 38.4 | CRITICAL
2026-09-22 04:48:09 | WARD_B_TEMP_03 | 35.7 | NORMAL
2026-09-22 04:48:09 | WARD_B_TEMP_04 | 39.0 | CRITICAL
2026-09-22 04:48:09 | WARD_B_TEMP_05 | 39.7 | CRITICAL
2026-09-22 04:48:10 | WARD_B_TEMP_01 | 38.5 | CRITICAL
2026-09-22 04:48:10 | WARD_B_TEMP_02 | 40.3 | CRITICAL
2026-09-22 04:48:10 | WARD_B_TEMP_03 | 38.6 | CRITICAL
2026-09-22 04:48:10 | WARD_B_TEMP_04 | 36.7 | NORMAL
2026-09-22 04:48:10 | WARD_B_TEMP_05 | 36.7 | NORMAL
2026-09-22 04:48:11 | WARD_B_TEMP_01 | 36.0 | NORMAL
2026-09-22 04:48:11 | WARD_B_TEMP_02 | 37.6 | WARNING
2026-09-22 04:48:11 | WARD_B_TEMP_03 | 39.3 | CRITICAL
2026-09-22 04:48:11 | WARD_B_TEMP_04 | 39.8 | CRITICAL
2026-09-22 04:48:11 | WARD_B_TEMP_05 | 36.8 | NORMAL
2026-09-22 04:48:12 | WARD_B_TEMP_01 | 38.7 | CRITICAL
2026-09-22 04:48:12 | WARD_B_TEMP_02 | 38.7 | CRITICAL
2026-09-22 04:48:12 | WARD_B_TEMP_03 | 35.0 | CRITICAL
2026-09-22 04:48:12 | WARD_B_TEMP_04 | 38.0 | WARNING
2026-09-22 04:48:12 | WARD_B_TEMP_05 | 38.1 | CRITICAL
2026-09-22 04:48:13 | WARD_B_TEMP_01 | 36.6 | NORMAL
2026-09-22 04:48:13 | WARD_B_TEMP_02 | 35.6 | NORMAL
2026-09-22 04:48:13 | WARD_B_TEMP_03 | 36.8 | NORMAL
2026-09-22 04:48:13 | WARD_B_TEMP_04 | 40.1 | CRITICAL
2026-09-22 04:48:13 | WARD_B_TEMP_05 | 35.7 | NORMAL
2026-09-22 04:48:14 | WARD_B_TEMP_01 | 37.1 | NORMAL
2026-09-22 04:48:14 | WARD_B_TEMP_02 | 35.8 | NORMAL
2026-09-22 04:48:14 | WARD_B_TEMP_03 | 34.7 | CRITICAL
2026-09-22 04:48:14 | WARD_B_TEMP_04 | 35.0 | CRITICAL
2026-09-22 04:48:14 | WARD_B_TEMP_05 | 34.8 | CRITICAL
2026-09-22 04:48:15 | WARD_B_TEMP_01 | 35.8 | NORMAL
2026-09-22 04:48:15 | WARD_B_TEMP_02 | 35.0 | CRITICAL
2026-09-22 04:48:15 | WARD_B_TEMP_03 | 35.4 | CRITICAL
2026-09-22 04:48:15 | WARD_B_TEMP_04 | 38.8 | CRITICAL
2026-09-22 04:48:15 | WARD_B_TEMP_05 | 35.5 | NORMAL
2026-09-22 04:48:16 | WARD_B_TEMP_01 | 34.8 | CRITICAL
2026-09-22 04:48:16 | WARD_B_TEMP_02 | 39.1 | CRITICAL
2026-09-22 04:48:16 | WARD_B_TEMP_03 | 38.3 | CRITICAL
2026-09-22 04:48:16 | WARD_B_TEMP_04 | 39.3 | CRITICAL
2026-09-22 04:48:16 | WARD_B_TEMP_05 | 40.3 | CRITICAL
2026-09-22 04:48:17 | WARD_B_TEMP_01 | 40.4 | CRITICAL
2026-09-22 04:48:17 | WARD_B_TEMP_02 | 37.4 | NORMAL
2026-09-22 04:48:17 | WARD_B_TEMP_03 | 40.1 | CRITICAL
2026-09-22 04:48:17 | WARD_B_TEMP_04 | 37.0 | NORMAL
2026-09-22 04:48:17 | WARD_B_TEMP_05 | 37.8 | WARNING
2026-09-22 04:48:18 | WARD_B_TEMP_01 | 39.5 | CRITICAL
2026-09-22 04:48:18 | WARD_B_TEMP_02 | 37.1 | NORMAL
2026-09-22 04:48:18 | WARD_B_TEMP_03 | 39.2 | CRITICAL
2026-09-22 04:48:18 | WARD_B_TEMP_04 | 39.7 | CRITICAL
2026-09-22 04:48:18 | WARD_B_TEMP_05 | 39.1 | CRITICAL
2026-09-22 04:48:19 | WARD_B_TEMP_01 | 36.4 | NORMAL
2026-09-22 04:48:19 | WARD_B_TEMP_02 | 36.7 | NORMAL
2026-09-22 04:48:19 | WARD_B_TEMP_03 | 35.0 | CRITICAL
2026-09-22 04:48:19 | WARD_B_TEMP_04 | 36.8 | NORMAL
2026-09-22 04:48:19 | WARD_B_TEMP_05 | 35.8 | NORMAL
2026-09-22 04:48:20 | WARD_B_TEMP_01 | 36.1 | NORMAL
2026-09-22 04:48:20 | WARD_B_TEMP_02 | 38.0 | WARNING
2026-09-22 04:48:20 | WARD_B_TEMP_03 | 38.2 | CRITICAL
2026-09-22 04:48:20 | WARD_B_TEMP_04 | 39.8 | CRITICAL
2026-09-22 04:48:20 | WARD_B_TEMP_05 | 39.4 | CRITICAL
2026-09-22 04:48:21 | WARD_B_TEMP_01 | 37.4 | NORMAL
2026-09-22 04:48:21 | WARD_B_TEMP_02 | 39.3 | CRITICAL
2026-09-22 04:48:21 | WARD_B_TEMP_03 | 37.0 | NORMAL
2026-09-22 04:48:21 | WARD_B_TEMP_04 | 36.8 | NORMAL
2026-09-22 04:48:21 | WARD_B_TEMP_05 | 40.0 | CRITICAL
2026-09-22 04:48:22 | WARD_B_TEMP_01 | 38.8 | CRITICAL
2026-09-22 04:48:22 | WARD_B_TEMP_02 | 37.1 | NORMAL
2026-09-22 04:48:22 | WARD_B_TEMP_03 | 39.5 | CRITICAL
2026-09-22 04:48:22 | WARD_B_TEMP_04 | 36.3 | NORMAL
2026-09-22 04:48:22 | WARD_B_TEMP_05 | 39.5 | CRITICAL
2026-09-22 04:48:23 | WARD_B_TEMP_01 | 35.0 | CRITICAL
2026-09-22 04:48:23 | WARD_B_TEMP_02 | 37.9 | WARNING
2026-09-22 04:48:23 | WARD_B_TEMP_03 | 36.2 | NORMAL
2026-09-22 04:48:23 | WARD_B_TEMP_04 | 35.1 | CRITICAL
2026-09-22 04:48:23 | WARD_B_TEMP_05 | 35.3 | CRITICAL
2026-09-22 04:48:24 | WARD_B_TEMP_01 | 40.1 | CRITICAL
2026-09-22 04:48:24 | WARD_B_TEMP_02 | 39.7 | CRITICAL
2026-09-22 04:48:24 | WARD_B_TEMP_03 | 34.8 | CRITICAL
2026-09-22 04:48:24 | WARD_B_TEMP_04 | 34.7 | CRITICAL
2026-09-22 04:48:24 | WARD_B_TEMP_05 | 37.3 | NORMAL
2026-09-22 04:48:25 | WARD_B_TEMP_01 | 36.0 | NORMAL
2026-09-22 04:48:25 | WARD_B_TEMP_02 | 39.8 | CRITICAL
2026-09-22 04:48:25 | WARD_B_TEMP_03 | 40.4 | CRITICAL
2026-09-22 04:48:25 | WARD_B_TEMP_04 | 35.8 | NORMAL
2026-09-22 04:48:25 | WARD_B_TEMP_05 | 39.7 | CRITICAL
2026-09-22 04:48:26 | WARD_B_TEMP_01 | 40.3 | CRITICAL
2026-09-22 04:48:26 | WARD_B_TEMP_02 | 38.9 | CRITICAL
2026-09-22 04:48:26 | WARD_B_TEMP_03 | 35.8 | NORMAL
2026-09-22 04:48:26 | WARD_B_TEMP_04 | 36.8 | NORMAL
2026-09-22 04:48:26 | WARD_B_TEMP_05 | 35.2 | CRITICAL
2026-09-22 04:48:27 | WARD_B_TEMP_01 | 40.1 | CRITICAL
2026-09-22 04:48:27 | WARD_B_TEMP_02 | 37.0 | NORMAL
2026-09-22 04:48:27 | WARD_B_TEMP_03 | 40.4 | CRITICAL
2026-09-22 04:48:27 | WARD_B_TEMP_04 | 36.8 | NORMAL
2026-09-22 04:48:27 | WARD_B_TEMP_05 | 38.0 | WARNING
2026-09-22 04:48:28 | WARD_B_TEMP_01 | 39.3 | CRITICAL
2026-09-22 04:48:28 | WARD_B_TEMP_02 | 38.1 | CRITICAL
2026-09-22 04:48:28 | WARD_B_TEMP_03 | 34.5 | CRITICAL
2026-09-22 04:48:28 | WARD_B_TEMP_04 | 36.5 | NORMAL
2026-09-22 04:48:28 | WARD_B_TEMP_05 | 37.5 | WARNING
2026-09-22 04:48:29 | WARD_B_TEMP_01 | 37.6 | WARNING
2026-09-22 04:48:29 | WARD_B_TEMP_02 | 36.6 | NORMAL
2026-09-22 04:48:29 | WARD_B_TEMP_03 | 35.4 | CRITICAL
2026-09-22 04:48:29 | WARD_B_TEMP_04 | 37.6 | WARNING
2026-09-22 04:48:29 | WARD_B_TEMP_05 | 34.8 | CRITICAL
2026-09-22 04:48:30 | WARD_B_TEMP_01 | 37.9 | WARNING
2026-09-22 04:48:30 | WARD_B_TEMP_02 | 39.8 | CRITICAL
2026-09-22 04:48:30 | WARD_B_TEMP_03 | 35.0 | CRITICAL
2026-09-22 04:48:30 | WARD_B_TEMP_04 | 38.5 | CRITICAL
2026-09-22 04:48:30 | WARD_B_TEMP_05 | 35.9 | NORMAL
2026-09-22 04:48:31 | WARD_B_TEMP_01 | 38.7 | CRITICAL
2026-09-22 04:48:31 | WARD_B_TEMP_02 | 36.4 | NORMAL
2026-09-22 04:48:31 | WARD_B_TEMP_03 | 39.4 | CRITICAL
2026-09-22 04:48:31 | WARD_B_TEMP_04 | 35.4 | CRITICAL
2026-09-22 04:48:31 | WARD_B_TEMP_05 | 39.5 | CRITICAL
2026-09-22 04:48:32 | WARD_B_TEMP_01 | 35.4 | CRITICAL
2026-09-22 04:48:32 | WARD_B_TEMP_02 | 37.2 | NORMAL
2026-09-22 04:48:32 | WARD_B_TEMP_03 | 35.7 | NORMAL
2026-09-22 04:48:32 | WARD_B_TEMP_04 | 35.7 | NORMAL
2026-09-22 04:48:32 | WARD_B_TEMP_05 | 39.3 | CRITICAL
2026-09-22 04:48:33 | WARD_B_TEMP_01 | 36.4 | NORMAL
2026-09-22 04:48:33 | WARD_B_TEMP_02 | 39.1 | CRITICAL
2026-09-22 04:48:33 | WARD_B_TEMP_03 | 37.1 | NORMAL
2026-09-22 04:48:33 | WARD_B_TEMP_04 | 38.1 | CRITICAL
2026-09-22 04:48:33 | WARD_B_TEMP_05 | 35.0 | CRITICAL
2026-09-22 04:48:34 | WARD_B_TEMP_01 | 39.2 | CRITICAL
2026-09-22 04:48:34 | WARD_B_TEMP_02 | 36.2 | NORMAL
2026-09-22 04:48:34 | WARD_B_TEMP_03 | 35.1 | CRITICAL
2026-09-22 04:48:34 | WARD_B_TEMP_04 | 40.4 | CRITICAL
2026-09-22 04:48:34 | WARD_B_TEMP_05 | 36.4 | NORMAL
2026-09-22 04:48:35 | WARD_B_TEMP_01 | 39.5 | CRITICAL
2026-09-22 04:48:35 | WARD_B_TEMP_02 | 35.8 | NORMAL
2026-09-22 04:48:35 | WARD_B_TEMP_03 | 37.0 | NORMAL
2026-09-22 04:48:35 | WARD_B_TEMP_04 | 35.7 | NORMAL
2026-09-22 04:48:35 | WARD_B_TEMP_05 | 40.3 | CRITICAL
2026-09-22 04:48:36 | WARD_B_TEMP_01 | 35.0 | CRITICAL
2026-09-22 04:48:36 | WARD_B_TEMP_02 | 40.3 | CRITICAL
2026-09-22 04:48:36 | WARD_B_TEMP_03 | 40.0 | CRITICAL
2026-09-22 04:48:36 | WARD_B_TEMP_04 | 37.1 | NORMAL
2026-09-22 04:48:36 | WARD_B_TEMP_05 | 39.1 | CRITICAL
2026-09-22 04:48:37 | WARD_B_TEMP_01 | 37.8 | WARNING
2026-09-22 04:48:37 | WARD_B_TEMP_02 | 35.4 | CRITICAL
2026-09-22 04:48:37 | WARD_B_TEMP_03 | 37.6 | WARNING
2026-09-22 04:48:37 | WARD_B_TEMP_04 | 37.0 | NORMAL
2026-09-22 04:48:37 | WARD_B_TEMP_05 | 37.8 | WARNING
2026-09-22 04:48:38 | WARD_B_TEMP_01 | 38.7 | CRITICAL
2026-09-22 04:48:38 | WARD_B_TEMP_02 | 35.0 | CRITICAL
2026-09-22 04:48:38 | WARD_B_TEMP_03 | 39.7 | CRITICAL
2026-09-22 04:48:38 | WARD_B_TEMP_04 | 37.1 | NORMAL
2026-09-22 04:48:38 | WARD_B_TEMP_05 | 36.6 | NORMAL
2026-09-22 04:48:39 | WARD_B_TEMP_01 | 39.1 | CRITICAL
2026-09-22 04:48:39 | WARD_B_TEMP_02 | 38.6 | CRITICAL
2026-09-22 04:48:39 | WARD_B_TEMP_03 | 38.4 | CRITICAL
2026-09-22 04:48:39 | WARD_B_TEMP_04 | 35.7 | NORMAL
2026-09-22 04:48:39 | WARD_B_TEMP_05 | 40.4 | CRITICAL
2026-09-22 04:48:40 | WARD_B_TEMP_01 | 39.2 | CRITICAL
2026-09-22 04:48:40 | WARD_B_TEMP_02 | 35.4 | CRITICAL
2026-09-22 04:48:40 | WARD_B_TEMP_03 | 38.9 | CRITICAL
2026-09-22 04:48:40 | WARD_B_TEMP_04 | 35.5 | NORMAL
2026-09-22 04:48:40 | WARD_B_TEMP_05 | 34.5 | CRITICAL
2026-09-22 04:48:41 | WARD_B_TEMP_01 | 35.9 | NORMAL
2026-09-22 04:48:41 | WARD_B_TEMP_02 | 37.4 | NORMAL
2026-09-22 04:48:41 | WARD_B_TEMP_03 | 35.7 | NORMAL
2026-09-22 04:48:41 | WARD_B_TEMP_04 | 38.2 | CRITICAL
2026-09-22 04:48:41 | WARD_B_TEMP_05 | 36.5 | NORMAL
2026-09-22 04:48:42 | WARD_B_TEMP_01 | 39.9 | CRITICAL
2026-09-22 04:48:42 | WARD_B_TEMP_02 | 36.8 | NORMAL
2026-09-22 04:48:42 | WARD_B_TEMP_03 | 37.9 | WARNING
2026-09-22 04:48:42 | WARD_B_TEMP_04 | 36.4 | NORMAL
2026-09-22 04:48:42 | WARD_B_TEMP_05 | 38.6 | CRITICAL
2026-09-22 04:48:43 | WARD_B_TEMP_01 | 34.9 | CRITICAL
2026-09-22 04:48:43 | WARD_B_TEMP_02 | 37.3 | NORMAL
2026-09-22 04:48:43 | WARD_B_TEMP_03 | 38.5 | CRITICAL
2026-09-22 04:48:43 | WARD_B_TEMP_04 | 35.9 | NORMAL
2026-09-22 04:48:43 | WARD_B_TEMP_05 | 36.1 | NORMAL
2026-09-22 04:48:44 | WARD_B_TEMP_01 | 34.5 | CRITICAL
2026-09-22 04:48:44 | WARD_B_TEMP_02 | 38.5 | CRITICAL
2026-09-22 04:48:44 | WARD_B_TEMP_03 | 38.2 | CRITICAL
2026-09-22 04:48:44 | WARD_B_TEMP_04 | 35.3 | CRITICAL
2026-09-22 04:48:44 | WARD_B_TEMP_05 | 40.3 | CRITICAL
2026-09-22 04:48:45 | WARD_B_TEMP_01 | 39.8 | CRITICAL
2026-09-22 04:48:45 | WARD_B_TEMP_02 | 38.9 | CRITICAL
2026-09-22 04:48:45 | WARD_B_TEMP_03 | 37.4 | NORMAL
2026-09-22 04:48:45 | WARD_B_TEMP_04 | 38.9 | CRITICAL
2026-09-22 04:48:45 | WARD_B_TEMP_05 | 35.9 | NORMAL
2026-09-22 04:48:46 | WARD_B_TEMP_01 | 37.8 | WARNING
2026-09-22 04:48:46 | WARD_B_TEMP_02 | 37.8 | WARNING
2026-09-22 04:48:46 | WARD_B_TEMP_03 | 37.8 | WARNING
2026-09-22 04:48:46 | WARD_B_TEMP_04 | 36.0 | NORMAL
2026-09-22 04:48:46 | WARD_B_TEMP_05 | 37.5 | WARNING
2026-09-22 04:48:47 | WARD_B_TEMP_01 | 39.1 | CRITICAL
2026-09-22 04:48:47 | WARD_B_TEMP_02 | 35.1 | CRITICAL
2026-09-22 04:48:47 | WARD_B_TEMP_03 | 40.2 | CRITICAL
2026-09-22 04:48:47 | WARD_B_TEMP_04 | 34.6 | CRITICAL
2026-09-22 04:48:47 | WARD_B_TEMP_05 | 35.5 | NORMAL
2026-09-22 04:48:48 | WARD_B_TEMP_01 | 38.7 | CRITICAL
2026-09-22 04:48:48 | WARD_B_TEMP_02 | 39.4 | CRITICAL
2026-09-22 04:48:48 | WARD_B_TEMP_03 | 37.2 | NORMAL
2026-09-22 04:48:48 | WARD_B_TEMP_04 | 40.4 | CRITICAL
2026-09-22 04:48:48 | WARD_B_TEMP_05 | 37.7 | WARNING
2026-09-22 04:48:49 | WARD_B_TEMP_01 | 39.5 | CRITICAL
2026-09-22 04:48:49 | WARD_B_TEMP_02 | 35.3 | CRITICAL
2026-09-22 04:48:49 | WARD_B_TEMP_03 | 36.0 | NORMAL
2026-09-22 04:48:49 | WARD_B_TEMP_04 | 39.1 | CRITICAL
2026-09-22 04:48:49 | WARD_B_TEMP_05 | 36.6 | NORMAL
2026-09-22 04:48:50 | WARD_B_TEMP_01 | 37.4 | NORMAL
2026-09-22 04:48:50 | WARD_B_TEMP_02 | 37.1 | NORMAL
2026-09-22 04:48:50 | WARD_B_TEMP_03 | 34.6 | CRITICAL
2026-09-22 04:48:50 | WARD_B_TEMP_04 | 38.7 | CRITICAL
2026-09-22 04:48:50 | WARD_B_TEMP_05 | 38.5 | CRITICAL
2026-09-22 04:48:51 | WARD_B_TEMP_01 | 34.9 | CRITICAL
2026-09-22 04:48:51 | WARD_B_TEMP_02 | 40.2 | CRITICAL
2026-09-22 04:48:51 | WARD_B_TEMP_03 | 38.8 | CRITICAL
2026-09-22 04:48:51 | WARD_B_TEMP_04 | 37.4 | NORMAL
2026-09-22 04:48:51 | WARD_B_TEMP_05 | 35.3 | CRITICAL
2026-09-22 04:48:52 | WARD_B_TEMP_01 | 38.6 | CRITICAL
2026-09-22 04:48:52 | WARD_B_TEMP_02 | 39.6 | CRITICAL
2026-09-22 04:48:52 | WARD_B_TEMP_03 | 38.1 | CRITICAL
2026-09-22 04:48:52 | WARD_B_TEMP_04 | 35.9 | NORMAL
2026-09-22 04:48:52 | WARD_B_TEMP_05 | 35.3 | CRITICAL
2026-09-22 04:48:53 | WARD_B_TEMP_01 | 34.6 | CRITICAL
2026-09-22 04:48:53 | WARD_B_TEMP_02 | 39.6 | CRITICAL
2026-09-22 04:48:53 | WARD_B_TEMP_03 | 34.7 | CRITICAL
2026-09-22 04:48:53 | WARD_B_TEMP_04 | 39.9 | CRITICAL
2026-09-22 04:48:53 | WARD_B_TEMP_05 | 34.9 | CRITICAL
2026-09-22 04:48:54 | WARD_B_TEMP_01 | 40.1 | CRITICAL
2026-09-22 04:48:54 | WARD_B_TEMP_02 | 35.3 | CRITICAL
2026-09-22 04:48:54 | WARD_B_TEMP_03 | 39.5 | CRITICAL
2026-09-22 04:48:54 | WARD_B_TEMP_04 | 39.6 | CRITICAL
2026-09-22 04:48:54 | WARD_B_TEMP_05 | 39.2 | CRITICAL
2026-09-22 04:48:55 | WARD_B_TEMP_01 | 39.2 | CRITICAL
2026-09-22 04:48:55 | WARD_B_TEMP_02 | 39.0 | CRITICAL
2026-09-22 04:48:55 | WARD_B_TEMP_03 | 34.5 | CRITICAL
2026-09-22 04:48:55 | WARD_B_TEMP_04 | 39.1 | CRITICAL
2026-09-22 04:48:55 | WARD_B_TEMP_05 | 38.7 | CRITICAL
2026-09-22 04:48:56 | WARD_B_TEMP_01 | 36.2 | NORMAL
2026-09-22 04:48:56 | WARD_B_TEMP_02 | 37.0 | NORMAL
2026-09-22 04:48:56 | WARD_B_TEMP_03 | 39.7 | CRITICAL
2026-09-22 04:48:56 | WARD_B_TEMP_04 | 37.9 | WARNING
2026-09-22 04:48:56 | WARD_B_TEMP_05 | 39.4 | CRITICAL
2026-09-22 04:48:57 | WARD_B_TEMP_01 | 38.5 | CRITICAL
2026-09-22 04:48:57 | WARD_B_TEMP_02 | 39.0 | CRITICAL
2026-09-22 04:48:57 | WARD_B_TEMP_03 | 39.1 | CRITICAL
2026-09-22 04:48:57 | WARD_B_TEMP_04 | 37.0 | NORMAL
2026-09-22 04:48:57 | WARD_B_TEMP_05 | 35.5 | NORMAL
2026-09-22 04:48:58 | WARD_B_TEMP_01 | 35.5 | NORMAL
2026-09-22 04:48:58 | WARD_B_TEMP_02 | 38.1 | CRITICAL
2026-09-22 04:48:58 | WARD_B_TEMP_03 | 39.0 | CRITICAL
2026-09-22 04:48:58 | WARD_B_TEMP_04 | 38.0 | WARNING
2026-09-22 04:48:58 | WARD_B_TEMP_05 | 34.5 | CRITICAL
2026-09-22 04:48:59 | WARD_B_TEMP_01 | 35.5 | NORMAL
2026-09-22 04:48:59 | WARD_B_TEMP_02 | 36.5 | NORMAL
2026-09-22 04:48:59 | WARD_B_TEMP_03 | 37.9 | WARNING
2026-09-22 04:48:59 | WARD_B_TEMP_04 | 39.6 | CRITICAL
2026-09-22 04:48:59 | WARD_B_TEMP_05 | 36.1 | NORMAL
2026-09-22 04:49:00 | WARD_B_TEMP_01 | 40.2 | CRITICAL
2026-09-22 04:49:00 | WARD_B_TEMP_02 | 38.4 | CRITICAL
2026-09-22 04:49:00 | WARD_B_TEMP_03 | 39.2 | CRITICAL
2026-09-22 04:49:00 | WARD_B_TEMP_04 | 37.7 | WARNING
2026-09-22 04:49:00 | WARD_B_TEMP_05 | 36.5 | NORMAL
2026-09-22 04:49:01 | WARD_B_TEMP_01 | 40.0 | CRITICAL
2026-09-22 04:49:01 | WARD_B_TEMP_02 | 36.0 | NORMAL
2026-09-22 04:49:01 | WARD_B_TEMP_03 | 38.6 | CRITICAL
2026-09-22 04:49:01 | WARD_B_TEMP_04 | 40.3 | CRITICAL
2026-09-22 04:49:01 | WARD_B_TEMP_05 | 35.4 | CRITICAL
2026-09-22 04:49:02 | WARD_B_TEMP_01 | 37.5 | WARNING
2026-09-22 04:49:02 | WARD_B_TEMP_02 | 36.5 | NORMAL
2026-09-22 04:49:02 | WARD_B_TEMP_03 | 38.3 | CRITICAL
2026-09-22 04:49:02 | WARD_B_TEMP_04 | 38.4 | CRITICAL
2026-09-22 04:49:02 | WARD_B_TEMP_05 | 39.7 | CRITICAL
2026-09-22 04:49:03 | WARD_B_TEMP_01 | 37.8 | WARNING
2026-09-22 04:49:03 | WARD_B_TEMP_02 | 40.0 | CRITICAL
2026-09-22 04:49:03 | WARD_B_TEMP_03 | 35.4 | CRITICAL
2026-09-22 04:49:03 | WARD_B_TEMP_04 | 39.8 | CRITICAL
2026-09-22 04:49:03 | WARD_B_TEMP_05 | 39.2 | CRITICAL
2026-09-22 04:49:04 | WARD_B_TEMP_01 | 36.5 | NORMAL
2026-09-22 04:49:04 | WARD_B_TEMP_02 | 40.4 | CRITICAL
2026-09-22 04:49:04 | WARD_B_TEMP_03 | 39.5 | CRITICAL
2026-09-22 04:49:04 | WARD_B_TEMP_04 | 36.1 | NORMAL
2026-09-22 04:49:04 | WARD_B_TEMP_05 | 38.4 | CRITICAL
2026-09-22 04:49:05 | WARD_B_TEMP_01 | 40.1 | CRITICAL
2026-09-22 04:49:05 | WARD_B_TEMP_02 | 35.1 | CRITICAL
2026-09-22 04:49:05 | WARD_B_TEMP_03 | 36.1 | NORMAL
2026-09-22 04:49:05 | WARD_B_TEMP_04 | 37.4 | NORMAL
2026-09-22 04:49:05 | WARD_B_TEMP_05 | 35.7 | NORMAL
2026-09-22 04:49:06 | WARD_B_TEMP_01 | 38.6 | CRITICAL
2026-09-22 04:49:06 | WARD_B_TEMP_02 | 36.6 | NORMAL
2026-09-22 04:49:06 | WARD_B_TEMP_03 | 38.5 | CRITICAL
2026-09-22 04:49:06 | WARD_B_TEMP_04 | 36.9 | NORMAL
2026-09-22 04:49:06 | WARD_B_TEMP_05 | 35.5 | NORMAL
2026-09-22 04:49:07 | WARD_B_TEMP_01 | 35.2 | CRITICAL
2026-09-22 04:49:07 | WARD_B_TEMP_02 | 36.5 | NORMAL
2026-09-22 04:49:07 | WARD_B_TEMP_03 | 36.5 | NORMAL
2026-09-22 04:49:07 | WARD_B_TEMP_04 | 39.7 | CRITICAL
2026-09-22 04:49:07 | WARD_B_TEMP_05 | 39.5 | CRITICAL
2026-09-22 04:49:08 | WARD_B_TEMP_01 | 38.1 | CRITICAL
2026-09-22 04:49:08 | WARD_B_TEMP_02 | 38.1 | CRITICAL
2026-09-22 04:49:08 | WARD_B_TEMP_03 | 37.8 | WARNING
2026-09-22 04:49:08 | WARD_B_TEMP_04 | 35.9 | NORMAL
2026-09-22 04:49:08 | WARD_B_TEMP_05 | 40.3 | CRITICAL
2026-09-22 04:49:09 | WARD_B_TEMP_01 | 37.3 | NORMAL
2026-09-22 04:49:09 | WARD_B_TEMP_02 | 39.2 | CRITICAL
2026-09-22 04:49:09 | WARD_B_TEMP_03 | 37.3 | NORMAL
2026-09-22 04:49:09 | WARD_B_TEMP_04 | 35.9 | NORMAL
2026-09-22 04:49:09 | WARD_B_TEMP_05 | 40.0 | CRITICAL
2026-09-22 04:49:10 | WARD_B_TEMP_01 | 39.9 | CRITICAL
2026-09-22 04:49:10 | WARD_B_TEMP_02 | 39.4 | CRITICAL
2026-09-22 04:49:10 | WARD_B_TEMP_03 | 39.2 | CRITICAL
2026-09-22 04:49:10 | WARD_B_TEMP_04 | 38.3 | CRITICAL
2026-09-22 04:49:10 | WARD_B_TEMP_05 | 37.7 | WARNING
2026-09-22 04:49:11 | WARD_B_TEMP_01 | 35.1 | CRITICAL
2026-09-22 04:49:11 | WARD_B_TEMP_02 | 34.7 | CRITICAL
2026-09-22 04:49:11 | WARD_B_TEMP_03 | 36.7 | NORMAL
2026-09-22 04:49:11 | WARD_B_TEMP_04 | 38.0 | WARNING
2026-09-22 04:49:11 | WARD_B_TEMP_05 | 38.4 | CRITICAL
2026-09-22 04:49:12 | WARD_B_TEMP_01 | 36.9 | NORMAL
2026-09-22 04:49:12 | WARD_B_TEMP_02 | 38.2 | CRITICAL
2026-09-22 04:49:12 | WARD_B_TEMP_03 | 35.2 | CRITICAL
2026-09-22 04:49:12 | WARD_B_TEMP_04 | 36.7 | NORMAL
2026-09-22 04:49:12 | WARD_B_TEMP_05 | 39.7 | CRITICAL
2026-09-22 04:49:13 | WARD_B_TEMP_01 | 38.4 | CRITICAL
2026-09-22 04:49:13 | WARD_B_TEMP_02 | 40.0 | CRITICAL
2026-09-22 04:49:13 | WARD_B_TEMP_03 | 39.1 | CRITICAL
2026-09-22 04:49:13 | WARD_B_TEMP_04 | 39.6 | CRITICAL
2026-09-22 04:49:13 | WARD_B_TEMP_05 | 39.0 | CRITICAL
2026-09-22 04:49:14 | WARD_B_TEMP_01 | 37.6 | WARNING
2026-09-22 04:49:14 | WARD_B_TEMP_02 | 35.9 | NORMAL
2026-09-22 04:49:14 | WARD_B_TEMP_03 | 39.0 | CRITICAL
2026-09-22 04:49:14 | WARD_B_TEMP_04 | 38.9 | CRITICAL
2026-09-22 04:49:14 | WARD_B_TEMP_05 | 40.1 | CRITICAL
2026-09-22 04:49:15 | WARD_B_TEMP_01 | 36.7 | NORMAL
2026-09-22 04:49:15 | WARD_B_TEMP_02 | 39.6 | CRITICAL
2026-09-22 04:49:15 | WARD_B_TEMP_03 | 39.9 | CRITICAL
2026-09-22 04:49:15 | WARD_B_TEMP_04 | 37.0 | NORMAL
2026-09-22 04:49:15 | WARD_B_TEMP_05 | 39.4 | CRITICAL
2026-09-22 04:49:16 | WARD_B_TEMP_01 | 36.9 | NORMAL
2026-09-22 04:49:16 | WARD_B_TEMP_02 | 39.9 | CRITICAL
2026-09-22 04:49:16 | WARD_B_TEMP_03 | 35.2 | CRITICAL
2026-09-22 04:49:16 | WARD_B_TEMP_04 | 39.7 | CRITICAL
2026-09-22 04:49:16 | WARD_B_TEMP_05 | 35.4 | CRITICAL
2026-09-22 04:49:17 | WARD_B_TEMP_01 | 36.0 | NORMAL
2026-09-22 04:49:17 | WARD_B_TEMP_02 | 38.1 | CRITICAL
2026-09-22 04:49:17 | WARD_B_TEMP_03 | 39.9 | CRITICAL
2026-09-22 04:49:17 | WARD_B_TEMP_04 | 35.4 | CRITICAL
2026-09-22 04:49:17 | WARD_B_TEMP_05 | 35.2 | CRITICAL
2026-09-22 04:49:18 | WARD_B_TEMP_01 | 40.4 | CRITICAL
2026-09-22 04:49:18 | WARD_B_TEMP_02 | 36.1 | NORMAL
2026-09-22 04:49:18 | WARD_B_TEMP_03 | 37.0 | NORMAL
2026-09-22 04:49:18 | WARD_B_TEMP_04 | 40.5 | CRITICAL
2026-09-22 04:49:18 | WARD_B_TEMP_05 | 37.5 | WARNING
2026-09-22 04:49:19 | WARD_B_TEMP_01 | 40.4 | CRITICAL
2026-09-22 04:49:19 | WARD_B_TEMP_02 | 35.7 | NORMAL
2026-09-22 04:49:19 | WARD_B_TEMP_03 | 38.8 | CRITICAL
2026-09-22 04:49:19 | WARD_B_TEMP_04 | 40.0 | CRITICAL
2026-09-22 04:49:19 | WARD_B_TEMP_05 | 38.3 | CRITICAL
2026-09-22 04:49:20 | WARD_B_TEMP_01 | 36.7 | NORMAL
2026-09-22 04:49:20 | WARD_B_TEMP_02 | 38.8 | CRITICAL
2026-09-22 04:49:20 | WARD_B_TEMP_03 | 38.8 | CRITICAL
2026-09-22 04:49:20 | WARD_B_TEMP_04 | 37.6 | WARNING
2026-09-22 04:49:20 | WARD_B_TEMP_05 | 37.2 | NORMAL
2026-09-22 04:49:21 | WARD_B_TEMP_01 | 37.2 | NORMAL
2026-09-22 04:49:21 | WARD_B_TEMP_02 | 39.7 | CRITICAL
2026-09-22 04:49:21 | WARD_B_TEMP_03 | 37.2 | NORMAL
2026-09-22 04:49:21 | WARD_B_TEMP_04 | 40.0 | CRITICAL
2026-09-22 04:49:21 | WARD_B_TEMP_05 | 39.8 | CRITICAL
2026-09-22 04:49:22 | WARD_B_TEMP_01 | 34.6 | CRITICAL
2026-09-22 04:49:22 | WARD_B_TEMP_02 | 38.0 | WARNING
2026-09-22 04:49:22 | WARD_B_TEMP_03 | 40.2 | CRITICAL
2026-09-22 04:49:22 | WARD_B_TEMP_04 | 35.1 | CRITICAL
2026-09-22 04:49:22 | WARD_B_TEMP_05 | 38.7 | CRITICAL
2026-09-22 04:49:23 | WARD_B_TEMP_01 | 35.6 | NORMAL
2026-09-22 04:49:23 | WARD_B_TEMP_02 | 39.3 | CRITICAL
2026-09-22 04:49:23 | WARD_B_TEMP_03 | 39.9 | CRITICAL
2026-09-22 04:49:23 | WARD_B_TEMP_04 | 39.4 | CRITICAL
2026-09-22 04:49:23 | WARD_B_TEMP_05 | 37.9 | WARNING
2026-09-22 04:49:24 | WARD_B_TEMP_01 | 38.4 | CRITICAL
2026-09-22 04:49:24 | WARD_B_TEMP_02 | 38.5 | CRITICAL
2026-09-22 04:49:24 | WARD_B_TEMP_03 | 35.0 | CRITICAL
2026-09-22 04:49:24 | WARD_B_TEMP_04 | 35.0 | CRITICAL
2026-09-22 04:49:24 | WARD_B_TEMP_05 | 37.1 | NORMAL
2026-09-22 04:49:25 | WARD_B_TEMP_01 | 37.9 | WARNING
2026-09-22 04:49:25 | WARD_B_TEMP_02 | 36.1 | NORMAL
2026-09-22 04:49:25 | WARD_B_TEMP_03 | 39.4 | CRITICAL
2026-09-22 04:49:25 | WARD_B_TEMP_04 | 36.6 | NORMAL
2026-09-22 04:49:25 | WARD_B_TEMP_05 | 35.4 | CRITICAL
2026-09-22 04:49:26 | WARD_B_TEMP_01 | 40.4 | CRITICAL
2026-09-22 04:49:26 | WARD_B_TEMP_02 | 40.0 | CRITICAL
2026-09-22 04:49:26 | WARD_B_TEMP_03 | 38.3 | CRITICAL
2026-09-22 04:49:26 | WARD_B_TEMP_04 | 38.9 | CRITICAL
2026-09-22 04:49:26 | WARD_B_TEMP_05 | 35.2 | CRITICAL
2026-09-22 04:49:27 | WARD_B_TEMP_01 | 40.2 | CRITICAL
2026-09-22 04:49:27 | WARD_B_TEMP_02 | 37.4 | NORMAL
2026-09-22 04:49:27 | WARD_B_TEMP_03 | 38.3 | CRITICAL
2026-09-22 04:49:27 | WARD_B_TEMP_04 | 37.2 | NORMAL
2026-09-22 04:49:27 | WARD_B_TEMP_05 | 38.8 | CRITICAL
2026-09-22 04:49:28 | WARD_B_TEMP_01 | 35.3 | CRITICAL
2026-09-22 04:49:28 | WARD_B_TEMP_02 | 40.5 | CRITICAL
2026-09-22 04:49:28 | WARD_B_TEMP_03 | 38.0 | WARNING
2026-09-22 04:49:28 | WARD_B_TEMP_04 | 34.7 | CRITICAL
2026-09-22 04:49:28 | WARD_B_TEMP_05 | 35.3 | CRITICAL
2026-09-22 04:49:29 | WARD_B_TEMP_01 | 40.4 | CRITICAL
2026-09-22 04:49:29 | WARD_B_TEMP_02 | 40.4 | CRITICAL
2026-09-22 04:49:29 | WARD_B_TEMP_03 | 36.7 | NORMAL
2026-09-22 04:49:29 | WARD_B_TEMP_04 | 37.5 | WARNING
2026-09-22 04:49:29 | WARD_B_TEMP_05 | 36.9 | NORMAL
2026-09-22 04:49:30 | WARD_B_TEMP_01 | 40.0 | CRITICAL
2026-09-22 04:49:30 | WARD_B_TEMP_02 | 38.6 | CRITICAL
2026-09-22 04:49:30 | WARD_B_TEMP_03 | 38.1 | CRITICAL
2026-09-22 04:49:30 | WARD_B_TEMP_04 | 34.8 | CRITICAL
2026-09-22 04:49:30 | WARD_B_TEMP_05 | 37.9 | WARNING
2026-09-22 04:49:31 | WARD_B_TEMP_01 | 38.1 | CRITICAL
2026-09-22 04:49:31 | WARD_B_TEMP_02 | 39.7 | CRITICAL
2026-09-22 04:49:31 | WARD_B_TEMP_03 | 38.5 | CRITICAL
2026-09-22 04:49:31 | WARD_B_TEMP_04 | 36.8 | NORMAL
2026-09-22 04:49:31 | WARD_B_TEMP_05 | 35.6 | NORMAL
2026-09-22 04:49:32 | WARD_B_TEMP_01 | 40.1 | CRITICAL
2026-09-22 04:49:32 | WARD_B_TEMP_02 | 37.5 | WARNING
2026-09-22 04:49:32 | WARD_B_TEMP_03 | 36.9 | NORMAL
2026-09-22 04:49:32 | WARD_B_TEMP_04 | 37.7 | WARNING
2026-09-22 04:49:32 | WARD_B_TEMP_05 | 39.9 | CRITICAL
2026-09-22 04:49:33 | WARD_B_TEMP_01 | 39.3 | CRITICAL
2026-09-22 04:49:33 | WARD_B_TEMP_02 | 36.5 | NORMAL
2026-09-22 04:49:33 | WARD_B_TEMP_03 | 36.3 | NORMAL
2026-09-22 04:49:33 | WARD_B_TEMP_04 | 37.9 | WARNING
2026-09-22 04:49:33 | WARD_B_TEMP_05 | 36.6 | NORMAL
2026-09-22 04:49:34 | WARD_B_TEMP_01 | 37.5 | WARNING
2026-09-22 04:49:34 | WARD_B_TEMP_02 | 34.9 | CRITICAL
2026-09-22 04:49:34 | WARD_B_TEMP_03 | 35.1 | CRITICAL
2026-09-22 04:49:34 | WARD_B_TEMP_04 | 36.8 | NORMAL
2026-09-22 04:49:34 | WARD_B_TEMP_05 | 38.1 | CRITICAL
2026-09-22 04:49:35 | WARD_B_TEMP_01 | 34.9 | CRITICAL
2026-09-22 04:49:35 | WARD_B_TEMP_02 | 40.0 | CRITICAL
2026-09-22 04:49:35 | WARD_B_TEMP_03 | 37.2 | NORMAL
2026-09-22 04:49:35 | WARD_B_TEMP_04 | 35.8 | NORMAL
2026-09-22 04:49:35 | WARD_B_TEMP_05 | 35.3 | CRITICAL
2026-09-22 04:49:36 | WARD_B_TEMP_01 | 38.4 | CRITICAL
2026-09-22 04:49:36 | WARD_B_TEMP_02 | 38.6 | CRITICAL
2026-09-22 04:49:36 | WARD_B_TEMP_03 | 37.8 | WARNING
2026-09-22 04:49:36 | WARD_B_TEMP_04 | 35.4 | CRITICAL
2026-09-22 04:49:36 | WARD_B_TEMP_05 | 39.0 | CRITICAL
2026-09-22 04:49:37 | WARD_B_TEMP_01 | 36.8 | NORMAL
2026-09-22 04:49:37 | WARD_B_TEMP_02 | 37.7 | WARNING
2026-09-22 04:49:37 | WARD_B_TEMP_03 | 39.4 | CRITICAL
2026-09-22 04:49:37 | WARD_B_TEMP_04 | 40.4 | CRITICAL
2026-09-22 04:49:37 | WARD_B_TEMP_05 | 37.5 | WARNING
2026-09-22 04:49:38 | WARD_B_TEMP_01 | 37.1 | NORMAL
2026-09-22 04:49:38 | WARD_B_TEMP_02 | 39.5 | CRITICAL
2026-09-22 04:49:38 | WARD_B_TEMP_03 | 36.5 | NORMAL
2026-09-22 04:49:38 | WARD_B_TEMP_04 | 39.0 | CRITICAL
2026-09-22 04:49:38 | WARD_B_TEMP_05 | 38.2 | CRITICAL
2026-09-22 04:49:39 | WARD_B_TEMP_01 | 35.9 | NORMAL
2026-09-22 04:49:39 | WARD_B_TEMP_02 | 37.7 | WARNING
2026-09-22 04:49:39 | WARD_B_TEMP_03 | 40.4 | CRITICAL
2026-09-22 04:49:39 | WARD_B_TEMP_04 | 38.4 | CRITICAL
2026-09-22 04:49:39 | WARD_B_TEMP_05 | 36.9 | NORMAL
2026-09-22 04:49:40 | WARD_B_TEMP_01 | 35.8 | NORMAL
2026-09-22 04:49:40 | WARD_B_TEMP_02 | 39.8 | CRITICAL
2026-09-22 04:49:40 | WARD_B_TEMP_03 | 36.0 | NORMAL
2026-09-22 04:49:40 | WARD_B_TEMP_04 | 37.1 | NORMAL
2026-09-22 04:49:40 | WARD_B_TEMP_05 | 36.2 | NORMAL
2026-09-22 04:49:41 | WARD_B_TEMP_01 | 37.1 | NORMAL
2026-09-22 04:49:41 | WARD_B_TEMP_02 | 35.0 | CRITICAL
2026-09-22 04:49:41 | WARD_B_TEMP_03 | 34.9 | CRITICAL
2026-09-22 04:49:41 | WARD_B_TEMP_04 | 35.3 | CRITICAL
2026-09-22 04:49:41 | WARD_B_TEMP_05 | 34.7 | CRITICAL
2026-09-22 04:49:42 | WARD_B_TEMP_01 | 37.9 | WARNING
2026-09-22 04:49:42 | WARD_B_TEMP_02 | 38.5 | CRITICAL
2026-09-22 04:49:42 | WARD_B_TEMP_03 | 38.0 | WARNING
2026-09-22 04:49:42 | WARD_B_TEMP_04 | 38.1 | CRITICAL
2026-09-22 04:49:42 | WARD_B_TEMP_05 | 39.3 | CRITICAL
2026-09-22 04:49:43 | WARD_B_TEMP_01 | 39.6 | CRITICAL
2026-09-22 04:49:43 | WARD_B_TEMP_02 | 38.7 | CRITICAL
2026-09-22 04:49:43 | WARD_B_TEMP_03 | 35.7 | NORMAL
2026-09-22 04:49:43 | WARD_B_TEMP_04 | 37.1 | NORMAL
2026-09-22 04:49:43 | WARD_B_TEMP_05 | 38.3 | CRITICAL
2026-09-22 04:49:44 | WARD_B_TEMP_01 | 35.7 | NORMAL
2026-09-22 04:49:44 | WARD_B_TEMP_02 | 36.0 | NORMAL
2026-09-22 04:49:44 | WARD_B_TEMP_03 | 35.6 | NORMAL
2026-09-22 04:49:44 | WARD_B_TEMP_04 | 38.9 | CRITICAL
2026-09-22 04:49:44 | WARD_B_TEMP_05 | 36.4 | NORMAL
2026-09-22 04:49:45 | WARD_B_TEMP_01 | 36.5 | NORMAL
2026-09-22 04:49:45 | WARD_B_TEMP_02 | 40.3 | CRITICAL
2026-09-22 04:49:45 | WARD_B_TEMP_03 | 36.4 | NORMAL
2026-09-22 04:49:45 | WARD_B_TEMP_04 | 38.4 | CRITICAL
2026-09-22 04:49:45 | WARD_B_TEMP_05 | 38.8 | CRITICAL
2026-09-22 04:49:46 | WARD_B_TEMP_01 | 40.1 | CRITICAL
2026-09-22 04:49:46 | WARD_B_TEMP_02 | 37.9 | WARNING
2026-09-22 04:49:46 | WARD_B_TEMP_03 | 38.3 | CRITICAL
2026-09-22 04:49:46 | WARD_B_TEMP_04 | 40.4 | CRITICAL
2026-09-22 04:49:46 | WARD_B_TEMP_05 | 36.2 | NORMAL
2026-09-22 04:49:47 | WARD_B_TEMP_01 | 39.2 | CRITICAL
2026-09-22 04:49:47 | WARD_B_TEMP_02 | 40.3 | CRITICAL
2026-09-22 04:49:47 | WARD_B_TEMP_03 | 40.5 | CRITICAL
2026-09-22 04:49:47 | WARD_B_TEMP_04 | 37.6 | WARNING
2026-09-22 04:49:47 | WARD_B_TEMP_05 | 40.0 | CRITICAL
2026-09-22 04:49:48 | WARD_B_TEMP_01 | 36.3 | NORMAL
2026-09-22 04:49:48 | WARD_B_TEMP_02 | 37.3 | NORMAL
2026-09-22 04:49:48 | WARD_B_TEMP_03 | 37.2 | NORMAL
2026-09-22 04:49:48 | WARD_B_TEMP_04 | 37.2 | NORMAL
2026-09-22 04:49:48 | WARD_B_TEMP_05 | 37.6 | WARNING
2026-09-22 04:49:49 | WARD_B_TEMP_01 | 35.4 | CRITICAL
2026-09-22 04:49:49 | WARD_B_TEMP_02 | 39.6 | CRITICAL
2026-09-22 04:49:49 | WARD_B_TEMP_03 | 40.1 | CRITICAL
2026-09-22 04:49:49 | WARD_B_TEMP_04 | 40.2 | CRITICAL
2026-09-22 04:49:49 | WARD_B_TEMP_05 | 40.1 | CRITICAL
2026-09-22 04:49:50 | WARD_B_TEMP_01 | 36.6 | NORMAL
2026-09-22 04:49:50 | WARD_B_TEMP_02 | 35.3 | CRITICAL
2026-09-22 04:49:50 | WARD_B_TEMP_03 | 40.2 | CRITICAL
2026-09-22 04:49:50 | WARD_B_TEMP_04 | 35.8 | NORMAL
2026-09-22 04:49:50 | WARD_B_TEMP_05 | 37.3 | NORMAL
2026-09-22 04:49:51 | WARD_B_TEMP_01 | 34.7 | CRITICAL
2026-09-22 04:49:51 | WARD_B_TEMP_02 | 36.7 | NORMAL
2026-09-22 04:49:51 | WARD_B_TEMP_03 | 38.9 | CRITICAL
2026-09-22 04:49:51 | WARD_B_TEMP_04 | 39.8 | CRITICAL
2026-09-22 04:49:51 | WARD_B_TEMP_05 | 34.7 | CRITICAL
2026-09-22 04:49:52 | WARD_B_TEMP_01 | 38.4 | CRITICAL
2026-09-22 04:49:52 | WARD_B_TEMP_02 | 37.1 | NORMAL
2026-09-22 04:49:52 | WARD_B_TEMP_03 | 39.5 | CRITICAL
2026-09-22 04:49:52 | WARD_B_TEMP_04 | 37.8 | WARNING
2026-09-22 04:49:52 | WARD_B_TEMP_05 | 35.5 | NORMAL
2026-09-22 04:49:53 | WARD_B_TEMP_01 | 39.7 | CRITICAL
2026-09-22 04:49:53 | WARD_B_TEMP_02 | 36.7 | NORMAL
2026-09-22 04:49:53 | WARD_B_TEMP_03 | 37.8 | WARNING
2026-09-22 04:49:53 | WARD_B_TEMP_04 | 34.7 | CRITICAL
2026-09-22 04:49:53 | WARD_B_TEMP_05 | 34.9 | CRITICAL
2026-09-22 04:49:54 | WARD_B_TEMP_01 | 37.3 | NORMAL
2026-09-22 04:49:54 | WARD_B_TEMP_02 | 36.1 | NORMAL
2026-09-22 04:49:54 | WARD_B_TEMP_03 | 38.9 | CRITICAL
2026-09-22 04:49:54 | WARD_B_TEMP_04 | 38.9 | CRITICAL
2026-09-22 04:49:54 | WARD_B_TEMP_05 | 34.9 | CRITICAL
2026-09-22 04:49:55 | WARD_B_TEMP_01 | 39.8 | CRITICAL
2026-09-22 04:49:55 | WARD_B_TEMP_02 | 38.7 | CRITICAL
2026-09-22 04:49:55 | WARD_B_TEMP_03 | 37.0 | NORMAL
2026-09-22 04:49:55 | WARD_B_TEMP_04 | 37.5 | WARNING
2026-09-22 04:49:55 | WARD_B_TEMP_05 | 40.1 | CRITICAL
2026-09-22 04:49:56 | WARD_B_TEMP_01 | 38.3 | CRITICAL
2026-09-22 04:49:56 | WARD_B_TEMP_02 | 38.4 | CRITICAL
2026-09-22 04:49:56 | WARD_B_TEMP_03 | 36.9 | NORMAL
2026-09-22 04:49:56 | WARD_B_TEMP_04 | 37.0 | NORMAL
2026-09-22 04:49:56 | WARD_B_TEMP_05 | 38.8 | CRITICAL
2026-09-22 04:49:57 | WARD_B_TEMP_01 | 35.1 | CRITICAL
2026-09-22 04:49:57 | WARD_B_TEMP_02 | 39.2 | CRITICAL
2026-09-22 04:49:57 | WARD_B_TEMP_03 | 35.6 | NORMAL
2026-09-22 04:49:57 | WARD_B_TEMP_04 | 39.5 | CRITICAL
2026-09-22 04:49:57 | WARD_B_TEMP_05 | 35.8 | NORMAL
2026-09-22 04:49:58 | WARD_B_TEMP_01 | 34.8 | CRITICAL
2026-09-22 04:49:58 | WARD_B_TEMP_02 | 36.7 | NORMAL
2026-09-22 04:49:58 | WARD_B_TEMP_03 | 38.1 | CRITICAL
2026-09-22 04:49:58 | WARD_B_TEMP_04 | 38.8 | CRITICAL
2026-09-22 04:49:58 | WARD_B_TEMP_05 | 37.0 | NORMAL
2026-09-22 04:49:59 | WARD_B_TEMP_01 | 36.5 | NORMAL
2026-09-22 04:49:59 | WARD_B_TEMP_02 | 37.3 | NORMAL
2026-09-22 04:49:59 | WARD_B_TEMP_03 | 35.4 | CRITICAL
2026-09-22 04:49:59 | WARD_B_TEMP_04 | 38.5 | CRITICAL
2026-09-22 04:49:59 | WARD_B_TEMP_05 | 36.3 | NORMAL
2026-09-22 04:50:00 | WARD_B_TEMP_01 | 37.2 | NORMAL
2026-09-22 04:50:00 | WARD_B_TEMP_02 | 34.6 | CRITICAL
2026-09-22 04:50:00 | WARD_B_TEMP_03 | 38.6 | CRITICAL
2026-09-22 04:50:00 | WARD_B_TEMP_04 | 35.3 | CRITICAL
2026-09-22 04:50:00 | WARD_B_TEMP_05 | 39.5 | CRITICAL
2026-09-22 04:50:01 | WARD_B_TEMP_01 | 37.6 | WARNING
2026-09-22 04:50:01 | WARD_B_TEMP_02 | 37.7 | WARNING
2026-09-22 04:50:01 | WARD_B_TEMP_03 | 36.1 | NORMAL
2026-09-22 04:50:01 | WARD_B_TEMP_04 | 37.6 | WARNING
2026-09-22 04:50:01 | WARD_B_TEMP_05 | 36.0 | NORMAL
2026-09-22 04:50:02 | WARD_B_TEMP_01 | 34.5 | CRITICAL
2026-09-22 04:50:02 | WARD_B_TEMP_02 | 39.4 | CRITICAL
2026-09-22 04:50:02 | WARD_B_TEMP_03 | 39.4 | CRITICAL
2026-09-22 04:50:02 | WARD_B_TEMP_04 | 39.2 | CRITICAL
2026-09-22 04:50:02 | WARD_B_TEMP_05 | 34.7 | CRITICAL
2026-09-22 04:50:03 | WARD_B_TEMP_01 | 36.1 | NORMAL
2026-09-22 04:50:03 | WARD_B_TEMP_02 | 39.5 | CRITICAL
2026-09-22 04:50:03 | WARD_B_TEMP_03 | 34.8 | CRITICAL
2026-09-22 04:50:03 | WARD_B_TEMP_04 | 36.4 | NORMAL
2026-09-22 04:50:03 | WARD_B_TEMP_05 | 39.0 | CRITICAL
2026-09-22 04:50:04 | WARD_B_TEMP_01 | 37.6 | WARNING
2026-09-22 04:50:04 | WARD_B_TEMP_02 | 40.0 | CRITICAL
2026-09-22 04:50:04 | WARD_B_TEMP_03 | 37.3 | NORMAL
2026-09-22 04:50:04 | WARD_B_TEMP_04 | 38.2 | CRITICAL
2026-09-22 04:50:04 | WARD_B_TEMP_05 | 38.1 | CRITICAL
2026-09-22 04:50:05 | WARD_B_TEMP_01 | 38.1 | CRITICAL
2026-09-22 04:50:05 | WARD_B_TEMP_02 | 38.6 | CRITICAL
2026-09-22 04:50:05 | WARD_B_TEMP_03 | 36.7 | NORMAL
2026-09-22 04:50:05 | WARD_B_TEMP_04 | 36.3 | NORMAL
2026-09-22 04:50:05 | WARD_B_TEMP_05 | 39.0 | CRITICAL
2026-09-22 04:50:06 | WARD_B_TEMP_01 | 35.5 | NORMAL
2026-09-22 04:50:06 | WARD_B_TEMP_02 | 38.7 | CRITICAL
2026-09-22 04:50:06 | WARD_B_TEMP_03 | 37.4 | NORMAL
2026-09-22 04:50:06 | WARD_B_TEMP_04 | 34.5 | CRITICAL
2026-09-22 04:50:06 | WARD_B_TEMP_05 | 39.6 | CRITICAL
2026-09-22 04:50:07 | WARD_B_TEMP_01 | 37.6 | WARNING
2026-09-22 04:50:07 | WARD_B_TEMP_02 | 36.6 | NORMAL
2026-09-22 04:50:07 | WARD_B_TEMP_03 | 37.4 | NORMAL
2026-09-22 04:50:07 | WARD_B_TEMP_04 | 36.1 | NORMAL
2026-09-22 04:50:07 | WARD_B_TEMP_05 | 36.8 | NORMAL
2026-09-22 04:50:08 | WARD_B_TEMP_01 | 35.3 | CRITICAL
2026-09-22 04:50:08 | WARD_B_TEMP_02 | 40.2 | CRITICAL
2026-09-22 04:50:08 | WARD_B_TEMP_03 | 40.0 | CRITICAL
2026-09-22 04:50:08 | WARD_B_TEMP_04 | 37.3 | NORMAL
2026-09-22 04:50:08 | WARD_B_TEMP_05 | 36.4 | NORMAL
2026-09-22 04:50:09 | WARD_B_TEMP_01 | 35.8 | NORMAL
2026-09-22 04:50:09 | WARD_B_TEMP_02 | 35.9 | NORMAL
2026-09-22 04:50:09 | WARD_B_TEMP_03 | 36.1 | NORMAL
2026-09-22 04:50:09 | WARD_B_TEMP_04 | 35.1 | CRITICAL
2026-09-22 04:50:09 | WARD_B_TEMP_05 | 38.0 | WARNING
2026-09-22 04:50:10 | WARD_B_TEMP_01 | 40.1 | CRITICAL
2026-09-22 04:50:10 | WARD_B_TEMP_02 | 36.0 | NORMAL
2026-09-22 04:50:10 | WARD_B_TEMP_03 | 35.1 | CRITICAL
2026-09-22 04:50:10 | WARD_B_TEMP_04 | 35.0 | CRITICAL
2026-09-22 04:50:10 | WARD_B_TEMP_05 | 36.9 | NORMAL
2026-09-22 04:50:11 | WARD_B_TEMP_01 | 35.7 | NORMAL
2026-09-22 04:50:11 | WARD_B_TEMP_02 | 38.7 | CRITICAL
2026-09-22 04:50:11 | WARD_B_TEMP_03 | 39.8 | CRITICAL
2026-09-22 04:50:11 | WARD_B_TEMP_04 | 39.0 | CRITICAL
2026-09-22 04:50:11 | WARD_B_TEMP_05 | 39.4 | CRITICAL
2026-09-22 04:50:12 | WARD_B_TEMP_01 | 39.7 | CRITICAL
2026-09-22 04:50:12 | WARD_B_TEMP_02 | 39.6 | CRITICAL
2026-09-22 04:50:12 | WARD_B_TEMP_03 | 36.0 | NORMAL
2026-09-22 04:50:12 | WARD_B_TEMP_04 | 34.8 | CRITICAL
2026-09-22 04:50:12 | WARD_B_TEMP_05 | 40.4 | CRITICAL
2026-09-22 04:50:13 | WARD_B_TEMP_01 | 35.4 | CRITICAL
2026-09-22 04:50:13 | WARD_B_TEMP_02 | 38.3 | CRITICAL
2026-09-22 04:50:13 | WARD_B_TEMP_03 | 35.4 | CRITICAL
2026-09-22 04:50:13 | WARD_B_TEMP_04 | 40.0 | CRITICAL
2026-09-22 04:50:13 | WARD_B_TEMP_05 | 39.2 | CRITICAL
2026-09-22 04:50:14 | WARD_B_TEMP_01 | 40.1 | CRITICAL
2026-09-22 04:50:14 | WARD_B_TEMP_02 | 34.9 | CRITICAL
2026-09-22 04:50:14 | WARD_B_TEMP_03 | 37.1 | NORMAL
2026-09-22 04:50:14 | WARD_B_TEMP_04 | 38.9 | CRITICAL
2026-09-22 04:50:14 | WARD_B_TEMP_05 | 36.1 | NORMAL
2026-09-22 04:50:15 | WARD_B_TEMP_01 | 37.7 | WARNING
2026-09-22 04:50:15 | WARD_B_TEMP_02 | 37.5 | WARNING
2026-09-22 04:50:15 | WARD_B_TEMP_03 | 36.6 | NORMAL
2026-09-22 04:50:15 | WARD_B_TEMP_04 | 39.1 | CRITICAL
2026-09-22 04:50:15 | WARD_B_TEMP_05 | 36.6 | NORMAL
2026-09-22 04:50:16 | WARD_B_TEMP_01 | 39.4 | CRITICAL
2026-09-22 04:50:16 | WARD_B_TEMP_02 | 40.0 | CRITICAL
2026-09-22 04:50:16 | WARD_B_TEMP_03 | 35.7 | NORMAL
2026-09-22 04:50:16 | WARD_B_TEMP_04 | 39.9 | CRITICAL
2026-09-22 04:50:16 | WARD_B_TEMP_05 | 39.9 | CRITICAL
2026-09-22 04:50:17 | WARD_B_TEMP_01 | 38.5 | CRITICAL
2026-09-22 04:50:17 | WARD_B_TEMP_02 | 40.5 | CRITICAL
2026-09-22 04:50:17 | WARD_B_TEMP_03 | 36.4 | NORMAL
2026-09-22 04:50:17 | WARD_B_TEMP_04 | 38.2 | CRITICAL
2026-09-22 04:50:17 | WARD_B_TEMP_05 | 39.1 | CRITICAL
2026-09-22 04:50:18 | WARD_B_TEMP_01 | 36.2 | NORMAL
2026-09-22 04:50:18 | WARD_B_TEMP_02 | 38.2 | CRITICAL
2026-09-22 04:50:18 | WARD_B_TEMP_03 | 38.8 | CRITICAL
2026-09-22 04:50:18 | WARD_B_TEMP_04 | 38.1 | CRITICAL
2026-09-22 04:50:18 | WARD_B_TEMP_05 | 39.5 | CRITICAL
2026-09-22 04:50:19 | WARD_B_TEMP_01 | 39.4 | CRITICAL
2026-09-22 04:50:19 | WARD_B_TEMP_02 | 38.9 | CRITICAL
2026-09-22 04:50:19 | WARD_B_TEMP_03 | 35.9 | NORMAL
2026-09-22 04:50:19 | WARD_B_TEMP_04 | 36.8 | NORMAL
2026-09-22 04:50:19 | WARD_B_TEMP_05 | 34.5 | CRITICAL
2026-09-22 04:50:20 | WARD_B_TEMP_01 | 38.9 | CRITICAL
2026-09-22 04:50:20 | WARD_B_TEMP_02 | 38.4 | CRITICAL
2026-09-22 04:50:20 | WARD_B_TEMP_03 | 37.7 | WARNING
2026-09-22 04:50:20 | WARD_B_TEMP_04 | 35.1 | CRITICAL
2026-09-22 04:50:20 | WARD_B_TEMP_05 | 34.7 | CRITICAL
2026-09-22 04:50:21 | WARD_B_TEMP_01 | 36.1 | NORMAL
2026-09-22 04:50:21 | WARD_B_TEMP_02 | 39.3 | CRITICAL
2026-09-22 04:50:21 | WARD_B_TEMP_03 | 39.0 | CRITICAL
2026-09-22 04:50:21 | WARD_B_TEMP_04 | 37.2 | NORMAL
2026-09-22 04:50:21 | WARD_B_TEMP_05 | 36.9 | NORMAL
2026-09-22 04:50:22 | WARD_B_TEMP_01 | 37.1 | NORMAL
2026-09-22 04:50:22 | WARD_B_TEMP_02 | 35.1 | CRITICAL
2026-09-22 04:50:22 | WARD_B_TEMP_03 | 39.0 | CRITICAL
2026-09-22 04:50:22 | WARD_B_TEMP_04 | 38.7 | CRITICAL
2026-09-22 04:50:22 | WARD_B_TEMP_05 | 38.2 | CRITICAL
2026-09-22 04:50:23 | WARD_B_TEMP_01 | 37.6 | WARNING
2026-09-22 04:50:23 | WARD_B_TEMP_02 | 36.7 | NORMAL
2026-09-22 04:50:23 | WARD_B_TEMP_03 | 38.5 | CRITICAL
2026-09-22 04:50:23 | WARD_B_TEMP_04 | 35.6 | NORMAL
2026-09-22 04:50:23 | WARD_B_TEMP_05 | 36.5 | NORMAL
2026-09-22 04:50:24 | WARD_B_TEMP_01 | 34.6 | CRITICAL
2026-09-22 04:50:24 | WARD_B_TEMP_02 | 35.2 | CRITICAL
2026-09-22 04:50:24 | WARD_B_TEMP_03 | 40.4 | CRITICAL
2026-09-22 04:50:24 | WARD_B_TEMP_04 | 40.2 | CRITICAL
2026-09-22 04:50:24 | WARD_B_TEMP_05 | 38.4 | CRITICAL
2026-09-22 04:50:25 | WARD_B_TEMP_01 | 39.4 | CRITICAL
2026-09-22 04:50:25 | WARD_B_TEMP_02 | 37.2 | NORMAL
2026-09-22 04:50:25 | WARD_B_TEMP_03 | 36.2 | NORMAL
2026-09-22 04:50:25 | WARD_B_TEMP_04 | 35.6 | NORMAL
2026-09-22 04:50:25 | WARD_B_TEMP_05 | 37.7 | WARNING
2026-09-22 04:50:26 | WARD_B_TEMP_01 | 37.9 | WARNING
2026-09-22 04:50:26 | WARD_B_TEMP_02 | 35.7 | NORMAL
2026-09-22 04:50:26 | WARD_B_TEMP_03 | 39.2 | CRITICAL
2026-09-22 04:50:26 | WARD_B_TEMP_04 | 39.1 | CRITICAL
2026-09-22 04:50:26 | WARD_B_TEMP_05 | 40.3 | CRITICAL
2026-09-22 04:50:27 | WARD_B_TEMP_01 | 37.0 | NORMAL
2026-09-22 04:50:27 | WARD_B_TEMP_02 | 39.8 | CRITICAL
2026-09-22 04:50:27 | WARD_B_TEMP_03 | 35.8 | NORMAL
2026-09-22 04:50:27 | WARD_B_TEMP_04 | 35.7 | NORMAL
2026-09-22 04:50:27 | WARD_B_TEMP_05 | 35.2 | CRITICAL
2026-09-22 04:50:28 | WARD_B_TEMP_01 | 36.9 | NORMAL
2026-09-22 04:50:28 | WARD_B_TEMP_02 | 38.4 | CRITICAL
2026-09-22 04:50:28 | WARD_B_TEMP_03 | 37.3 | NORMAL
2026-09-22 04:50:28 | WARD_B_TEMP_04 | 36.0 | NORMAL
2026-09-22 04:50:28 | WARD_B_TEMP_05 | 38.8 | CRITICAL
2026-09-22 04:50:29 | WARD_B_TEMP_01 | 38.8 | CRITICAL
2026-09-22 04:50:29 | WARD_B_TEMP_02 | 40.3 | CRITICAL
2026-09-22 04:50:29 | WARD_B_TEMP_03 | 35.1 | CRITICAL
2026-09-22 04:50:29 | WARD_B_TEMP_04 | 36.5 | NORMAL
2026-09-22 04:50:29 | WARD_B_TEMP_05 | 39.8 | CRITICAL
2026-09-22 04:50:30 | WARD_B_TEMP_01 | 35.4 | CRITICAL
2026-09-22 04:50:30 | WARD_B_TEMP_02 | 37.3 | NORMAL
2026-09-22 04:50:30 | WARD_B_TEMP_03 | 36.9 | NORMAL
2026-09-22 04:50:30 | WARD_B_TEMP_04 | 38.1 | CRITICAL
2026-09-22 04:50:30 | WARD_B_TEMP_05 | 35.7 | NORMAL
2026-09-22 04:50:31 | WARD_B_TEMP_01 | 36.0 | NORMAL
2026-09-22 04:50:31 | WARD_B_TEMP_02 | 38.1 | CRITICAL
2026-09-22 04:50:31 | WARD_B_TEMP_03 | 36.5 | NORMAL
2026-09-22 04:50:31 | WARD_B_TEMP_04 | 38.7 | CRITICAL
2026-09-22 04:50:31 | WARD_B_TEMP_05 | 38.0 | WARNING
2026-09-22 04:50:32 | WARD_B_TEMP_01 | 37.9 | WARNING
2026-09-22 04:50:32 | WARD_B_TEMP_02 | 37.6 | WARNING
2026-09-22 04:50:32 | WARD_B_TEMP_03 | 37.4 | NORMAL
2026-09-22 04:50:32 | WARD_B_TEMP_04 | 39.1 | CRITICAL
2026-09-22 04:50:32 | WARD_B_TEMP_05 | 35.7 | NORMAL
2026-09-22 04:50:33 | WARD_B_TEMP_01 | 35.9 | NORMAL
2026-09-22 04:50:33 | WARD_B_TEMP_02 | 39.5 | CRITICAL
2026-09-22 04:50:33 | WARD_B_TEMP_03 | 37.4 | NORMAL
2026-09-22 04:50:33 | WARD_B_TEMP_04 | 39.3 | CRITICAL
2026-09-22 04:50:33 | WARD_B_TEMP_05 | 37.4 | NORMAL
2026-09-22 04:50:34 | WARD_B_TEMP_01 | 36.8 | NORMAL
2026-09-22 04:50:34 | WARD_B_TEMP_02 | 38.1 | CRITICAL
2026-09-22 04:50:34 | WARD_B_TEMP_03 | 38.7 | CRITICAL
2026-09-22 04:50:34 | WARD_B_TEMP_04 | 37.2 | NORMAL
2026-09-22 04:50:34 | WARD_B_TEMP_05 | 36.9 | NORMAL
2026-09-22 04:50:35 | WARD_B_TEMP_01 | 38.3 | CRITICAL
2026-09-22 04:50:35 | WARD_B_TEMP_02 | 36.7 | NORMAL
2026-09-22 04:50:35 | WARD_B_TEMP_03 | 34.6 | CRITICAL
2026-09-22 04:50:35 | WARD_B_TEMP_04 | 39.3 | CRITICAL
2026-09-22 04:50:35 | WARD_B_TEMP_05 | 36.1 | NORMAL
2026-09-22 04:50:36 | WARD_B_TEMP_01 | 40.1 | CRITICAL
2026-09-22 04:50:36 | WARD_B_TEMP_02 | 37.4 | NORMAL
2026-09-22 04:50:36 | WARD_B_TEMP_03 | 35.8 | NORMAL
2026-09-22 04:50:36 | WARD_B_TEMP_04 | 35.3 | CRITICAL
2026-09-22 04:50:36 | WARD_B_TEMP_05 | 38.9 | CRITICAL
2026-09-22 04:50:37 | WARD_B_TEMP_01 | 38.2 | CRITICAL
2026-09-22 04:50:37 | WARD_B_TEMP_02 | 35.2 | CRITICAL
2026-09-22 04:50:37 | WARD_B_TEMP_03 | 38.3 | CRITICAL
2026-09-22 04:50:37 | WARD_B_TEMP_04 | 35.2 | CRITICAL
2026-09-22 04:50:37 | WARD_B_TEMP_05 | 36.2 | NORMAL
2026-09-22 04:50:38 | WARD_B_TEMP_01 | 36.1 | NORMAL
2026-09-22 04:50:38 | WARD_B_TEMP_02 | 39.4 | CRITICAL
2026-09-22 04:50:38 | WARD_B_TEMP_03 | 37.9 | WARNING
2026-09-22 04:50:38 | WARD_B_TEMP_04 | 37.7 | WARNING
2026-09-22 04:50:38 | WARD_B_TEMP_05 | 36.2 | NORMAL
2026-09-22 04:50:39 | WARD_B_TEMP_01 | 36.2 | NORMAL
2026-09-22 04:50:39 | WARD_B_TEMP_02 | 37.1 | NORMAL
2026-09-22 04:50:39 | WARD_B_TEMP_03 | 34.8 | CRITICAL
2026-09-22 04:50:39 | WARD_B_TEMP_04 | 36.8 | NORMAL
2026-09-22 04:50:39 | WARD_B_TEMP_05 | 37.7 | WARNING
2026-09-22 04:50:40 | WARD_B_TEMP_01 | 37.2 | NORMAL
2026-09-22 04:50:40 | WARD_B_TEMP_02 | 34.8 | CRITICAL
2026-09-22 04:50:40 | WARD_B_TEMP_03 | 35.4 | CRITICAL
2026-09-22 04:50:40 | WARD_B_TEMP_04 | 34.8 | CRITICAL
2026-09-22 04:50:40 | WARD_B_TEMP_05 | 37.1 | NORMAL
2026-09-22 04:50:41 | WARD_B_TEMP_01 | 38.9 | CRITICAL
2026-09-22 04:50:41 | WARD_B_TEMP_02 | 39.3 | CRITICAL
2026-09-22 04:50:41 | WARD_B_TEMP_03 | 35.6 | NORMAL
2026-09-22 04:50:41 | WARD_B_TEMP_04 | 39.2 | CRITICAL
2026-09-22 04:50:41 | WARD_B_TEMP_05 | 35.6 | NORMAL
2026-09-22 04:50:42 | WARD_B_TEMP_01 | 37.3 | NORMAL
2026-09-22 04:50:42 | WARD_B_TEMP_02 | 37.6 | WARNING
2026-09-22 04:50:42 | WARD_B_TEMP_03 | 40.2 | CRITICAL
2026-09-22 04:50:42 | WARD_B_TEMP_04 | 36.3 | NORMAL
2026-09-22 04:50:42 | WARD_B_TEMP_05 | 40.2 | CRITICAL
2026-09-22 04:50:43 | WARD_B_TEMP_01 | 34.9 | CRITICAL
2026-09-22 04:50:43 | WARD_B_TEMP_02 | 37.1 | NORMAL
2026-09-22 04:50:43 | WARD_B_TEMP_03 | 37.0 | NORMAL
2026-09-22 04:50:43 | WARD_B_TEMP_04 | 36.4 | NORMAL
2026-09-22 04:50:43 | WARD_B_TEMP_05 | 37.4 | NORMAL
2026-09-22 04:50:44 | WARD_B_TEMP_01 | 40.1 | CRITICAL
2026-09-22 04:50:44 | WARD_B_TEMP_02 | 38.5 | CRITICAL
2026-09-22 04:50:44 | WARD_B_TEMP_03 | 35.4 | CRITICAL
2026-09-22 04:50:44 | WARD_B_TEMP_04 | 37.0 | NORMAL
2026-09-22 04:50:44 | WARD_B_TEMP_05 | 36.5 | NORMAL
2026-09-22 04:50:45 | WARD_B_TEMP_01 | 38.4 | CRITICAL
2026-09-22 04:50:45 | WARD_B_TEMP_02 | 37.9 | WARNING
2026-09-22 04:50:45 | WARD_B_TEMP_03 | 35.2 | CRITICAL
2026-09-22 04:50:45 | WARD_B_TEMP_04 | 36.3 | NORMAL
2026-09-22 04:50:45 | WARD_B_TEMP_05 | 37.3 | NORMAL
2026-09-22 04:50:46 | WARD_B_TEMP_01 | 39.5 | CRITICAL
2026-09-22 04:50:46 | WARD_B_TEMP_02 | 38.4 | CRITICAL
2026-09-22 04:50:46 | WARD_B_TEMP_03 | 39.9 | CRITICAL
2026-09-22 04:50:46 | WARD_B_TEMP_04 | 35.2 | CRITICAL
2026-09-22 04:50:46 | WARD_B_TEMP_05 | 34.7 | CRITICAL
2026-09-22 04:50:47 | WARD_B_TEMP_01 | 39.6 | CRITICAL
2026-09-22 04:50:47 | WARD_B_TEMP_02 | 36.4 | NORMAL
2026-09-22 04:50:47 | WARD_B_TEMP_03 | 36.6 | NORMAL
2026-09-22 04:50:47 | WARD_B_TEMP_04 | 36.0 | NORMAL
2026-09-22 04:50:47 | WARD_B_TEMP_05 | 40.2 | CRITICAL
2026-09-22 04:50:48 | WARD_B_TEMP_01 | 34.5 | CRITICAL
2026-09-22 04:50:48 | WARD_B_TEMP_02 | 36.1 | NORMAL
2026-09-22 04:50:48 | WARD_B_TEMP_03 | 38.7 | CRITICAL
2026-09-22 04:50:48 | WARD_B_TEMP_04 | 40.1 | CRITICAL
2026-09-22 04:50:48 | WARD_B_TEMP_05 | 36.5 | NORMAL
2026-09-22 04:50:49 | WARD_B_TEMP_01 | 37.8 | WARNING
2026-09-22 04:50:49 | WARD_B_TEMP_02 | 35.5 | NORMAL
2026-09-22 04:50:49 | WARD_B_TEMP_03 | 37.4 | NORMAL
2026-09-22 04:50:49 | WARD_B_TEMP_04 | 37.2 | NORMAL
2026-09-22 04:50:49 | WARD_B_TEMP_05 | 38.5 | CRITICAL
2026-09-22 04:50:50 | WARD_B_TEMP_01 | 37.6 | WARNING
2026-09-22 04:50:50 | WARD_B_TEMP_02 | 36.0 | NORMAL
2026-09-22 04:50:50 | WARD_B_TEMP_03 | 36.1 | NORMAL
2026-09-22 04:50:50 | WARD_B_TEMP_04 | 38.7 | CRITICAL
2026-09-22 04:50:50 | WARD_B_TEMP_05 | 35.5 | NORMAL
2026-09-22 04:50:51 | WARD_B_TEMP_01 | 38.9 | CRITICAL
2026-09-22 04:50:51 | WARD_B_TEMP_02 | 34.7 | CRITICAL
2026-09-22 04:50:51 | WARD_B_TEMP_03 | 36.7 | NORMAL
2026-09-22 04:50:51 | WARD_B_TEMP_04 | 40.3 | CRITICAL
2026-09-22 04:50:51 | WARD_B_TEMP_05 | 37.7 | WARNING
2026-09-22 04:50:52 | WARD_B_TEMP_01 | 40.0 | CRITICAL
2026-09-22 04:50:52 | WARD_B_TEMP_02 | 39.8 | CRITICAL
2026-09-22 04:50:52 | WARD_B_TEMP_03 | 35.4 | CRITICAL
2026-09-22 04:50:52 | WARD_B_TEMP_04 | 35.0 | CRITICAL
2026-09-22 04:50:52 | WARD_B_TEMP_05 | 35.6 | NORMAL
2026-09-22 04:50:53 | WARD_B_TEMP_01 | 36.5 | NORMAL
2026-09-22 04:50:53 | WARD_B_TEMP_02 | 36.6 | NORMAL
2026-09-22 04:50:53 | WARD_B_TEMP_03 | 38.0 | WARNING
2026-09-22 04:50:53 | WARD_B_TEMP_04 | 38.1 | CRITICAL
2026-09-22 04:50:53 | WARD_B_TEMP_05 | 35.0 | CRITICAL
2026-09-22 04:50:54 | WARD_B_TEMP_01 | 35.7 | NORMAL
2026-09-22 04:50:54 | WARD_B_TEMP_02 | 35.1 | CRITICAL
2026-09-22 04:50:54 | WARD_B_TEMP_03 | 37.5 | WARNING
2026-09-22 04:50:54 | WARD_B_TEMP_04 | 36.7 | NORMAL
2026-09-22 04:50:54 | WARD_B_TEMP_05 | 35.6 | NORMAL
2026-09-22 04:50:55 | WARD_B_TEMP_01 | 35.2 | CRITICAL
2026-09-22 04:50:55 | WARD_B_TEMP_02 | 38.0 | WARNING
2026-09-22 04:50:55 | WARD_B_TEMP_03 | 36.5 | NORMAL
2026-09-22 04:50:55 | WARD_B_TEMP_04 | 36.0 | NORMAL
2026-09-22 04:50:55 | WARD_B_TEMP_05 | 36.6 | NORMAL
2026-09-22 04:50:56 | WARD_B_TEMP_01 | 39.1 | CRITICAL
2026-09-22 04:50:56 | WARD_B_TEMP_02 | 38.2 | CRITICAL
2026-09-22 04:50:56 | WARD_B_TEMP_03 | 35.0 | CRITICAL
2026-09-22 04:50:56 | WARD_B_TEMP_04 | 37.0 | NORMAL
2026-09-22 04:50:56 | WARD_B_TEMP_05 | 34.8 | CRITICAL
2026-09-22 04:50:57 | WARD_B_TEMP_01 | 37.2 | NORMAL
2026-09-22 04:50:57 | WARD_B_TEMP_02 | 36.6 | NORMAL
2026-09-22 04:50:57 | WARD_B_TEMP_03 | 35.6 | NORMAL
2026-09-22 04:50:57 | WARD_B_TEMP_04 | 36.8 | NORMAL
2026-09-22 04:50:57 | WARD_B_TEMP_05 | 38.6 | CRITICAL
2026-09-22 04:50:58 | WARD_B_TEMP_01 | 38.5 | CRITICAL
2026-09-22 04:50:58 | WARD_B_TEMP_02 | 37.2 | NORMAL
2026-09-22 04:50:58 | WARD_B_TEMP_03 | 36.8 | NORMAL
2026-09-22 04:50:58 | WARD_B_TEMP_04 | 35.4 | CRITICAL
2026-09-22 04:50:58 | WARD_B_TEMP_05 | 39.8 | CRITICAL
2026-09-22 04:50:59 | WARD_B_TEMP_01 | 37.1 | NORMAL
2026-09-22 04:50:59 | WARD_B_TEMP_02 | 39.8 | CRITICAL
2026-09-22 04:50:59 | WARD_B_TEMP_03 | 34.5 | CRITICAL
2026-09-22 04:50:59 | WARD_B_TEMP_04 | 37.9 | WARNING
2026-09-22 04:50:59 | WARD_B_TEMP_05 | 37.7 | WARNING
2026-09-22 04:51:00 | WARD_B_TEMP_01 | 34.8 | CRITICAL
2026-09-22 04:51:00 | WARD_B_TEMP_02 | 38.0 | WARNING
2026-09-22 04:51:00 | WARD_B_TEMP_03 | 35.3 | CRITICAL
2026-09-22 04:51:00 | WARD_B_TEMP_04 | 36.0 | NORMAL
2026-09-22 04:51:00 | WARD_B_TEMP_05 | 36.6 | NORMAL
2026-09-22 04:51:01 | WARD_B_TEMP_01 | 35.3 | CRITICAL
2026-09-22 04:51:01 | WARD_B_TEMP_02 | 37.5 | WARNING
2026-09-22 04:51:01 | WARD_B_TEMP_03 | 37.6 | WARNING
2026-09-22 04:51:01 | WARD_B_TEMP_04 | 36.7 | NORMAL
2026-09-22 04:51:01 | WARD_B_TEMP_05 | 34.8 | CRITICAL
2026-09-22 04:51:02 | WARD_B_TEMP_01 | 36.2 | NORMAL
2026-09-22 04:51:02 | WARD_B_TEMP_02 | 37.6 | WARNING
2026-09-22 04:51:02 | WARD_B_TEMP_03 | 34.9 | CRITICAL
2026-09-22 04:51:02 | WARD_B_TEMP_04 | 34.6 | CRITICAL
2026-09-22 04:51:02 | WARD_B_TEMP_05 | 38.0 | WARNING
2026-09-22 04:51:03 | WARD_B_TEMP_01 | 36.4 | NORMAL
2026-09-22 04:51:03 | WARD_B_TEMP_02 | 39.6 | CRITICAL
2026-09-22 04:51:03 | WARD_B_TEMP_03 | 38.5 | CRITICAL
2026-09-22 04:51:03 | WARD_B_TEMP_04 | 35.1 | CRITICAL
2026-09-22 04:51:03 | WARD_B_TEMP_05 | 37.6 | WARNING
2026-09-22 04:51:04 | WARD_B_TEMP_01 | 37.7 | WARNING
2026-09-22 04:51:04 | WARD_B_TEMP_02 | 37.8 | WARNING
2026-09-22 04:51:04 | WARD_B_TEMP_03 | 38.0 | WARNING
2026-09-22 04:51:04 | WARD_B_TEMP_04 | 39.6 | CRITICAL
2026-09-22 04:51:04 | WARD_B_TEMP_05 | 38.5 | CRITICAL
2026-09-22 04:51:05 | WARD_B_TEMP_01 | 40.3 | CRITICAL
2026-09-22 04:51:05 | WARD_B_TEMP_02 | 35.9 | NORMAL
2026-09-22 04:51:05 | WARD_B_TEMP_03 | 38.3 | CRITICAL
2026-09-22 04:51:05 | WARD_B_TEMP_04 | 38.5 | CRITICAL
2026-09-22 04:51:05 | WARD_B_TEMP_05 | 36.8 | NORMAL
2026-09-22 04:51:06 | WARD_B_TEMP_01 | 36.7 | NORMAL
2026-09-22 04:51:06 | WARD_B_TEMP_02 | 39.4 | CRITICAL
2026-09-22 04:51:06 | WARD_B_TEMP_03 | 35.6 | NORMAL
2026-09-22 04:51:06 | WARD_B_TEMP_04 | 37.1 | NORMAL
2026-09-22 04:51:06 | WARD_B_TEMP_05 | 37.1 | NORMAL
2026-09-22 04:51:07 | WARD_B_TEMP_01 | 35.5 | NORMAL
2026-09-22 04:51:07 | WARD_B_TEMP_02 | 39.4 | CRITICAL
2026-09-22 04:51:07 | WARD_B_TEMP_03 | 37.5 | WARNING
2026-09-22 04:51:07 | WARD_B_TEMP_04 | 39.9 | CRITICAL
2026-09-22 04:51:07 | WARD_B_TEMP_05 | 36.0 | NORMAL
2026-09-22 04:51:08 | WARD_B_TEMP_01 | 35.3 | CRITICAL
2026-09-22 04:51:08 | WARD_B_TEMP_02 | 38.1 | CRITICAL
2026-09-22 04:51:08 | WARD_B_TEMP_03 | 36.2 | NORMAL
2026-09-22 04:51:08 | WARD_B_TEMP_04 | 38.4 | CRITICAL
2026-09-22 04:51:08 | WARD_B_TEMP_05 | 39.2 | CRITICAL
2026-09-22 04:51:09 | WARD_B_TEMP_01 | 39.2 | CRITICAL
2026-09-22 04:51:09 | WARD_B_TEMP_02 | 37.5 | WARNING
2026-09-22 04:51:09 | WARD_B_TEMP_03 | 40.0 | CRITICAL
2026-09-22 04:51:09 | WARD_B_TEMP_04 | 35.0 | CRITICAL
2026-09-22 04:51:09 | WARD_B_TEMP_05 | 37.6 | WARNING
2026-09-22 04:51:10 | WARD_B_TEMP_01 | 36.6 | NORMAL
2026-09-22 04:51:10 | WARD_B_TEMP_02 | 40.2 | CRITICAL
2026-09-22 04:51:10 | WARD_B_TEMP_03 | 37.7 | WARNING
2026-09-22 04:51:10 | WARD_B_TEMP_04 | 39.7 | CRITICAL
2026-09-22 04:51:10 | WARD_B_TEMP_05 | 38.2 | CRITICAL
2026-09-22 04:51:11 | WARD_B_TEMP_01 | 37.5 | WARNING
2026-09-22 04:51:11 | WARD_B_TEMP_02 | 35.3 | CRITICAL
2026-09-22 04:51:11 | WARD_B_TEMP_03 | 34.6 | CRITICAL
2026-09-22 04:51:11 | WARD_B_TEMP_04 | 35.2 | CRITICAL
2026-09-22 04:51:11 | WARD_B_TEMP_05 | 38.6 | CRITICAL
2026-09-22 04:51:12 | WARD_B_TEMP_01 | 36.9 | NORMAL
2026-09-22 04:51:12 | WARD_B_TEMP_02 | 36.6 | NORMAL
2026-09-22 04:51:12 | WARD_B_TEMP_03 | 39.5 | CRITICAL
2026-09-22 04:51:12 | WARD_B_TEMP_04 | 35.6 | NORMAL
2026-09-22 04:51:12 | WARD_B_TEMP_05 | 35.8 | NORMAL
2026-09-22 04:51:13 | WARD_B_TEMP_01 | 40.0 | CRITICAL
2026-09-22 04:51:13 | WARD_B_TEMP_02 | 35.3 | CRITICAL
2026-09-22 04:51:13 | WARD_B_TEMP_03 | 39.9 | CRITICAL
2026-09-22 04:51:13 | WARD_B_TEMP_04 | 40.2 | CRITICAL
2026-09-22 04:51:13 | WARD_B_TEMP_05 | 38.2 | CRITICAL
2026-09-22 04:51:14 | WARD_B_TEMP_01 | 39.5 | CRITICAL
2026-09-22 04:51:14 | WARD_B_TEMP_02 | 36.7 | NORMAL
2026-09-22 04:51:14 | WARD_B_TEMP_03 | 36.2 | NORMAL
2026-09-22 04:51:14 | WARD_B_TEMP_04 | 40.2 | CRITICAL
2026-09-22 04:51:14 | WARD_B_TEMP_05 | 35.4 | CRITICAL
2026-09-22 04:51:15 | WARD_B_TEMP_01 | 36.5 | NORMAL
2026-09-22 04:51:15 | WARD_B_TEMP_02 | 38.9 | CRITICAL
2026-09-22 04:51:15 | WARD_B_TEMP_03 | 40.0 | CRITICAL
2026-09-22 04:51:15 | WARD_B_TEMP_04 | 38.8 | CRITICAL
2026-09-22 04:51:15 | WARD_B_TEMP_05 | 36.2 | NORMAL
2026-09-22 04:51:16 | WARD_B_TEMP_01 | 38.1 | CRITICAL
2026-09-22 04:51:16 | WARD_B_TEMP_02 | 38.1 | CRITICAL
2026-09-22 04:51:16 | WARD_B_TEMP_03 | 35.1 | CRITICAL
2026-09-22 04:51:16 | WARD_B_TEMP_04 | 40.2 | CRITICAL
2026-09-22 04:51:16 | WARD_B_TEMP_05 | 35.5 | NORMAL
2026-09-22 04:51:17 | WARD_B_TEMP_01 | 35.0 | CRITICAL
2026-09-22 04:51:17 | WARD_B_TEMP_02 | 39.2 | CRITICAL
2026-09-22 04:51:17 | WARD_B_TEMP_03 | 37.6 | WARNING
2026-09-22 04:51:17 | WARD_B_TEMP_04 | 38.3 | CRITICAL
2026-09-22 04:51:17 | WARD_B_TEMP_05 | 40.0 | CRITICAL
2026-09-22 04:51:18 | WARD_B_TEMP_01 | 36.9 | NORMAL
2026-09-22 04:51:18 | WARD_B_TEMP_02 | 38.0 | WARNING
2026-09-22 04:51:18 | WARD_B_TEMP_03 | 35.5 | NORMAL
2026-09-22 04:51:18 | WARD_B_TEMP_04 | 38.0 | WARNING
2026-09-22 04:51:18 | WARD_B_TEMP_05 | 40.4 | CRITICAL
2026-09-22 04:51:19 | WARD_B_TEMP_01 | 39.9 | CRITICAL
2026-09-22 04:51:19 | WARD_B_TEMP_02 | 36.5 | NORMAL
2026-09-22 04:51:19 | WARD_B_TEMP_03 | 36.8 | NORMAL
2026-09-22 04:51:19 | WARD_B_TEMP_04 | 36.7 | NORMAL
2026-09-22 04:51:19 | WARD_B_TEMP_05 | 37.3 | NORMAL
2026-09-22 04:51:20 | WARD_B_TEMP_01 | 39.8 | CRITICAL
2026-09-22 04:51:20 | WARD_B_TEMP_02 | 39.5 | CRITICAL
2026-09-22 04:51:20 | WARD_B_TEMP_03 | 37.6 | WARNING
2026-09-22 04:51:20 | WARD_B_TEMP_04 | 34.6 | CRITICAL
2026-09-22 04:51:20 | WARD_B_TEMP_05 | 38.7 | CRITICAL
2026-09-22 04:51:21 | WARD_B_TEMP_01 | 38.3 | CRITICAL
2026-09-22 04:51:21 | WARD_B_TEMP_02 | 38.8 | CRITICAL
2026-09-22 04:51:21 | WARD_B_TEMP_03 | 39.1 | CRITICAL
2026-09-22 04:51:21 | WARD_B_TEMP_04 | 39.3 | CRITICAL
2026-09-22 04:51:21 | WARD_B_TEMP_05 | 36.7 | NORMAL
2026-09-22 04:51:22 | WARD_B_TEMP_01 | 35.2 | CRITICAL
2026-09-22 04:51:22 | WARD_B_TEMP_02 | 35.7 | NORMAL
2026-09-22 04:51:22 | WARD_B_TEMP_03 | 39.8 | CRITICAL
2026-09-22 04:51:22 | WARD_B_TEMP_04 | 36.2 | NORMAL
2026-09-22 04:51:22 | WARD_B_TEMP_05 | 35.5 | NORMAL
2026-09-22 04:51:23 | WARD_B_TEMP_01 | 35.4 | CRITICAL
2026-09-22 04:51:23 | WARD_B_TEMP_02 | 39.4 | CRITICAL
2026-09-22 04:51:23 | WARD_B_TEMP_03 | 36.9 | NORMAL
2026-09-22 04:51:23 | WARD_B_TEMP_04 | 38.5 | CRITICAL
2026-09-22 04:51:23 | WARD_B_TEMP_05 | 35.4 | CRITICAL
2026-09-22 04:51:24 | WARD_B_TEMP_01 | 38.3 | CRITICAL
2026-09-22 04:51:24 | WARD_B_TEMP_02 | 39.3 | CRITICAL
2026-09-22 04:51:24 | WARD_B_TEMP_03 | 36.6 | NORMAL
2026-09-22 04:51:24 | WARD_B_TEMP_04 | 35.1 | CRITICAL
2026-09-22 04:51:24 | WARD_B_TEMP_05 | 40.0 | CRITICAL
2026-09-22 04:51:25 | WARD_B_TEMP_01 | 37.7 | WARNING
2026-09-22 04:51:25 | WARD_B_TEMP_02 | 35.9 | NORMAL
2026-09-22 04:51:25 | WARD_B_TEMP_03 | 38.0 | WARNING
2026-09-22 04:51:25 | WARD_B_TEMP_04 | 37.2 | NORMAL
2026-09-22 04:51:25 | WARD_B_TEMP_05 | 40.4 | CRITICAL
2026-09-22 04:51:26 | WARD_B_TEMP_01 | 38.8 | CRITICAL
2026-09-22 04:51:26 | WARD_B_TEMP_02 | 40.1 | CRITICAL
2026-09-22 04:51:26 | WARD_B_TEMP_03 | 37.0 | NORMAL
2026-09-22 04:51:26 | WARD_B_TEMP_04 | 40.2 | CRITICAL
2026-09-22 04:51:26 | WARD_B_TEMP_05 | 36.0 | NORMAL
2026-09-22 04:51:27 | WARD_B_TEMP_01 | 37.0 | NORMAL
2026-09-22 04:51:27 | WARD_B_TEMP_02 | 40.3 | CRITICAL
2026-09-22 04:51:27 | WARD_B_TEMP_03 | 37.4 | NORMAL
2026-09-22 04:51:27 | WARD_B_TEMP_04 | 38.8 | CRITICAL
2026-09-22 04:51:27 | WARD_B_TEMP_05 | 40.0 | CRITICAL
2026-09-22 04:51:28 | WARD_B_TEMP_01 | 36.1 | NORMAL
2026-09-22 04:51:28 | WARD_B_TEMP_02 | 35.3 | CRITICAL
2026-09-22 04:51:28 | WARD_B_TEMP_03 | 37.9 | WARNING
2026-09-22 04:51:28 | WARD_B_TEMP_04 | 35.0 | CRITICAL
2026-09-22 04:51:28 | WARD_B_TEMP_05 | 35.2 | CRITICAL
2026-09-22 04:51:29 | WARD_B_TEMP_01 | 37.8 | WARNING
2026-09-22 04:51:29 | WARD_B_TEMP_02 | 38.8 | CRITICAL
2026-09-22 04:51:29 | WARD_B_TEMP_03 | 34.6 | CRITICAL
2026-09-22 04:51:29 | WARD_B_TEMP_04 | 38.2 | CRITICAL
2026-09-22 04:51:29 | WARD_B_TEMP_05 | 37.2 | NORMAL
2026-09-22 04:51:30 | WARD_B_TEMP_01 | 37.9 | WARNING
2026-09-22 04:51:30 | WARD_B_TEMP_02 | 37.3 | NORMAL
2026-09-22 04:51:30 | WARD_B_TEMP_03 | 38.2 | CRITICAL
2026-09-22 04:51:30 | WARD_B_TEMP_04 | 37.5 | WARNING
2026-09-22 04:51:30 | WARD_B_TEMP_05 | 36.9 | NORMAL
2026-09-22 04:51:31 | WARD_B_TEMP_01 | 35.3 | CRITICAL
2026-09-22 04:51:31 | WARD_B_TEMP_02 | 38.2 | CRITICAL
2026-09-22 04:51:31 | WARD_B_TEMP_03 | 39.7 | CRITICAL
2026-09-22 04:51:31 | WARD_B_TEMP_04 | 37.1 | NORMAL
2026-09-22 04:51:31 | WARD_B_TEMP_05 | 36.9 | NORMAL
2026-09-22 04:51:32 | WARD_B_TEMP_01 | 39.3 | CRITICAL
2026-09-22 04:51:32 | WARD_B_TEMP_02 | 37.4 | NORMAL
2026-09-22 04:51:32 | WARD_B_TEMP_03 | 39.1 | CRITICAL
2026-09-22 04:51:32 | WARD_B_TEMP_04 | 34.8 | CRITICAL
2026-09-22 04:51:32 | WARD_B_TEMP_05 | 40.0 | CRITICAL
2026-09-22 04:51:33 | WARD_B_TEMP_01 | 37.1 | NORMAL
2026-09-22 04:51:33 | WARD_B_TEMP_02 | 38.8 | CRITICAL
2026-09-22 04:51:33 | WARD_B_TEMP_03 | 36.6 | NORMAL
2026-09-22 04:51:33 | WARD_B_TEMP_04 | 37.4 | NORMAL
2026-09-22 04:51:33 | WARD_B_TEMP_05 | 36.3 | NORMAL
2026-09-22 04:51:34 | WARD_B_TEMP_01 | 36.0 | NORMAL
2026-09-22 04:51:34 | WARD_B_TEMP_02 | 37.5 | WARNING
2026-09-22 04:51:34 | WARD_B_TEMP_03 | 40.0 | CRITICAL
2026-09-22 04:51:34 | WARD_B_TEMP_04 | 36.4 | NORMAL
2026-09-22 04:51:34 | WARD_B_TEMP_05 | 36.7 | NORMAL
2026-09-22 04:51:35 | WARD_B_TEMP_01 | 36.4 | NORMAL
2026-09-22 04:51:35 | WARD_B_TEMP_02 | 38.1 | CRITICAL
2026-09-22 04:51:35 | WARD_B_TEMP_03 | 36.7 | NORMAL
2026-09-22 04:51:35 | WARD_B_TEMP_04 | 39.3 | CRITICAL
2026-09-22 04:51:35 | WARD_B_TEMP_05 | 37.1 | NORMAL
2026-09-22 04:51:36 | WARD_B_TEMP_01 | 35.7 | NORMAL
2026-09-22 04:51:36 | WARD_B_TEMP_02 | 35.2 | CRITICAL
2026-09-22 04:51:36 | WARD_B_TEMP_03 | 35.3 | CRITICAL
2026-09-22 04:51:36 | WARD_B_TEMP_04 | 38.0 | WARNING
2026-09-22 04:51:36 | WARD_B_TEMP_05 | 36.6 | NORMAL
2026-09-22 04:51:37 | WARD_B_TEMP_01 | 35.6 | NORMAL
2026-09-22 04:51:37 | WARD_B_TEMP_02 | 36.5 | NORMAL
2026-09-22 04:51:37 | WARD_B_TEMP_03 | 37.2 | NORMAL
2026-09-22 04:51:37 | WARD_B_TEMP_04 | 40.5 | CRITICAL
2026-09-22 04:51:37 | WARD_B_TEMP_05 | 36.0 | NORMAL
2026-09-22 04:51:38 | WARD_B_TEMP_01 | 36.8 | NORMAL
2026-09-22 04:51:38 | WARD_B_TEMP_02 | 34.7 | CRITICAL
2026-09-22 04:51:38 | WARD_B_TEMP_03 | 38.1 | CRITICAL
2026-09-22 04:51:38 | WARD_B_TEMP_04 | 40.0 | CRITICAL
2026-09-22 04:51:38 | WARD_B_TEMP_05 | 37.1 | NORMAL
2026-09-22 04:51:39 | WARD_B_TEMP_01 | 39.6 | CRITICAL
2026-09-22 04:51:39 | WARD_B_TEMP_02 | 34.6 | CRITICAL
2026-09-22 04:51:39 | WARD_B_TEMP_03 | 37.8 | WARNING
2026-09-22 04:51:39 | WARD_B_TEMP_04 | 36.6 | NORMAL
2026-09-22 04:51:39 | WARD_B_TEMP_05 | 37.6 | WARNING
2026-09-22 04:51:40 | WARD_B_TEMP_01 | 36.1 | NORMAL
2026-09-22 04:51:40 | WARD_B_TEMP_02 | 39.7 | CRITICAL
2026-09-22 04:51:40 | WARD_B_TEMP_03 | 36.2 | NORMAL
2026-09-22 04:51:40 | WARD_B_TEMP_04 | 35.2 | CRITICAL
2026-09-22 04:51:40 | WARD_B_TEMP_05 | 36.8 | NORMAL
2026-09-22 04:51:41 | WARD_B_TEMP_01 | 38.8 | CRITICAL
2026-09-22 04:51:41 | WARD_B_TEMP_02 | 40.1 | CRITICAL
2026-09-22 04:51:41 | WARD_B_TEMP_03 | 37.1 | NORMAL
2026-09-22 04:51:41 | WARD_B_TEMP_04 | 36.5 | NORMAL
2026-09-22 04:51:41 | WARD_B_TEMP_05 | 38.0 | WARNING
2026-09-22 04:51:42 | WARD_B_TEMP_01 | 39.8 | CRITICAL
2026-09-22 04:51:42 | WARD_B_TEMP_02 | 40.2 | CRITICAL
2026-09-22 04:51:42 | WARD_B_TEMP_03 | 35.5 | NORMAL
2026-09-22 04:51:42 | WARD_B_TEMP_04 | 35.2 | CRITICAL
2026-09-22 04:51:42 | WARD_B_TEMP_05 | 35.6 | NORMAL
2026-09-22 04:51:43 | WARD_B_TEMP_01 | 40.3 | CRITICAL
2026-09-22 04:51:43 | WARD_B_TEMP_02 | 37.1 | NORMAL
2026-09-22 04:51:43 | WARD_B_TEMP_03 | 34.5 | CRITICAL
2026-09-22 04:51:43 | WARD_B_TEMP_04 | 40.5 | CRITICAL
2026-09-22 04:51:43 | WARD_B_TEMP_05 | 36.4 | NORMAL
2026-09-22 04:51:44 | WARD_B_TEMP_01 | 35.3 | CRITICAL
2026-09-22 04:51:44 | WARD_B_TEMP_02 | 36.6 | NORMAL
2026-09-22 04:51:44 | WARD_B_TEMP_03 | 38.9 | CRITICAL
2026-09-22 04:51:44 | WARD_B_TEMP_04 | 39.2 | CRITICAL
2026-09-22 04:51:44 | WARD_B_TEMP_05 | 35.5 | NORMAL
2026-09-22 04:51:45 | WARD_B_TEMP_01 | 38.6 | CRITICAL
2026-09-22 04:51:45 | WARD_B_TEMP_02 | 38.0 | WARNING
2026-09-22 04:51:45 | WARD_B_TEMP_03 | 39.7 | CRITICAL
2026-09-22 04:51:45 | WARD_B_TEMP_04 | 38.7 | CRITICAL
2026-09-22 04:51:45 | WARD_B_TEMP_05 | 37.5 | WARNING
2026-09-22 04:51:46 | WARD_B_TEMP_01 | 40.2 | CRITICAL
2026-09-22 04:51:46 | WARD_B_TEMP_02 | 34.6 | CRITICAL
2026-09-22 04:51:46 | WARD_B_TEMP_03 | 38.6 | CRITICAL
2026-09-22 04:51:46 | WARD_B_TEMP_04 | 36.0 | NORMAL
2026-09-22 04:51:46 | WARD_B_TEMP_05 | 36.9 | NORMAL
2026-09-22 04:51:47 | WARD_B_TEMP_01 | 35.4 | CRITICAL
2026-09-22 04:51:47 | WARD_B_TEMP_02 | 38.4 | CRITICAL
2026-09-22 04:51:47 | WARD_B_TEMP_03 | 36.9 | NORMAL
2026-09-22 04:51:47 | WARD_B_TEMP_04 | 37.4 | NORMAL
2026-09-22 04:51:47 | WARD_B_TEMP_05 | 37.7 | WARNING
2026-09-22 04:51:48 | WARD_B_TEMP_01 | 35.2 | CRITICAL
2026-09-22 04:51:48 | WARD_B_TEMP_02 | 37.9 | WARNING
2026-09-22 04:51:48 | WARD_B_TEMP_03 | 38.5 | CRITICAL
2026-09-22 04:51:48 | WARD_B_TEMP_04 | 36.4 | NORMAL
2026-09-22 04:51:48 | WARD_B_TEMP_05 | 34.5 | CRITICAL
2026-09-22 04:51:49 | WARD_B_TEMP_01 | 34.9 | CRITICAL
2026-09-22 04:51:49 | WARD_B_TEMP_02 | 37.1 | NORMAL
2026-09-22 04:51:49 | WARD_B_TEMP_03 | 38.1 | CRITICAL
2026-09-22 04:51:49 | WARD_B_TEMP_04 | 40.3 | CRITICAL
2026-09-22 04:51:49 | WARD_B_TEMP_05 | 38.9 | CRITICAL
2026-09-22 04:51:50 | WARD_B_TEMP_01 | 37.1 | NORMAL
2026-09-22 04:51:50 | WARD_B_TEMP_02 | 38.9 | CRITICAL
2026-09-22 04:51:50 | WARD_B_TEMP_03 | 40.1 | CRITICAL
2026-09-22 04:51:50 | WARD_B_TEMP_04 | 40.1 | CRITICAL
2026-09-22 04:51:50 | WARD_B_TEMP_05 | 37.6 | WARNING
2026-09-22 04:51:51 | WARD_B_TEMP_01 | 39.8 | CRITICAL
2026-09-22 04:51:51 | WARD_B_TEMP_02 | 39.8 | CRITICAL
2026-09-22 04:51:51 | WARD_B_TEMP_03 | 38.7 | CRITICAL
2026-09-22 04:51:51 | WARD_B_TEMP_04 | 38.4 | CRITICAL
2026-09-22 04:51:51 | WARD_B_TEMP_05 | 36.5 | NORMAL
2026-09-22 04:51:52 | WARD_B_TEMP_01 | 40.5 | CRITICAL
2026-09-22 04:51:52 | WARD_B_TEMP_02 | 39.0 | CRITICAL
2026-09-22 04:51:52 | WARD_B_TEMP_03 | 40.0 | CRITICAL
2026-09-22 04:51:52 | WARD_B_TEMP_04 | 36.0 | NORMAL
2026-09-22 04:51:52 | WARD_B_TEMP_05 | 39.7 | CRITICAL
2026-09-22 04:51:53 | WARD_B_TEMP_01 | 35.0 | CRITICAL
2026-09-22 04:51:53 | WARD_B_TEMP_02 | 39.9 | CRITICAL
2026-09-22 04:51:53 | WARD_B_TEMP_03 | 35.3 | CRITICAL
2026-09-22 04:51:53 | WARD_B_TEMP_04 | 36.1 | NORMAL
2026-09-22 04:51:53 | WARD_B_TEMP_05 | 39.5 | CRITICAL
2026-09-22 04:51:54 | WARD_B_TEMP_01 | 35.9 | NORMAL
2026-09-22 04:51:54 | WARD_B_TEMP_02 | 38.3 | CRITICAL
2026-09-22 04:51:54 | WARD_B_TEMP_03 | 37.2 | NORMAL
2026-09-22 04:51:54 | WARD_B_TEMP_04 | 38.6 | CRITICAL
2026-09-22 04:51:54 | WARD_B_TEMP_05 | 39.7 | CRITICAL
2026-09-22 04:51:55 | WARD_B_TEMP_01 | 36.0 | NORMAL
2026-09-22 04:51:55 | WARD_B_TEMP_02 | 39.2 | CRITICAL
2026-09-22 04:51:55 | WARD_B_TEMP_03 | 37.5 | WARNING
2026-09-22 04:51:55 | WARD_B_TEMP_04 | 38.3 | CRITICAL
2026-09-22 04:51:55 | WARD_B_TEMP_05 | 38.6 | CRITICAL
2026-09-22 04:51:56 | WARD_B_TEMP_01 | 39.8 | CRITICAL
2026-09-22 04:51:56 | WARD_B_TEMP_02 | 39.3 | CRITICAL
2026-09-22 04:51:56 | WARD_B_TEMP_03 | 39.1 | CRITICAL
2026-09-22 04:51:56 | WARD_B_TEMP_04 | 36.0 | NORMAL
2026-09-22 04:51:56 | WARD_B_TEMP_05 | 35.9 | NORMAL
2026-09-22 04:51:57 | WARD_B_TEMP_01 | 36.2 | NORMAL
2026-09-22 04:51:57 | WARD_B_TEMP_02 | 39.1 | CRITICAL
2026-09-22 04:51:57 | WARD_B_TEMP_03 | 38.3 | CRITICAL
2026-09-22 04:51:57 | WARD_B_TEMP_04 | 37.3 | NORMAL
2026-09-22 04:51:57 | WARD_B_TEMP_05 | 39.1 | CRITICAL
2026-09-22 04:51:58 | WARD_B_TEMP_01 | 35.1 | CRITICAL
2026-09-22 04:51:58 | WARD_B_TEMP_02 | 35.0 | CRITICAL
2026-09-22 04:51:58 | WARD_B_TEMP_03 | 39.0 | CRITICAL
2026-09-22 04:51:58 | WARD_B_TEMP_04 | 40.3 | CRITICAL
2026-09-22 04:51:58 | WARD_B_TEMP_05 | 40.4 | CRITICAL
2026-09-22 04:51:59 | WARD_B_TEMP_01 | 39.6 | CRITICAL
2026-09-22 04:51:59 | WARD_B_TEMP_02 | 36.4 | NORMAL
2026-09-22 04:51:59 | WARD_B_TEMP_03 | 36.8 | NORMAL
2026-09-22 04:51:59 | WARD_B_TEMP_04 | 35.9 | NORMAL
2026-09-22 04:51:59 | WARD_B_TEMP_05 | 39.9 | CRITICAL
2026-09-22 04:52:00 | WARD_B_TEMP_01 | 39.1 | CRITICAL
2026-09-22 04:52:00 | WARD_B_TEMP_02 | 38.0 | WARNING
2026-09-22 04:52:00 | WARD_B_TEMP_03 | 38.8 | CRITICAL
2026-09-22 04:52:00 | WARD_B_TEMP_04 | 37.5 | WARNING
2026-09-22 04:52:00 | WARD_B_TEMP_05 | 38.8 | CRITICAL
2026-09-22 04:52:01 | WARD_B_TEMP_01 | 38.8 | CRITICAL
2026-09-22 04:52:01 | WARD_B_TEMP_02 | 40.2 | CRITICAL
2026-09-22 04:52:01 | WARD_B_TEMP_03 | 36.7 | NORMAL
2026-09-22 04:52:01 | WARD_B_TEMP_04 | 38.4 | CRITICAL
2026-09-22 04:52:01 | WARD_B_TEMP_05 | 39.4 | CRITICAL
2026-09-22 04:52:02 | WARD_B_TEMP_01 | 39.8 | CRITICAL
2026-09-22 04:52:02 | WARD_B_TEMP_02 | 34.8 | CRITICAL
2026-09-22 04:52:02 | WARD_B_TEMP_03 | 37.4 | NORMAL
2026-09-22 04:52:02 | WARD_B_TEMP_04 | 37.5 | WARNING
2026-09-22 04:52:02 | WARD_B_TEMP_05 | 37.6 | WARNING
2026-09-22 04:52:03 | WARD_B_TEMP_01 | 36.4 | NORMAL
2026-09-22 04:52:03 | WARD_B_TEMP_02 | 37.6 | WARNING
2026-09-22 04:52:03 | WARD_B_TEMP_03 | 37.5 | WARNING
2026-09-22 04:52:03 | WARD_B_TEMP_04 | 40.5 | CRITICAL
2026-09-22 04:52:03 | WARD_B_TEMP_05 | 35.4 | CRITICAL
2026-09-22 04:52:04 | WARD_B_TEMP_01 | 39.2 | CRITICAL
2026-09-22 04:52:04 | WARD_B_TEMP_02 | 35.9 | NORMAL
2026-09-22 04:52:04 | WARD_B_TEMP_03 | 36.8 | NORMAL
2026-09-22 04:52:04 | WARD_B_TEMP_04 | 39.9 | CRITICAL
2026-09-22 04:52:04 | WARD_B_TEMP_05 | 40.1 | CRITICAL
2026-09-22 04:52:05 | WARD_B_TEMP_01 | 36.6 | NORMAL
2026-09-22 04:52:05 | WARD_B_TEMP_02 | 40.1 | CRITICAL
2026-09-22 04:52:05 | WARD_B_TEMP_03 | 38.2 | CRITICAL
2026-09-22 04:52:05 | WARD_B_TEMP_04 | 39.0 | CRITICAL
2026-09-22 04:52:05 | WARD_B_TEMP_05 | 38.1 | CRITICAL
2026-09-22 04:52:06 | WARD_B_TEMP_01 | 37.0 | NORMAL
2026-09-22 04:52:06 | WARD_B_TEMP_02 | 35.1 | CRITICAL
2026-09-22 04:52:06 | WARD_B_TEMP_03 | 37.2 | NORMAL
2026-09-22 04:52:06 | WARD_B_TEMP_04 | 37.2 | NORMAL
2026-09-22 04:52:06 | WARD_B_TEMP_05 | 37.0 | NORMAL
2026-09-22 04:52:07 | WARD_B_TEMP_01 | 38.2 | CRITICAL
2026-09-22 04:52:07 | WARD_B_TEMP_02 | 39.4 | CRITICAL
2026-09-22 04:52:07 | WARD_B_TEMP_03 | 39.7 | CRITICAL
2026-09-22 04:52:07 | WARD_B_TEMP_04 | 34.9 | CRITICAL
2026-09-22 04:52:07 | WARD_B_TEMP_05 | 39.5 | CRITICAL
2026-09-22 04:52:08 | WARD_B_TEMP_01 | 39.6 | CRITICAL
2026-09-22 04:52:08 | WARD_B_TEMP_02 | 39.1 | CRITICAL
2026-09-22 04:52:08 | WARD_B_TEMP_03 | 35.3 | CRITICAL
2026-09-22 04:52:08 | WARD_B_TEMP_04 | 36.9 | NORMAL
2026-09-22 04:52:08 | WARD_B_TEMP_05 | 34.9 | CRITICAL
2026-09-22 04:52:09 | WARD_B_TEMP_01 | 34.7 | CRITICAL
2026-09-22 04:52:09 | WARD_B_TEMP_02 | 36.7 | NORMAL
2026-09-22 04:52:09 | WARD_B_TEMP_03 | 35.8 | NORMAL
2026-09-22 04:52:09 | WARD_B_TEMP_04 | 35.8 | NORMAL
2026-09-22 04:52:09 | WARD_B_TEMP_05 | 35.7 | NORMAL
2026-09-22 04:52:10 | WARD_B_TEMP_01 | 38.8 | CRITICAL
2026-09-22 04:52:10 | WARD_B_TEMP_02 | 37.0 | NORMAL
2026-09-22 04:52:10 | WARD_B_TEMP_03 | 36.4 | NORMAL
2026-09-22 04:52:10 | WARD_B_TEMP_04 | 35.8 | NORMAL
2026-09-22 04:52:10 | WARD_B_TEMP_05 | 40.4 | CRITICAL
2026-09-22 04:52:11 | WARD_B_TEMP_01 | 36.3 | NORMAL
2026-09-22 04:52:11 | WARD_B_TEMP_02 | 35.8 | NORMAL
2026-09-22 04:52:11 | WARD_B_TEMP_03 | 36.7 | NORMAL
2026-09-22 04:52:11 | WARD_B_TEMP_04 | 39.4 | CRITICAL
2026-09-22 04:52:11 | WARD_B_TEMP_05 | 40.3 | CRITICAL
2026-09-22 04:52:12 | WARD_B_TEMP_01 | 39.0 | CRITICAL
2026-09-22 04:52:12 | WARD_B_TEMP_02 | 37.4 | NORMAL
2026-09-22 04:52:12 | WARD_B_TEMP_03 | 35.2 | CRITICAL
2026-09-22 04:52:12 | WARD_B_TEMP_04 | 36.9 | NORMAL
2026-09-22 04:52:12 | WARD_B_TEMP_05 | 39.3 | CRITICAL
2026-09-22 04:52:13 | WARD_B_TEMP_01 | 34.6 | CRITICAL
2026-09-22 04:52:13 | WARD_B_TEMP_02 | 36.3 | NORMAL
2026-09-22 04:52:13 | WARD_B_TEMP_03 | 34.6 | CRITICAL
2026-09-22 04:52:13 | WARD_B_TEMP_04 | 36.5 | NORMAL
2026-09-22 04:52:13 | WARD_B_TEMP_05 | 36.4 | NORMAL
2026-09-22 04:52:14 | WARD_B_TEMP_01 | 37.1 | NORMAL
2026-09-22 04:52:14 | WARD_B_TEMP_02 | 35.0 | CRITICAL
2026-09-22 04:52:14 | WARD_B_TEMP_03 | 37.1 | NORMAL
2026-09-22 04:52:14 | WARD_B_TEMP_04 | 36.3 | NORMAL
2026-09-22 04:52:14 | WARD_B_TEMP_05 | 40.5 | CRITICAL
2026-09-22 04:52:15 | WARD_B_TEMP_01 | 35.8 | NORMAL
2026-09-22 04:52:15 | WARD_B_TEMP_02 | 38.1 | CRITICAL
2026-09-22 04:52:15 | WARD_B_TEMP_03 | 37.9 | WARNING
2026-09-22 04:52:15 | WARD_B_TEMP_04 | 38.1 | CRITICAL
2026-09-22 04:52:15 | WARD_B_TEMP_05 | 37.8 | WARNING
2026-09-22 04:52:16 | WARD_B_TEMP_01 | 38.8 | CRITICAL
2026-09-22 04:52:16 | WARD_B_TEMP_02 | 36.3 | NORMAL
2026-09-22 04:52:16 | WARD_B_TEMP_03 | 37.6 | WARNING
2026-09-22 04:52:16 | WARD_B_TEMP_04 | 37.5 | WARNING
2026-09-22 04:52:16 | WARD_B_TEMP_05 | 40.4 | CRITICAL
2026-09-22 04:52:17 | WARD_B_TEMP_01 | 39.0 | CRITICAL
2026-09-22 04:52:17 | WARD_B_TEMP_02 | 39.0 | CRITICAL
2026-09-22 04:52:17 | WARD_B_TEMP_03 | 36.7 | NORMAL
2026-09-22 04:52:17 | WARD_B_TEMP_04 | 35.3 | CRITICAL
2026-09-22 04:52:17 | WARD_B_TEMP_05 | 38.9 | CRITICAL
2026-09-22 04:52:18 | WARD_B_TEMP_01 | 35.5 | NORMAL
2026-09-22 04:52:18 | WARD_B_TEMP_02 | 40.1 | CRITICAL
2026-09-22 04:52:18 | WARD_B_TEMP_03 | 34.9 | CRITICAL
2026-09-22 04:52:18 | WARD_B_TEMP_04 | 36.5 | NORMAL
2026-09-22 04:52:18 | WARD_B_TEMP_05 | 36.0 | NORMAL
2026-09-22 04:52:19 | WARD_B_TEMP_01 | 40.5 | CRITICAL
2026-09-22 04:52:19 | WARD_B_TEMP_02 | 37.5 | WARNING
2026-09-22 04:52:19 | WARD_B_TEMP_03 | 39.0 | CRITICAL
2026-09-22 04:52:19 | WARD_B_TEMP_04 | 35.5 | NORMAL
2026-09-22 04:52:19 | WARD_B_TEMP_05 | 39.0 | CRITICAL
2026-09-22 04:52:20 | WARD_B_TEMP_01 | 37.3 | NORMAL
2026-09-22 04:52:20 | WARD_B_TEMP_02 | 38.1 | CRITICAL
2026-09-22 04:52:20 | WARD_B_TEMP_03 | 35.7 | NORMAL
2026-09-22 04:52:20 | WARD_B_TEMP_04 | 38.1 | CRITICAL
2026-09-22 04:52:20 | WARD_B_TEMP_05 | 37.1 | NORMAL
2026-09-22 04:52:21 | WARD_B_TEMP_01 | 39.4 | CRITICAL
2026-09-22 04:52:21 | WARD_B_TEMP_02 | 35.2 | CRITICAL
2026-09-22 04:52:21 | WARD_B_TEMP_03 | 34.8 | CRITICAL
2026-09-22 04:52:21 | WARD_B_TEMP_04 | 39.2 | CRITICAL
2026-09-22 04:52:21 | WARD_B_TEMP_05 | 37.7 | WARNING
2026-09-22 04:52:22 | WARD_B_TEMP_01 | 34.5 | CRITICAL
2026-09-22 04:52:22 | WARD_B_TEMP_02 | 38.0 | WARNING
2026-09-22 04:52:22 | WARD_B_TEMP_03 | 34.8 | CRITICAL
2026-09-22 04:52:22 | WARD_B_TEMP_04 | 35.6 | NORMAL
2026-09-22 04:52:22 | WARD_B_TEMP_05 | 35.8 | NORMAL
2026-09-22 04:52:23 | WARD_B_TEMP_01 | 34.6 | CRITICAL
2026-09-22 04:52:23 | WARD_B_TEMP_02 | 36.4 | NORMAL
2026-09-22 04:52:23 | WARD_B_TEMP_03 | 36.7 | NORMAL
2026-09-22 04:52:23 | WARD_B_TEMP_04 | 37.3 | NORMAL
2026-09-22 04:52:23 | WARD_B_TEMP_05 | 39.8 | CRITICAL
2026-09-22 04:52:24 | WARD_B_TEMP_01 | 38.8 | CRITICAL
2026-09-22 04:52:24 | WARD_B_TEMP_02 | 34.7 | CRITICAL
2026-09-22 04:52:24 | WARD_B_TEMP_03 | 38.8 | CRITICAL
2026-09-22 04:52:24 | WARD_B_TEMP_04 | 38.8 | CRITICAL
2026-09-22 04:52:24 | WARD_B_TEMP_05 | 35.8 | NORMAL
2026-09-22 04:52:25 | WARD_B_TEMP_01 | 37.8 | WARNING
2026-09-22 04:52:25 | WARD_B_TEMP_02 | 39.6 | CRITICAL
2026-09-22 04:52:25 | WARD_B_TEMP_03 | 36.2 | NORMAL
2026-09-22 04:52:25 | WARD_B_TEMP_04 | 35.0 | CRITICAL
2026-09-22 04:52:25 | WARD_B_TEMP_05 | 34.7 | CRITICAL
2026-09-22 04:52:26 | WARD_B_TEMP_01 | 36.2 | NORMAL
2026-09-22 04:52:26 | WARD_B_TEMP_02 | 37.6 | WARNING
2026-09-22 04:52:26 | WARD_B_TEMP_03 | 39.4 | CRITICAL
2026-09-22 04:52:26 | WARD_B_TEMP_04 | 39.6 | CRITICAL
2026-09-22 04:52:26 | WARD_B_TEMP_05 | 34.7 | CRITICAL
2026-09-22 04:52:27 | WARD_B_TEMP_01 | 36.0 | NORMAL
2026-09-22 04:52:27 | WARD_B_TEMP_02 | 39.3 | CRITICAL
2026-09-22 04:52:27 | WARD_B_TEMP_03 | 39.8 | CRITICAL
2026-09-22 04:52:27 | WARD_B_TEMP_04 | 39.4 | CRITICAL
2026-09-22 04:52:27 | WARD_B_TEMP_05 | 36.0 | NORMAL
2026-09-22 04:52:28 | WARD_B_TEMP_01 | 35.8 | NORMAL
2026-09-22 04:52:28 | WARD_B_TEMP_02 | 37.3 | NORMAL
2026-09-22 04:52:28 | WARD_B_TEMP_03 | 38.9 | CRITICAL
2026-09-22 04:52:28 | WARD_B_TEMP_04 | 37.6 | WARNING
2026-09-22 04:52:28 | WARD_B_TEMP_05 | 36.5 | NORMAL
2026-09-22 04:52:29 | WARD_B_TEMP_01 | 36.2 | NORMAL
2026-09-22 04:52:29 | WARD_B_TEMP_02 | 37.0 | NORMAL
2026-09-22 04:52:29 | WARD_B_TEMP_03 | 36.3 | NORMAL
2026-09-22 04:52:29 | WARD_B_TEMP_04 | 37.4 | NORMAL
2026-09-22 04:52:29 | WARD_B_TEMP_05 | 35.3 | CRITICAL
2026-09-22 04:52:30 | WARD_B_TEMP_01 | 36.5 | NORMAL
2026-09-22 04:52:30 | WARD_B_TEMP_02 | 39.3 | CRITICAL
2026-09-22 04:52:30 | WARD_B_TEMP_03 | 36.6 | NORMAL
2026-09-22 04:52:30 | WARD_B_TEMP_04 | 38.6 | CRITICAL
2026-09-22 04:52:30 | WARD_B_TEMP_05 | 39.7 | CRITICAL
2026-09-22 04:52:31 | WARD_B_TEMP_01 | 36.8 | NORMAL
2026-09-22 04:52:31 | WARD_B_TEMP_02 | 39.3 | CRITICAL
2026-09-22 04:52:31 | WARD_B_TEMP_03 | 39.9 | CRITICAL
2026-09-22 04:52:31 | WARD_B_TEMP_04 | 34.9 | CRITICAL
2026-09-22 04:52:31 | WARD_B_TEMP_05 | 40.0 | CRITICAL
2026-09-22 04:52:32 | WARD_B_TEMP_01 | 36.9 | NORMAL
2026-09-22 04:52:32 | WARD_B_TEMP_02 | 39.2 | CRITICAL
2026-09-22 04:52:32 | WARD_B_TEMP_03 | 36.5 | NORMAL
2026-09-22 04:52:32 | WARD_B_TEMP_04 | 34.8 | CRITICAL
2026-09-22 04:52:32 | WARD_B_TEMP_05 | 36.9 | NORMAL
2026-09-22 04:52:33 | WARD_B_TEMP_01 | 35.3 | CRITICAL
2026-09-22 04:52:33 | WARD_B_TEMP_02 | 35.2 | CRITICAL
2026-09-22 04:52:33 | WARD_B_TEMP_03 | 36.0 | NORMAL
2026-09-22 04:52:33 | WARD_B_TEMP_04 | 39.6 | CRITICAL
2026-09-22 04:52:33 | WARD_B_TEMP_05 | 37.3 | NORMAL
2026-09-22 04:52:34 | WARD_B_TEMP_01 | 38.4 | CRITICAL
2026-09-22 04:52:34 | WARD_B_TEMP_02 | 39.3 | CRITICAL
2026-09-22 04:52:34 | WARD_B_TEMP_03 | 35.1 | CRITICAL
2026-09-22 04:52:34 | WARD_B_TEMP_04 | 38.5 | CRITICAL
2026-09-22 04:52:34 | WARD_B_TEMP_05 | 39.0 | CRITICAL
2026-09-22 04:52:35 | WARD_B_TEMP_01 | 37.4 | NORMAL
2026-09-22 04:52:35 | WARD_B_TEMP_02 | 39.2 | CRITICAL
2026-09-22 04:52:35 | WARD_B_TEMP_03 | 36.1 | NORMAL
2026-09-22 04:52:35 | WARD_B_TEMP_04 | 38.8 | CRITICAL
2026-09-22 04:52:35 | WARD_B_TEMP_05 | 39.0 | CRITICAL
2026-09-22 04:52:36 | WARD_B_TEMP_01 | 38.3 | CRITICAL
2026-09-22 04:52:36 | WARD_B_TEMP_02 | 35.0 | CRITICAL
2026-09-22 04:52:36 | WARD_B_TEMP_03 | 39.7 | CRITICAL
2026-09-22 04:52:36 | WARD_B_TEMP_04 | 34.7 | CRITICAL
2026-09-22 04:52:36 | WARD_B_TEMP_05 | 37.8 | WARNING
2026-09-22 04:52:38 | WARD_B_TEMP_01 | 38.1 | CRITICAL
2026-09-22 04:52:38 | WARD_B_TEMP_02 | 39.5 | CRITICAL
2026-09-22 04:52:38 | WARD_B_TEMP_03 | 36.6 | NORMAL
2026-09-22 04:52:38 | WARD_B_TEMP_04 | 36.9 | NORMAL
2026-09-22 04:52:38 | WARD_B_TEMP_05 | 38.7 | CRITICAL
2026-09-22 04:52:39 | WARD_B_TEMP_01 | 36.6 | NORMAL
2026-09-22 04:52:39 | WARD_B_TEMP_02 | 38.2 | CRITICAL
2026-09-22 04:52:39 | WARD_B_TEMP_03 | 39.2 | CRITICAL
2026-09-22 04:52:39 | WARD_B_TEMP_04 | 35.8 | NORMAL
2026-09-22 04:52:39 | WARD_B_TEMP_05 | 35.0 | CRITICAL
2026-09-22 04:52:40 | WARD_B_TEMP_01 | 35.0 | CRITICAL
2026-09-22 04:52:40 | WARD_B_TEMP_02 | 36.4 | NORMAL
2026-09-22 04:52:40 | WARD_B_TEMP_03 | 36.1 | NORMAL
2026-09-22 04:52:40 | WARD_B_TEMP_04 | 36.2 | NORMAL
2026-09-22 04:52:40 | WARD_B_TEMP_05 | 35.8 | NORMAL
2026-09-22 04:52:41 | WARD_B_TEMP_01 | 36.9 | NORMAL
2026-09-22 04:52:41 | WARD_B_TEMP_02 | 39.6 | CRITICAL
2026-09-22 04:52:41 | WARD_B_TEMP_03 | 38.1 | CRITICAL
2026-09-22 04:52:41 | WARD_B_TEMP_04 | 39.8 | CRITICAL
2026-09-22 04:52:41 | WARD_B_TEMP_05 | 34.8 | CRITICAL
2026-09-22 04:52:42 | WARD_B_TEMP_01 | 38.4 | CRITICAL
2026-09-22 04:52:42 | WARD_B_TEMP_02 | 40.4 | CRITICAL
2026-09-22 04:52:42 | WARD_B_TEMP_03 | 35.0 | CRITICAL
2026-09-22 04:52:42 | WARD_B_TEMP_04 | 35.1 | CRITICAL
2026-09-22 04:52:42 | WARD_B_TEMP_05 | 35.7 | NORMAL
2026-09-22 04:52:43 | WARD_B_TEMP_01 | 37.0 | NORMAL
2026-09-22 04:52:43 | WARD_B_TEMP_02 | 36.2 | NORMAL
2026-09-22 04:52:43 | WARD_B_TEMP_03 | 35.2 | CRITICAL
2026-09-22 04:52:43 | WARD_B_TEMP_04 | 37.4 | NORMAL
2026-09-22 04:52:43 | WARD_B_TEMP_05 | 35.2 | CRITICAL
2026-09-22 04:52:44 | WARD_B_TEMP_01 | 39.8 | CRITICAL
2026-09-22 04:52:44 | WARD_B_TEMP_02 | 36.9 | NORMAL
2026-09-22 04:52:44 | WARD_B_TEMP_03 | 35.1 | CRITICAL
2026-09-22 04:52:44 | WARD_B_TEMP_04 | 37.6 | WARNING
2026-09-22 04:52:44 | WARD_B_TEMP_05 | 35.2 | CRITICAL
2026-09-22 04:52:45 | WARD_B_TEMP_01 | 37.6 | WARNING
2026-09-22 04:52:45 | WARD_B_TEMP_02 | 38.0 | WARNING
2026-09-22 04:52:45 | WARD_B_TEMP_03 | 35.5 | NORMAL
2026-09-22 04:52:45 | WARD_B_TEMP_04 | 35.3 | CRITICAL
2026-09-22 04:52:45 | WARD_B_TEMP_05 | 38.1 | CRITICAL
2026-09-22 04:52:46 | WARD_B_TEMP_01 | 40.2 | CRITICAL
2026-09-22 04:52:46 | WARD_B_TEMP_02 | 35.1 | CRITICAL
2026-09-22 04:52:46 | WARD_B_TEMP_03 | 38.0 | WARNING
2026-09-22 04:52:46 | WARD_B_TEMP_04 | 35.0 | CRITICAL
2026-09-22 04:52:46 | WARD_B_TEMP_05 | 35.7 | NORMAL
2026-09-22 04:52:47 | WARD_B_TEMP_01 | 35.5 | NORMAL
2026-09-22 04:52:47 | WARD_B_TEMP_02 | 39.9 | CRITICAL
2026-09-22 04:52:47 | WARD_B_TEMP_03 | 37.2 | NORMAL
2026-09-22 04:52:47 | WARD_B_TEMP_04 | 38.0 | WARNING
2026-09-22 04:52:47 | WARD_B_TEMP_05 | 39.9 | CRITICAL
2026-09-22 04:52:48 | WARD_B_TEMP_01 | 34.9 | CRITICAL
2026-09-22 04:52:48 | WARD_B_TEMP_02 | 37.6 | WARNING
2026-09-22 04:52:48 | WARD_B_TEMP_03 | 37.9 | WARNING
2026-09-22 04:52:48 | WARD_B_TEMP_04 | 38.7 | CRITICAL
2026-09-22 04:52:48 | WARD_B_TEMP_05 | 40.5 | CRITICAL
2026-09-22 04:52:49 | WARD_B_TEMP_01 | 35.3 | CRITICAL
2026-09-22 04:52:49 | WARD_B_TEMP_02 | 38.3 | CRITICAL
2026-09-22 04:52:49 | WARD_B_TEMP_03 | 35.0 | CRITICAL
2026-09-22 04:52:49 | WARD_B_TEMP_04 | 36.8 | NORMAL
2026-09-22 04:52:49 | WARD_B_TEMP_05 | 36.6 | NORMAL
2026-09-22 04:52:50 | WARD_B_TEMP_01 | 39.4 | CRITICAL
2026-09-22 04:52:50 | WARD_B_TEMP_02 | 36.1 | NORMAL
2026-09-22 04:52:50 | WARD_B_TEMP_03 | 39.9 | CRITICAL
2026-09-22 04:52:50 | WARD_B_TEMP_04 | 38.0 | WARNING
2026-09-22 04:52:50 | WARD_B_TEMP_05 | 39.5 | CRITICAL
2026-09-22 04:52:51 | WARD_B_TEMP_01 | 34.9 | CRITICAL
2026-09-22 04:52:51 | WARD_B_TEMP_02 | 39.8 | CRITICAL
2026-09-22 04:52:51 | WARD_B_TEMP_03 | 39.6 | CRITICAL
2026-09-22 04:52:51 | WARD_B_TEMP_04 | 37.3 | NORMAL
2026-09-22 04:52:51 | WARD_B_TEMP_05 | 37.0 | NORMAL
2026-09-22 04:52:52 | WARD_B_TEMP_01 | 39.4 | CRITICAL
2026-09-22 04:52:52 | WARD_B_TEMP_02 | 38.9 | CRITICAL
2026-09-22 04:52:52 | WARD_B_TEMP_03 | 38.7 | CRITICAL
2026-09-22 04:52:52 | WARD_B_TEMP_04 | 38.4 | CRITICAL
2026-09-22 04:52:52 | WARD_B_TEMP_05 | 38.5 | CRITICAL
2026-09-22 04:52:53 | WARD_B_TEMP_01 | 39.1 | CRITICAL
2026-09-22 04:52:53 | WARD_B_TEMP_02 | 38.6 | CRITICAL
2026-09-22 04:52:53 | WARD_B_TEMP_03 | 38.3 | CRITICAL
2026-09-22 04:52:53 | WARD_B_TEMP_04 | 36.4 | NORMAL
2026-09-22 04:52:53 | WARD_B_TEMP_05 | 40.3 | CRITICAL
2026-09-22 04:52:54 | WARD_B_TEMP_01 | 38.9 | CRITICAL
2026-09-22 04:52:54 | WARD_B_TEMP_02 | 37.6 | WARNING
2026-09-22 04:52:54 | WARD_B_TEMP_03 | 35.1 | CRITICAL
2026-09-22 04:52:54 | WARD_B_TEMP_04 | 38.8 | CRITICAL
2026-09-22 04:52:54 | WARD_B_TEMP_05 | 37.4 | NORMAL
2026-09-22 04:52:55 | WARD_B_TEMP_01 | 38.0 | WARNING
2026-09-22 04:52:55 | WARD_B_TEMP_02 | 37.3 | NORMAL
2026-09-22 04:52:55 | WARD_B_TEMP_03 | 39.6 | CRITICAL
2026-09-22 04:52:55 | WARD_B_TEMP_04 | 38.2 | CRITICAL
2026-09-22 04:52:55 | WARD_B_TEMP_05 | 37.2 | NORMAL
2026-09-22 04:52:56 | WARD_B_TEMP_01 | 39.6 | CRITICAL
2026-09-22 04:52:56 | WARD_B_TEMP_02 | 36.2 | NORMAL
2026-09-22 04:52:56 | WARD_B_TEMP_03 | 38.5 | CRITICAL
2026-09-22 04:52:56 | WARD_B_TEMP_04 | 36.2 | NORMAL
2026-09-22 04:52:56 | WARD_B_TEMP_05 | 36.0 | NORMAL
2026-09-22 04:52:57 | WARD_B_TEMP_01 | 36.0 | NORMAL
2026-09-22 04:52:57 | WARD_B_TEMP_02 | 38.2 | CRITICAL
2026-09-22 04:52:57 | WARD_B_TEMP_03 | 36.0 | NORMAL
2026-09-22 04:52:57 | WARD_B_TEMP_04 | 36.0 | NORMAL
2026-09-22 04:52:57 | WARD_B_TEMP_05 | 36.1 | NORMAL
2026-09-22 04:52:58 | WARD_B_TEMP_01 | 35.3 | CRITICAL
2026-09-22 04:52:58 | WARD_B_TEMP_02 | 38.5 | CRITICAL
2026-09-22 04:52:58 | WARD_B_TEMP_03 | 35.7 | NORMAL
2026-09-22 04:52:58 | WARD_B_TEMP_04 | 35.9 | NORMAL
2026-09-22 04:52:58 | WARD_B_TEMP_05 | 39.5 | CRITICAL
2026-09-22 04:52:59 | WARD_B_TEMP_01 | 37.5 | WARNING
2026-09-22 04:52:59 | WARD_B_TEMP_02 | 37.8 | WARNING
2026-09-22 04:52:59 | WARD_B_TEMP_03 | 35.1 | CRITICAL
2026-09-22 04:52:59 | WARD_B_TEMP_04 | 36.5 | NORMAL
2026-09-22 04:52:59 | WARD_B_TEMP_05 | 36.6 | NORMAL
2026-09-22 04:53:00 | WARD_B_TEMP_01 | 37.7 | WARNING
2026-09-22 04:53:00 | WARD_B_TEMP_02 | 39.9 | CRITICAL
2026-09-22 04:53:00 | WARD_B_TEMP_03 | 35.5 | NORMAL
2026-09-22 04:53:00 | WARD_B_TEMP_04 | 38.5 | CRITICAL
2026-09-22 04:53:00 | WARD_B_TEMP_05 | 36.9 | NORMAL
2026-09-22 04:53:01 | WARD_B_TEMP_01 | 35.2 | CRITICAL
2026-09-22 04:53:01 | WARD_B_TEMP_02 | 39.9 | CRITICAL
2026-09-22 04:53:01 | WARD_B_TEMP_03 | 35.1 | CRITICAL
2026-09-22 04:53:01 | WARD_B_TEMP_04 | 36.6 | NORMAL
2026-09-22 04:53:01 | WARD_B_TEMP_05 | 35.3 | CRITICAL
2026-09-22 04:53:02 | WARD_B_TEMP_01 | 39.8 | CRITICAL
2026-09-22 04:53:02 | WARD_B_TEMP_02 | 38.5 | CRITICAL
2026-09-22 04:53:02 | WARD_B_TEMP_03 | 40.4 | CRITICAL
2026-09-22 04:53:02 | WARD_B_TEMP_04 | 40.2 | CRITICAL
2026-09-22 04:53:02 | WARD_B_TEMP_05 | 38.0 | WARNING
2026-09-22 04:53:03 | WARD_B_TEMP_01 | 38.2 | CRITICAL
2026-09-22 04:53:03 | WARD_B_TEMP_02 | 35.3 | CRITICAL
2026-09-22 04:53:03 | WARD_B_TEMP_03 | 40.4 | CRITICAL
2026-09-22 04:53:03 | WARD_B_TEMP_04 | 37.9 | WARNING
2026-09-22 04:53:03 | WARD_B_TEMP_05 | 36.4 | NORMAL
2026-09-22 04:53:04 | WARD_B_TEMP_01 | 35.5 | NORMAL
2026-09-22 04:53:04 | WARD_B_TEMP_02 | 38.2 | CRITICAL
2026-09-22 04:53:04 | WARD_B_TEMP_03 | 36.1 | NORMAL
2026-09-22 04:53:04 | WARD_B_TEMP_04 | 37.0 | NORMAL
2026-09-22 04:53:04 | WARD_B_TEMP_05 | 40.0 | CRITICAL
2026-09-22 04:53:05 | WARD_B_TEMP_01 | 36.9 | NORMAL
2026-09-22 04:53:05 | WARD_B_TEMP_02 | 35.2 | CRITICAL
2026-09-22 04:53:05 | WARD_B_TEMP_03 | 36.2 | NORMAL
2026-09-22 04:53:05 | WARD_B_TEMP_04 | 37.8 | WARNING
2026-09-22 04:53:05 | WARD_B_TEMP_05 | 35.8 | NORMAL
2026-09-22 04:53:06 | WARD_B_TEMP_01 | 34.6 | CRITICAL
2026-09-22 04:53:06 | WARD_B_TEMP_02 | 35.4 | CRITICAL
2026-09-22 04:53:06 | WARD_B_TEMP_03 | 38.1 | CRITICAL
2026-09-22 04:53:06 | WARD_B_TEMP_04 | 35.0 | CRITICAL
2026-09-22 04:53:06 | WARD_B_TEMP_05 | 37.6 | WARNING
2026-09-22 04:53:07 | WARD_B_TEMP_01 | 35.2 | CRITICAL
2026-09-22 04:53:07 | WARD_B_TEMP_02 | 39.2 | CRITICAL
2026-09-22 04:53:07 | WARD_B_TEMP_03 | 36.0 | NORMAL
2026-09-22 04:53:07 | WARD_B_TEMP_04 | 38.7 | CRITICAL
2026-09-22 04:53:07 | WARD_B_TEMP_05 | 35.4 | CRITICAL
2026-09-22 04:53:08 | WARD_B_TEMP_01 | 35.4 | CRITICAL
2026-09-22 04:53:08 | WARD_B_TEMP_02 | 34.8 | CRITICAL
2026-09-22 04:53:08 | WARD_B_TEMP_03 | 38.5 | CRITICAL
2026-09-22 04:53:08 | WARD_B_TEMP_04 | 36.8 | NORMAL
2026-09-22 04:53:08 | WARD_B_TEMP_05 | 39.5 | CRITICAL
2026-09-22 04:53:09 | WARD_B_TEMP_01 | 39.3 | CRITICAL
2026-09-22 04:53:09 | WARD_B_TEMP_02 | 34.6 | CRITICAL
2026-09-22 04:53:09 | WARD_B_TEMP_03 | 38.7 | CRITICAL
2026-09-22 04:53:09 | WARD_B_TEMP_04 | 35.9 | NORMAL
2026-09-22 04:53:09 | WARD_B_TEMP_05 | 40.1 | CRITICAL
2026-09-22 04:53:10 | WARD_B_TEMP_01 | 35.7 | NORMAL
2026-09-22 04:53:10 | WARD_B_TEMP_02 | 36.1 | NORMAL
2026-09-22 04:53:10 | WARD_B_TEMP_03 | 38.5 | CRITICAL
2026-09-22 04:53:10 | WARD_B_TEMP_04 | 37.0 | NORMAL
2026-09-22 04:53:10 | WARD_B_TEMP_05 | 35.4 | CRITICAL
2026-09-22 04:53:11 | WARD_B_TEMP_01 | 34.9 | CRITICAL
2026-09-22 04:53:11 | WARD_B_TEMP_02 | 39.6 | CRITICAL
2026-09-22 04:53:11 | WARD_B_TEMP_03 | 37.2 | NORMAL
2026-09-22 04:53:11 | WARD_B_TEMP_04 | 37.7 | WARNING
2026-09-22 04:53:11 | WARD_B_TEMP_05 | 35.7 | NORMAL
2026-09-22 04:53:12 | WARD_B_TEMP_01 | 35.9 | NORMAL
2026-09-22 04:53:12 | WARD_B_TEMP_02 | 36.7 | NORMAL
2026-09-22 04:53:12 | WARD_B_TEMP_03 | 37.3 | NORMAL
2026-09-22 04:53:12 | WARD_B_TEMP_04 | 39.4 | CRITICAL
2026-09-22 04:53:12 | WARD_B_TEMP_05 | 36.1 | NORMAL
2026-09-22 04:53:13 | WARD_B_TEMP_01 | 38.0 | WARNING
2026-09-22 04:53:13 | WARD_B_TEMP_02 | 38.2 | CRITICAL
2026-09-22 04:53:13 | WARD_B_TEMP_03 | 39.0 | CRITICAL
2026-09-22 04:53:13 | WARD_B_TEMP_04 | 40.3 | CRITICAL
2026-09-22 04:53:13 | WARD_B_TEMP_05 | 37.5 | WARNING
2026-09-22 04:53:14 | WARD_B_TEMP_01 | 34.9 | CRITICAL
2026-09-22 04:53:14 | WARD_B_TEMP_02 | 39.4 | CRITICAL
2026-09-22 04:53:14 | WARD_B_TEMP_03 | 39.3 | CRITICAL
2026-09-22 04:53:14 | WARD_B_TEMP_04 | 39.1 | CRITICAL
2026-09-22 04:53:14 | WARD_B_TEMP_05 | 34.7 | CRITICAL
2026-09-22 04:53:15 | WARD_B_TEMP_01 | 38.1 | CRITICAL
2026-09-22 04:53:15 | WARD_B_TEMP_02 | 38.0 | WARNING
2026-09-22 04:53:15 | WARD_B_TEMP_03 | 40.4 | CRITICAL
2026-09-22 04:53:15 | WARD_B_TEMP_04 | 35.0 | CRITICAL
2026-09-22 04:53:15 | WARD_B_TEMP_05 | 36.0 | NORMAL
2026-09-22 04:53:16 | WARD_B_TEMP_01 | 37.2 | NORMAL
2026-09-22 04:53:16 | WARD_B_TEMP_02 | 34.7 | CRITICAL
2026-09-22 04:53:16 | WARD_B_TEMP_03 | 39.3 | CRITICAL
2026-09-22 04:53:16 | WARD_B_TEMP_04 | 37.3 | NORMAL
2026-09-22 04:53:16 | WARD_B_TEMP_05 | 39.4 | CRITICAL
2026-09-22 04:53:17 | WARD_B_TEMP_01 | 36.3 | NORMAL
2026-09-22 04:53:17 | WARD_B_TEMP_02 | 40.4 | CRITICAL
2026-09-22 04:53:17 | WARD_B_TEMP_03 | 37.4 | NORMAL
2026-09-22 04:53:17 | WARD_B_TEMP_04 | 37.8 | WARNING
2026-09-22 04:53:17 | WARD_B_TEMP_05 | 38.1 | CRITICAL
2026-09-22 04:53:18 | WARD_B_TEMP_01 | 37.9 | WARNING
2026-09-22 04:53:18 | WARD_B_TEMP_02 | 36.3 | NORMAL
2026-09-22 04:53:18 | WARD_B_TEMP_03 | 35.8 | NORMAL
2026-09-22 04:53:18 | WARD_B_TEMP_04 | 38.3 | CRITICAL
2026-09-22 04:53:18 | WARD_B_TEMP_05 | 36.4 | NORMAL
2026-09-22 04:53:19 | WARD_B_TEMP_01 | 35.8 | NORMAL
2026-09-22 04:53:19 | WARD_B_TEMP_02 | 38.1 | CRITICAL
2026-09-22 04:53:19 | WARD_B_TEMP_03 | 34.9 | CRITICAL
2026-09-22 04:53:19 | WARD_B_TEMP_04 | 36.8 | NORMAL
2026-09-22 04:53:19 | WARD_B_TEMP_05 | 39.8 | CRITICAL
2026-09-22 04:53:20 | WARD_B_TEMP_01 | 37.9 | WARNING
2026-09-22 04:53:20 | WARD_B_TEMP_02 | 36.9 | NORMAL
2026-09-22 04:53:20 | WARD_B_TEMP_03 | 36.2 | NORMAL
2026-09-22 04:53:20 | WARD_B_TEMP_04 | 39.7 | CRITICAL
2026-09-22 04:53:20 | WARD_B_TEMP_05 | 36.4 | NORMAL
2026-09-22 04:53:21 | WARD_B_TEMP_01 | 35.3 | CRITICAL
2026-09-22 04:53:21 | WARD_B_TEMP_02 | 35.9 | NORMAL
2026-09-22 04:53:21 | WARD_B_TEMP_03 | 38.7 | CRITICAL
2026-09-22 04:53:21 | WARD_B_TEMP_04 | 35.5 | NORMAL
2026-09-22 04:53:21 | WARD_B_TEMP_05 | 40.3 | CRITICAL
2026-09-22 04:53:22 | WARD_B_TEMP_01 | 34.6 | CRITICAL
2026-09-22 04:53:22 | WARD_B_TEMP_02 | 34.7 | CRITICAL
2026-09-22 04:53:22 | WARD_B_TEMP_03 | 38.7 | CRITICAL
2026-09-22 04:53:22 | WARD_B_TEMP_04 | 37.4 | NORMAL
2026-09-22 04:53:22 | WARD_B_TEMP_05 | 36.2 | NORMAL
2026-09-22 04:53:23 | WARD_B_TEMP_01 | 39.8 | CRITICAL
2026-09-22 04:53:23 | WARD_B_TEMP_02 | 40.1 | CRITICAL
2026-09-22 04:53:23 | WARD_B_TEMP_03 | 39.7 | CRITICAL
2026-09-22 04:53:23 | WARD_B_TEMP_04 | 35.3 | CRITICAL
2026-09-22 04:53:23 | WARD_B_TEMP_05 | 38.9 | CRITICAL
2026-09-22 04:53:24 | WARD_B_TEMP_01 | 36.4 | NORMAL
2026-09-22 04:53:24 | WARD_B_TEMP_02 | 35.3 | CRITICAL
2026-09-22 04:53:24 | WARD_B_TEMP_03 | 39.0 | CRITICAL
2026-09-22 04:53:24 | WARD_B_TEMP_04 | 36.1 | NORMAL
2026-09-22 04:53:24 | WARD_B_TEMP_05 | 39.6 | CRITICAL
2026-09-22 04:53:25 | WARD_B_TEMP_01 | 35.6 | NORMAL
2026-09-22 04:53:25 | WARD_B_TEMP_02 | 39.1 | CRITICAL
2026-09-22 04:53:25 | WARD_B_TEMP_03 | 35.6 | NORMAL
2026-09-22 04:53:25 | WARD_B_TEMP_04 | 35.2 | CRITICAL
2026-09-22 04:53:25 | WARD_B_TEMP_05 | 37.1 | NORMAL
2026-09-22 04:53:26 | WARD_B_TEMP_01 | 39.9 | CRITICAL
2026-09-22 04:53:26 | WARD_B_TEMP_02 | 39.0 | CRITICAL
2026-09-22 04:53:26 | WARD_B_TEMP_03 | 38.4 | CRITICAL
2026-09-22 04:53:26 | WARD_B_TEMP_04 | 38.6 | CRITICAL
2026-09-22 04:53:26 | WARD_B_TEMP_05 | 34.5 | CRITICAL
2026-09-22 04:53:27 | WARD_B_TEMP_01 | 40.4 | CRITICAL
2026-09-22 04:53:27 | WARD_B_TEMP_02 | 38.6 | CRITICAL
2026-09-22 04:53:27 | WARD_B_TEMP_03 | 40.1 | CRITICAL
2026-09-22 04:53:27 | WARD_B_TEMP_04 | 37.7 | WARNING
2026-09-22 04:53:27 | WARD_B_TEMP_05 | 39.8 | CRITICAL
2026-09-22 04:53:28 | WARD_B_TEMP_01 | 38.0 | WARNING
2026-09-22 04:53:28 | WARD_B_TEMP_02 | 34.8 | CRITICAL
2026-09-22 04:53:28 | WARD_B_TEMP_03 | 35.1 | CRITICAL
2026-09-22 04:53:28 | WARD_B_TEMP_04 | 39.4 | CRITICAL
2026-09-22 04:53:28 | WARD_B_TEMP_05 | 39.7 | CRITICAL
2026-09-22 04:53:29 | WARD_B_TEMP_01 | 36.8 | NORMAL
2026-09-22 04:53:29 | WARD_B_TEMP_02 | 36.2 | NORMAL
2026-09-22 04:53:29 | WARD_B_TEMP_03 | 39.0 | CRITICAL
2026-09-22 04:53:29 | WARD_B_TEMP_04 | 36.5 | NORMAL
2026-09-22 04:53:29 | WARD_B_TEMP_05 | 39.6 | CRITICAL
2026-09-22 04:53:30 | WARD_B_TEMP_01 | 38.1 | CRITICAL
2026-09-22 04:53:30 | WARD_B_TEMP_02 | 36.8 | NORMAL
2026-09-22 04:53:30 | WARD_B_TEMP_03 | 38.9 | CRITICAL
2026-09-22 04:53:30 | WARD_B_TEMP_04 | 38.9 | CRITICAL
2026-09-22 04:53:30 | WARD_B_TEMP_05 | 34.6 | CRITICAL
2026-09-22 04:53:31 | WARD_B_TEMP_01 | 35.9 | NORMAL
2026-09-22 04:53:31 | WARD_B_TEMP_02 | 39.0 | CRITICAL
2026-09-22 04:53:31 | WARD_B_TEMP_03 | 37.4 | NORMAL
2026-09-22 04:53:31 | WARD_B_TEMP_04 | 37.1 | NORMAL
2026-09-22 04:53:31 | WARD_B_TEMP_05 | 40.2 | CRITICAL
2026-09-22 04:53:32 | WARD_B_TEMP_01 | 40.1 | CRITICAL
2026-09-22 04:53:32 | WARD_B_TEMP_02 | 35.3 | CRITICAL
2026-09-22 04:53:32 | WARD_B_TEMP_03 | 39.1 | CRITICAL
2026-09-22 04:53:32 | WARD_B_TEMP_04 | 36.4 | NORMAL
2026-09-22 04:53:32 | WARD_B_TEMP_05 | 40.4 | CRITICAL
2026-09-22 04:53:33 | WARD_B_TEMP_01 | 36.4 | NORMAL
2026-09-22 04:53:33 | WARD_B_TEMP_02 | 36.1 | NORMAL
2026-09-22 04:53:33 | WARD_B_TEMP_03 | 38.1 | CRITICAL
2026-09-22 04:53:33 | WARD_B_TEMP_04 | 38.4 | CRITICAL
2026-09-22 04:53:33 | WARD_B_TEMP_05 | 37.6 | WARNING
2026-09-22 04:53:34 | WARD_B_TEMP_01 | 38.3 | CRITICAL
2026-09-22 04:53:34 | WARD_B_TEMP_02 | 35.0 | CRITICAL
2026-09-22 04:53:34 | WARD_B_TEMP_03 | 36.5 | NORMAL
2026-09-22 04:53:34 | WARD_B_TEMP_04 | 38.3 | CRITICAL
2026-09-22 04:53:34 | WARD_B_TEMP_05 | 39.3 | CRITICAL
2026-09-22 04:53:35 | WARD_B_TEMP_01 | 37.1 | NORMAL
2026-09-22 04:53:35 | WARD_B_TEMP_02 | 38.7 | CRITICAL
2026-09-22 04:53:35 | WARD_B_TEMP_03 | 35.6 | NORMAL
2026-09-22 04:53:35 | WARD_B_TEMP_04 | 35.7 | NORMAL
2026-09-22 04:53:35 | WARD_B_TEMP_05 | 39.1 | CRITICAL
2026-09-22 04:53:36 | WARD_B_TEMP_01 | 36.5 | NORMAL
2026-09-22 04:53:36 | WARD_B_TEMP_02 | 40.1 | CRITICAL
2026-09-22 04:53:36 | WARD_B_TEMP_03 | 37.9 | WARNING
2026-09-22 04:53:36 | WARD_B_TEMP_04 | 36.1 | NORMAL
2026-09-22 04:53:36 | WARD_B_TEMP_05 | 36.3 | NORMAL
2026-09-22 04:53:37 | WARD_B_TEMP_01 | 36.5 | NORMAL
2026-09-22 04:53:37 | WARD_B_TEMP_02 | 39.5 | CRITICAL
2026-09-22 04:53:37 | WARD_B_TEMP_03 | 36.2 | NORMAL
2026-09-22 04:53:37 | WARD_B_TEMP_04 | 36.3 | NORMAL
2026-09-22 04:53:37 | WARD_B_TEMP_05 | 37.4 | NORMAL
2026-09-22 04:53:38 | WARD_B_TEMP_01 | 37.8 | WARNING
2026-09-22 04:53:38 | WARD_B_TEMP_02 | 39.2 | CRITICAL
2026-09-22 04:53:38 | WARD_B_TEMP_03 | 38.4 | CRITICAL
2026-09-22 04:53:38 | WARD_B_TEMP_04 | 39.1 | CRITICAL
2026-09-22 04:53:38 | WARD_B_TEMP_05 | 37.8 | WARNING
2026-09-22 04:53:39 | WARD_B_TEMP_01 | 36.4 | NORMAL
2026-09-22 04:53:39 | WARD_B_TEMP_02 | 36.1 | NORMAL
2026-09-22 04:53:39 | WARD_B_TEMP_03 | 36.7 | NORMAL
2026-09-22 04:53:39 | WARD_B_TEMP_04 | 36.9 | NORMAL
2026-09-22 04:53:39 | WARD_B_TEMP_05 | 38.2 | CRITICAL
2026-09-22 04:53:40 | WARD_B_TEMP_01 | 34.5 | CRITICAL
2026-09-22 04:53:40 | WARD_B_TEMP_02 | 34.5 | CRITICAL
2026-09-22 04:53:40 | WARD_B_TEMP_03 | 39.9 | CRITICAL
2026-09-22 04:53:40 | WARD_B_TEMP_04 | 39.4 | CRITICAL
2026-09-22 04:53:40 | WARD_B_TEMP_05 | 40.1 | CRITICAL
2026-09-22 04:53:41 | WARD_B_TEMP_01 | 39.0 | CRITICAL
2026-09-22 04:53:41 | WARD_B_TEMP_02 | 37.7 | WARNING
2026-09-22 04:53:41 | WARD_B_TEMP_03 | 37.0 | NORMAL
2026-09-22 04:53:41 | WARD_B_TEMP_04 | 37.2 | NORMAL
2026-09-22 04:53:41 | WARD_B_TEMP_05 | 39.5 | CRITICAL
2026-09-22 04:53:42 | WARD_B_TEMP_01 | 38.2 | CRITICAL
2026-09-22 04:53:42 | WARD_B_TEMP_02 | 35.8 | NORMAL
2026-09-22 04:53:42 | WARD_B_TEMP_03 | 34.8 | CRITICAL
2026-09-22 04:53:42 | WARD_B_TEMP_04 | 36.8 | NORMAL
2026-09-22 04:53:42 | WARD_B_TEMP_05 | 38.5 | CRITICAL
2026-09-22 04:53:43 | WARD_B_TEMP_01 | 40.3 | CRITICAL
2026-09-22 04:53:43 | WARD_B_TEMP_02 | 37.6 | WARNING
2026-09-22 04:53:43 | WARD_B_TEMP_03 | 40.1 | CRITICAL
2026-09-22 04:53:43 | WARD_B_TEMP_04 | 35.4 | CRITICAL
2026-09-22 04:53:43 | WARD_B_TEMP_05 | 39.9 | CRITICAL
2026-09-22 04:53:44 | WARD_B_TEMP_01 | 37.3 | NORMAL
2026-09-22 04:53:44 | WARD_B_TEMP_02 | 35.2 | CRITICAL
2026-09-22 04:53:44 | WARD_B_TEMP_03 | 38.2 | CRITICAL
2026-09-22 04:53:44 | WARD_B_TEMP_04 | 39.8 | CRITICAL
2026-09-22 04:53:44 | WARD_B_TEMP_05 | 37.8 | WARNING
2026-09-22 04:53:45 | WARD_B_TEMP_01 | 37.9 | WARNING
2026-09-22 04:53:45 | WARD_B_TEMP_02 | 34.8 | CRITICAL
2026-09-22 04:53:45 | WARD_B_TEMP_03 | 38.7 | CRITICAL
2026-09-22 04:53:45 | WARD_B_TEMP_04 | 37.6 | WARNING
2026-09-22 04:53:45 | WARD_B_TEMP_05 | 35.1 | CRITICAL
2026-09-22 04:53:46 | WARD_B_TEMP_01 | 39.8 | CRITICAL
2026-09-22 04:53:46 | WARD_B_TEMP_02 | 37.4 | NORMAL
2026-09-22 04:53:46 | WARD_B_TEMP_03 | 40.4 | CRITICAL
2026-09-22 04:53:46 | WARD_B_TEMP_04 | 39.3 | CRITICAL
2026-09-22 04:53:46 | WARD_B_TEMP_05 | 39.4 | CRITICAL
2026-09-22 04:53:47 | WARD_B_TEMP_01 | 38.7 | CRITICAL
2026-09-22 04:53:47 | WARD_B_TEMP_02 | 39.9 | CRITICAL
2026-09-22 04:53:47 | WARD_B_TEMP_03 | 39.4 | CRITICAL
2026-09-22 04:53:47 | WARD_B_TEMP_04 | 36.3 | NORMAL
2026-09-22 04:53:47 | WARD_B_TEMP_05 | 38.7 | CRITICAL
2026-09-22 04:53:48 | WARD_B_TEMP_01 | 38.0 | WARNING
2026-09-22 04:53:48 | WARD_B_TEMP_02 | 39.5 | CRITICAL
2026-09-22 04:53:48 | WARD_B_TEMP_03 | 34.7 | CRITICAL
2026-09-22 04:53:48 | WARD_B_TEMP_04 | 38.7 | CRITICAL
2026-09-22 04:53:48 | WARD_B_TEMP_05 | 35.0 | CRITICAL
2026-09-22 04:53:49 | WARD_B_TEMP_01 | 40.3 | CRITICAL
2026-09-22 04:53:49 | WARD_B_TEMP_02 | 40.2 | CRITICAL
2026-09-22 04:53:49 | WARD_B_TEMP_03 | 38.4 | CRITICAL
2026-09-22 04:53:49 | WARD_B_TEMP_04 | 34.9 | CRITICAL
2026-09-22 04:53:49 | WARD_B_TEMP_05 | 36.5 | NORMAL
2026-09-22 04:53:50 | WARD_B_TEMP_01 | 35.1 | CRITICAL
2026-09-22 04:53:50 | WARD_B_TEMP_02 | 37.3 | NORMAL
2026-09-22 04:53:50 | WARD_B_TEMP_03 | 37.2 | NORMAL
2026-09-22 04:53:50 | WARD_B_TEMP_04 | 38.8 | CRITICAL
2026-09-22 04:53:50 | WARD_B_TEMP_05 | 38.6 | CRITICAL
2026-09-22 04:53:51 | WARD_B_TEMP_01 | 37.7 | WARNING
2026-09-22 04:53:51 | WARD_B_TEMP_02 | 37.1 | NORMAL
2026-09-22 04:53:51 | WARD_B_TEMP_03 | 40.3 | CRITICAL
2026-09-22 04:53:51 | WARD_B_TEMP_04 | 40.5 | CRITICAL
2026-09-22 04:53:51 | WARD_B_TEMP_05 | 37.8 | WARNING
2026-09-22 04:53:52 | WARD_B_TEMP_01 | 35.5 | NORMAL
2026-09-22 04:53:52 | WARD_B_TEMP_02 | 35.9 | NORMAL
2026-09-22 04:53:52 | WARD_B_TEMP_03 | 35.5 | NORMAL
2026-09-22 04:53:52 | WARD_B_TEMP_04 | 35.9 | NORMAL
2026-09-22 04:53:52 | WARD_B_TEMP_05 | 37.3 | NORMAL
2026-09-22 04:53:53 | WARD_B_TEMP_01 | 35.0 | CRITICAL
2026-09-22 04:53:53 | WARD_B_TEMP_02 | 38.1 | CRITICAL
2026-09-22 04:53:53 | WARD_B_TEMP_03 | 39.3 | CRITICAL
2026-09-22 04:53:53 | WARD_B_TEMP_04 | 37.9 | WARNING
2026-09-22 04:53:53 | WARD_B_TEMP_05 | 34.9 | CRITICAL
2026-09-22 04:53:54 | WARD_B_TEMP_01 | 38.0 | WARNING
2026-09-22 04:53:54 | WARD_B_TEMP_02 | 35.6 | NORMAL
2026-09-22 04:53:54 | WARD_B_TEMP_03 | 40.4 | CRITICAL
2026-09-22 04:53:54 | WARD_B_TEMP_04 | 38.7 | CRITICAL
2026-09-22 04:53:54 | WARD_B_TEMP_05 | 37.4 | NORMAL
2026-09-22 04:53:55 | WARD_B_TEMP_01 | 40.2 | CRITICAL
2026-09-22 04:53:55 | WARD_B_TEMP_02 | 36.0 | NORMAL
2026-09-22 04:53:55 | WARD_B_TEMP_03 | 38.4 | CRITICAL
2026-09-22 04:53:55 | WARD_B_TEMP_04 | 38.2 | CRITICAL
2026-09-22 04:53:55 | WARD_B_TEMP_05 | 34.9 | CRITICAL
2026-09-22 04:53:56 | WARD_B_TEMP_01 | 40.3 | CRITICAL
2026-09-22 04:53:56 | WARD_B_TEMP_02 | 35.1 | CRITICAL
2026-09-22 04:53:56 | WARD_B_TEMP_03 | 36.5 | NORMAL
2026-09-22 04:53:56 | WARD_B_TEMP_04 | 38.9 | CRITICAL
2026-09-22 04:53:56 | WARD_B_TEMP_05 | 35.6 | NORMAL
2026-09-22 04:53:57 | WARD_B_TEMP_01 | 37.8 | WARNING
2026-09-22 04:53:57 | WARD_B_TEMP_02 | 35.7 | NORMAL
2026-09-22 04:53:57 | WARD_B_TEMP_03 | 38.5 | CRITICAL
2026-09-22 04:53:57 | WARD_B_TEMP_04 | 39.9 | CRITICAL
2026-09-22 04:53:57 | WARD_B_TEMP_05 | 37.9 | WARNING
2026-09-22 04:53:58 | WARD_B_TEMP_01 | 35.6 | NORMAL
2026-09-22 04:53:58 | WARD_B_TEMP_02 | 35.7 | NORMAL
2026-09-22 04:53:58 | WARD_B_TEMP_03 | 38.7 | CRITICAL
2026-09-22 04:53:58 | WARD_B_TEMP_04 | 40.1 | CRITICAL
2026-09-22 04:53:58 | WARD_B_TEMP_05 | 39.5 | CRITICAL
2026-09-22 04:53:59 | WARD_B_TEMP_01 | 38.6 | CRITICAL
2026-09-22 04:53:59 | WARD_B_TEMP_02 | 35.9 | NORMAL
2026-09-22 04:53:59 | WARD_B_TEMP_03 | 40.0 | CRITICAL
2026-09-22 04:53:59 | WARD_B_TEMP_04 | 35.3 | CRITICAL
2026-09-22 04:53:59 | WARD_B_TEMP_05 | 37.1 | NORMAL
2026-09-22 04:54:00 | WARD_B_TEMP_01 | 36.6 | NORMAL
2026-09-22 04:54:00 | WARD_B_TEMP_02 | 38.8 | CRITICAL
2026-09-22 04:54:00 | WARD_B_TEMP_03 | 37.6 | WARNING
2026-09-22 04:54:00 | WARD_B_TEMP_04 | 36.3 | NORMAL
2026-09-22 04:54:00 | WARD_B_TEMP_05 | 34.7 | CRITICAL
2026-09-22 04:54:01 | WARD_B_TEMP_01 | 40.3 | CRITICAL
2026-09-22 04:54:01 | WARD_B_TEMP_02 | 36.3 | NORMAL
2026-09-22 04:54:01 | WARD_B_TEMP_03 | 40.4 | CRITICAL
2026-09-22 04:54:01 | WARD_B_TEMP_04 | 38.7 | CRITICAL
2026-09-22 04:54:01 | WARD_B_TEMP_05 | 39.4 | CRITICAL
2026-09-22 04:54:02 | WARD_B_TEMP_01 | 37.8 | WARNING
2026-09-22 04:54:02 | WARD_B_TEMP_02 | 36.8 | NORMAL
2026-09-22 04:54:02 | WARD_B_TEMP_03 | 36.1 | NORMAL
2026-09-22 04:54:02 | WARD_B_TEMP_04 | 38.4 | CRITICAL
2026-09-22 04:54:02 | WARD_B_TEMP_05 | 36.7 | NORMAL
2026-09-22 04:54:03 | WARD_B_TEMP_01 | 38.0 | WARNING
2026-09-22 04:54:03 | WARD_B_TEMP_02 | 37.4 | NORMAL
2026-09-22 04:54:03 | WARD_B_TEMP_03 | 38.4 | CRITICAL
2026-09-22 04:54:03 | WARD_B_TEMP_04 | 39.6 | CRITICAL
2026-09-22 04:54:03 | WARD_B_TEMP_05 | 35.1 | CRITICAL
2026-09-22 04:54:04 | WARD_B_TEMP_01 | 38.8 | CRITICAL
2026-09-22 04:54:04 | WARD_B_TEMP_02 | 35.4 | CRITICAL
2026-09-22 04:54:04 | WARD_B_TEMP_03 | 35.7 | NORMAL
2026-09-22 04:54:04 | WARD_B_TEMP_04 | 34.8 | CRITICAL
2026-09-22 04:54:04 | WARD_B_TEMP_05 | 36.0 | NORMAL
2026-09-22 04:54:05 | WARD_B_TEMP_01 | 37.2 | NORMAL
2026-09-22 04:54:05 | WARD_B_TEMP_02 | 39.3 | CRITICAL
2026-09-22 04:54:05 | WARD_B_TEMP_03 | 37.6 | WARNING
2026-09-22 04:54:05 | WARD_B_TEMP_04 | 40.4 | CRITICAL
2026-09-22 04:54:05 | WARD_B_TEMP_05 | 37.1 | NORMAL
2026-09-22 04:54:06 | WARD_B_TEMP_01 | 34.6 | CRITICAL
2026-09-22 04:54:06 | WARD_B_TEMP_02 | 35.1 | CRITICAL
2026-09-22 04:54:06 | WARD_B_TEMP_03 | 39.5 | CRITICAL
2026-09-22 04:54:06 | WARD_B_TEMP_04 | 34.7 | CRITICAL
2026-09-22 04:54:06 | WARD_B_TEMP_05 | 36.5 | NORMAL
2026-09-22 04:54:07 | WARD_B_TEMP_01 | 39.1 | CRITICAL
2026-09-22 04:54:07 | WARD_B_TEMP_02 | 34.7 | CRITICAL
2026-09-22 04:54:07 | WARD_B_TEMP_03 | 39.0 | CRITICAL
2026-09-22 04:54:07 | WARD_B_TEMP_04 | 39.0 | CRITICAL
2026-09-22 04:54:07 | WARD_B_TEMP_05 | 37.0 | NORMAL
2026-09-22 04:54:08 | WARD_B_TEMP_01 | 34.8 | CRITICAL
2026-09-22 04:54:08 | WARD_B_TEMP_02 | 39.5 | CRITICAL
2026-09-22 04:54:08 | WARD_B_TEMP_03 | 36.5 | NORMAL
2026-09-22 04:54:08 | WARD_B_TEMP_04 | 37.5 | WARNING
2026-09-22 04:54:08 | WARD_B_TEMP_05 | 36.2 | NORMAL
2026-09-22 04:54:09 | WARD_B_TEMP_01 | 40.3 | CRITICAL
2026-09-22 04:54:09 | WARD_B_TEMP_02 | 35.8 | NORMAL
2026-09-22 04:54:09 | WARD_B_TEMP_03 | 35.8 | NORMAL
2026-09-22 04:54:09 | WARD_B_TEMP_04 | 37.1 | NORMAL
2026-09-22 04:54:09 | WARD_B_TEMP_05 | 35.3 | CRITICAL
2026-09-22 04:54:10 | WARD_B_TEMP_01 | 37.8 | WARNING
2026-09-22 04:54:10 | WARD_B_TEMP_02 | 34.9 | CRITICAL
2026-09-22 04:54:10 | WARD_B_TEMP_03 | 36.8 | NORMAL
2026-09-22 04:54:10 | WARD_B_TEMP_04 | 35.9 | NORMAL
2026-09-22 04:54:10 | WARD_B_TEMP_05 | 39.8 | CRITICAL
2026-09-22 04:54:11 | WARD_B_TEMP_01 | 39.2 | CRITICAL
2026-09-22 04:54:11 | WARD_B_TEMP_02 | 39.4 | CRITICAL
2026-09-22 04:54:11 | WARD_B_TEMP_03 | 36.5 | NORMAL
2026-09-22 04:54:11 | WARD_B_TEMP_04 | 35.1 | CRITICAL
2026-09-22 04:54:11 | WARD_B_TEMP_05 | 36.8 | NORMAL
2026-09-22 04:54:12 | WARD_B_TEMP_01 | 37.9 | WARNING
2026-09-22 04:54:12 | WARD_B_TEMP_02 | 35.7 | NORMAL
2026-09-22 04:54:12 | WARD_B_TEMP_03 | 37.2 | NORMAL
2026-09-22 04:54:12 | WARD_B_TEMP_04 | 34.9 | CRITICAL
2026-09-22 04:54:12 | WARD_B_TEMP_05 | 35.3 | CRITICAL
2026-09-22 04:54:13 | WARD_B_TEMP_01 | 38.6 | CRITICAL
2026-09-22 04:54:13 | WARD_B_TEMP_02 | 40.5 | CRITICAL
2026-09-22 04:54:13 | WARD_B_TEMP_03 | 36.8 | NORMAL
2026-09-22 04:54:13 | WARD_B_TEMP_04 | 39.1 | CRITICAL
2026-09-22 04:54:13 | WARD_B_TEMP_05 | 37.2 | NORMAL
2026-09-22 04:54:14 | WARD_B_TEMP_01 | 36.4 | NORMAL
2026-09-22 04:54:14 | WARD_B_TEMP_02 | 36.8 | NORMAL
2026-09-22 04:54:14 | WARD_B_TEMP_03 | 34.8 | CRITICAL
2026-09-22 04:54:14 | WARD_B_TEMP_04 | 40.2 | CRITICAL
2026-09-22 04:54:14 | WARD_B_TEMP_05 | 39.7 | CRITICAL
2026-09-22 04:54:15 | WARD_B_TEMP_01 | 36.1 | NORMAL
2026-09-22 04:54:15 | WARD_B_TEMP_02 | 36.2 | NORMAL
2026-09-22 04:54:15 | WARD_B_TEMP_03 | 35.5 | NORMAL
2026-09-22 04:54:15 | WARD_B_TEMP_04 | 36.8 | NORMAL
2026-09-22 04:54:15 | WARD_B_TEMP_05 | 39.6 | CRITICAL
2026-09-22 04:54:16 | WARD_B_TEMP_01 | 38.3 | CRITICAL
2026-09-22 04:54:16 | WARD_B_TEMP_02 | 37.7 | WARNING
2026-09-22 04:54:16 | WARD_B_TEMP_03 | 38.0 | WARNING
2026-09-22 04:54:16 | WARD_B_TEMP_04 | 39.7 | CRITICAL
2026-09-22 04:54:16 | WARD_B_TEMP_05 | 36.6 | NORMAL
2026-09-22 04:54:17 | WARD_B_TEMP_01 | 38.0 | WARNING
2026-09-22 04:54:17 | WARD_B_TEMP_02 | 37.0 | NORMAL
2026-09-22 04:54:17 | WARD_B_TEMP_03 | 34.9 | CRITICAL
2026-09-22 04:54:17 | WARD_B_TEMP_04 | 34.8 | CRITICAL
2026-09-22 04:54:17 | WARD_B_TEMP_05 | 35.4 | CRITICAL
2026-09-22 04:54:18 | WARD_B_TEMP_01 | 39.4 | CRITICAL
2026-09-22 04:54:18 | WARD_B_TEMP_02 | 36.7 | NORMAL
2026-09-22 04:54:18 | WARD_B_TEMP_03 | 37.3 | NORMAL
2026-09-22 04:54:18 | WARD_B_TEMP_04 | 37.9 | WARNING
2026-09-22 04:54:18 | WARD_B_TEMP_05 | 39.7 | CRITICAL
2026-09-22 04:54:19 | WARD_B_TEMP_01 | 37.2 | NORMAL
2026-09-22 04:54:19 | WARD_B_TEMP_02 | 38.0 | WARNING
2026-09-22 04:54:19 | WARD_B_TEMP_03 | 38.8 | CRITICAL
2026-09-22 04:54:19 | WARD_B_TEMP_04 | 36.0 | NORMAL
2026-09-22 04:54:19 | WARD_B_TEMP_05 | 35.4 | CRITICAL
2026-09-22 04:54:20 | WARD_B_TEMP_01 | 35.1 | CRITICAL
2026-09-22 04:54:20 | WARD_B_TEMP_02 | 37.5 | WARNING
2026-09-22 04:54:20 | WARD_B_TEMP_03 | 36.3 | NORMAL
2026-09-22 04:54:20 | WARD_B_TEMP_04 | 39.3 | CRITICAL
2026-09-22 04:54:20 | WARD_B_TEMP_05 | 37.3 | NORMAL
2026-09-22 04:54:21 | WARD_B_TEMP_01 | 34.9 | CRITICAL
2026-09-22 04:54:21 | WARD_B_TEMP_02 | 37.1 | NORMAL
2026-09-22 04:54:21 | WARD_B_TEMP_03 | 38.6 | CRITICAL
2026-09-22 04:54:21 | WARD_B_TEMP_04 | 38.7 | CRITICAL
2026-09-22 04:54:21 | WARD_B_TEMP_05 | 36.2 | NORMAL
2026-09-22 04:54:22 | WARD_B_TEMP_01 | 35.0 | CRITICAL
2026-09-22 04:54:22 | WARD_B_TEMP_02 | 34.8 | CRITICAL
2026-09-22 04:54:22 | WARD_B_TEMP_03 | 36.9 | NORMAL
2026-09-22 04:54:22 | WARD_B_TEMP_04 | 35.4 | CRITICAL
2026-09-22 04:54:22 | WARD_B_TEMP_05 | 35.7 | NORMAL
2026-09-22 04:54:23 | WARD_B_TEMP_01 | 37.7 | WARNING
2026-09-22 04:54:23 | WARD_B_TEMP_02 | 35.4 | CRITICAL
2026-09-22 04:54:23 | WARD_B_TEMP_03 | 38.1 | CRITICAL
2026-09-22 04:54:23 | WARD_B_TEMP_04 | 39.8 | CRITICAL
2026-09-22 04:54:23 | WARD_B_TEMP_05 | 37.2 | NORMAL
2026-09-22 04:54:24 | WARD_B_TEMP_01 | 35.8 | NORMAL
2026-09-22 04:54:24 | WARD_B_TEMP_02 | 37.2 | NORMAL
2026-09-22 04:54:24 | WARD_B_TEMP_03 | 34.5 | CRITICAL
2026-09-22 04:54:24 | WARD_B_TEMP_04 | 37.8 | WARNING
2026-09-22 04:54:24 | WARD_B_TEMP_05 | 35.1 | CRITICAL
2026-09-22 04:54:25 | WARD_B_TEMP_01 | 39.6 | CRITICAL
2026-09-22 04:54:25 | WARD_B_TEMP_02 | 39.9 | CRITICAL
2026-09-22 04:54:25 | WARD_B_TEMP_03 | 36.9 | NORMAL
2026-09-22 04:54:25 | WARD_B_TEMP_04 | 36.7 | NORMAL
2026-09-22 04:54:25 | WARD_B_TEMP_05 | 39.8 | CRITICAL
2026-09-22 04:54:26 | WARD_B_TEMP_01 | 36.4 | NORMAL
2026-09-22 04:54:26 | WARD_B_TEMP_02 | 40.2 | CRITICAL
2026-09-22 04:54:26 | WARD_B_TEMP_03 | 37.6 | WARNING
2026-09-22 04:54:26 | WARD_B_TEMP_04 | 38.3 | CRITICAL
2026-09-22 04:54:26 | WARD_B_TEMP_05 | 34.9 | CRITICAL
2026-09-22 04:54:27 | WARD_B_TEMP_01 | 35.9 | NORMAL
2026-09-22 04:54:27 | WARD_B_TEMP_02 | 37.8 | WARNING
2026-09-22 04:54:27 | WARD_B_TEMP_03 | 38.8 | CRITICAL
2026-09-22 04:54:27 | WARD_B_TEMP_04 | 36.6 | NORMAL
2026-09-22 04:54:27 | WARD_B_TEMP_05 | 40.0 | CRITICAL
2026-09-22 04:54:28 | WARD_B_TEMP_01 | 36.5 | NORMAL
2026-09-22 04:54:28 | WARD_B_TEMP_02 | 40.2 | CRITICAL
2026-09-22 04:54:28 | WARD_B_TEMP_03 | 36.2 | NORMAL
2026-09-22 04:54:28 | WARD_B_TEMP_04 | 38.6 | CRITICAL
2026-09-22 04:54:28 | WARD_B_TEMP_05 | 38.6 | CRITICAL
2026-09-22 04:54:29 | WARD_B_TEMP_01 | 34.9 | CRITICAL
2026-09-22 04:54:29 | WARD_B_TEMP_02 | 37.6 | WARNING
2026-09-22 04:54:29 | WARD_B_TEMP_03 | 38.3 | CRITICAL
2026-09-22 04:54:29 | WARD_B_TEMP_04 | 35.9 | NORMAL
2026-09-22 04:54:29 | WARD_B_TEMP_05 | 36.2 | NORMAL
2026-09-22 04:54:30 | WARD_B_TEMP_01 | 39.3 | CRITICAL
2026-09-22 04:54:30 | WARD_B_TEMP_02 | 39.9 | CRITICAL
2026-09-22 04:54:30 | WARD_B_TEMP_03 | 39.3 | CRITICAL
2026-09-22 04:54:30 | WARD_B_TEMP_04 | 39.1 | CRITICAL
2026-09-22 04:54:30 | WARD_B_TEMP_05 | 34.7 | CRITICAL
2026-09-22 04:54:31 | WARD_B_TEMP_01 | 39.4 | CRITICAL
2026-09-22 04:54:31 | WARD_B_TEMP_02 | 39.8 | CRITICAL
2026-09-22 04:54:31 | WARD_B_TEMP_03 | 39.2 | CRITICAL
2026-09-22 04:54:31 | WARD_B_TEMP_04 | 38.0 | WARNING
2026-09-22 04:54:31 | WARD_B_TEMP_05 | 37.6 | WARNING
2026-09-22 04:54:32 | WARD_B_TEMP_01 | 40.4 | CRITICAL
2026-09-22 04:54:32 | WARD_B_TEMP_02 | 39.5 | CRITICAL
2026-09-22 04:54:32 | WARD_B_TEMP_03 | 39.2 | CRITICAL
2026-09-22 04:54:32 | WARD_B_TEMP_04 | 38.7 | CRITICAL
2026-09-22 04:54:32 | WARD_B_TEMP_05 | 36.4 | NORMAL
2026-09-22 04:54:33 | WARD_B_TEMP_01 | 39.3 | CRITICAL
2026-09-22 04:54:33 | WARD_B_TEMP_02 | 38.7 | CRITICAL
2026-09-22 04:54:33 | WARD_B_TEMP_03 | 35.8 | NORMAL
2026-09-22 04:54:33 | WARD_B_TEMP_04 | 40.1 | CRITICAL
2026-09-22 04:54:33 | WARD_B_TEMP_05 | 37.6 | WARNING
2026-09-22 04:54:34 | WARD_B_TEMP_01 | 40.4 | CRITICAL
2026-09-22 04:54:34 | WARD_B_TEMP_02 | 37.1 | NORMAL
2026-09-22 04:54:34 | WARD_B_TEMP_03 | 37.0 | NORMAL
2026-09-22 04:54:34 | WARD_B_TEMP_04 | 39.0 | CRITICAL
2026-09-22 04:54:34 | WARD_B_TEMP_05 | 38.6 | CRITICAL
2026-09-22 04:54:35 | WARD_B_TEMP_01 | 38.9 | CRITICAL
2026-09-22 04:54:35 | WARD_B_TEMP_02 | 36.5 | NORMAL
2026-09-22 04:54:35 | WARD_B_TEMP_03 | 35.7 | NORMAL
2026-09-22 04:54:35 | WARD_B_TEMP_04 | 38.1 | CRITICAL
2026-09-22 04:54:35 | WARD_B_TEMP_05 | 35.6 | NORMAL
2026-09-22 04:54:36 | WARD_B_TEMP_01 | 40.2 | CRITICAL
2026-09-22 04:54:36 | WARD_B_TEMP_02 | 40.4 | CRITICAL
2026-09-22 04:54:36 | WARD_B_TEMP_03 | 39.7 | CRITICAL
2026-09-22 04:54:36 | WARD_B_TEMP_04 | 40.5 | CRITICAL
2026-09-22 04:54:36 | WARD_B_TEMP_05 | 34.6 | CRITICAL
2026-09-22 04:54:37 | WARD_B_TEMP_01 | 35.9 | NORMAL
2026-09-22 04:54:37 | WARD_B_TEMP_02 | 35.3 | CRITICAL
2026-09-22 04:54:37 | WARD_B_TEMP_03 | 38.2 | CRITICAL
2026-09-22 04:54:37 | WARD_B_TEMP_04 | 36.5 | NORMAL
2026-09-22 04:54:37 | WARD_B_TEMP_05 | 34.9 | CRITICAL
2026-09-22 04:54:38 | WARD_B_TEMP_01 | 35.0 | CRITICAL
2026-09-22 04:54:38 | WARD_B_TEMP_02 | 36.0 | NORMAL
2026-09-22 04:54:38 | WARD_B_TEMP_03 | 36.8 | NORMAL
2026-09-22 04:54:38 | WARD_B_TEMP_04 | 40.1 | CRITICAL
2026-09-22 04:54:38 | WARD_B_TEMP_05 | 40.4 | CRITICAL
2026-09-22 04:54:39 | WARD_B_TEMP_01 | 40.0 | CRITICAL
2026-09-22 04:54:39 | WARD_B_TEMP_02 | 40.4 | CRITICAL
2026-09-22 04:54:39 | WARD_B_TEMP_03 | 39.5 | CRITICAL
2026-09-22 04:54:39 | WARD_B_TEMP_04 | 37.4 | NORMAL
2026-09-22 04:54:39 | WARD_B_TEMP_05 | 38.4 | CRITICAL
2026-09-22 04:54:40 | WARD_B_TEMP_01 | 37.6 | WARNING
2026-09-22 04:54:40 | WARD_B_TEMP_02 | 36.7 | NORMAL
2026-09-22 04:54:40 | WARD_B_TEMP_03 | 39.2 | CRITICAL
2026-09-22 04:54:40 | WARD_B_TEMP_04 | 39.7 | CRITICAL
2026-09-22 04:54:40 | WARD_B_TEMP_05 | 39.3 | CRITICAL
2026-09-22 04:54:41 | WARD_B_TEMP_01 | 37.8 | WARNING
2026-09-22 04:54:41 | WARD_B_TEMP_02 | 39.4 | CRITICAL
2026-09-22 04:54:41 | WARD_B_TEMP_03 | 39.4 | CRITICAL
2026-09-22 04:54:41 | WARD_B_TEMP_04 | 38.6 | CRITICAL
2026-09-22 04:54:41 | WARD_B_TEMP_05 | 34.8 | CRITICAL
2026-09-22 04:54:42 | WARD_B_TEMP_01 | 37.2 | NORMAL
2026-09-22 04:54:42 | WARD_B_TEMP_02 | 37.9 | WARNING
2026-09-22 04:54:42 | WARD_B_TEMP_03 | 39.2 | CRITICAL
2026-09-22 04:54:42 | WARD_B_TEMP_04 | 37.6 | WARNING
2026-09-22 04:54:42 | WARD_B_TEMP_05 | 37.6 | WARNING
2026-09-22 04:54:43 | WARD_B_TEMP_01 | 35.6 | NORMAL
2026-09-22 04:54:43 | WARD_B_TEMP_02 | 37.8 | WARNING
2026-09-22 04:54:43 | WARD_B_TEMP_03 | 39.7 | CRITICAL
2026-09-22 04:54:43 | WARD_B_TEMP_04 | 38.4 | CRITICAL
2026-09-22 04:54:43 | WARD_B_TEMP_05 | 40.1 | CRITICAL
2026-09-22 04:54:44 | WARD_B_TEMP_01 | 39.9 | CRITICAL
2026-09-22 04:54:44 | WARD_B_TEMP_02 | 35.4 | CRITICAL
2026-09-22 04:54:44 | WARD_B_TEMP_03 | 34.9 | CRITICAL
2026-09-22 04:54:44 | WARD_B_TEMP_04 | 39.2 | CRITICAL
2026-09-22 04:54:44 | WARD_B_TEMP_05 | 36.2 | NORMAL
2026-09-22 04:54:45 | WARD_B_TEMP_01 | 39.1 | CRITICAL
2026-09-22 04:54:45 | WARD_B_TEMP_02 | 36.4 | NORMAL
2026-09-22 04:54:45 | WARD_B_TEMP_03 | 36.8 | NORMAL
2026-09-22 04:54:45 | WARD_B_TEMP_04 | 38.8 | CRITICAL
2026-09-22 04:54:45 | WARD_B_TEMP_05 | 38.5 | CRITICAL
2026-09-22 04:54:46 | WARD_B_TEMP_01 | 39.2 | CRITICAL
2026-09-22 04:54:46 | WARD_B_TEMP_02 | 35.0 | CRITICAL
2026-09-22 04:54:46 | WARD_B_TEMP_03 | 35.2 | CRITICAL
2026-09-22 04:54:46 | WARD_B_TEMP_04 | 40.3 | CRITICAL
2026-09-22 04:54:46 | WARD_B_TEMP_05 | 36.9 | NORMAL
2026-09-22 04:54:47 | WARD_B_TEMP_01 | 35.9 | NORMAL
2026-09-22 04:54:47 | WARD_B_TEMP_02 | 35.7 | NORMAL
2026-09-22 04:54:47 | WARD_B_TEMP_03 | 38.9 | CRITICAL
2026-09-22 04:54:47 | WARD_B_TEMP_04 | 35.3 | CRITICAL
2026-09-22 04:54:47 | WARD_B_TEMP_05 | 35.5 | NORMAL
2026-09-22 04:54:48 | WARD_B_TEMP_01 | 37.3 | NORMAL
2026-09-22 04:54:48 | WARD_B_TEMP_02 | 34.8 | CRITICAL
2026-09-22 04:54:48 | WARD_B_TEMP_03 | 35.3 | CRITICAL
2026-09-22 04:54:48 | WARD_B_TEMP_04 | 35.4 | CRITICAL
2026-09-22 04:54:48 | WARD_B_TEMP_05 | 38.0 | WARNING
2026-09-22 04:54:49 | WARD_B_TEMP_01 | 37.7 | WARNING
2026-09-22 04:54:49 | WARD_B_TEMP_02 | 40.1 | CRITICAL
2026-09-22 04:54:49 | WARD_B_TEMP_03 | 39.4 | CRITICAL
2026-09-22 04:54:49 | WARD_B_TEMP_04 | 35.4 | CRITICAL
2026-09-22 04:54:49 | WARD_B_TEMP_05 | 39.7 | CRITICAL
2026-09-22 04:54:50 | WARD_B_TEMP_01 | 38.3 | CRITICAL
2026-09-22 04:54:50 | WARD_B_TEMP_02 | 40.2 | CRITICAL
2026-09-22 04:54:50 | WARD_B_TEMP_03 | 35.0 | CRITICAL
2026-09-22 04:54:50 | WARD_B_TEMP_04 | 37.9 | WARNING
2026-09-22 04:54:50 | WARD_B_TEMP_05 | 36.5 | NORMAL
2026-09-22 04:54:51 | WARD_B_TEMP_01 | 39.2 | CRITICAL
2026-09-22 04:54:51 | WARD_B_TEMP_02 | 37.7 | WARNING
2026-09-22 04:54:51 | WARD_B_TEMP_03 | 40.4 | CRITICAL
2026-09-22 04:54:51 | WARD_B_TEMP_04 | 35.4 | CRITICAL
2026-09-22 04:54:51 | WARD_B_TEMP_05 | 37.6 | WARNING
2026-09-22 04:54:52 | WARD_B_TEMP_01 | 36.4 | NORMAL
2026-09-22 04:54:52 | WARD_B_TEMP_02 | 37.0 | NORMAL
2026-09-22 04:54:52 | WARD_B_TEMP_03 | 37.5 | WARNING
2026-09-22 04:54:52 | WARD_B_TEMP_04 | 36.7 | NORMAL
2026-09-22 04:54:52 | WARD_B_TEMP_05 | 38.0 | WARNING
2026-09-22 04:54:53 | WARD_B_TEMP_01 | 35.2 | CRITICAL
2026-09-22 04:54:53 | WARD_B_TEMP_02 | 34.8 | CRITICAL
2026-09-22 04:54:53 | WARD_B_TEMP_03 | 34.9 | CRITICAL
2026-09-22 04:54:53 | WARD_B_TEMP_04 | 37.9 | WARNING
2026-09-22 04:54:53 | WARD_B_TEMP_05 | 40.4 | CRITICAL
2026-09-22 04:54:54 | WARD_B_TEMP_01 | 39.0 | CRITICAL
2026-09-22 04:54:54 | WARD_B_TEMP_02 | 35.2 | CRITICAL
2026-09-22 04:54:54 | WARD_B_TEMP_03 | 36.4 | NORMAL
2026-09-22 04:54:54 | WARD_B_TEMP_04 | 35.8 | NORMAL
2026-09-22 04:54:54 | WARD_B_TEMP_05 | 38.9 | CRITICAL
2026-09-22 04:54:55 | WARD_B_TEMP_01 | 36.5 | NORMAL
2026-09-22 04:54:55 | WARD_B_TEMP_02 | 36.4 | NORMAL
2026-09-22 04:54:55 | WARD_B_TEMP_03 | 35.4 | CRITICAL
2026-09-22 04:54:55 | WARD_B_TEMP_04 | 36.2 | NORMAL
2026-09-22 04:54:55 | WARD_B_TEMP_05 | 35.5 | NORMAL
2026-09-22 04:54:56 | WARD_B_TEMP_01 | 37.1 | NORMAL
2026-09-22 04:54:56 | WARD_B_TEMP_02 | 35.9 | NORMAL
2026-09-22 04:54:56 | WARD_B_TEMP_03 | 37.0 | NORMAL
2026-09-22 04:54:56 | WARD_B_TEMP_04 | 38.3 | CRITICAL
2026-09-22 04:54:56 | WARD_B_TEMP_05 | 38.7 | CRITICAL
2026-09-22 04:54:57 | WARD_B_TEMP_01 | 34.7 | CRITICAL
2026-09-22 04:54:57 | WARD_B_TEMP_02 | 39.4 | CRITICAL
2026-09-22 04:54:57 | WARD_B_TEMP_03 | 36.2 | NORMAL
2026-09-22 04:54:57 | WARD_B_TEMP_04 | 38.2 | CRITICAL
2026-09-22 04:54:57 | WARD_B_TEMP_05 | 35.9 | NORMAL
2026-09-22 04:54:58 | WARD_B_TEMP_01 | 37.4 | NORMAL
2026-09-22 04:54:58 | WARD_B_TEMP_02 | 36.5 | NORMAL
2026-09-22 04:54:58 | WARD_B_TEMP_03 | 37.7 | WARNING
2026-09-22 04:54:58 | WARD_B_TEMP_04 | 35.5 | NORMAL
2026-09-22 04:54:58 | WARD_B_TEMP_05 | 37.9 | WARNING
2026-09-22 04:54:59 | WARD_B_TEMP_01 | 37.3 | NORMAL
2026-09-22 04:54:59 | WARD_B_TEMP_02 | 37.3 | NORMAL
2026-09-22 04:54:59 | WARD_B_TEMP_03 | 35.9 | NORMAL
2026-09-22 04:54:59 | WARD_B_TEMP_04 | 36.8 | NORMAL
2026-09-22 04:54:59 | WARD_B_TEMP_05 | 37.0 | NORMAL
2026-09-22 04:55:00 | WARD_B_TEMP_01 | 36.1 | NORMAL
2026-09-22 04:55:00 | WARD_B_TEMP_02 | 35.0 | CRITICAL
2026-09-22 04:55:00 | WARD_B_TEMP_03 | 34.5 | CRITICAL
2026-09-22 04:55:00 | WARD_B_TEMP_04 | 35.0 | CRITICAL
2026-09-22 04:55:00 | WARD_B_TEMP_05 | 37.1 | NORMAL
2026-09-22 04:55:01 | WARD_B_TEMP_01 | 38.8 | CRITICAL
2026-09-22 04:55:01 | WARD_B_TEMP_02 | 37.0 | NORMAL
2026-09-22 04:55:01 | WARD_B_TEMP_03 | 39.6 | CRITICAL
2026-09-22 04:55:01 | WARD_B_TEMP_04 | 36.0 | NORMAL
2026-09-22 04:55:01 | WARD_B_TEMP_05 | 38.8 | CRITICAL
2026-09-22 04:55:02 | WARD_B_TEMP_01 | 34.9 | CRITICAL
2026-09-22 04:55:02 | WARD_B_TEMP_02 | 38.5 | CRITICAL
2026-09-22 04:55:02 | WARD_B_TEMP_03 | 39.8 | CRITICAL
2026-09-22 04:55:02 | WARD_B_TEMP_04 | 36.0 | NORMAL
2026-09-22 04:55:02 | WARD_B_TEMP_05 | 35.1 | CRITICAL
2026-09-22 04:55:03 | WARD_B_TEMP_01 | 37.0 | NORMAL
2026-09-22 04:55:03 | WARD_B_TEMP_02 | 40.1 | CRITICAL
2026-09-22 04:55:03 | WARD_B_TEMP_03 | 38.6 | CRITICAL
2026-09-22 04:55:03 | WARD_B_TEMP_04 | 36.5 | NORMAL
2026-09-22 04:55:03 | WARD_B_TEMP_05 | 38.8 | CRITICAL
2026-09-22 04:55:04 | WARD_B_TEMP_01 | 39.7 | CRITICAL
2026-09-22 04:55:04 | WARD_B_TEMP_02 | 35.5 | NORMAL
2026-09-22 04:55:04 | WARD_B_TEMP_03 | 37.4 | NORMAL
2026-09-22 04:55:04 | WARD_B_TEMP_04 | 38.3 | CRITICAL
2026-09-22 04:55:04 | WARD_B_TEMP_05 | 37.8 | WARNING
2026-09-22 04:55:05 | WARD_B_TEMP_01 | 40.2 | CRITICAL
2026-09-22 04:55:05 | WARD_B_TEMP_02 | 39.9 | CRITICAL
2026-09-22 04:55:05 | WARD_B_TEMP_03 | 38.8 | CRITICAL
2026-09-22 04:55:05 | WARD_B_TEMP_04 | 39.4 | CRITICAL
2026-09-22 04:55:05 | WARD_B_TEMP_05 | 35.6 | NORMAL
2026-09-22 04:55:06 | WARD_B_TEMP_01 | 38.0 | WARNING
2026-09-22 04:55:06 | WARD_B_TEMP_02 | 35.3 | CRITICAL
2026-09-22 04:55:06 | WARD_B_TEMP_03 | 35.3 | CRITICAL
2026-09-22 04:55:06 | WARD_B_TEMP_04 | 39.7 | CRITICAL
2026-09-22 04:55:06 | WARD_B_TEMP_05 | 37.0 | NORMAL
2026-09-22 04:55:07 | WARD_B_TEMP_01 | 39.7 | CRITICAL
2026-09-22 04:55:07 | WARD_B_TEMP_02 | 37.1 | NORMAL
2026-09-22 04:55:07 | WARD_B_TEMP_03 | 37.5 | WARNING
2026-09-22 04:55:07 | WARD_B_TEMP_04 | 37.3 | NORMAL
2026-09-22 04:55:07 | WARD_B_TEMP_05 | 35.0 | CRITICAL
2026-09-22 04:55:08 | WARD_B_TEMP_01 | 36.5 | NORMAL
2026-09-22 04:55:08 | WARD_B_TEMP_02 | 35.6 | NORMAL
2026-09-22 04:55:08 | WARD_B_TEMP_03 | 38.0 | WARNING
2026-09-22 04:55:08 | WARD_B_TEMP_04 | 36.2 | NORMAL
2026-09-22 04:55:08 | WARD_B_TEMP_05 | 37.3 | NORMAL
2026-09-22 04:55:09 | WARD_B_TEMP_01 | 36.5 | NORMAL
2026-09-22 04:55:09 | WARD_B_TEMP_02 | 36.7 | NORMAL
2026-09-22 04:55:09 | WARD_B_TEMP_03 | 35.1 | CRITICAL
2026-09-22 04:55:09 | WARD_B_TEMP_04 | 35.5 | NORMAL
2026-09-22 04:55:09 | WARD_B_TEMP_05 | 39.0 | CRITICAL
2026-09-22 04:55:10 | WARD_B_TEMP_01 | 35.1 | CRITICAL
2026-09-22 04:55:10 | WARD_B_TEMP_02 | 35.3 | CRITICAL
2026-09-22 04:55:10 | WARD_B_TEMP_03 | 39.9 | CRITICAL
2026-09-22 04:55:10 | WARD_B_TEMP_04 | 34.5 | CRITICAL
2026-09-22 04:55:10 | WARD_B_TEMP_05 | 34.6 | CRITICAL
2026-09-22 04:55:11 | WARD_B_TEMP_01 | 38.0 | WARNING
2026-09-22 04:55:11 | WARD_B_TEMP_02 | 40.0 | CRITICAL
2026-09-22 04:55:11 | WARD_B_TEMP_03 | 35.0 | CRITICAL
2026-09-22 04:55:11 | WARD_B_TEMP_04 | 34.5 | CRITICAL
2026-09-22 04:55:11 | WARD_B_TEMP_05 | 38.7 | CRITICAL
2026-09-22 04:55:12 | WARD_B_TEMP_01 | 37.9 | WARNING
2026-09-22 04:55:12 | WARD_B_TEMP_02 | 38.8 | CRITICAL
2026-09-22 04:55:12 | WARD_B_TEMP_03 | 36.4 | NORMAL
2026-09-22 04:55:12 | WARD_B_TEMP_04 | 36.2 | NORMAL
2026-09-22 04:55:12 | WARD_B_TEMP_05 | 39.0 | CRITICAL
2026-09-22 04:55:13 | WARD_B_TEMP_01 | 35.2 | CRITICAL
2026-09-22 04:55:13 | WARD_B_TEMP_02 | 40.5 | CRITICAL
2026-09-22 04:55:13 | WARD_B_TEMP_03 | 39.6 | CRITICAL
2026-09-22 04:55:13 | WARD_B_TEMP_04 | 35.3 | CRITICAL
2026-09-22 04:55:13 | WARD_B_TEMP_05 | 34.9 | CRITICAL
2026-09-22 04:55:14 | WARD_B_TEMP_01 | 39.7 | CRITICAL
2026-09-22 04:55:14 | WARD_B_TEMP_02 | 39.7 | CRITICAL
2026-09-22 04:55:14 | WARD_B_TEMP_03 | 34.5 | CRITICAL
2026-09-22 04:55:14 | WARD_B_TEMP_04 | 36.3 | NORMAL
2026-09-22 04:55:14 | WARD_B_TEMP_05 | 34.7 | CRITICAL
2026-09-22 04:55:15 | WARD_B_TEMP_01 | 37.1 | NORMAL
2026-09-22 04:55:15 | WARD_B_TEMP_02 | 37.1 | NORMAL
2026-09-22 04:55:15 | WARD_B_TEMP_03 | 35.5 | NORMAL
2026-09-22 04:55:15 | WARD_B_TEMP_04 | 37.7 | WARNING
2026-09-22 04:55:15 | WARD_B_TEMP_05 | 39.4 | CRITICAL
2026-09-22 04:55:16 | WARD_B_TEMP_01 | 35.2 | CRITICAL
2026-09-22 04:55:16 | WARD_B_TEMP_02 | 39.6 | CRITICAL
2026-09-22 04:55:16 | WARD_B_TEMP_03 | 38.2 | CRITICAL
2026-09-22 04:55:16 | WARD_B_TEMP_04 | 37.4 | NORMAL
2026-09-22 04:55:16 | WARD_B_TEMP_05 | 36.9 | NORMAL
2026-09-22 04:55:17 | WARD_B_TEMP_01 | 35.9 | NORMAL
2026-09-22 04:55:17 | WARD_B_TEMP_02 | 37.0 | NORMAL
2026-09-22 04:55:17 | WARD_B_TEMP_03 | 37.8 | WARNING
2026-09-22 04:55:17 | WARD_B_TEMP_04 | 38.3 | CRITICAL
2026-09-22 04:55:17 | WARD_B_TEMP_05 | 36.7 | NORMAL
2026-09-22 04:55:18 | WARD_B_TEMP_01 | 37.9 | WARNING
2026-09-22 04:55:18 | WARD_B_TEMP_02 | 38.2 | CRITICAL
2026-09-22 04:55:18 | WARD_B_TEMP_03 | 38.7 | CRITICAL
2026-09-22 04:55:18 | WARD_B_TEMP_04 | 40.4 | CRITICAL
2026-09-22 04:55:18 | WARD_B_TEMP_05 | 37.6 | WARNING
2026-09-22 04:55:19 | WARD_B_TEMP_01 | 35.3 | CRITICAL
2026-09-22 04:55:19 | WARD_B_TEMP_02 | 37.9 | WARNING
2026-09-22 04:55:19 | WARD_B_TEMP_03 | 35.7 | NORMAL
2026-09-22 04:55:19 | WARD_B_TEMP_04 | 38.7 | CRITICAL
2026-09-22 04:55:19 | WARD_B_TEMP_05 | 39.7 | CRITICAL
2026-09-22 04:55:20 | WARD_B_TEMP_01 | 36.1 | NORMAL
2026-09-22 04:55:20 | WARD_B_TEMP_02 | 36.8 | NORMAL
2026-09-22 04:55:20 | WARD_B_TEMP_03 | 37.8 | WARNING
2026-09-22 04:55:20 | WARD_B_TEMP_04 | 35.0 | CRITICAL
2026-09-22 04:55:20 | WARD_B_TEMP_05 | 40.4 | CRITICAL
2026-09-22 04:55:21 | WARD_B_TEMP_01 | 37.8 | WARNING
2026-09-22 04:55:21 | WARD_B_TEMP_02 | 39.9 | CRITICAL
2026-09-22 04:55:21 | WARD_B_TEMP_03 | 36.0 | NORMAL
2026-09-22 04:55:21 | WARD_B_TEMP_04 | 35.0 | CRITICAL
2026-09-22 04:55:21 | WARD_B_TEMP_05 | 36.6 | NORMAL
2026-09-22 04:55:22 | WARD_B_TEMP_01 | 38.5 | CRITICAL
2026-09-22 04:55:22 | WARD_B_TEMP_02 | 39.7 | CRITICAL
2026-09-22 04:55:22 | WARD_B_TEMP_03 | 39.0 | CRITICAL
2026-09-22 04:55:22 | WARD_B_TEMP_04 | 37.6 | WARNING
2026-09-22 04:55:22 | WARD_B_TEMP_05 | 39.8 | CRITICAL
2026-09-22 04:55:23 | WARD_B_TEMP_01 | 35.5 | NORMAL
2026-09-22 04:55:23 | WARD_B_TEMP_02 | 34.9 | CRITICAL
2026-09-22 04:55:23 | WARD_B_TEMP_03 | 37.0 | NORMAL
2026-09-22 04:55:23 | WARD_B_TEMP_04 | 37.2 | NORMAL
2026-09-22 04:55:23 | WARD_B_TEMP_05 | 35.2 | CRITICAL
2026-09-22 04:55:24 | WARD_B_TEMP_01 | 35.1 | CRITICAL
2026-09-22 04:55:24 | WARD_B_TEMP_02 | 38.0 | WARNING
2026-09-22 04:55:24 | WARD_B_TEMP_03 | 36.0 | NORMAL
2026-09-22 04:55:24 | WARD_B_TEMP_04 | 39.2 | CRITICAL
2026-09-22 04:55:24 | WARD_B_TEMP_05 | 35.0 | CRITICAL
2026-09-22 04:55:25 | WARD_B_TEMP_01 | 37.8 | WARNING
2026-09-22 04:55:25 | WARD_B_TEMP_02 | 39.2 | CRITICAL
2026-09-22 04:55:25 | WARD_B_TEMP_03 | 35.7 | NORMAL
2026-09-22 04:55:25 | WARD_B_TEMP_04 | 39.8 | CRITICAL
2026-09-22 04:55:25 | WARD_B_TEMP_05 | 39.7 | CRITICAL
2026-09-22 04:55:26 | WARD_B_TEMP_01 | 38.5 | CRITICAL
2026-09-22 04:55:26 | WARD_B_TEMP_02 | 38.6 | CRITICAL
2026-09-22 04:55:26 | WARD_B_TEMP_03 | 40.0 | CRITICAL
2026-09-22 04:55:26 | WARD_B_TEMP_04 | 40.4 | CRITICAL
2026-09-22 04:55:26 | WARD_B_TEMP_05 | 36.6 | NORMAL
2026-09-22 04:55:27 | WARD_B_TEMP_01 | 37.4 | NORMAL
2026-09-22 04:55:27 | WARD_B_TEMP_02 | 35.9 | NORMAL
2026-09-22 04:55:27 | WARD_B_TEMP_03 | 39.2 | CRITICAL
2026-09-22 04:55:27 | WARD_B_TEMP_04 | 40.3 | CRITICAL
2026-09-22 04:55:27 | WARD_B_TEMP_05 | 34.7 | CRITICAL
2026-09-22 04:55:28 | WARD_B_TEMP_01 | 38.6 | CRITICAL
2026-09-22 04:55:28 | WARD_B_TEMP_02 | 40.1 | CRITICAL
2026-09-22 04:55:28 | WARD_B_TEMP_03 | 35.1 | CRITICAL
2026-09-22 04:55:28 | WARD_B_TEMP_04 | 36.0 | NORMAL
2026-09-22 04:55:28 | WARD_B_TEMP_05 | 34.7 | CRITICAL
2026-09-22 04:55:29 | WARD_B_TEMP_01 | 39.0 | CRITICAL
2026-09-22 04:55:29 | WARD_B_TEMP_02 | 34.6 | CRITICAL
2026-09-22 04:55:29 | WARD_B_TEMP_03 | 39.5 | CRITICAL
2026-09-22 04:55:29 | WARD_B_TEMP_04 | 39.5 | CRITICAL
2026-09-22 04:55:29 | WARD_B_TEMP_05 | 37.8 | WARNING
2026-09-22 04:55:30 | WARD_B_TEMP_01 | 37.8 | WARNING
2026-09-22 04:55:30 | WARD_B_TEMP_02 | 35.4 | CRITICAL
2026-09-22 04:55:30 | WARD_B_TEMP_03 | 39.4 | CRITICAL
2026-09-22 04:55:30 | WARD_B_TEMP_04 | 36.6 | NORMAL
2026-09-22 04:55:30 | WARD_B_TEMP_05 | 38.5 | CRITICAL
2026-09-22 04:55:31 | WARD_B_TEMP_01 | 40.4 | CRITICAL
2026-09-22 04:55:31 | WARD_B_TEMP_02 | 40.1 | CRITICAL
2026-09-22 04:55:31 | WARD_B_TEMP_03 | 38.7 | CRITICAL
2026-09-22 04:55:31 | WARD_B_TEMP_04 | 38.1 | CRITICAL
2026-09-22 04:55:31 | WARD_B_TEMP_05 | 38.0 | WARNING
2026-09-22 04:55:32 | WARD_B_TEMP_01 | 36.4 | NORMAL
2026-09-22 04:55:32 | WARD_B_TEMP_02 | 38.9 | CRITICAL
2026-09-22 04:55:32 | WARD_B_TEMP_03 | 36.3 | NORMAL
2026-09-22 04:55:32 | WARD_B_TEMP_04 | 38.3 | CRITICAL
2026-09-22 04:55:32 | WARD_B_TEMP_05 | 39.7 | CRITICAL
2026-09-22 04:55:33 | WARD_B_TEMP_01 | 39.4 | CRITICAL
2026-09-22 04:55:33 | WARD_B_TEMP_02 | 35.7 | NORMAL
2026-09-22 04:55:33 | WARD_B_TEMP_03 | 36.5 | NORMAL
2026-09-22 04:55:33 | WARD_B_TEMP_04 | 35.1 | CRITICAL
2026-09-22 04:55:33 | WARD_B_TEMP_05 | 39.8 | CRITICAL
2026-09-22 04:55:34 | WARD_B_TEMP_01 | 36.2 | NORMAL
2026-09-22 04:55:34 | WARD_B_TEMP_02 | 39.0 | CRITICAL
2026-09-22 04:55:34 | WARD_B_TEMP_03 | 37.3 | NORMAL
2026-09-22 04:55:34 | WARD_B_TEMP_04 | 34.6 | CRITICAL
2026-09-22 04:55:34 | WARD_B_TEMP_05 | 36.7 | NORMAL
2026-09-22 04:55:35 | WARD_B_TEMP_01 | 37.3 | NORMAL
2026-09-22 04:55:35 | WARD_B_TEMP_02 | 36.4 | NORMAL
2026-09-22 04:55:35 | WARD_B_TEMP_03 | 38.5 | CRITICAL
2026-09-22 04:55:35 | WARD_B_TEMP_04 | 37.8 | WARNING
2026-09-22 04:55:35 | WARD_B_TEMP_05 | 37.2 | NORMAL
2026-09-22 04:55:36 | WARD_B_TEMP_01 | 36.2 | NORMAL
2026-09-22 04:55:36 | WARD_B_TEMP_02 | 38.8 | CRITICAL
2026-09-22 04:55:36 | WARD_B_TEMP_03 | 38.8 | CRITICAL
2026-09-22 04:55:36 | WARD_B_TEMP_04 | 35.6 | NORMAL
2026-09-22 04:55:36 | WARD_B_TEMP_05 | 35.9 | NORMAL
2026-09-22 04:55:37 | WARD_B_TEMP_01 | 36.1 | NORMAL
2026-09-22 04:55:37 | WARD_B_TEMP_02 | 36.3 | NORMAL
2026-09-22 04:55:37 | WARD_B_TEMP_03 | 37.2 | NORMAL
2026-09-22 04:55:37 | WARD_B_TEMP_04 | 39.6 | CRITICAL
2026-09-22 04:55:37 | WARD_B_TEMP_05 | 37.8 | WARNING
2026-09-22 04:55:38 | WARD_B_TEMP_01 | 35.4 | CRITICAL
2026-09-22 04:55:38 | WARD_B_TEMP_02 | 38.5 | CRITICAL
2026-09-22 04:55:38 | WARD_B_TEMP_03 | 34.8 | CRITICAL
2026-09-22 04:55:38 | WARD_B_TEMP_04 | 38.2 | CRITICAL
2026-09-22 04:55:38 | WARD_B_TEMP_05 | 38.9 | CRITICAL
2026-09-22 04:55:39 | WARD_B_TEMP_01 | 35.3 | CRITICAL
2026-09-22 04:55:39 | WARD_B_TEMP_02 | 37.2 | NORMAL
2026-09-22 04:55:39 | WARD_B_TEMP_03 | 36.0 | NORMAL
2026-09-22 04:55:39 | WARD_B_TEMP_04 | 36.8 | NORMAL
2026-09-22 04:55:39 | WARD_B_TEMP_05 | 36.2 | NORMAL
2026-09-22 04:55:40 | WARD_B_TEMP_01 | 39.7 | CRITICAL
2026-09-22 04:55:40 | WARD_B_TEMP_02 | 35.4 | CRITICAL
2026-09-22 04:55:40 | WARD_B_TEMP_03 | 35.5 | NORMAL
2026-09-22 04:55:40 | WARD_B_TEMP_04 | 40.4 | CRITICAL
2026-09-22 04:55:40 | WARD_B_TEMP_05 | 38.7 | CRITICAL
2026-09-22 04:55:41 | WARD_B_TEMP_01 | 37.6 | WARNING
2026-09-22 04:55:41 | WARD_B_TEMP_02 | 34.8 | CRITICAL
2026-09-22 04:55:41 | WARD_B_TEMP_03 | 37.8 | WARNING
2026-09-22 04:55:41 | WARD_B_TEMP_04 | 35.0 | CRITICAL
2026-09-22 04:55:41 | WARD_B_TEMP_05 | 36.7 | NORMAL
2026-09-22 04:55:42 | WARD_B_TEMP_01 | 40.4 | CRITICAL
2026-09-22 04:55:42 | WARD_B_TEMP_02 | 39.2 | CRITICAL
2026-09-22 04:55:42 | WARD_B_TEMP_03 | 39.0 | CRITICAL
2026-09-22 04:55:42 | WARD_B_TEMP_04 | 40.2 | CRITICAL
2026-09-22 04:55:42 | WARD_B_TEMP_05 | 40.1 | CRITICAL
2026-09-22 04:55:43 | WARD_B_TEMP_01 | 37.5 | WARNING
2026-09-22 04:55:43 | WARD_B_TEMP_02 | 36.6 | NORMAL
2026-09-22 04:55:43 | WARD_B_TEMP_03 | 40.0 | CRITICAL
2026-09-22 04:55:43 | WARD_B_TEMP_04 | 34.9 | CRITICAL
2026-09-22 04:55:43 | WARD_B_TEMP_05 | 36.9 | NORMAL
2026-09-22 04:55:44 | WARD_B_TEMP_01 | 39.1 | CRITICAL
2026-09-22 04:55:44 | WARD_B_TEMP_02 | 36.5 | NORMAL
2026-09-22 04:55:44 | WARD_B_TEMP_03 | 39.3 | CRITICAL
2026-09-22 04:55:44 | WARD_B_TEMP_04 | 39.5 | CRITICAL
2026-09-22 04:55:44 | WARD_B_TEMP_05 | 34.8 | CRITICAL
2026-09-22 04:55:45 | WARD_B_TEMP_01 | 36.2 | NORMAL
2026-09-22 04:55:45 | WARD_B_TEMP_02 | 35.5 | NORMAL
2026-09-22 04:55:45 | WARD_B_TEMP_03 | 34.8 | CRITICAL
2026-09-22 04:55:45 | WARD_B_TEMP_04 | 35.3 | CRITICAL
2026-09-22 04:55:45 | WARD_B_TEMP_05 | 39.1 | CRITICAL
2026-09-22 04:55:46 | WARD_B_TEMP_01 | 36.1 | NORMAL
2026-09-22 04:55:46 | WARD_B_TEMP_02 | 39.7 | CRITICAL
2026-09-22 04:55:46 | WARD_B_TEMP_03 | 38.0 | WARNING
2026-09-22 04:55:46 | WARD_B_TEMP_04 | 40.3 | CRITICAL
2026-09-22 04:55:46 | WARD_B_TEMP_05 | 38.9 | CRITICAL
2026-09-22 04:55:47 | WARD_B_TEMP_01 | 40.4 | CRITICAL
2026-09-22 04:55:47 | WARD_B_TEMP_02 | 40.3 | CRITICAL
2026-09-22 04:55:47 | WARD_B_TEMP_03 | 38.8 | CRITICAL
2026-09-22 04:55:47 | WARD_B_TEMP_04 | 36.2 | NORMAL
2026-09-22 04:55:47 | WARD_B_TEMP_05 | 35.1 | CRITICAL
2026-09-22 04:55:48 | WARD_B_TEMP_01 | 36.4 | NORMAL
2026-09-22 04:55:48 | WARD_B_TEMP_02 | 34.8 | CRITICAL
2026-09-22 04:55:48 | WARD_B_TEMP_03 | 35.3 | CRITICAL
2026-09-22 04:55:48 | WARD_B_TEMP_04 | 36.1 | NORMAL
2026-09-22 04:55:48 | WARD_B_TEMP_05 | 38.5 | CRITICAL
2026-09-22 04:55:49 | WARD_B_TEMP_01 | 37.5 | WARNING
2026-09-22 04:55:49 | WARD_B_TEMP_02 | 39.7 | CRITICAL
2026-09-22 04:55:49 | WARD_B_TEMP_03 | 37.9 | WARNING
2026-09-22 04:55:49 | WARD_B_TEMP_04 | 39.7 | CRITICAL
2026-09-22 04:55:49 | WARD_B_TEMP_05 | 37.5 | WARNING
2026-09-22 04:55:50 | WARD_B_TEMP_01 | 35.3 | CRITICAL
2026-09-22 04:55:50 | WARD_B_TEMP_02 | 40.1 | CRITICAL
2026-09-22 04:55:50 | WARD_B_TEMP_03 | 36.6 | NORMAL
2026-09-22 04:55:50 | WARD_B_TEMP_04 | 40.4 | CRITICAL
2026-09-22 04:55:50 | WARD_B_TEMP_05 | 38.4 | CRITICAL
2026-09-22 04:55:51 | WARD_B_TEMP_01 | 35.7 | NORMAL
2026-09-22 04:55:51 | WARD_B_TEMP_02 | 38.4 | CRITICAL
2026-09-22 04:55:51 | WARD_B_TEMP_03 | 36.5 | NORMAL
2026-09-22 04:55:51 | WARD_B_TEMP_04 | 36.3 | NORMAL
2026-09-22 04:55:51 | WARD_B_TEMP_05 | 36.2 | NORMAL
2026-09-22 04:55:52 | WARD_B_TEMP_01 | 37.1 | NORMAL
2026-09-22 04:55:52 | WARD_B_TEMP_02 | 36.0 | NORMAL
2026-09-22 04:55:52 | WARD_B_TEMP_03 | 39.5 | CRITICAL
2026-09-22 04:55:52 | WARD_B_TEMP_04 | 37.8 | WARNING
2026-09-22 04:55:52 | WARD_B_TEMP_05 | 35.5 | NORMAL
2026-09-22 04:55:53 | WARD_B_TEMP_01 | 35.1 | CRITICAL
2026-09-22 04:55:53 | WARD_B_TEMP_02 | 37.6 | WARNING
2026-09-22 04:55:53 | WARD_B_TEMP_03 | 40.1 | CRITICAL
2026-09-22 04:55:53 | WARD_B_TEMP_04 | 35.2 | CRITICAL
2026-09-22 04:55:53 | WARD_B_TEMP_05 | 35.4 | CRITICAL
2026-09-22 04:55:54 | WARD_B_TEMP_01 | 39.5 | CRITICAL
2026-09-22 04:55:54 | WARD_B_TEMP_02 | 39.2 | CRITICAL
2026-09-22 04:55:54 | WARD_B_TEMP_03 | 40.0 | CRITICAL
2026-09-22 04:55:54 | WARD_B_TEMP_04 | 35.7 | NORMAL
2026-09-22 04:55:54 | WARD_B_TEMP_05 | 34.5 | CRITICAL
2026-09-22 04:55:55 | WARD_B_TEMP_01 | 38.8 | CRITICAL
2026-09-22 04:55:55 | WARD_B_TEMP_02 | 36.2 | NORMAL
2026-09-22 04:55:55 | WARD_B_TEMP_03 | 35.1 | CRITICAL
2026-09-22 04:55:55 | WARD_B_TEMP_04 | 36.5 | NORMAL
2026-09-22 04:55:55 | WARD_B_TEMP_05 | 37.1 | NORMAL
2026-09-22 04:55:56 | WARD_B_TEMP_01 | 36.4 | NORMAL
2026-09-22 04:55:56 | WARD_B_TEMP_02 | 39.7 | CRITICAL
2026-09-22 04:55:56 | WARD_B_TEMP_03 | 39.5 | CRITICAL
2026-09-22 04:55:56 | WARD_B_TEMP_04 | 40.3 | CRITICAL
2026-09-22 04:55:56 | WARD_B_TEMP_05 | 37.3 | NORMAL
2026-09-22 04:55:57 | WARD_B_TEMP_01 | 39.5 | CRITICAL
2026-09-22 04:55:57 | WARD_B_TEMP_02 | 37.5 | WARNING
2026-09-22 04:55:57 | WARD_B_TEMP_03 | 36.1 | NORMAL
2026-09-22 04:55:57 | WARD_B_TEMP_04 | 39.9 | CRITICAL
2026-09-22 04:55:57 | WARD_B_TEMP_05 | 37.6 | WARNING
2026-09-22 04:55:58 | WARD_B_TEMP_01 | 36.1 | NORMAL
2026-09-22 04:55:58 | WARD_B_TEMP_02 | 37.4 | NORMAL
2026-09-22 04:55:58 | WARD_B_TEMP_03 | 35.9 | NORMAL
2026-09-22 04:55:58 | WARD_B_TEMP_04 | 36.5 | NORMAL
2026-09-22 04:55:58 | WARD_B_TEMP_05 | 39.9 | CRITICAL
2026-09-22 04:55:59 | WARD_B_TEMP_01 | 37.1 | NORMAL
2026-09-22 04:55:59 | WARD_B_TEMP_02 | 38.1 | CRITICAL
2026-09-22 04:55:59 | WARD_B_TEMP_03 | 34.6 | CRITICAL
2026-09-22 04:55:59 | WARD_B_TEMP_04 | 39.7 | CRITICAL
2026-09-22 04:55:59 | WARD_B_TEMP_05 | 39.2 | CRITICAL
2026-09-22 04:56:00 | WARD_B_TEMP_01 | 40.3 | CRITICAL
2026-09-22 04:56:00 | WARD_B_TEMP_02 | 36.6 | NORMAL
2026-09-22 04:56:00 | WARD_B_TEMP_03 | 36.7 | NORMAL
2026-09-22 04:56:00 | WARD_B_TEMP_04 | 35.4 | CRITICAL
2026-09-22 04:56:00 | WARD_B_TEMP_05 | 35.8 | NORMAL
2026-09-22 04:56:01 | WARD_B_TEMP_01 | 37.0 | NORMAL
2026-09-22 04:56:01 | WARD_B_TEMP_02 | 39.5 | CRITICAL
2026-09-22 04:56:01 | WARD_B_TEMP_03 | 37.9 | WARNING
2026-09-22 04:56:01 | WARD_B_TEMP_04 | 39.7 | CRITICAL
2026-09-22 04:56:01 | WARD_B_TEMP_05 | 36.8 | NORMAL
2026-09-22 04:56:02 | WARD_B_TEMP_01 | 38.4 | CRITICAL
2026-09-22 04:56:02 | WARD_B_TEMP_02 | 37.6 | WARNING
2026-09-22 04:56:02 | WARD_B_TEMP_03 | 35.1 | CRITICAL
2026-09-22 04:56:02 | WARD_B_TEMP_04 | 37.2 | NORMAL
2026-09-22 04:56:02 | WARD_B_TEMP_05 | 39.6 | CRITICAL
2026-09-22 04:56:03 | WARD_B_TEMP_01 | 37.7 | WARNING
2026-09-22 04:56:03 | WARD_B_TEMP_02 | 37.2 | NORMAL
2026-09-22 04:56:03 | WARD_B_TEMP_03 | 36.5 | NORMAL
2026-09-22 04:56:03 | WARD_B_TEMP_04 | 36.6 | NORMAL
2026-09-22 04:56:03 | WARD_B_TEMP_05 | 40.0 | CRITICAL
2026-09-22 04:56:04 | WARD_B_TEMP_01 | 36.6 | NORMAL
2026-09-22 04:56:04 | WARD_B_TEMP_02 | 37.9 | WARNING
2026-09-22 04:56:04 | WARD_B_TEMP_03 | 40.5 | CRITICAL
2026-09-22 04:56:04 | WARD_B_TEMP_04 | 40.4 | CRITICAL
2026-09-22 04:56:04 | WARD_B_TEMP_05 | 39.3 | CRITICAL
2026-09-22 04:56:05 | WARD_B_TEMP_01 | 40.4 | CRITICAL
2026-09-22 04:56:05 | WARD_B_TEMP_02 | 36.4 | NORMAL
2026-09-22 04:56:05 | WARD_B_TEMP_03 | 37.4 | NORMAL
2026-09-22 04:56:05 | WARD_B_TEMP_04 | 40.4 | CRITICAL
2026-09-22 04:56:05 | WARD_B_TEMP_05 | 38.5 | CRITICAL
2026-09-22 04:56:06 | WARD_B_TEMP_01 | 38.0 | WARNING
2026-09-22 04:56:06 | WARD_B_TEMP_02 | 34.9 | CRITICAL
2026-09-22 04:56:06 | WARD_B_TEMP_03 | 36.5 | NORMAL
2026-09-22 04:56:06 | WARD_B_TEMP_04 | 38.6 | CRITICAL
2026-09-22 04:56:06 | WARD_B_TEMP_05 | 37.3 | NORMAL
2026-09-22 04:56:07 | WARD_B_TEMP_01 | 38.9 | CRITICAL
2026-09-22 04:56:07 | WARD_B_TEMP_02 | 40.1 | CRITICAL
2026-09-22 04:56:07 | WARD_B_TEMP_03 | 36.4 | NORMAL
2026-09-22 04:56:07 | WARD_B_TEMP_04 | 36.8 | NORMAL
2026-09-22 04:56:07 | WARD_B_TEMP_05 | 38.5 | CRITICAL
2026-09-22 04:56:08 | WARD_B_TEMP_01 | 36.1 | NORMAL
2026-09-22 04:56:08 | WARD_B_TEMP_02 | 39.7 | CRITICAL
2026-09-22 04:56:08 | WARD_B_TEMP_03 | 36.3 | NORMAL
2026-09-22 04:56:08 | WARD_B_TEMP_04 | 37.4 | NORMAL
2026-09-22 04:56:08 | WARD_B_TEMP_05 | 36.9 | NORMAL
2026-09-22 04:56:09 | WARD_B_TEMP_01 | 34.7 | CRITICAL
2026-09-22 04:56:09 | WARD_B_TEMP_02 | 36.1 | NORMAL
2026-09-22 04:56:09 | WARD_B_TEMP_03 | 38.3 | CRITICAL
2026-09-22 04:56:09 | WARD_B_TEMP_04 | 36.7 | NORMAL
2026-09-22 04:56:09 | WARD_B_TEMP_05 | 38.4 | CRITICAL
2026-09-22 04:56:10 | WARD_B_TEMP_01 | 34.8 | CRITICAL
2026-09-22 04:56:10 | WARD_B_TEMP_02 | 35.5 | NORMAL
2026-09-22 04:56:10 | WARD_B_TEMP_03 | 38.0 | WARNING
2026-09-22 04:56:10 | WARD_B_TEMP_04 | 39.9 | CRITICAL
2026-09-22 04:56:10 | WARD_B_TEMP_05 | 36.6 | NORMAL
2026-09-22 04:56:11 | WARD_B_TEMP_01 | 37.7 | WARNING
2026-09-22 04:56:11 | WARD_B_TEMP_02 | 39.5 | CRITICAL
2026-09-22 04:56:11 | WARD_B_TEMP_03 | 35.5 | NORMAL
2026-09-22 04:56:11 | WARD_B_TEMP_04 | 38.7 | CRITICAL
2026-09-22 04:56:11 | WARD_B_TEMP_05 | 39.8 | CRITICAL
2026-09-22 04:56:12 | WARD_B_TEMP_01 | 36.2 | NORMAL
2026-09-22 04:56:12 | WARD_B_TEMP_02 | 37.0 | NORMAL
2026-09-22 04:56:12 | WARD_B_TEMP_03 | 35.6 | NORMAL
2026-09-22 04:56:12 | WARD_B_TEMP_04 | 37.2 | NORMAL
2026-09-22 04:56:12 | WARD_B_TEMP_05 | 39.0 | CRITICAL
2026-09-22 04:56:13 | WARD_B_TEMP_01 | 39.7 | CRITICAL
2026-09-22 04:56:13 | WARD_B_TEMP_02 | 37.9 | WARNING
2026-09-22 04:56:13 | WARD_B_TEMP_03 | 38.6 | CRITICAL
2026-09-22 04:56:13 | WARD_B_TEMP_04 | 37.9 | WARNING
2026-09-22 04:56:13 | WARD_B_TEMP_05 | 38.5 | CRITICAL
2026-09-22 04:56:14 | WARD_B_TEMP_01 | 37.7 | WARNING
2026-09-22 04:56:14 | WARD_B_TEMP_02 | 38.5 | CRITICAL
2026-09-22 04:56:14 | WARD_B_TEMP_03 | 36.3 | NORMAL
2026-09-22 04:56:14 | WARD_B_TEMP_04 | 40.2 | CRITICAL
2026-09-22 04:56:14 | WARD_B_TEMP_05 | 37.3 | NORMAL
2026-09-22 04:56:15 | WARD_B_TEMP_01 | 38.5 | CRITICAL
2026-09-22 04:56:15 | WARD_B_TEMP_02 | 34.8 | CRITICAL
2026-09-22 04:56:15 | WARD_B_TEMP_03 | 40.2 | CRITICAL
2026-09-22 04:56:15 | WARD_B_TEMP_04 | 37.3 | NORMAL
2026-09-22 04:56:15 | WARD_B_TEMP_05 | 36.4 | NORMAL
2026-09-22 04:56:16 | WARD_B_TEMP_01 | 40.5 | CRITICAL
2026-09-22 04:56:16 | WARD_B_TEMP_02 | 39.4 | CRITICAL
2026-09-22 04:56:16 | WARD_B_TEMP_03 | 36.8 | NORMAL
2026-09-22 04:56:16 | WARD_B_TEMP_04 | 34.8 | CRITICAL
2026-09-22 04:56:16 | WARD_B_TEMP_05 | 40.3 | CRITICAL
2026-09-22 04:56:17 | WARD_B_TEMP_01 | 37.9 | WARNING
2026-09-22 04:56:17 | WARD_B_TEMP_02 | 35.6 | NORMAL
2026-09-22 04:56:17 | WARD_B_TEMP_03 | 36.7 | NORMAL
2026-09-22 04:56:17 | WARD_B_TEMP_04 | 36.3 | NORMAL
2026-09-22 04:56:17 | WARD_B_TEMP_05 | 35.1 | CRITICAL
2026-09-22 04:56:18 | WARD_B_TEMP_01 | 37.8 | WARNING
2026-09-22 04:56:18 | WARD_B_TEMP_02 | 37.2 | NORMAL
2026-09-22 04:56:18 | WARD_B_TEMP_03 | 38.2 | CRITICAL
2026-09-22 04:56:18 | WARD_B_TEMP_04 | 37.8 | WARNING
2026-09-22 04:56:18 | WARD_B_TEMP_05 | 34.8 | CRITICAL
2026-09-22 04:56:19 | WARD_B_TEMP_01 | 38.5 | CRITICAL
2026-09-22 04:56:19 | WARD_B_TEMP_02 | 38.2 | CRITICAL
2026-09-22 04:56:19 | WARD_B_TEMP_03 | 39.2 | CRITICAL
2026-09-22 04:56:19 | WARD_B_TEMP_04 | 36.7 | NORMAL
2026-09-22 04:56:19 | WARD_B_TEMP_05 | 40.4 | CRITICAL
2026-09-22 04:56:20 | WARD_B_TEMP_01 | 36.0 | NORMAL
2026-09-22 04:56:20 | WARD_B_TEMP_02 | 35.8 | NORMAL
2026-09-22 04:56:20 | WARD_B_TEMP_03 | 37.9 | WARNING
2026-09-22 04:56:20 | WARD_B_TEMP_04 | 36.1 | NORMAL
2026-09-22 04:56:20 | WARD_B_TEMP_05 | 35.9 | NORMAL
2026-09-22 04:56:21 | WARD_B_TEMP_01 | 36.0 | NORMAL
2026-09-22 04:56:21 | WARD_B_TEMP_02 | 34.8 | CRITICAL
2026-09-22 04:56:21 | WARD_B_TEMP_03 | 37.5 | WARNING
2026-09-22 04:56:21 | WARD_B_TEMP_04 | 34.6 | CRITICAL
2026-09-22 04:56:21 | WARD_B_TEMP_05 | 35.9 | NORMAL
2026-09-22 04:56:22 | WARD_B_TEMP_01 | 39.0 | CRITICAL
2026-09-22 04:56:22 | WARD_B_TEMP_02 | 35.9 | NORMAL
2026-09-22 04:56:22 | WARD_B_TEMP_03 | 36.3 | NORMAL
2026-09-22 04:56:22 | WARD_B_TEMP_04 | 39.3 | CRITICAL
2026-09-22 04:56:22 | WARD_B_TEMP_05 | 38.8 | CRITICAL
2026-09-22 04:56:23 | WARD_B_TEMP_01 | 40.1 | CRITICAL
2026-09-22 04:56:23 | WARD_B_TEMP_02 | 35.7 | NORMAL
2026-09-22 04:56:23 | WARD_B_TEMP_03 | 36.0 | NORMAL
2026-09-22 04:56:23 | WARD_B_TEMP_04 | 39.4 | CRITICAL
2026-09-22 04:56:23 | WARD_B_TEMP_05 | 35.3 | CRITICAL
2026-09-22 04:56:24 | WARD_B_TEMP_01 | 40.4 | CRITICAL
2026-09-22 04:56:24 | WARD_B_TEMP_02 | 37.8 | WARNING
2026-09-22 04:56:24 | WARD_B_TEMP_03 | 36.8 | NORMAL
2026-09-22 04:56:24 | WARD_B_TEMP_04 | 36.0 | NORMAL
2026-09-22 04:56:24 | WARD_B_TEMP_05 | 39.9 | CRITICAL
2026-09-22 04:56:25 | WARD_B_TEMP_01 | 40.3 | CRITICAL
2026-09-22 04:56:25 | WARD_B_TEMP_02 | 34.8 | CRITICAL
2026-09-22 04:56:25 | WARD_B_TEMP_03 | 36.9 | NORMAL
2026-09-22 04:56:25 | WARD_B_TEMP_04 | 35.7 | NORMAL
2026-09-22 04:56:25 | WARD_B_TEMP_05 | 35.0 | CRITICAL
2026-09-22 04:56:26 | WARD_B_TEMP_01 | 38.6 | CRITICAL
2026-09-22 04:56:26 | WARD_B_TEMP_02 | 37.0 | NORMAL
2026-09-22 04:56:26 | WARD_B_TEMP_03 | 35.3 | CRITICAL
2026-09-22 04:56:26 | WARD_B_TEMP_04 | 37.9 | WARNING
2026-09-22 04:56:26 | WARD_B_TEMP_05 | 36.7 | NORMAL
2026-09-22 04:56:27 | WARD_B_TEMP_01 | 36.2 | NORMAL
2026-09-22 04:56:27 | WARD_B_TEMP_02 | 37.4 | NORMAL
2026-09-22 04:56:27 | WARD_B_TEMP_03 | 38.7 | CRITICAL
2026-09-22 04:56:27 | WARD_B_TEMP_04 | 34.9 | CRITICAL
2026-09-22 04:56:27 | WARD_B_TEMP_05 | 37.9 | WARNING
2026-09-22 04:56:28 | WARD_B_TEMP_01 | 40.4 | CRITICAL
2026-09-22 04:56:28 | WARD_B_TEMP_02 | 36.0 | NORMAL
2026-09-22 04:56:28 | WARD_B_TEMP_03 | 39.0 | CRITICAL
2026-09-22 04:56:28 | WARD_B_TEMP_04 | 38.1 | CRITICAL
2026-09-22 04:56:28 | WARD_B_TEMP_05 | 36.2 | NORMAL
2026-09-22 04:56:29 | WARD_B_TEMP_01 | 35.8 | NORMAL
2026-09-22 04:56:29 | WARD_B_TEMP_02 | 38.8 | CRITICAL
2026-09-22 04:56:29 | WARD_B_TEMP_03 | 39.3 | CRITICAL
2026-09-22 04:56:29 | WARD_B_TEMP_04 | 40.1 | CRITICAL
2026-09-22 04:56:29 | WARD_B_TEMP_05 | 38.3 | CRITICAL
2026-09-22 04:56:30 | WARD_B_TEMP_01 | 35.1 | CRITICAL
2026-09-22 04:56:30 | WARD_B_TEMP_02 | 39.3 | CRITICAL
2026-09-22 04:56:30 | WARD_B_TEMP_03 | 35.7 | NORMAL
2026-09-22 04:56:30 | WARD_B_TEMP_04 | 37.2 | NORMAL
2026-09-22 04:56:30 | WARD_B_TEMP_05 | 36.4 | NORMAL
2026-09-22 04:56:31 | WARD_B_TEMP_01 | 35.9 | NORMAL
2026-09-22 04:56:31 | WARD_B_TEMP_02 | 35.6 | NORMAL
2026-09-22 04:56:31 | WARD_B_TEMP_03 | 35.2 | CRITICAL
2026-09-22 04:56:31 | WARD_B_TEMP_04 | 36.2 | NORMAL
2026-09-22 04:56:31 | WARD_B_TEMP_05 | 37.3 | NORMAL
2026-09-22 04:56:32 | WARD_B_TEMP_01 | 38.0 | WARNING
2026-09-22 04:56:32 | WARD_B_TEMP_02 | 38.6 | CRITICAL
2026-09-22 04:56:32 | WARD_B_TEMP_03 | 36.4 | NORMAL
2026-09-22 04:56:32 | WARD_B_TEMP_04 | 38.5 | CRITICAL
2026-09-22 04:56:32 | WARD_B_TEMP_05 | 37.3 | NORMAL
2026-09-22 04:56:33 | WARD_B_TEMP_01 | 34.5 | CRITICAL
2026-09-22 04:56:33 | WARD_B_TEMP_02 | 40.1 | CRITICAL
2026-09-22 04:56:33 | WARD_B_TEMP_03 | 35.6 | NORMAL
2026-09-22 04:56:33 | WARD_B_TEMP_04 | 40.1 | CRITICAL
2026-09-22 04:56:33 | WARD_B_TEMP_05 | 38.4 | CRITICAL
2026-09-22 04:56:34 | WARD_B_TEMP_01 | 35.9 | NORMAL
2026-09-22 04:56:34 | WARD_B_TEMP_02 | 39.6 | CRITICAL
2026-09-22 04:56:34 | WARD_B_TEMP_03 | 37.3 | NORMAL
2026-09-22 04:56:34 | WARD_B_TEMP_04 | 37.4 | NORMAL
2026-09-22 04:56:34 | WARD_B_TEMP_05 | 36.5 | NORMAL
2026-09-22 04:56:35 | WARD_B_TEMP_01 | 38.5 | CRITICAL
2026-09-22 04:56:35 | WARD_B_TEMP_02 | 35.9 | NORMAL
2026-09-22 04:56:35 | WARD_B_TEMP_03 | 34.7 | CRITICAL
2026-09-22 04:56:35 | WARD_B_TEMP_04 | 40.4 | CRITICAL
2026-09-22 04:56:35 | WARD_B_TEMP_05 | 37.6 | WARNING
2026-09-22 04:56:36 | WARD_B_TEMP_01 | 38.6 | CRITICAL
2026-09-22 04:56:36 | WARD_B_TEMP_02 | 34.6 | CRITICAL
2026-09-22 04:56:36 | WARD_B_TEMP_03 | 36.8 | NORMAL
2026-09-22 04:56:36 | WARD_B_TEMP_04 | 37.0 | NORMAL
2026-09-22 04:56:36 | WARD_B_TEMP_05 | 39.1 | CRITICAL
2026-09-22 04:56:37 | WARD_B_TEMP_01 | 39.3 | CRITICAL
2026-09-22 04:56:37 | WARD_B_TEMP_02 | 37.0 | NORMAL
2026-09-22 04:56:37 | WARD_B_TEMP_03 | 38.5 | CRITICAL
2026-09-22 04:56:37 | WARD_B_TEMP_04 | 38.2 | CRITICAL
2026-09-22 04:56:37 | WARD_B_TEMP_05 | 34.5 | CRITICAL
2026-09-22 04:56:38 | WARD_B_TEMP_01 | 38.8 | CRITICAL
2026-09-22 04:56:38 | WARD_B_TEMP_02 | 37.2 | NORMAL
2026-09-22 04:56:38 | WARD_B_TEMP_03 | 37.8 | WARNING
2026-09-22 04:56:38 | WARD_B_TEMP_04 | 35.8 | NORMAL
2026-09-22 04:56:38 | WARD_B_TEMP_05 | 34.9 | CRITICAL
2026-09-22 04:56:39 | WARD_B_TEMP_01 | 35.8 | NORMAL
2026-09-22 04:56:39 | WARD_B_TEMP_02 | 34.9 | CRITICAL
2026-09-22 04:56:39 | WARD_B_TEMP_03 | 40.3 | CRITICAL
2026-09-22 04:56:39 | WARD_B_TEMP_04 | 40.4 | CRITICAL
2026-09-22 04:56:39 | WARD_B_TEMP_05 | 37.4 | NORMAL
2026-09-22 04:56:40 | WARD_B_TEMP_01 | 36.8 | NORMAL
2026-09-22 04:56:40 | WARD_B_TEMP_02 | 37.2 | NORMAL
2026-09-22 04:56:40 | WARD_B_TEMP_03 | 39.7 | CRITICAL
2026-09-22 04:56:40 | WARD_B_TEMP_04 | 38.9 | CRITICAL
2026-09-22 04:56:40 | WARD_B_TEMP_05 | 39.1 | CRITICAL
2026-09-22 04:56:41 | WARD_B_TEMP_01 | 37.6 | WARNING
2026-09-22 04:56:41 | WARD_B_TEMP_02 | 37.1 | NORMAL
2026-09-22 04:56:41 | WARD_B_TEMP_03 | 36.6 | NORMAL
2026-09-22 04:56:41 | WARD_B_TEMP_04 | 39.0 | CRITICAL
2026-09-22 04:56:41 | WARD_B_TEMP_05 | 35.7 | NORMAL
2026-09-22 04:56:42 | WARD_B_TEMP_01 | 40.4 | CRITICAL
2026-09-22 04:56:42 | WARD_B_TEMP_02 | 36.7 | NORMAL
2026-09-22 04:56:42 | WARD_B_TEMP_03 | 35.8 | NORMAL
2026-09-22 04:56:42 | WARD_B_TEMP_04 | 36.7 | NORMAL
2026-09-22 04:56:42 | WARD_B_TEMP_05 | 36.9 | NORMAL
2026-09-22 04:56:43 | WARD_B_TEMP_01 | 35.6 | NORMAL
2026-09-22 04:56:43 | WARD_B_TEMP_02 | 36.8 | NORMAL
2026-09-22 04:56:43 | WARD_B_TEMP_03 | 40.2 | CRITICAL
2026-09-22 04:56:43 | WARD_B_TEMP_04 | 38.7 | CRITICAL
2026-09-22 04:56:43 | WARD_B_TEMP_05 | 37.6 | WARNING
2026-09-22 04:56:44 | WARD_B_TEMP_01 | 37.6 | WARNING
2026-09-22 04:56:44 | WARD_B_TEMP_02 | 35.7 | NORMAL
2026-09-22 04:56:44 | WARD_B_TEMP_03 | 39.2 | CRITICAL
2026-09-22 04:56:44 | WARD_B_TEMP_04 | 34.5 | CRITICAL
2026-09-22 04:56:44 | WARD_B_TEMP_05 | 40.2 | CRITICAL
2026-09-22 04:56:45 | WARD_B_TEMP_01 | 38.6 | CRITICAL
2026-09-22 04:56:45 | WARD_B_TEMP_02 | 38.6 | CRITICAL
2026-09-22 04:56:45 | WARD_B_TEMP_03 | 36.9 | NORMAL
2026-09-22 04:56:45 | WARD_B_TEMP_04 | 40.0 | CRITICAL
2026-09-22 04:56:45 | WARD_B_TEMP_05 | 38.8 | CRITICAL
2026-09-22 04:56:46 | WARD_B_TEMP_01 | 39.3 | CRITICAL
2026-09-22 04:56:46 | WARD_B_TEMP_02 | 36.5 | NORMAL
2026-09-22 04:56:46 | WARD_B_TEMP_03 | 38.3 | CRITICAL
2026-09-22 04:56:46 | WARD_B_TEMP_04 | 36.1 | NORMAL
2026-09-22 04:56:46 | WARD_B_TEMP_05 | 39.3 | CRITICAL
2026-09-22 04:56:47 | WARD_B_TEMP_01 | 39.1 | CRITICAL
2026-09-22 04:56:47 | WARD_B_TEMP_02 | 38.9 | CRITICAL
2026-09-22 04:56:47 | WARD_B_TEMP_03 | 40.4 | CRITICAL
2026-09-22 04:56:47 | WARD_B_TEMP_04 | 34.6 | CRITICAL
2026-09-22 04:56:47 | WARD_B_TEMP_05 | 36.4 | NORMAL
2026-09-22 04:56:48 | WARD_B_TEMP_01 | 34.6 | CRITICAL
2026-09-22 04:56:48 | WARD_B_TEMP_02 | 36.7 | NORMAL
2026-09-22 04:56:48 | WARD_B_TEMP_03 | 34.9 | CRITICAL
2026-09-22 04:56:48 | WARD_B_TEMP_04 | 37.6 | WARNING
2026-09-22 04:56:48 | WARD_B_TEMP_05 | 37.4 | NORMAL
2026-09-22 04:56:49 | WARD_B_TEMP_01 | 35.2 | CRITICAL
2026-09-22 04:56:49 | WARD_B_TEMP_02 | 37.7 | WARNING
2026-09-22 04:56:49 | WARD_B_TEMP_03 | 34.6 | CRITICAL
2026-09-22 04:56:49 | WARD_B_TEMP_04 | 36.4 | NORMAL
2026-09-22 04:56:49 | WARD_B_TEMP_05 | 35.3 | CRITICAL
2026-09-22 04:56:50 | WARD_B_TEMP_01 | 35.0 | CRITICAL
2026-09-22 04:56:50 | WARD_B_TEMP_02 | 36.3 | NORMAL
2026-09-22 04:56:50 | WARD_B_TEMP_03 | 36.5 | NORMAL
2026-09-22 04:56:50 | WARD_B_TEMP_04 | 38.5 | CRITICAL
2026-09-22 04:56:50 | WARD_B_TEMP_05 | 40.5 | CRITICAL
2026-09-22 04:56:51 | WARD_B_TEMP_01 | 38.9 | CRITICAL
2026-09-22 04:56:51 | WARD_B_TEMP_02 | 36.0 | NORMAL
2026-09-22 04:56:51 | WARD_B_TEMP_03 | 39.2 | CRITICAL
2026-09-22 04:56:51 | WARD_B_TEMP_04 | 37.6 | WARNING
2026-09-22 04:56:51 | WARD_B_TEMP_05 | 35.9 | NORMAL
2026-09-22 04:56:52 | WARD_B_TEMP_01 | 39.8 | CRITICAL
2026-09-22 04:56:52 | WARD_B_TEMP_02 | 38.0 | WARNING
2026-09-22 04:56:52 | WARD_B_TEMP_03 | 39.0 | CRITICAL
2026-09-22 04:56:52 | WARD_B_TEMP_04 | 39.2 | CRITICAL
2026-09-22 04:56:52 | WARD_B_TEMP_05 | 35.2 | CRITICAL
2026-09-22 04:56:53 | WARD_B_TEMP_01 | 38.0 | WARNING
2026-09-22 04:56:53 | WARD_B_TEMP_02 | 36.4 | NORMAL
2026-09-22 04:56:53 | WARD_B_TEMP_03 | 34.6 | CRITICAL
2026-09-22 04:56:53 | WARD_B_TEMP_04 | 37.2 | NORMAL
2026-09-22 04:56:53 | WARD_B_TEMP_05 | 38.7 | CRITICAL
2026-09-22 04:56:54 | WARD_B_TEMP_01 | 36.8 | NORMAL
2026-09-22 04:56:54 | WARD_B_TEMP_02 | 35.1 | CRITICAL
2026-09-22 04:56:54 | WARD_B_TEMP_03 | 36.2 | NORMAL
2026-09-22 04:56:54 | WARD_B_TEMP_04 | 35.4 | CRITICAL
2026-09-22 04:56:54 | WARD_B_TEMP_05 | 39.4 | CRITICAL
2026-09-22 04:56:55 | WARD_B_TEMP_01 | 39.8 | CRITICAL
2026-09-22 04:56:55 | WARD_B_TEMP_02 | 38.6 | CRITICAL
2026-09-22 04:56:55 | WARD_B_TEMP_03 | 38.8 | CRITICAL
2026-09-22 04:56:55 | WARD_B_TEMP_04 | 38.8 | CRITICAL
2026-09-22 04:56:55 | WARD_B_TEMP_05 | 38.9 | CRITICAL
2026-09-22 04:56:56 | WARD_B_TEMP_01 | 36.1 | NORMAL
2026-09-22 04:56:56 | WARD_B_TEMP_02 | 36.2 | NORMAL
2026-09-22 04:56:56 | WARD_B_TEMP_03 | 39.9 | CRITICAL
2026-09-22 04:56:56 | WARD_B_TEMP_04 | 40.2 | CRITICAL
2026-09-22 04:56:56 | WARD_B_TEMP_05 | 38.9 | CRITICAL
2026-09-22 04:56:57 | WARD_B_TEMP_01 | 40.1 | CRITICAL
2026-09-22 04:56:57 | WARD_B_TEMP_02 | 35.3 | CRITICAL
2026-09-22 04:56:57 | WARD_B_TEMP_03 | 38.7 | CRITICAL
2026-09-22 04:56:57 | WARD_B_TEMP_04 | 37.5 | WARNING
2026-09-22 04:56:57 | WARD_B_TEMP_05 | 38.9 | CRITICAL
2026-09-22 04:56:58 | WARD_B_TEMP_01 | 35.2 | CRITICAL
2026-09-22 04:56:58 | WARD_B_TEMP_02 | 37.4 | NORMAL
2026-09-22 04:56:58 | WARD_B_TEMP_03 | 36.8 | NORMAL
2026-09-22 04:56:58 | WARD_B_TEMP_04 | 37.7 | WARNING
2026-09-22 04:56:58 | WARD_B_TEMP_05 | 38.9 | CRITICAL
2026-09-22 04:56:59 | WARD_B_TEMP_01 | 36.6 | NORMAL
2026-09-22 04:56:59 | WARD_B_TEMP_02 | 39.9 | CRITICAL
2026-09-22 04:56:59 | WARD_B_TEMP_03 | 35.3 | CRITICAL
2026-09-22 04:56:59 | WARD_B_TEMP_04 | 37.9 | WARNING
2026-09-22 04:56:59 | WARD_B_TEMP_05 | 37.2 | NORMAL
2026-09-22 04:57:00 | WARD_B_TEMP_01 | 38.6 | CRITICAL
2026-09-22 04:57:00 | WARD_B_TEMP_02 | 35.3 | CRITICAL
2026-09-22 04:57:00 | WARD_B_TEMP_03 | 38.5 | CRITICAL
2026-09-22 04:57:00 | WARD_B_TEMP_04 | 37.7 | WARNING
2026-09-22 04:57:00 | WARD_B_TEMP_05 | 36.5 | NORMAL
2026-09-22 04:57:01 | WARD_B_TEMP_01 | 37.9 | WARNING
2026-09-22 04:57:01 | WARD_B_TEMP_02 | 35.9 | NORMAL
2026-09-22 04:57:01 | WARD_B_TEMP_03 | 36.1 | NORMAL
2026-09-22 04:57:01 | WARD_B_TEMP_04 | 36.6 | NORMAL
2026-09-22 04:57:01 | WARD_B_TEMP_05 | 40.1 | CRITICAL
2026-09-22 04:57:02 | WARD_B_TEMP_01 | 40.1 | CRITICAL
2026-09-22 04:57:02 | WARD_B_TEMP_02 | 40.0 | CRITICAL
2026-09-22 04:57:02 | WARD_B_TEMP_03 | 36.2 | NORMAL
2026-09-22 04:57:02 | WARD_B_TEMP_04 | 34.6 | CRITICAL
2026-09-22 04:57:02 | WARD_B_TEMP_05 | 34.6 | CRITICAL
2026-09-22 04:57:03 | WARD_B_TEMP_01 | 37.0 | NORMAL
2026-09-22 04:57:03 | WARD_B_TEMP_02 | 39.5 | CRITICAL
2026-09-22 04:57:03 | WARD_B_TEMP_03 | 40.2 | CRITICAL
2026-09-22 04:57:03 | WARD_B_TEMP_04 | 40.5 | CRITICAL
2026-09-22 04:57:03 | WARD_B_TEMP_05 | 39.7 | CRITICAL
2026-09-22 04:57:04 | WARD_B_TEMP_01 | 35.3 | CRITICAL
2026-09-22 04:57:04 | WARD_B_TEMP_02 | 35.7 | NORMAL
2026-09-22 04:57:04 | WARD_B_TEMP_03 | 39.9 | CRITICAL
2026-09-22 04:57:04 | WARD_B_TEMP_04 | 39.0 | CRITICAL
2026-09-22 04:57:04 | WARD_B_TEMP_05 | 38.5 | CRITICAL
2026-09-22 04:57:05 | WARD_B_TEMP_01 | 35.5 | NORMAL
2026-09-22 04:57:05 | WARD_B_TEMP_02 | 36.4 | NORMAL
2026-09-22 04:57:05 | WARD_B_TEMP_03 | 40.3 | CRITICAL
2026-09-22 04:57:05 | WARD_B_TEMP_04 | 37.1 | NORMAL
2026-09-22 04:57:05 | WARD_B_TEMP_05 | 34.6 | CRITICAL
2026-09-22 04:57:06 | WARD_B_TEMP_01 | 35.7 | NORMAL
2026-09-22 04:57:06 | WARD_B_TEMP_02 | 38.2 | CRITICAL
2026-09-22 04:57:06 | WARD_B_TEMP_03 | 38.3 | CRITICAL
2026-09-22 04:57:06 | WARD_B_TEMP_04 | 35.3 | CRITICAL
2026-09-22 04:57:06 | WARD_B_TEMP_05 | 36.3 | NORMAL
2026-09-22 04:57:07 | WARD_B_TEMP_01 | 38.7 | CRITICAL
2026-09-22 04:57:07 | WARD_B_TEMP_02 | 35.5 | NORMAL
2026-09-22 04:57:07 | WARD_B_TEMP_03 | 40.0 | CRITICAL
2026-09-22 04:57:07 | WARD_B_TEMP_04 | 36.5 | NORMAL
2026-09-22 04:57:07 | WARD_B_TEMP_05 | 36.4 | NORMAL
2026-09-22 04:57:08 | WARD_B_TEMP_01 | 36.7 | NORMAL
2026-09-22 04:57:08 | WARD_B_TEMP_02 | 37.0 | NORMAL
2026-09-22 04:57:08 | WARD_B_TEMP_03 | 36.1 | NORMAL
2026-09-22 04:57:08 | WARD_B_TEMP_04 | 36.7 | NORMAL
2026-09-22 04:57:08 | WARD_B_TEMP_05 | 36.9 | NORMAL
2026-09-22 04:57:09 | WARD_B_TEMP_01 | 35.7 | NORMAL
2026-09-22 04:57:09 | WARD_B_TEMP_02 | 40.4 | CRITICAL
2026-09-22 04:57:09 | WARD_B_TEMP_03 | 35.8 | NORMAL
2026-09-22 04:57:09 | WARD_B_TEMP_04 | 40.4 | CRITICAL
2026-09-22 04:57:09 | WARD_B_TEMP_05 | 35.2 | CRITICAL
2026-09-22 04:57:10 | WARD_B_TEMP_01 | 35.7 | NORMAL
2026-09-22 04:57:10 | WARD_B_TEMP_02 | 38.0 | WARNING
2026-09-22 04:57:10 | WARD_B_TEMP_03 | 37.8 | WARNING
2026-09-22 04:57:10 | WARD_B_TEMP_04 | 35.3 | CRITICAL
2026-09-22 04:57:10 | WARD_B_TEMP_05 | 39.2 | CRITICAL
2026-09-22 04:57:11 | WARD_B_TEMP_01 | 35.9 | NORMAL
2026-09-22 04:57:11 | WARD_B_TEMP_02 | 38.0 | WARNING
2026-09-22 04:57:11 | WARD_B_TEMP_03 | 37.2 | NORMAL
2026-09-22 04:57:11 | WARD_B_TEMP_04 | 36.9 | NORMAL
2026-09-22 04:57:11 | WARD_B_TEMP_05 | 38.7 | CRITICAL
2026-09-22 04:57:12 | WARD_B_TEMP_01 | 34.7 | CRITICAL
2026-09-22 04:57:12 | WARD_B_TEMP_02 | 36.8 | NORMAL
2026-09-22 04:57:12 | WARD_B_TEMP_03 | 37.6 | WARNING
2026-09-22 04:57:12 | WARD_B_TEMP_04 | 39.0 | CRITICAL
2026-09-22 04:57:12 | WARD_B_TEMP_05 | 35.8 | NORMAL
2026-09-22 04:57:13 | WARD_B_TEMP_01 | 40.3 | CRITICAL
2026-09-22 04:57:13 | WARD_B_TEMP_02 | 38.4 | CRITICAL
2026-09-22 04:57:13 | WARD_B_TEMP_03 | 38.2 | CRITICAL
2026-09-22 04:57:13 | WARD_B_TEMP_04 | 37.6 | WARNING
2026-09-22 04:57:13 | WARD_B_TEMP_05 | 37.1 | NORMAL
2026-09-22 04:57:14 | WARD_B_TEMP_01 | 37.4 | NORMAL
2026-09-22 04:57:14 | WARD_B_TEMP_02 | 35.1 | CRITICAL
2026-09-22 04:57:14 | WARD_B_TEMP_03 | 35.7 | NORMAL
2026-09-22 04:57:14 | WARD_B_TEMP_04 | 37.6 | WARNING
2026-09-22 04:57:14 | WARD_B_TEMP_05 | 35.5 | NORMAL
2026-09-22 04:57:15 | WARD_B_TEMP_01 | 36.6 | NORMAL
2026-09-22 04:57:15 | WARD_B_TEMP_02 | 36.0 | NORMAL
2026-09-22 04:57:15 | WARD_B_TEMP_03 | 38.8 | CRITICAL
2026-09-22 04:57:15 | WARD_B_TEMP_04 | 36.0 | NORMAL
2026-09-22 04:57:15 | WARD_B_TEMP_05 | 34.5 | CRITICAL
2026-09-22 04:57:16 | WARD_B_TEMP_01 | 39.3 | CRITICAL
2026-09-22 04:57:16 | WARD_B_TEMP_02 | 39.6 | CRITICAL
2026-09-22 04:57:16 | WARD_B_TEMP_03 | 40.4 | CRITICAL
2026-09-22 04:57:16 | WARD_B_TEMP_04 | 37.9 | WARNING
2026-09-22 04:57:16 | WARD_B_TEMP_05 | 37.5 | WARNING
2026-09-22 04:57:17 | WARD_B_TEMP_01 | 38.3 | CRITICAL
2026-09-22 04:57:17 | WARD_B_TEMP_02 | 36.4 | NORMAL
2026-09-22 04:57:17 | WARD_B_TEMP_03 | 39.5 | CRITICAL
2026-09-22 04:57:17 | WARD_B_TEMP_04 | 37.6 | WARNING
2026-09-22 04:57:17 | WARD_B_TEMP_05 | 38.0 | WARNING
2026-09-22 04:57:18 | WARD_B_TEMP_01 | 38.7 | CRITICAL
2026-09-22 04:57:18 | WARD_B_TEMP_02 | 37.9 | WARNING
2026-09-22 04:57:18 | WARD_B_TEMP_03 | 39.2 | CRITICAL
2026-09-22 04:57:18 | WARD_B_TEMP_04 | 39.7 | CRITICAL
2026-09-22 04:57:18 | WARD_B_TEMP_05 | 38.6 | CRITICAL
2026-09-22 04:57:19 | WARD_B_TEMP_01 | 34.8 | CRITICAL
2026-09-22 04:57:19 | WARD_B_TEMP_02 | 37.5 | WARNING
2026-09-22 04:57:19 | WARD_B_TEMP_03 | 37.4 | NORMAL
2026-09-22 04:57:19 | WARD_B_TEMP_04 | 39.2 | CRITICAL
2026-09-22 04:57:19 | WARD_B_TEMP_05 | 36.3 | NORMAL
2026-09-22 04:57:20 | WARD_B_TEMP_01 | 35.6 | NORMAL
2026-09-22 04:57:20 | WARD_B_TEMP_02 | 35.4 | CRITICAL
2026-09-22 04:57:20 | WARD_B_TEMP_03 | 36.4 | NORMAL
2026-09-22 04:57:20 | WARD_B_TEMP_04 | 37.5 | WARNING
2026-09-22 04:57:20 | WARD_B_TEMP_05 | 37.1 | NORMAL
2026-09-22 04:57:21 | WARD_B_TEMP_01 | 36.0 | NORMAL
2026-09-22 04:57:21 | WARD_B_TEMP_02 | 39.0 | CRITICAL
2026-09-22 04:57:21 | WARD_B_TEMP_03 | 36.5 | NORMAL
2026-09-22 04:57:21 | WARD_B_TEMP_04 | 36.1 | NORMAL
2026-09-22 04:57:21 | WARD_B_TEMP_05 | 40.4 | CRITICAL
2026-09-22 04:57:22 | WARD_B_TEMP_01 | 35.0 | CRITICAL
2026-09-22 04:57:22 | WARD_B_TEMP_02 | 34.9 | CRITICAL
2026-09-22 04:57:22 | WARD_B_TEMP_03 | 37.6 | WARNING
2026-09-22 04:57:22 | WARD_B_TEMP_04 | 39.9 | CRITICAL
2026-09-22 04:57:22 | WARD_B_TEMP_05 | 35.4 | CRITICAL
2026-09-22 04:57:23 | WARD_B_TEMP_01 | 38.0 | WARNING
2026-09-22 04:57:23 | WARD_B_TEMP_02 | 35.4 | CRITICAL
2026-09-22 04:57:23 | WARD_B_TEMP_03 | 39.2 | CRITICAL
2026-09-22 04:57:23 | WARD_B_TEMP_04 | 36.6 | NORMAL
2026-09-22 04:57:23 | WARD_B_TEMP_05 | 40.2 | CRITICAL
2026-09-22 04:57:24 | WARD_B_TEMP_01 | 37.4 | NORMAL
2026-09-22 04:57:24 | WARD_B_TEMP_02 | 35.3 | CRITICAL
2026-09-22 04:57:24 | WARD_B_TEMP_03 | 35.9 | NORMAL
2026-09-22 04:57:24 | WARD_B_TEMP_04 | 39.5 | CRITICAL
2026-09-22 04:57:24 | WARD_B_TEMP_05 | 39.0 | CRITICAL
2026-09-22 04:57:25 | WARD_B_TEMP_01 | 38.6 | CRITICAL
2026-09-22 04:57:25 | WARD_B_TEMP_02 | 39.2 | CRITICAL
2026-09-22 04:57:25 | WARD_B_TEMP_03 | 36.7 | NORMAL
2026-09-22 04:57:25 | WARD_B_TEMP_04 | 39.9 | CRITICAL
2026-09-22 04:57:25 | WARD_B_TEMP_05 | 39.7 | CRITICAL
2026-09-22 04:57:26 | WARD_B_TEMP_01 | 39.1 | CRITICAL
2026-09-22 04:57:26 | WARD_B_TEMP_02 | 36.9 | NORMAL
2026-09-22 04:57:26 | WARD_B_TEMP_03 | 34.9 | CRITICAL
2026-09-22 04:57:26 | WARD_B_TEMP_04 | 35.6 | NORMAL
2026-09-22 04:57:26 | WARD_B_TEMP_05 | 37.5 | WARNING
2026-09-22 04:57:27 | WARD_B_TEMP_01 | 35.4 | CRITICAL
2026-09-22 04:57:27 | WARD_B_TEMP_02 | 34.6 | CRITICAL
2026-09-22 04:57:27 | WARD_B_TEMP_03 | 38.3 | CRITICAL
2026-09-22 04:57:27 | WARD_B_TEMP_04 | 38.1 | CRITICAL
2026-09-22 04:57:27 | WARD_B_TEMP_05 | 37.0 | NORMAL
2026-09-22 04:57:28 | WARD_B_TEMP_01 | 38.8 | CRITICAL
2026-09-22 04:57:28 | WARD_B_TEMP_02 | 39.8 | CRITICAL
2026-09-22 04:57:28 | WARD_B_TEMP_03 | 36.1 | NORMAL
2026-09-22 04:57:28 | WARD_B_TEMP_04 | 38.1 | CRITICAL
2026-09-22 04:57:28 | WARD_B_TEMP_05 | 37.1 | NORMAL
2026-09-22 04:57:29 | WARD_B_TEMP_01 | 35.1 | CRITICAL
2026-09-22 04:57:29 | WARD_B_TEMP_02 | 38.6 | CRITICAL
2026-09-22 04:57:29 | WARD_B_TEMP_03 | 35.0 | CRITICAL
2026-09-22 04:57:29 | WARD_B_TEMP_04 | 38.6 | CRITICAL
2026-09-22 04:57:29 | WARD_B_TEMP_05 | 37.3 | NORMAL
2026-09-22 04:57:30 | WARD_B_TEMP_01 | 40.3 | CRITICAL
2026-09-22 04:57:30 | WARD_B_TEMP_02 | 39.3 | CRITICAL
2026-09-22 04:57:30 | WARD_B_TEMP_03 | 35.7 | NORMAL
2026-09-22 04:57:30 | WARD_B_TEMP_04 | 35.2 | CRITICAL
2026-09-22 04:57:30 | WARD_B_TEMP_05 | 39.8 | CRITICAL
2026-09-22 04:57:31 | WARD_B_TEMP_01 | 36.6 | NORMAL
2026-09-22 04:57:31 | WARD_B_TEMP_02 | 38.1 | CRITICAL
2026-09-22 04:57:31 | WARD_B_TEMP_03 | 35.9 | NORMAL
2026-09-22 04:57:31 | WARD_B_TEMP_04 | 40.2 | CRITICAL
2026-09-22 04:57:31 | WARD_B_TEMP_05 | 39.5 | CRITICAL
2026-09-22 04:57:32 | WARD_B_TEMP_01 | 34.6 | CRITICAL
2026-09-22 04:57:32 | WARD_B_TEMP_02 | 35.3 | CRITICAL
2026-09-22 04:57:32 | WARD_B_TEMP_03 | 35.8 | NORMAL
2026-09-22 04:57:32 | WARD_B_TEMP_04 | 36.6 | NORMAL
2026-09-22 04:57:32 | WARD_B_TEMP_05 | 37.2 | NORMAL
2026-09-22 04:57:33 | WARD_B_TEMP_01 | 34.8 | CRITICAL
2026-09-22 04:57:33 | WARD_B_TEMP_02 | 39.3 | CRITICAL
2026-09-22 04:57:33 | WARD_B_TEMP_03 | 39.3 | CRITICAL
2026-09-22 04:57:33 | WARD_B_TEMP_04 | 39.9 | CRITICAL
2026-09-22 04:57:33 | WARD_B_TEMP_05 | 35.0 | CRITICAL
2026-09-22 04:57:34 | WARD_B_TEMP_01 | 37.5 | WARNING
2026-09-22 04:57:34 | WARD_B_TEMP_02 | 38.2 | CRITICAL
2026-09-22 04:57:34 | WARD_B_TEMP_03 | 37.8 | WARNING
2026-09-22 04:57:34 | WARD_B_TEMP_04 | 35.6 | NORMAL
2026-09-22 04:57:34 | WARD_B_TEMP_05 | 38.1 | CRITICAL
2026-09-22 04:57:35 | WARD_B_TEMP_01 | 34.9 | CRITICAL
2026-09-22 04:57:35 | WARD_B_TEMP_02 | 35.7 | NORMAL
2026-09-22 04:57:35 | WARD_B_TEMP_03 | 38.3 | CRITICAL
2026-09-22 04:57:35 | WARD_B_TEMP_04 | 36.5 | NORMAL
2026-09-22 04:57:35 | WARD_B_TEMP_05 | 37.9 | WARNING
2026-09-22 04:57:36 | WARD_B_TEMP_01 | 39.9 | CRITICAL
2026-09-22 04:57:36 | WARD_B_TEMP_02 | 37.3 | NORMAL
2026-09-22 04:57:36 | WARD_B_TEMP_03 | 37.2 | NORMAL
2026-09-22 04:57:36 | WARD_B_TEMP_04 | 38.9 | CRITICAL
2026-09-22 04:57:36 | WARD_B_TEMP_05 | 36.0 | NORMAL
2026-09-22 04:57:37 | WARD_B_TEMP_01 | 37.9 | WARNING
2026-09-22 04:57:37 | WARD_B_TEMP_02 | 35.5 | NORMAL
2026-09-22 04:57:37 | WARD_B_TEMP_03 | 40.0 | CRITICAL
2026-09-22 04:57:37 | WARD_B_TEMP_04 | 37.7 | WARNING
2026-09-22 04:57:37 | WARD_B_TEMP_05 | 37.0 | NORMAL
2026-09-22 04:57:38 | WARD_B_TEMP_01 | 40.1 | CRITICAL
2026-09-22 04:57:38 | WARD_B_TEMP_02 | 35.8 | NORMAL
2026-09-22 04:57:38 | WARD_B_TEMP_03 | 39.1 | CRITICAL
2026-09-22 04:57:38 | WARD_B_TEMP_04 | 38.5 | CRITICAL
2026-09-22 04:57:38 | WARD_B_TEMP_05 | 39.5 | CRITICAL
2026-09-22 04:57:39 | WARD_B_TEMP_01 | 37.6 | WARNING
2026-09-22 04:57:39 | WARD_B_TEMP_02 | 34.9 | CRITICAL
2026-09-22 04:57:39 | WARD_B_TEMP_03 | 38.5 | CRITICAL
2026-09-22 04:57:39 | WARD_B_TEMP_04 | 37.7 | WARNING
2026-09-22 04:57:39 | WARD_B_TEMP_05 | 38.8 | CRITICAL
2026-09-22 04:57:40 | WARD_B_TEMP_01 | 39.1 | CRITICAL
2026-09-22 04:57:40 | WARD_B_TEMP_02 | 37.0 | NORMAL
2026-09-22 04:57:40 | WARD_B_TEMP_03 | 38.3 | CRITICAL
2026-09-22 04:57:40 | WARD_B_TEMP_04 | 39.6 | CRITICAL
2026-09-22 04:57:40 | WARD_B_TEMP_05 | 38.7 | CRITICAL
2026-09-22 04:57:41 | WARD_B_TEMP_01 | 36.7 | NORMAL
2026-09-22 04:57:41 | WARD_B_TEMP_02 | 37.0 | NORMAL
2026-09-22 04:57:41 | WARD_B_TEMP_03 | 35.7 | NORMAL
2026-09-22 04:57:41 | WARD_B_TEMP_04 | 38.4 | CRITICAL
2026-09-22 04:57:41 | WARD_B_TEMP_05 | 40.2 | CRITICAL
2026-09-22 04:57:42 | WARD_B_TEMP_01 | 34.8 | CRITICAL
2026-09-22 04:57:42 | WARD_B_TEMP_02 | 36.1 | NORMAL
2026-09-22 04:57:42 | WARD_B_TEMP_03 | 39.9 | CRITICAL
2026-09-22 04:57:42 | WARD_B_TEMP_04 | 38.6 | CRITICAL
2026-09-22 04:57:42 | WARD_B_TEMP_05 | 40.5 | CRITICAL
2026-09-22 04:57:43 | WARD_B_TEMP_01 | 38.0 | WARNING
2026-09-22 04:57:43 | WARD_B_TEMP_02 | 34.8 | CRITICAL
2026-09-22 04:57:43 | WARD_B_TEMP_03 | 36.7 | NORMAL
2026-09-22 04:57:43 | WARD_B_TEMP_04 | 36.3 | NORMAL
2026-09-22 04:57:43 | WARD_B_TEMP_05 | 35.3 | CRITICAL
2026-09-22 04:57:44 | WARD_B_TEMP_01 | 39.3 | CRITICAL
2026-09-22 04:57:44 | WARD_B_TEMP_02 | 35.2 | CRITICAL
2026-09-22 04:57:44 | WARD_B_TEMP_03 | 35.8 | NORMAL
2026-09-22 04:57:44 | WARD_B_TEMP_04 | 35.2 | CRITICAL
2026-09-22 04:57:44 | WARD_B_TEMP_05 | 35.6 | NORMAL
2026-09-22 04:57:45 | WARD_B_TEMP_01 | 36.5 | NORMAL
2026-09-22 04:57:45 | WARD_B_TEMP_02 | 38.7 | CRITICAL
2026-09-22 04:57:45 | WARD_B_TEMP_03 | 38.0 | WARNING
2026-09-22 04:57:45 | WARD_B_TEMP_04 | 38.1 | CRITICAL
2026-09-22 04:57:45 | WARD_B_TEMP_05 | 36.0 | NORMAL
2026-09-22 04:57:46 | WARD_B_TEMP_01 | 36.7 | NORMAL
2026-09-22 04:57:46 | WARD_B_TEMP_02 | 39.6 | CRITICAL
2026-09-22 04:57:46 | WARD_B_TEMP_03 | 39.1 | CRITICAL
2026-09-22 04:57:46 | WARD_B_TEMP_04 | 35.1 | CRITICAL
2026-09-22 04:57:46 | WARD_B_TEMP_05 | 39.5 | CRITICAL
2026-09-22 04:57:47 | WARD_B_TEMP_01 | 39.0 | CRITICAL
2026-09-22 04:57:47 | WARD_B_TEMP_02 | 38.4 | CRITICAL
2026-09-22 04:57:47 | WARD_B_TEMP_03 | 39.6 | CRITICAL
2026-09-22 04:57:47 | WARD_B_TEMP_04 | 39.3 | CRITICAL
2026-09-22 04:57:47 | WARD_B_TEMP_05 | 35.5 | NORMAL
2026-09-22 04:57:48 | WARD_B_TEMP_01 | 35.1 | CRITICAL
2026-09-22 04:57:48 | WARD_B_TEMP_02 | 38.6 | CRITICAL
2026-09-22 04:57:48 | WARD_B_TEMP_03 | 38.5 | CRITICAL
2026-09-22 04:57:48 | WARD_B_TEMP_04 | 36.6 | NORMAL
2026-09-22 04:57:48 | WARD_B_TEMP_05 | 36.7 | NORMAL
2026-09-22 04:57:49 | WARD_B_TEMP_01 | 34.9 | CRITICAL
2026-09-22 04:57:49 | WARD_B_TEMP_02 | 36.2 | NORMAL
2026-09-22 04:57:49 | WARD_B_TEMP_03 | 39.2 | CRITICAL
2026-09-22 04:57:49 | WARD_B_TEMP_04 | 40.0 | CRITICAL
2026-09-22 04:57:49 | WARD_B_TEMP_05 | 36.3 | NORMAL
2026-09-22 04:57:50 | WARD_B_TEMP_01 | 38.0 | WARNING
2026-09-22 04:57:50 | WARD_B_TEMP_02 | 38.6 | CRITICAL
2026-09-22 04:57:50 | WARD_B_TEMP_03 | 39.9 | CRITICAL
2026-09-22 04:57:50 | WARD_B_TEMP_04 | 39.5 | CRITICAL
2026-09-22 04:57:50 | WARD_B_TEMP_05 | 34.7 | CRITICAL
2026-09-22 04:57:51 | WARD_B_TEMP_01 | 37.5 | WARNING
2026-09-22 04:57:51 | WARD_B_TEMP_02 | 39.9 | CRITICAL
2026-09-22 04:57:51 | WARD_B_TEMP_03 | 37.0 | NORMAL
2026-09-22 04:57:51 | WARD_B_TEMP_04 | 40.5 | CRITICAL
2026-09-22 04:57:51 | WARD_B_TEMP_05 | 37.4 | NORMAL
2026-09-22 04:57:52 | WARD_B_TEMP_01 | 37.4 | NORMAL
2026-09-22 04:57:52 | WARD_B_TEMP_02 | 36.1 | NORMAL
2026-09-22 04:57:52 | WARD_B_TEMP_03 | 39.6 | CRITICAL
2026-09-22 04:57:52 | WARD_B_TEMP_04 | 38.6 | CRITICAL
2026-09-22 04:57:52 | WARD_B_TEMP_05 | 37.1 | NORMAL
2026-09-22 04:57:53 | WARD_B_TEMP_01 | 38.3 | CRITICAL
2026-09-22 04:57:53 | WARD_B_TEMP_02 | 37.1 | NORMAL
2026-09-22 04:57:53 | WARD_B_TEMP_03 | 36.0 | NORMAL
2026-09-22 04:57:53 | WARD_B_TEMP_04 | 38.9 | CRITICAL
2026-09-22 04:57:53 | WARD_B_TEMP_05 | 38.2 | CRITICAL
2026-09-22 04:57:54 | WARD_B_TEMP_01 | 36.2 | NORMAL
2026-09-22 04:57:54 | WARD_B_TEMP_02 | 35.9 | NORMAL
2026-09-22 04:57:54 | WARD_B_TEMP_03 | 39.2 | CRITICAL
2026-09-22 04:57:54 | WARD_B_TEMP_04 | 36.1 | NORMAL
2026-09-22 04:57:54 | WARD_B_TEMP_05 | 36.8 | NORMAL
2026-09-22 04:57:55 | WARD_B_TEMP_01 | 36.3 | NORMAL
2026-09-22 04:57:55 | WARD_B_TEMP_02 | 35.5 | NORMAL
2026-09-22 04:57:55 | WARD_B_TEMP_03 | 36.8 | NORMAL
2026-09-22 04:57:55 | WARD_B_TEMP_04 | 38.4 | CRITICAL
2026-09-22 04:57:55 | WARD_B_TEMP_05 | 35.4 | CRITICAL
2026-09-22 04:57:56 | WARD_B_TEMP_01 | 35.1 | CRITICAL
2026-09-22 04:57:56 | WARD_B_TEMP_02 | 36.5 | NORMAL
2026-09-22 04:57:56 | WARD_B_TEMP_03 | 35.2 | CRITICAL
2026-09-22 04:57:56 | WARD_B_TEMP_04 | 37.9 | WARNING
2026-09-22 04:57:56 | WARD_B_TEMP_05 | 36.9 | NORMAL
2026-09-22 04:57:57 | WARD_B_TEMP_01 | 39.6 | CRITICAL
2026-09-22 04:57:57 | WARD_B_TEMP_02 | 39.7 | CRITICAL
2026-09-22 04:57:57 | WARD_B_TEMP_03 | 39.6 | CRITICAL
2026-09-22 04:57:57 | WARD_B_TEMP_04 | 34.7 | CRITICAL
2026-09-22 04:57:57 | WARD_B_TEMP_05 | 37.9 | WARNING
2026-09-22 04:57:58 | WARD_B_TEMP_01 | 35.7 | NORMAL
2026-09-22 04:57:58 | WARD_B_TEMP_02 | 36.7 | NORMAL
2026-09-22 04:57:58 | WARD_B_TEMP_03 | 40.4 | CRITICAL
2026-09-22 04:57:58 | WARD_B_TEMP_04 | 40.3 | CRITICAL
2026-09-22 04:57:58 | WARD_B_TEMP_05 | 35.1 | CRITICAL
2026-09-22 04:57:59 | WARD_B_TEMP_01 | 38.2 | CRITICAL
2026-09-22 04:57:59 | WARD_B_TEMP_02 | 37.4 | NORMAL
2026-09-22 04:57:59 | WARD_B_TEMP_03 | 35.0 | CRITICAL
2026-09-22 04:57:59 | WARD_B_TEMP_04 | 39.9 | CRITICAL
2026-09-22 04:57:59 | WARD_B_TEMP_05 | 34.6 | CRITICAL
2026-09-22 04:58:00 | WARD_B_TEMP_01 | 38.1 | CRITICAL
2026-09-22 04:58:00 | WARD_B_TEMP_02 | 37.2 | NORMAL
2026-09-22 04:58:00 | WARD_B_TEMP_03 | 37.8 | WARNING
2026-09-22 04:58:00 | WARD_B_TEMP_04 | 38.1 | CRITICAL
2026-09-22 04:58:00 | WARD_B_TEMP_05 | 35.2 | CRITICAL
2026-09-22 04:58:01 | WARD_B_TEMP_01 | 37.5 | WARNING
2026-09-22 04:58:01 | WARD_B_TEMP_02 | 37.3 | NORMAL
2026-09-22 04:58:01 | WARD_B_TEMP_03 | 35.7 | NORMAL
2026-09-22 04:58:01 | WARD_B_TEMP_04 | 37.8 | WARNING
2026-09-22 04:58:01 | WARD_B_TEMP_05 | 36.5 | NORMAL
2026-09-22 04:58:02 | WARD_B_TEMP_01 | 39.3 | CRITICAL
2026-09-22 04:58:02 | WARD_B_TEMP_02 | 34.7 | CRITICAL
2026-09-22 04:58:02 | WARD_B_TEMP_03 | 36.5 | NORMAL
2026-09-22 04:58:02 | WARD_B_TEMP_04 | 37.2 | NORMAL
2026-09-22 04:58:02 | WARD_B_TEMP_05 | 40.1 | CRITICAL
2026-09-22 04:58:03 | WARD_B_TEMP_01 | 37.6 | WARNING
2026-09-22 04:58:03 | WARD_B_TEMP_02 | 38.9 | CRITICAL
2026-09-22 04:58:03 | WARD_B_TEMP_03 | 35.0 | CRITICAL
2026-09-22 04:58:03 | WARD_B_TEMP_04 | 37.3 | NORMAL
2026-09-22 04:58:03 | WARD_B_TEMP_05 | 35.1 | CRITICAL
2026-09-22 04:58:04 | WARD_B_TEMP_01 | 35.5 | NORMAL
2026-09-22 04:58:04 | WARD_B_TEMP_02 | 37.2 | NORMAL
2026-09-22 04:58:04 | WARD_B_TEMP_03 | 34.6 | CRITICAL
2026-09-22 04:58:04 | WARD_B_TEMP_04 | 40.1 | CRITICAL
2026-09-22 04:58:04 | WARD_B_TEMP_05 | 37.9 | WARNING
2026-09-22 04:58:05 | WARD_B_TEMP_01 | 35.8 | NORMAL
2026-09-22 04:58:05 | WARD_B_TEMP_02 | 37.0 | NORMAL
2026-09-22 04:58:05 | WARD_B_TEMP_03 | 38.2 | CRITICAL
2026-09-22 04:58:05 | WARD_B_TEMP_04 | 35.0 | CRITICAL
2026-09-22 04:58:05 | WARD_B_TEMP_05 | 36.7 | NORMAL
2026-09-22 04:58:06 | WARD_B_TEMP_01 | 37.5 | WARNING
2026-09-22 04:58:06 | WARD_B_TEMP_02 | 40.0 | CRITICAL
2026-09-22 04:58:06 | WARD_B_TEMP_03 | 40.1 | CRITICAL
2026-09-22 04:58:06 | WARD_B_TEMP_04 | 39.6 | CRITICAL
2026-09-22 04:58:06 | WARD_B_TEMP_05 | 35.9 | NORMAL
2026-09-22 04:58:07 | WARD_B_TEMP_01 | 39.3 | CRITICAL
2026-09-22 04:58:07 | WARD_B_TEMP_02 | 38.5 | CRITICAL
2026-09-22 04:58:07 | WARD_B_TEMP_03 | 36.4 | NORMAL
2026-09-22 04:58:07 | WARD_B_TEMP_04 | 34.7 | CRITICAL
2026-09-22 04:58:07 | WARD_B_TEMP_05 | 40.0 | CRITICAL
2026-09-22 04:58:08 | WARD_B_TEMP_01 | 35.5 | NORMAL
2026-09-22 04:58:08 | WARD_B_TEMP_02 | 34.7 | CRITICAL
2026-09-22 04:58:08 | WARD_B_TEMP_03 | 39.2 | CRITICAL
2026-09-22 04:58:08 | WARD_B_TEMP_04 | 34.5 | CRITICAL
2026-09-22 04:58:08 | WARD_B_TEMP_05 | 34.8 | CRITICAL
2026-09-22 04:58:09 | WARD_B_TEMP_01 | 37.6 | WARNING
2026-09-22 04:58:09 | WARD_B_TEMP_02 | 35.7 | NORMAL
2026-09-22 04:58:09 | WARD_B_TEMP_03 | 38.1 | CRITICAL
2026-09-22 04:58:09 | WARD_B_TEMP_04 | 35.1 | CRITICAL
2026-09-22 04:58:09 | WARD_B_TEMP_05 | 39.6 | CRITICAL
2026-09-22 04:58:10 | WARD_B_TEMP_01 | 40.2 | CRITICAL
2026-09-22 04:58:10 | WARD_B_TEMP_02 | 35.0 | CRITICAL
2026-09-22 04:58:10 | WARD_B_TEMP_03 | 36.0 | NORMAL
2026-09-22 04:58:10 | WARD_B_TEMP_04 | 40.1 | CRITICAL
2026-09-22 04:58:10 | WARD_B_TEMP_05 | 39.4 | CRITICAL
2026-09-22 04:58:11 | WARD_B_TEMP_01 | 35.0 | CRITICAL
2026-09-22 04:58:11 | WARD_B_TEMP_02 | 38.8 | CRITICAL
2026-09-22 04:58:11 | WARD_B_TEMP_03 | 37.3 | NORMAL
2026-09-22 04:58:11 | WARD_B_TEMP_04 | 38.1 | CRITICAL
2026-09-22 04:58:11 | WARD_B_TEMP_05 | 35.3 | CRITICAL
2026-09-22 04:58:12 | WARD_B_TEMP_01 | 35.9 | NORMAL
2026-09-22 04:58:12 | WARD_B_TEMP_02 | 35.3 | CRITICAL
2026-09-22 04:58:12 | WARD_B_TEMP_03 | 40.2 | CRITICAL
2026-09-22 04:58:12 | WARD_B_TEMP_04 | 36.4 | NORMAL
2026-09-22 04:58:12 | WARD_B_TEMP_05 | 36.7 | NORMAL
2026-09-22 04:58:13 | WARD_B_TEMP_01 | 37.0 | NORMAL
2026-09-22 04:58:13 | WARD_B_TEMP_02 | 38.0 | WARNING
2026-09-22 04:58:13 | WARD_B_TEMP_03 | 39.6 | CRITICAL
2026-09-22 04:58:13 | WARD_B_TEMP_04 | 38.9 | CRITICAL
2026-09-22 04:58:13 | WARD_B_TEMP_05 | 39.6 | CRITICAL
2026-09-22 04:58:14 | WARD_B_TEMP_01 | 34.6 | CRITICAL
2026-09-22 04:58:14 | WARD_B_TEMP_02 | 39.3 | CRITICAL
2026-09-22 04:58:14 | WARD_B_TEMP_03 | 35.1 | CRITICAL
2026-09-22 04:58:14 | WARD_B_TEMP_04 | 39.6 | CRITICAL
2026-09-22 04:58:14 | WARD_B_TEMP_05 | 35.0 | CRITICAL
2026-09-22 04:58:15 | WARD_B_TEMP_01 | 35.0 | CRITICAL
2026-09-22 04:58:15 | WARD_B_TEMP_02 | 39.5 | CRITICAL
2026-09-22 04:58:15 | WARD_B_TEMP_03 | 38.7 | CRITICAL
2026-09-22 04:58:15 | WARD_B_TEMP_04 | 37.8 | WARNING
2026-09-22 04:58:15 | WARD_B_TEMP_05 | 37.4 | NORMAL
2026-09-22 04:58:16 | WARD_B_TEMP_01 | 36.9 | NORMAL
2026-09-22 04:58:16 | WARD_B_TEMP_02 | 35.8 | NORMAL
2026-09-22 04:58:16 | WARD_B_TEMP_03 | 36.0 | NORMAL
2026-09-22 04:58:16 | WARD_B_TEMP_04 | 34.7 | CRITICAL
2026-09-22 04:58:16 | WARD_B_TEMP_05 | 35.1 | CRITICAL
2026-09-22 04:58:17 | WARD_B_TEMP_01 | 38.8 | CRITICAL
2026-09-22 04:58:17 | WARD_B_TEMP_02 | 35.2 | CRITICAL
2026-09-22 04:58:17 | WARD_B_TEMP_03 | 34.6 | CRITICAL
2026-09-22 04:58:17 | WARD_B_TEMP_04 | 35.7 | NORMAL
2026-09-22 04:58:17 | WARD_B_TEMP_05 | 36.7 | NORMAL
2026-09-22 04:58:18 | WARD_B_TEMP_01 | 39.3 | CRITICAL
2026-09-22 04:58:18 | WARD_B_TEMP_02 | 37.0 | NORMAL
2026-09-22 04:58:18 | WARD_B_TEMP_03 | 40.4 | CRITICAL
2026-09-22 04:58:18 | WARD_B_TEMP_04 | 35.1 | CRITICAL
2026-09-22 04:58:18 | WARD_B_TEMP_05 | 39.0 | CRITICAL
2026-09-22 04:58:19 | WARD_B_TEMP_01 | 35.0 | CRITICAL
2026-09-22 04:58:19 | WARD_B_TEMP_02 | 39.7 | CRITICAL
2026-09-22 04:58:19 | WARD_B_TEMP_03 | 39.8 | CRITICAL
2026-09-22 04:58:19 | WARD_B_TEMP_04 | 36.0 | NORMAL
2026-09-22 04:58:19 | WARD_B_TEMP_05 | 38.4 | CRITICAL
2026-09-22 04:58:20 | WARD_B_TEMP_01 | 40.4 | CRITICAL
2026-09-22 04:58:20 | WARD_B_TEMP_02 | 37.6 | WARNING
2026-09-22 04:58:20 | WARD_B_TEMP_03 | 34.7 | CRITICAL
2026-09-22 04:58:20 | WARD_B_TEMP_04 | 38.4 | CRITICAL
2026-09-22 04:58:20 | WARD_B_TEMP_05 | 35.3 | CRITICAL
2026-09-22 04:58:21 | WARD_B_TEMP_01 | 38.6 | CRITICAL
2026-09-22 04:58:21 | WARD_B_TEMP_02 | 38.0 | WARNING
2026-09-22 04:58:21 | WARD_B_TEMP_03 | 38.9 | CRITICAL
2026-09-22 04:58:21 | WARD_B_TEMP_04 | 35.0 | CRITICAL
2026-09-22 04:58:21 | WARD_B_TEMP_05 | 35.8 | NORMAL
2026-09-22 04:58:22 | WARD_B_TEMP_01 | 35.2 | CRITICAL
2026-09-22 04:58:22 | WARD_B_TEMP_02 | 38.3 | CRITICAL
2026-09-22 04:58:22 | WARD_B_TEMP_03 | 37.3 | NORMAL
2026-09-22 04:58:22 | WARD_B_TEMP_04 | 35.0 | CRITICAL
2026-09-22 04:58:22 | WARD_B_TEMP_05 | 39.5 | CRITICAL
2026-09-22 04:58:23 | WARD_B_TEMP_01 | 39.3 | CRITICAL
2026-09-22 04:58:23 | WARD_B_TEMP_02 | 36.6 | NORMAL
2026-09-22 04:58:23 | WARD_B_TEMP_03 | 36.8 | NORMAL
2026-09-22 04:58:23 | WARD_B_TEMP_04 | 39.4 | CRITICAL
2026-09-22 04:58:23 | WARD_B_TEMP_05 | 39.5 | CRITICAL
2026-09-22 04:58:24 | WARD_B_TEMP_01 | 35.3 | CRITICAL
2026-09-22 04:58:24 | WARD_B_TEMP_02 | 34.7 | CRITICAL
2026-09-22 04:58:24 | WARD_B_TEMP_03 | 36.3 | NORMAL
2026-09-22 04:58:24 | WARD_B_TEMP_04 | 36.7 | NORMAL
2026-09-22 04:58:24 | WARD_B_TEMP_05 | 38.0 | WARNING
2026-09-22 04:58:25 | WARD_B_TEMP_01 | 38.3 | CRITICAL
2026-09-22 04:58:25 | WARD_B_TEMP_02 | 39.5 | CRITICAL
2026-09-22 04:58:25 | WARD_B_TEMP_03 | 36.3 | NORMAL
2026-09-22 04:58:25 | WARD_B_TEMP_04 | 36.2 | NORMAL
2026-09-22 04:58:25 | WARD_B_TEMP_05 | 39.1 | CRITICAL
2026-09-22 04:58:26 | WARD_B_TEMP_01 | 37.8 | WARNING
2026-09-22 04:58:26 | WARD_B_TEMP_02 | 38.3 | CRITICAL
2026-09-22 04:58:26 | WARD_B_TEMP_03 | 39.7 | CRITICAL
2026-09-22 04:58:26 | WARD_B_TEMP_04 | 35.4 | CRITICAL
2026-09-22 04:58:26 | WARD_B_TEMP_05 | 38.2 | CRITICAL
2026-09-22 04:58:27 | WARD_B_TEMP_01 | 37.9 | WARNING
2026-09-22 04:58:27 | WARD_B_TEMP_02 | 38.5 | CRITICAL
2026-09-22 04:58:27 | WARD_B_TEMP_03 | 38.6 | CRITICAL
2026-09-22 04:58:27 | WARD_B_TEMP_04 | 35.7 | NORMAL
2026-09-22 04:58:27 | WARD_B_TEMP_05 | 38.6 | CRITICAL
2026-09-22 04:58:28 | WARD_B_TEMP_01 | 38.7 | CRITICAL
2026-09-22 04:58:28 | WARD_B_TEMP_02 | 38.6 | CRITICAL
2026-09-22 04:58:28 | WARD_B_TEMP_03 | 39.6 | CRITICAL
2026-09-22 04:58:28 | WARD_B_TEMP_04 | 35.2 | CRITICAL
2026-09-22 04:58:28 | WARD_B_TEMP_05 | 40.3 | CRITICAL
2026-09-22 04:58:29 | WARD_B_TEMP_01 | 35.7 | NORMAL
2026-09-22 04:58:29 | WARD_B_TEMP_02 | 40.0 | CRITICAL
2026-09-22 04:58:29 | WARD_B_TEMP_03 | 36.2 | NORMAL
2026-09-22 04:58:29 | WARD_B_TEMP_04 | 38.5 | CRITICAL
2026-09-22 04:58:29 | WARD_B_TEMP_05 | 35.2 | CRITICAL
2026-09-22 04:58:30 | WARD_B_TEMP_01 | 35.5 | NORMAL
2026-09-22 04:58:30 | WARD_B_TEMP_02 | 35.4 | CRITICAL
2026-09-22 04:58:30 | WARD_B_TEMP_03 | 40.3 | CRITICAL
2026-09-22 04:58:30 | WARD_B_TEMP_04 | 39.0 | CRITICAL
2026-09-22 04:58:30 | WARD_B_TEMP_05 | 39.4 | CRITICAL
2026-09-22 04:58:31 | WARD_B_TEMP_01 | 36.1 | NORMAL
2026-09-22 04:58:31 | WARD_B_TEMP_02 | 39.3 | CRITICAL
2026-09-22 04:58:31 | WARD_B_TEMP_03 | 35.8 | NORMAL
2026-09-22 04:58:31 | WARD_B_TEMP_04 | 40.5 | CRITICAL
2026-09-22 04:58:31 | WARD_B_TEMP_05 | 36.0 | NORMAL
2026-09-22 04:58:32 | WARD_B_TEMP_01 | 36.4 | NORMAL
2026-09-22 04:58:32 | WARD_B_TEMP_02 | 34.5 | CRITICAL
2026-09-22 04:58:32 | WARD_B_TEMP_03 | 37.9 | WARNING
2026-09-22 04:58:32 | WARD_B_TEMP_04 | 34.9 | CRITICAL
2026-09-22 04:58:32 | WARD_B_TEMP_05 | 36.2 | NORMAL
2026-09-22 04:58:33 | WARD_B_TEMP_01 | 40.0 | CRITICAL
2026-09-22 04:58:33 | WARD_B_TEMP_02 | 39.0 | CRITICAL
2026-09-22 04:58:33 | WARD_B_TEMP_03 | 38.5 | CRITICAL
2026-09-22 04:58:33 | WARD_B_TEMP_04 | 40.4 | CRITICAL
2026-09-22 04:58:33 | WARD_B_TEMP_05 | 40.5 | CRITICAL
2026-09-22 04:58:34 | WARD_B_TEMP_01 | 38.2 | CRITICAL
2026-09-22 04:58:34 | WARD_B_TEMP_02 | 36.2 | NORMAL
2026-09-22 04:58:34 | WARD_B_TEMP_03 | 36.1 | NORMAL
2026-09-22 04:58:34 | WARD_B_TEMP_04 | 36.4 | NORMAL
2026-09-22 04:58:34 | WARD_B_TEMP_05 | 36.3 | NORMAL
2026-09-22 04:58:35 | WARD_B_TEMP_01 | 36.3 | NORMAL
2026-09-22 04:58:35 | WARD_B_TEMP_02 | 35.8 | NORMAL
2026-09-22 04:58:35 | WARD_B_TEMP_03 | 35.0 | CRITICAL
2026-09-22 04:58:35 | WARD_B_TEMP_04 | 36.0 | NORMAL
2026-09-22 04:58:35 | WARD_B_TEMP_05 | 35.5 | NORMAL
2026-09-22 04:58:36 | WARD_B_TEMP_01 | 38.8 | CRITICAL
2026-09-22 04:58:36 | WARD_B_TEMP_02 | 37.9 | WARNING
2026-09-22 04:58:36 | WARD_B_TEMP_03 | 36.1 | NORMAL
2026-09-22 04:58:36 | WARD_B_TEMP_04 | 34.9 | CRITICAL
2026-09-22 04:58:36 | WARD_B_TEMP_05 | 37.0 | NORMAL
2026-09-22 04:58:37 | WARD_B_TEMP_01 | 38.7 | CRITICAL
2026-09-22 04:58:37 | WARD_B_TEMP_02 | 36.3 | NORMAL
2026-09-22 04:58:37 | WARD_B_TEMP_03 | 37.1 | NORMAL
2026-09-22 04:58:37 | WARD_B_TEMP_04 | 35.9 | NORMAL
2026-09-22 04:58:37 | WARD_B_TEMP_05 | 35.0 | CRITICAL
2026-09-22 04:58:38 | WARD_B_TEMP_01 | 35.2 | CRITICAL
2026-09-22 04:58:38 | WARD_B_TEMP_02 | 40.5 | CRITICAL
2026-09-22 04:58:38 | WARD_B_TEMP_03 | 37.9 | WARNING
2026-09-22 04:58:38 | WARD_B_TEMP_04 | 38.6 | CRITICAL
2026-09-22 04:58:38 | WARD_B_TEMP_05 | 39.8 | CRITICAL
2026-09-22 04:58:39 | WARD_B_TEMP_01 | 34.9 | CRITICAL
2026-09-22 04:58:39 | WARD_B_TEMP_02 | 40.2 | CRITICAL
2026-09-22 04:58:39 | WARD_B_TEMP_03 | 39.2 | CRITICAL
2026-09-22 04:58:39 | WARD_B_TEMP_04 | 36.1 | NORMAL
2026-09-22 04:58:39 | WARD_B_TEMP_05 | 36.0 | NORMAL
2026-09-22 04:58:40 | WARD_B_TEMP_01 | 39.3 | CRITICAL
2026-09-22 04:58:40 | WARD_B_TEMP_02 | 35.4 | CRITICAL
2026-09-22 04:58:40 | WARD_B_TEMP_03 | 35.1 | CRITICAL
2026-09-22 04:58:40 | WARD_B_TEMP_04 | 36.4 | NORMAL
2026-09-22 04:58:40 | WARD_B_TEMP_05 | 39.4 | CRITICAL
2026-09-22 04:58:41 | WARD_B_TEMP_01 | 40.0 | CRITICAL
2026-09-22 04:58:41 | WARD_B_TEMP_02 | 40.0 | CRITICAL
2026-09-22 04:58:41 | WARD_B_TEMP_03 | 37.6 | WARNING
2026-09-22 04:58:41 | WARD_B_TEMP_04 | 39.4 | CRITICAL
2026-09-22 04:58:41 | WARD_B_TEMP_05 | 35.8 | NORMAL
2026-09-22 04:58:42 | WARD_B_TEMP_01 | 36.4 | NORMAL
2026-09-22 04:58:42 | WARD_B_TEMP_02 | 34.6 | CRITICAL
2026-09-22 04:58:42 | WARD_B_TEMP_03 | 34.9 | CRITICAL
2026-09-22 04:58:42 | WARD_B_TEMP_04 | 36.2 | NORMAL
2026-09-22 04:58:42 | WARD_B_TEMP_05 | 37.9 | WARNING
2026-09-22 04:58:43 | WARD_B_TEMP_01 | 38.7 | CRITICAL
2026-09-22 04:58:43 | WARD_B_TEMP_02 | 35.4 | CRITICAL
2026-09-22 04:58:43 | WARD_B_TEMP_03 | 35.5 | NORMAL
2026-09-22 04:58:43 | WARD_B_TEMP_04 | 38.0 | WARNING
2026-09-22 04:58:43 | WARD_B_TEMP_05 | 40.2 | CRITICAL
2026-09-22 04:58:44 | WARD_B_TEMP_01 | 36.9 | NORMAL
2026-09-22 04:58:44 | WARD_B_TEMP_02 | 40.2 | CRITICAL
2026-09-22 04:58:44 | WARD_B_TEMP_03 | 40.4 | CRITICAL
2026-09-22 04:58:44 | WARD_B_TEMP_04 | 36.0 | NORMAL
2026-09-22 04:58:44 | WARD_B_TEMP_05 | 38.4 | CRITICAL
2026-09-22 04:58:45 | WARD_B_TEMP_01 | 35.3 | CRITICAL
2026-09-22 04:58:45 | WARD_B_TEMP_02 | 39.9 | CRITICAL
2026-09-22 04:58:45 | WARD_B_TEMP_03 | 38.4 | CRITICAL
2026-09-22 04:58:45 | WARD_B_TEMP_04 | 38.1 | CRITICAL
2026-09-22 04:58:45 | WARD_B_TEMP_05 | 40.2 | CRITICAL
2026-09-22 04:58:46 | WARD_B_TEMP_01 | 39.5 | CRITICAL
2026-09-22 04:58:46 | WARD_B_TEMP_02 | 35.4 | CRITICAL
2026-09-22 04:58:46 | WARD_B_TEMP_03 | 40.0 | CRITICAL
2026-09-22 04:58:46 | WARD_B_TEMP_04 | 36.8 | NORMAL
2026-09-22 04:58:46 | WARD_B_TEMP_05 | 34.7 | CRITICAL
2026-09-22 04:58:47 | WARD_B_TEMP_01 | 35.4 | CRITICAL
2026-09-22 04:58:47 | WARD_B_TEMP_02 | 36.5 | NORMAL
2026-09-22 04:58:47 | WARD_B_TEMP_03 | 36.7 | NORMAL
2026-09-22 04:58:47 | WARD_B_TEMP_04 | 38.9 | CRITICAL
2026-09-22 04:58:47 | WARD_B_TEMP_05 | 34.6 | CRITICAL
2026-09-22 04:58:48 | WARD_B_TEMP_01 | 38.7 | CRITICAL
2026-09-22 04:58:48 | WARD_B_TEMP_02 | 35.2 | CRITICAL
2026-09-22 04:58:48 | WARD_B_TEMP_03 | 38.3 | CRITICAL
2026-09-22 04:58:48 | WARD_B_TEMP_04 | 39.6 | CRITICAL
2026-09-22 04:58:48 | WARD_B_TEMP_05 | 35.4 | CRITICAL
2026-09-22 04:58:49 | WARD_B_TEMP_01 | 37.2 | NORMAL
2026-09-22 04:58:49 | WARD_B_TEMP_02 | 40.4 | CRITICAL
2026-09-22 04:58:49 | WARD_B_TEMP_03 | 37.5 | WARNING
2026-09-22 04:58:49 | WARD_B_TEMP_04 | 34.5 | CRITICAL
2026-09-22 04:58:49 | WARD_B_TEMP_05 | 35.3 | CRITICAL
2026-09-22 04:58:50 | WARD_B_TEMP_01 | 39.5 | CRITICAL
2026-09-22 04:58:50 | WARD_B_TEMP_02 | 38.2 | CRITICAL
2026-09-22 04:58:50 | WARD_B_TEMP_03 | 37.8 | WARNING
2026-09-22 04:58:50 | WARD_B_TEMP_04 | 35.8 | NORMAL
2026-09-22 04:58:50 | WARD_B_TEMP_05 | 39.7 | CRITICAL
2026-09-22 04:58:51 | WARD_B_TEMP_01 | 40.1 | CRITICAL
2026-09-22 04:58:51 | WARD_B_TEMP_02 | 37.2 | NORMAL
2026-09-22 04:58:51 | WARD_B_TEMP_03 | 37.1 | NORMAL
2026-09-22 04:58:51 | WARD_B_TEMP_04 | 39.3 | CRITICAL
2026-09-22 04:58:51 | WARD_B_TEMP_05 | 36.8 | NORMAL
2026-09-22 04:58:52 | WARD_B_TEMP_01 | 37.8 | WARNING
2026-09-22 04:58:52 | WARD_B_TEMP_02 | 36.4 | NORMAL
2026-09-22 04:58:52 | WARD_B_TEMP_03 | 36.2 | NORMAL
2026-09-22 04:58:52 | WARD_B_TEMP_04 | 37.3 | NORMAL
2026-09-22 04:58:52 | WARD_B_TEMP_05 | 36.6 | NORMAL
2026-09-22 04:58:53 | WARD_B_TEMP_01 | 38.6 | CRITICAL
2026-09-22 04:58:53 | WARD_B_TEMP_02 | 39.2 | CRITICAL
2026-09-22 04:58:53 | WARD_B_TEMP_03 | 35.2 | CRITICAL
2026-09-22 04:58:53 | WARD_B_TEMP_04 | 36.4 | NORMAL
2026-09-22 04:58:53 | WARD_B_TEMP_05 | 34.6 | CRITICAL
2026-09-22 04:58:54 | WARD_B_TEMP_01 | 35.3 | CRITICAL
2026-09-22 04:58:54 | WARD_B_TEMP_02 | 39.1 | CRITICAL
2026-09-22 04:58:54 | WARD_B_TEMP_03 | 36.2 | NORMAL
2026-09-22 04:58:54 | WARD_B_TEMP_04 | 36.4 | NORMAL
2026-09-22 04:58:54 | WARD_B_TEMP_05 | 38.3 | CRITICAL
2026-09-22 04:58:55 | WARD_B_TEMP_01 | 36.6 | NORMAL
2026-09-22 04:58:55 | WARD_B_TEMP_02 | 36.8 | NORMAL
2026-09-22 04:58:55 | WARD_B_TEMP_03 | 39.3 | CRITICAL
2026-09-22 04:58:55 | WARD_B_TEMP_04 | 35.8 | NORMAL
2026-09-22 04:58:55 | WARD_B_TEMP_05 | 37.5 | WARNING
2026-09-22 04:58:56 | WARD_B_TEMP_01 | 39.8 | CRITICAL
2026-09-22 04:58:56 | WARD_B_TEMP_02 | 35.8 | NORMAL
2026-09-22 04:58:56 | WARD_B_TEMP_03 | 35.3 | CRITICAL
2026-09-22 04:58:56 | WARD_B_TEMP_04 | 35.9 | NORMAL
2026-09-22 04:58:56 | WARD_B_TEMP_05 | 36.5 | NORMAL
2026-09-22 04:58:57 | WARD_B_TEMP_01 | 36.1 | NORMAL
2026-09-22 04:58:57 | WARD_B_TEMP_02 | 40.1 | CRITICAL
2026-09-22 04:58:57 | WARD_B_TEMP_03 | 37.2 | NORMAL
2026-09-22 04:58:57 | WARD_B_TEMP_04 | 35.2 | CRITICAL
2026-09-22 04:58:57 | WARD_B_TEMP_05 | 36.7 | NORMAL
2026-09-22 04:58:58 | WARD_B_TEMP_01 | 38.6 | CRITICAL
2026-09-22 04:58:58 | WARD_B_TEMP_02 | 38.9 | CRITICAL
2026-09-22 04:58:58 | WARD_B_TEMP_03 | 35.1 | CRITICAL
2026-09-22 04:58:58 | WARD_B_TEMP_04 | 39.0 | CRITICAL
2026-09-22 04:58:58 | WARD_B_TEMP_05 | 37.3 | NORMAL
2026-09-22 04:58:59 | WARD_B_TEMP_01 | 34.6 | CRITICAL
2026-09-22 04:58:59 | WARD_B_TEMP_02 | 38.5 | CRITICAL
2026-09-22 04:58:59 | WARD_B_TEMP_03 | 38.5 | CRITICAL
2026-09-22 04:58:59 | WARD_B_TEMP_04 | 36.1 | NORMAL
2026-09-22 04:58:59 | WARD_B_TEMP_05 | 36.9 | NORMAL
2026-09-22 04:59:00 | WARD_B_TEMP_01 | 37.6 | WARNING
2026-09-22 04:59:00 | WARD_B_TEMP_02 | 39.3 | CRITICAL
2026-09-22 04:59:00 | WARD_B_TEMP_03 | 36.0 | NORMAL
2026-09-22 04:59:00 | WARD_B_TEMP_04 | 36.1 | NORMAL
2026-09-22 04:59:00 | WARD_B_TEMP_05 | 35.4 | CRITICAL
2026-09-22 04:59:01 | WARD_B_TEMP_01 | 39.3 | CRITICAL
2026-09-22 04:59:01 | WARD_B_TEMP_02 | 34.5 | CRITICAL
2026-09-22 04:59:01 | WARD_B_TEMP_03 | 36.4 | NORMAL
2026-09-22 04:59:01 | WARD_B_TEMP_04 | 35.5 | NORMAL
2026-09-22 04:59:01 | WARD_B_TEMP_05 | 39.6 | CRITICAL
2026-09-22 04:59:02 | WARD_B_TEMP_01 | 36.5 | NORMAL
2026-09-22 04:59:02 | WARD_B_TEMP_02 | 35.3 | CRITICAL
2026-09-22 04:59:02 | WARD_B_TEMP_03 | 38.2 | CRITICAL
2026-09-22 04:59:02 | WARD_B_TEMP_04 | 36.2 | NORMAL
2026-09-22 04:59:02 | WARD_B_TEMP_05 | 37.1 | NORMAL
2026-09-22 04:59:03 | WARD_B_TEMP_01 | 34.9 | CRITICAL
2026-09-22 04:59:03 | WARD_B_TEMP_02 | 39.0 | CRITICAL
2026-09-22 04:59:03 | WARD_B_TEMP_03 | 38.5 | CRITICAL
2026-09-22 04:59:03 | WARD_B_TEMP_04 | 40.2 | CRITICAL
2026-09-22 04:59:03 | WARD_B_TEMP_05 | 36.5 | NORMAL
2026-09-22 04:59:04 | WARD_B_TEMP_01 | 38.2 | CRITICAL
2026-09-22 04:59:04 | WARD_B_TEMP_02 | 38.1 | CRITICAL
2026-09-22 04:59:04 | WARD_B_TEMP_03 | 38.5 | CRITICAL
2026-09-22 04:59:04 | WARD_B_TEMP_04 | 37.9 | WARNING
2026-09-22 04:59:04 | WARD_B_TEMP_05 | 35.5 | NORMAL
2026-09-22 04:59:05 | WARD_B_TEMP_01 | 36.6 | NORMAL
2026-09-22 04:59:05 | WARD_B_TEMP_02 | 38.3 | CRITICAL
2026-09-22 04:59:05 | WARD_B_TEMP_03 | 39.0 | CRITICAL
2026-09-22 04:59:05 | WARD_B_TEMP_04 | 36.9 | NORMAL
2026-09-22 04:59:05 | WARD_B_TEMP_05 | 34.9 | CRITICAL
2026-09-22 04:59:06 | WARD_B_TEMP_01 | 34.7 | CRITICAL
2026-09-22 04:59:06 | WARD_B_TEMP_02 | 36.1 | NORMAL
2026-09-22 04:59:06 | WARD_B_TEMP_03 | 37.5 | WARNING
2026-09-22 04:59:06 | WARD_B_TEMP_04 | 37.3 | NORMAL
2026-09-22 04:59:06 | WARD_B_TEMP_05 | 35.0 | CRITICAL
2026-09-22 04:59:07 | WARD_B_TEMP_01 | 38.8 | CRITICAL
2026-09-22 04:59:07 | WARD_B_TEMP_02 | 39.3 | CRITICAL
2026-09-22 04:59:07 | WARD_B_TEMP_03 | 36.9 | NORMAL
2026-09-22 04:59:07 | WARD_B_TEMP_04 | 38.4 | CRITICAL
2026-09-22 04:59:07 | WARD_B_TEMP_05 | 36.6 | NORMAL
2026-09-22 04:59:08 | WARD_B_TEMP_01 | 39.3 | CRITICAL
2026-09-22 04:59:08 | WARD_B_TEMP_02 | 36.3 | NORMAL
2026-09-22 04:59:08 | WARD_B_TEMP_03 | 40.0 | CRITICAL
2026-09-22 04:59:08 | WARD_B_TEMP_04 | 37.7 | WARNING
2026-09-22 04:59:08 | WARD_B_TEMP_05 | 34.7 | CRITICAL
2026-09-22 04:59:09 | WARD_B_TEMP_01 | 37.2 | NORMAL
2026-09-22 04:59:09 | WARD_B_TEMP_02 | 38.2 | CRITICAL
2026-09-22 04:59:09 | WARD_B_TEMP_03 | 38.5 | CRITICAL
2026-09-22 04:59:09 | WARD_B_TEMP_04 | 38.2 | CRITICAL
2026-09-22 04:59:09 | WARD_B_TEMP_05 | 39.2 | CRITICAL
2026-09-22 04:59:10 | WARD_B_TEMP_01 | 39.7 | CRITICAL
2026-09-22 04:59:10 | WARD_B_TEMP_02 | 35.1 | CRITICAL
2026-09-22 04:59:10 | WARD_B_TEMP_03 | 35.4 | CRITICAL
2026-09-22 04:59:10 | WARD_B_TEMP_04 | 39.5 | CRITICAL
2026-09-22 04:59:10 | WARD_B_TEMP_05 | 40.2 | CRITICAL
2026-09-22 04:59:11 | WARD_B_TEMP_01 | 39.6 | CRITICAL
2026-09-22 04:59:11 | WARD_B_TEMP_02 | 40.1 | CRITICAL
2026-09-22 04:59:11 | WARD_B_TEMP_03 | 37.5 | WARNING
2026-09-22 04:59:11 | WARD_B_TEMP_04 | 39.2 | CRITICAL
2026-09-22 04:59:11 | WARD_B_TEMP_05 | 37.2 | NORMAL
2026-09-22 04:59:12 | WARD_B_TEMP_01 | 38.5 | CRITICAL
2026-09-22 04:59:12 | WARD_B_TEMP_02 | 36.2 | NORMAL
2026-09-22 04:59:12 | WARD_B_TEMP_03 | 36.5 | NORMAL
2026-09-22 04:59:12 | WARD_B_TEMP_04 | 38.3 | CRITICAL
2026-09-22 04:59:12 | WARD_B_TEMP_05 | 37.2 | NORMAL
2026-09-22 04:59:13 | WARD_B_TEMP_01 | 37.1 | NORMAL
2026-09-22 04:59:13 | WARD_B_TEMP_02 | 37.0 | NORMAL
2026-09-22 04:59:13 | WARD_B_TEMP_03 | 34.5 | CRITICAL
2026-09-22 04:59:13 | WARD_B_TEMP_04 | 36.8 | NORMAL
2026-09-22 04:59:13 | WARD_B_TEMP_05 | 37.4 | NORMAL
2026-09-22 04:59:14 | WARD_B_TEMP_01 | 35.6 | NORMAL
2026-09-22 04:59:14 | WARD_B_TEMP_02 | 36.0 | NORMAL
2026-09-22 04:59:14 | WARD_B_TEMP_03 | 40.0 | CRITICAL
2026-09-22 04:59:14 | WARD_B_TEMP_04 | 35.4 | CRITICAL
2026-09-22 04:59:14 | WARD_B_TEMP_05 | 36.9 | NORMAL
2026-09-22 04:59:15 | WARD_B_TEMP_01 | 36.2 | NORMAL
2026-09-22 04:59:15 | WARD_B_TEMP_02 | 40.2 | CRITICAL
2026-09-22 04:59:15 | WARD_B_TEMP_03 | 38.4 | CRITICAL
2026-09-22 04:59:15 | WARD_B_TEMP_04 | 37.3 | NORMAL
2026-09-22 04:59:15 | WARD_B_TEMP_05 | 34.7 | CRITICAL
2026-09-22 04:59:16 | WARD_B_TEMP_01 | 37.2 | NORMAL
2026-09-22 04:59:16 | WARD_B_TEMP_02 | 34.5 | CRITICAL
2026-09-22 04:59:16 | WARD_B_TEMP_03 | 39.0 | CRITICAL
2026-09-22 04:59:16 | WARD_B_TEMP_04 | 39.2 | CRITICAL
2026-09-22 04:59:16 | WARD_B_TEMP_05 | 37.0 | NORMAL
2026-09-22 04:59:17 | WARD_B_TEMP_01 | 38.5 | CRITICAL
2026-09-22 04:59:17 | WARD_B_TEMP_02 | 39.3 | CRITICAL
2026-09-22 04:59:17 | WARD_B_TEMP_03 | 34.8 | CRITICAL
2026-09-22 04:59:17 | WARD_B_TEMP_04 | 35.0 | CRITICAL
2026-09-22 04:59:17 | WARD_B_TEMP_05 | 35.6 | NORMAL
2026-09-22 04:59:18 | WARD_B_TEMP_01 | 36.7 | NORMAL
2026-09-22 04:59:18 | WARD_B_TEMP_02 | 35.5 | NORMAL
2026-09-22 04:59:18 | WARD_B_TEMP_03 | 40.1 | CRITICAL
2026-09-22 04:59:18 | WARD_B_TEMP_04 | 34.6 | CRITICAL
2026-09-22 04:59:18 | WARD_B_TEMP_05 | 34.9 | CRITICAL
2026-09-22 04:59:19 | WARD_B_TEMP_01 | 36.7 | NORMAL
2026-09-22 04:59:19 | WARD_B_TEMP_02 | 39.0 | CRITICAL
2026-09-22 04:59:19 | WARD_B_TEMP_03 | 36.0 | NORMAL
2026-09-22 04:59:19 | WARD_B_TEMP_04 | 37.8 | WARNING
2026-09-22 04:59:19 | WARD_B_TEMP_05 | 35.0 | CRITICAL
2026-09-22 04:59:20 | WARD_B_TEMP_01 | 34.6 | CRITICAL
2026-09-22 04:59:20 | WARD_B_TEMP_02 | 38.5 | CRITICAL
2026-09-22 04:59:20 | WARD_B_TEMP_03 | 36.5 | NORMAL
2026-09-22 04:59:20 | WARD_B_TEMP_04 | 39.1 | CRITICAL
2026-09-22 04:59:20 | WARD_B_TEMP_05 | 38.6 | CRITICAL
2026-09-22 04:59:21 | WARD_B_TEMP_01 | 35.1 | CRITICAL
2026-09-22 04:59:21 | WARD_B_TEMP_02 | 36.3 | NORMAL
2026-09-22 04:59:21 | WARD_B_TEMP_03 | 35.6 | NORMAL
2026-09-22 04:59:21 | WARD_B_TEMP_04 | 34.7 | CRITICAL
2026-09-22 04:59:21 | WARD_B_TEMP_05 | 37.9 | WARNING
2026-09-22 04:59:22 | WARD_B_TEMP_01 | 37.0 | NORMAL
2026-09-22 04:59:22 | WARD_B_TEMP_02 | 35.6 | NORMAL
2026-09-22 04:59:22 | WARD_B_TEMP_03 | 36.4 | NORMAL
2026-09-22 04:59:22 | WARD_B_TEMP_04 | 35.8 | NORMAL
2026-09-22 04:59:22 | WARD_B_TEMP_05 | 37.4 | NORMAL
2026-09-22 04:59:23 | WARD_B_TEMP_01 | 36.2 | NORMAL
2026-09-22 04:59:23 | WARD_B_TEMP_02 | 40.0 | CRITICAL
2026-09-22 04:59:23 | WARD_B_TEMP_03 | 36.5 | NORMAL
2026-09-22 04:59:23 | WARD_B_TEMP_04 | 40.4 | CRITICAL
2026-09-22 04:59:23 | WARD_B_TEMP_05 | 35.9 | NORMAL
2026-09-22 04:59:24 | WARD_B_TEMP_01 | 40.2 | CRITICAL
2026-09-22 04:59:24 | WARD_B_TEMP_02 | 35.2 | CRITICAL
2026-09-22 04:59:24 | WARD_B_TEMP_03 | 35.3 | CRITICAL
2026-09-22 04:59:24 | WARD_B_TEMP_04 | 34.5 | CRITICAL
2026-09-22 04:59:24 | WARD_B_TEMP_05 | 34.6 | CRITICAL
2026-09-22 04:59:25 | WARD_B_TEMP_01 | 35.9 | NORMAL
2026-09-22 04:59:25 | WARD_B_TEMP_02 | 37.7 | WARNING
2026-09-22 04:59:25 | WARD_B_TEMP_03 | 40.3 | CRITICAL
2026-09-22 04:59:25 | WARD_B_TEMP_04 | 37.7 | WARNING
2026-09-22 04:59:25 | WARD_B_TEMP_05 | 37.3 | NORMAL
2026-09-22 04:59:26 | WARD_B_TEMP_01 | 36.3 | NORMAL
2026-09-22 04:59:26 | WARD_B_TEMP_02 | 40.2 | CRITICAL
2026-09-22 04:59:26 | WARD_B_TEMP_03 | 37.3 | NORMAL
2026-09-22 04:59:26 | WARD_B_TEMP_04 | 35.6 | NORMAL
2026-09-22 04:59:26 | WARD_B_TEMP_05 | 35.8 | NORMAL
2026-09-22 04:59:27 | WARD_B_TEMP_01 | 36.8 | NORMAL
2026-09-22 04:59:27 | WARD_B_TEMP_02 | 38.6 | CRITICAL
2026-09-22 04:59:27 | WARD_B_TEMP_03 | 39.4 | CRITICAL
2026-09-22 04:59:27 | WARD_B_TEMP_04 | 38.7 | CRITICAL
2026-09-22 04:59:27 | WARD_B_TEMP_05 | 37.4 | NORMAL
2026-09-22 04:59:28 | WARD_B_TEMP_01 | 39.6 | CRITICAL
2026-09-22 04:59:28 | WARD_B_TEMP_02 | 38.2 | CRITICAL
2026-09-22 04:59:28 | WARD_B_TEMP_03 | 35.2 | CRITICAL
2026-09-22 04:59:28 | WARD_B_TEMP_04 | 35.7 | NORMAL
2026-09-22 04:59:28 | WARD_B_TEMP_05 | 38.2 | CRITICAL
2026-09-22 04:59:29 | WARD_B_TEMP_01 | 39.5 | CRITICAL
2026-09-22 04:59:29 | WARD_B_TEMP_02 | 39.4 | CRITICAL
2026-09-22 04:59:29 | WARD_B_TEMP_03 | 39.1 | CRITICAL
2026-09-22 04:59:29 | WARD_B_TEMP_04 | 35.6 | NORMAL
2026-09-22 04:59:29 | WARD_B_TEMP_05 | 36.4 | NORMAL
2026-09-22 04:59:30 | WARD_B_TEMP_01 | 39.0 | CRITICAL
2026-09-22 04:59:30 | WARD_B_TEMP_02 | 39.0 | CRITICAL
2026-09-22 04:59:30 | WARD_B_TEMP_03 | 38.5 | CRITICAL
2026-09-22 04:59:30 | WARD_B_TEMP_04 | 38.7 | CRITICAL
2026-09-22 04:59:30 | WARD_B_TEMP_05 | 37.8 | WARNING
2026-09-22 04:59:31 | WARD_B_TEMP_01 | 38.1 | CRITICAL
2026-09-22 04:59:31 | WARD_B_TEMP_02 | 38.6 | CRITICAL
2026-09-22 04:59:31 | WARD_B_TEMP_03 | 39.9 | CRITICAL
2026-09-22 04:59:31 | WARD_B_TEMP_04 | 36.3 | NORMAL
2026-09-22 04:59:31 | WARD_B_TEMP_05 | 38.2 | CRITICAL
2026-09-22 04:59:32 | WARD_B_TEMP_01 | 39.5 | CRITICAL
2026-09-22 04:59:32 | WARD_B_TEMP_02 | 34.6 | CRITICAL
2026-09-22 04:59:32 | WARD_B_TEMP_03 | 39.5 | CRITICAL
2026-09-22 04:59:32 | WARD_B_TEMP_04 | 36.2 | NORMAL
2026-09-22 04:59:32 | WARD_B_TEMP_05 | 37.1 | NORMAL
2026-09-22 04:59:33 | WARD_B_TEMP_01 | 38.0 | WARNING
2026-09-22 04:59:33 | WARD_B_TEMP_02 | 35.4 | CRITICAL
2026-09-22 04:59:33 | WARD_B_TEMP_03 | 34.7 | CRITICAL
2026-09-22 04:59:33 | WARD_B_TEMP_04 | 37.1 | NORMAL
2026-09-22 04:59:33 | WARD_B_TEMP_05 | 37.5 | WARNING
2026-09-22 04:59:34 | WARD_B_TEMP_01 | 35.6 | NORMAL
2026-09-22 04:59:34 | WARD_B_TEMP_02 | 39.8 | CRITICAL
2026-09-22 04:59:34 | WARD_B_TEMP_03 | 35.1 | CRITICAL
2026-09-22 04:59:34 | WARD_B_TEMP_04 | 39.1 | CRITICAL
2026-09-22 04:59:34 | WARD_B_TEMP_05 | 34.9 | CRITICAL
2026-09-22 04:59:35 | WARD_B_TEMP_01 | 38.9 | CRITICAL
2026-09-22 04:59:35 | WARD_B_TEMP_02 | 36.9 | NORMAL
2026-09-22 04:59:35 | WARD_B_TEMP_03 | 35.8 | NORMAL
2026-09-22 04:59:35 | WARD_B_TEMP_04 | 36.4 | NORMAL
2026-09-22 04:59:35 | WARD_B_TEMP_05 | 35.8 | NORMAL
2026-09-22 04:59:36 | WARD_B_TEMP_01 | 37.6 | WARNING
2026-09-22 04:59:36 | WARD_B_TEMP_02 | 36.0 | NORMAL
2026-09-22 04:59:36 | WARD_B_TEMP_03 | 35.5 | NORMAL
2026-09-22 04:59:36 | WARD_B_TEMP_04 | 36.4 | NORMAL
2026-09-22 04:59:36 | WARD_B_TEMP_05 | 36.4 | NORMAL
2026-09-22 04:59:37 | WARD_B_TEMP_01 | 38.0 | WARNING
2026-09-22 04:59:37 | WARD_B_TEMP_02 | 36.5 | NORMAL
2026-09-22 04:59:37 | WARD_B_TEMP_03 | 40.3 | CRITICAL
2026-09-22 04:59:37 | WARD_B_TEMP_04 | 40.1 | CRITICAL
2026-09-22 04:59:37 | WARD_B_TEMP_05 | 37.5 | WARNING
2026-09-22 04:59:38 | WARD_B_TEMP_01 | 36.3 | NORMAL
2026-09-22 04:59:38 | WARD_B_TEMP_02 | 40.3 | CRITICAL
2026-09-22 04:59:38 | WARD_B_TEMP_03 | 38.6 | CRITICAL
2026-09-22 04:59:38 | WARD_B_TEMP_04 | 34.8 | CRITICAL
2026-09-22 04:59:38 | WARD_B_TEMP_05 | 37.6 | WARNING
2026-09-22 04:59:39 | WARD_B_TEMP_01 | 36.7 | NORMAL
2026-09-22 04:59:39 | WARD_B_TEMP_02 | 37.5 | WARNING
2026-09-22 04:59:39 | WARD_B_TEMP_03 | 35.4 | CRITICAL
2026-09-22 04:59:39 | WARD_B_TEMP_04 | 39.8 | CRITICAL
2026-09-22 04:59:39 | WARD_B_TEMP_05 | 36.9 | NORMAL
2026-09-22 04:59:40 | WARD_B_TEMP_01 | 38.0 | WARNING
2026-09-22 04:59:40 | WARD_B_TEMP_02 | 35.0 | CRITICAL
2026-09-22 04:59:40 | WARD_B_TEMP_03 | 38.4 | CRITICAL
2026-09-22 04:59:40 | WARD_B_TEMP_04 | 38.8 | CRITICAL
2026-09-22 04:59:40 | WARD_B_TEMP_05 | 37.2 | NORMAL
2026-09-22 04:59:41 | WARD_B_TEMP_01 | 36.5 | NORMAL
2026-09-22 04:59:41 | WARD_B_TEMP_02 | 34.8 | CRITICAL
2026-09-22 04:59:41 | WARD_B_TEMP_03 | 38.1 | CRITICAL
2026-09-22 04:59:41 | WARD_B_TEMP_04 | 38.5 | CRITICAL
2026-09-22 04:59:41 | WARD_B_TEMP_05 | 37.7 | WARNING
2026-09-22 04:59:42 | WARD_B_TEMP_01 | 35.0 | CRITICAL
2026-09-22 04:59:42 | WARD_B_TEMP_02 | 37.0 | NORMAL
2026-09-22 04:59:42 | WARD_B_TEMP_03 | 37.8 | WARNING
2026-09-22 04:59:42 | WARD_B_TEMP_04 | 37.9 | WARNING
2026-09-22 04:59:42 | WARD_B_TEMP_05 | 37.5 | WARNING
2026-09-22 04:59:43 | WARD_B_TEMP_01 | 35.2 | CRITICAL
2026-09-22 04:59:43 | WARD_B_TEMP_02 | 36.2 | NORMAL
2026-09-22 04:59:43 | WARD_B_TEMP_03 | 38.6 | CRITICAL
2026-09-22 04:59:43 | WARD_B_TEMP_04 | 38.0 | WARNING
2026-09-22 04:59:43 | WARD_B_TEMP_05 | 34.9 | CRITICAL
2026-09-22 04:59:44 | WARD_B_TEMP_01 | 37.7 | WARNING
2026-09-22 04:59:44 | WARD_B_TEMP_02 | 39.3 | CRITICAL
2026-09-22 04:59:44 | WARD_B_TEMP_03 | 39.9 | CRITICAL
2026-09-22 04:59:44 | WARD_B_TEMP_04 | 37.2 | NORMAL
2026-09-22 04:59:44 | WARD_B_TEMP_05 | 36.3 | NORMAL
2026-09-22 04:59:45 | WARD_B_TEMP_01 | 35.1 | CRITICAL
2026-09-22 04:59:45 | WARD_B_TEMP_02 | 36.5 | NORMAL
2026-09-22 04:59:45 | WARD_B_TEMP_03 | 39.2 | CRITICAL
2026-09-22 04:59:45 | WARD_B_TEMP_04 | 39.4 | CRITICAL
2026-09-22 04:59:45 | WARD_B_TEMP_05 | 40.4 | CRITICAL
2026-09-22 04:59:46 | WARD_B_TEMP_01 | 39.5 | CRITICAL
2026-09-22 04:59:46 | WARD_B_TEMP_02 | 40.1 | CRITICAL
2026-09-22 04:59:46 | WARD_B_TEMP_03 | 37.2 | NORMAL
2026-09-22 04:59:46 | WARD_B_TEMP_04 | 38.6 | CRITICAL
2026-09-22 04:59:46 | WARD_B_TEMP_05 | 39.9 | CRITICAL
2026-09-22 04:59:47 | WARD_B_TEMP_01 | 39.2 | CRITICAL
2026-09-22 04:59:47 | WARD_B_TEMP_02 | 38.0 | WARNING
2026-09-22 04:59:47 | WARD_B_TEMP_03 | 39.7 | CRITICAL
2026-09-22 04:59:47 | WARD_B_TEMP_04 | 40.0 | CRITICAL
2026-09-22 04:59:47 | WARD_B_TEMP_05 | 37.3 | NORMAL
2026-09-22 04:59:48 | WARD_B_TEMP_01 | 34.9 | CRITICAL
2026-09-22 04:59:48 | WARD_B_TEMP_02 | 34.7 | CRITICAL
2026-09-22 04:59:48 | WARD_B_TEMP_03 | 36.9 | NORMAL
2026-09-22 04:59:48 | WARD_B_TEMP_04 | 38.7 | CRITICAL
2026-09-22 04:59:48 | WARD_B_TEMP_05 | 38.2 | CRITICAL
2026-09-22 04:59:49 | WARD_B_TEMP_01 | 38.7 | CRITICAL
2026-09-22 04:59:49 | WARD_B_TEMP_02 | 40.2 | CRITICAL
2026-09-22 04:59:49 | WARD_B_TEMP_03 | 37.0 | NORMAL
2026-09-22 04:59:49 | WARD_B_TEMP_04 | 40.2 | CRITICAL
2026-09-22 04:59:49 | WARD_B_TEMP_05 | 39.1 | CRITICAL
2026-09-22 04:59:50 | WARD_B_TEMP_01 | 40.5 | CRITICAL
2026-09-22 04:59:50 | WARD_B_TEMP_02 | 39.0 | CRITICAL
2026-09-22 04:59:50 | WARD_B_TEMP_03 | 39.9 | CRITICAL
2026-09-22 04:59:50 | WARD_B_TEMP_04 | 36.2 | NORMAL
2026-09-22 04:59:50 | WARD_B_TEMP_05 | 40.0 | CRITICAL
2026-09-22 04:59:51 | WARD_B_TEMP_01 | 35.9 | NORMAL
2026-09-22 04:59:51 | WARD_B_TEMP_02 | 39.6 | CRITICAL
2026-09-22 04:59:51 | WARD_B_TEMP_03 | 39.0 | CRITICAL
2026-09-22 04:59:51 | WARD_B_TEMP_04 | 35.3 | CRITICAL
2026-09-22 04:59:51 | WARD_B_TEMP_05 | 36.7 | NORMAL
2026-09-22 04:59:52 | WARD_B_TEMP_01 | 39.6 | CRITICAL
2026-09-22 04:59:52 | WARD_B_TEMP_02 | 34.7 | CRITICAL
2026-09-22 04:59:52 | WARD_B_TEMP_03 | 37.9 | WARNING
2026-09-22 04:59:52 | WARD_B_TEMP_04 | 37.9 | WARNING
2026-09-22 04:59:52 | WARD_B_TEMP_05 | 38.4 | CRITICAL
2026-09-22 04:59:53 | WARD_B_TEMP_01 | 40.3 | CRITICAL
2026-09-22 04:59:53 | WARD_B_TEMP_02 | 38.7 | CRITICAL
2026-09-22 04:59:53 | WARD_B_TEMP_03 | 40.1 | CRITICAL
2026-09-22 04:59:53 | WARD_B_TEMP_04 | 35.5 | NORMAL
2026-09-22 04:59:53 | WARD_B_TEMP_05 | 35.6 | NORMAL
2026-09-22 04:59:54 | WARD_B_TEMP_01 | 35.6 | NORMAL
2026-09-22 04:59:54 | WARD_B_TEMP_02 | 39.1 | CRITICAL
2026-09-22 04:59:54 | WARD_B_TEMP_03 | 37.8 | WARNING
2026-09-22 04:59:54 | WARD_B_TEMP_04 | 37.9 | WARNING
2026-09-22 04:59:54 | WARD_B_TEMP_05 | 38.6 | CRITICAL
2026-09-22 04:59:55 | WARD_B_TEMP_01 | 38.9 | CRITICAL
2026-09-22 04:59:55 | WARD_B_TEMP_02 | 35.6 | NORMAL
2026-09-22 04:59:55 | WARD_B_TEMP_03 | 36.9 | NORMAL
2026-09-22 04:59:55 | WARD_B_TEMP_04 | 38.1 | CRITICAL
2026-09-22 04:59:55 | WARD_B_TEMP_05 | 35.9 | NORMAL
2026-09-22 04:59:56 | WARD_B_TEMP_01 | 38.6 | CRITICAL
2026-09-22 04:59:56 | WARD_B_TEMP_02 | 38.3 | CRITICAL
2026-09-22 04:59:56 | WARD_B_TEMP_03 | 38.6 | CRITICAL
2026-09-22 04:59:56 | WARD_B_TEMP_04 | 38.2 | CRITICAL
2026-09-22 04:59:56 | WARD_B_TEMP_05 | 36.9 | NORMAL
2026-09-22 04:59:57 | WARD_B_TEMP_01 | 37.4 | NORMAL
2026-09-22 04:59:57 | WARD_B_TEMP_02 | 37.2 | NORMAL
2026-09-22 04:59:57 | WARD_B_TEMP_03 | 39.3 | CRITICAL
2026-09-22 04:59:57 | WARD_B_TEMP_04 | 35.5 | NORMAL
2026-09-22 04:59:57 | WARD_B_TEMP_05 | 37.0 | NORMAL
2026-09-22 04:59:58 | WARD_B_TEMP_01 | 34.7 | CRITICAL
2026-09-22 04:59:58 | WARD_B_TEMP_02 | 40.0 | CRITICAL
2026-09-22 04:59:58 | WARD_B_TEMP_03 | 35.1 | CRITICAL
2026-09-22 04:59:58 | WARD_B_TEMP_04 | 39.1 | CRITICAL
2026-09-22 04:59:58 | WARD_B_TEMP_05 | 36.6 | NORMAL
2026-09-22 04:59:59 | WARD_B_TEMP_01 | 38.8 | CRITICAL
2026-09-22 04:59:59 | WARD_B_TEMP_02 | 36.7 | NORMAL
2026-09-22 04:59:59 | WARD_B_TEMP_03 | 39.8 | CRITICAL
2026-09-22 04:59:59 | WARD_B_TEMP_04 | 35.0 | CRITICAL
2026-09-22 04:59:59 | WARD_B_TEMP_05 | 36.0 | NORMAL
2026-09-22 05:00:00 | WARD_B_TEMP_01 | 39.6 | CRITICAL
2026-09-22 05:00:00 | WARD_B_TEMP_02 | 35.9 | NORMAL
2026-09-22 05:00:00 | WARD_B_TEMP_03 | 34.8 | CRITICAL
2026-09-22 05:00:00 | WARD_B_TEMP_04 | 36.2 | NORMAL
2026-09-22 05:00:00 | WARD_B_TEMP_05 | 36.6 | NORMAL
2026-09-22 05:00:01 | WARD_B_TEMP_01 | 36.5 | NORMAL
2026-09-22 05:00:01 | WARD_B_TEMP_02 | 36.2 | NORMAL
2026-09-22 05:00:01 | WARD_B_TEMP_03 | 36.5 | NORMAL
2026-09-22 05:00:01 | WARD_B_TEMP_04 | 38.9 | CRITICAL
2026-09-22 05:00:01 | WARD_B_TEMP_05 | 34.9 | CRITICAL
2026-09-22 05:00:02 | WARD_B_TEMP_01 | 35.2 | CRITICAL
2026-09-22 05:00:02 | WARD_B_TEMP_02 | 38.9 | CRITICAL
2026-09-22 05:00:02 | WARD_B_TEMP_03 | 39.0 | CRITICAL
2026-09-22 05:00:02 | WARD_B_TEMP_04 | 36.9 | NORMAL
2026-09-22 05:00:02 | WARD_B_TEMP_05 | 37.1 | NORMAL
2026-09-22 05:00:03 | WARD_B_TEMP_01 | 39.6 | CRITICAL
2026-09-22 05:00:03 | WARD_B_TEMP_02 | 36.1 | NORMAL
2026-09-22 05:00:03 | WARD_B_TEMP_03 | 34.7 | CRITICAL
2026-09-22 05:00:03 | WARD_B_TEMP_04 | 37.4 | NORMAL
2026-09-22 05:00:03 | WARD_B_TEMP_05 | 38.5 | CRITICAL
2026-09-22 05:00:04 | WARD_B_TEMP_01 | 37.2 | NORMAL
2026-09-22 05:00:04 | WARD_B_TEMP_02 | 35.8 | NORMAL
2026-09-22 05:00:04 | WARD_B_TEMP_03 | 40.4 | CRITICAL
2026-09-22 05:00:04 | WARD_B_TEMP_04 | 39.8 | CRITICAL
2026-09-22 05:00:04 | WARD_B_TEMP_05 | 39.5 | CRITICAL
2026-09-22 05:00:05 | WARD_B_TEMP_01 | 39.8 | CRITICAL
2026-09-22 05:00:05 | WARD_B_TEMP_02 | 34.7 | CRITICAL
2026-09-22 05:00:05 | WARD_B_TEMP_03 | 36.5 | NORMAL
2026-09-22 05:00:05 | WARD_B_TEMP_04 | 36.0 | NORMAL
2026-09-22 05:00:05 | WARD_B_TEMP_05 | 38.2 | CRITICAL
2026-09-22 05:00:06 | WARD_B_TEMP_01 | 39.5 | CRITICAL
2026-09-22 05:00:06 | WARD_B_TEMP_02 | 35.8 | NORMAL
2026-09-22 05:00:06 | WARD_B_TEMP_03 | 38.2 | CRITICAL
2026-09-22 05:00:06 | WARD_B_TEMP_04 | 36.7 | NORMAL
2026-09-22 05:00:06 | WARD_B_TEMP_05 | 35.0 | CRITICAL
2026-09-22 05:00:07 | WARD_B_TEMP_01 | 39.2 | CRITICAL
2026-09-22 05:00:07 | WARD_B_TEMP_02 | 34.7 | CRITICAL
2026-09-22 05:00:07 | WARD_B_TEMP_03 | 35.7 | NORMAL
2026-09-22 05:00:07 | WARD_B_TEMP_04 | 38.9 | CRITICAL
2026-09-22 05:00:07 | WARD_B_TEMP_05 | 38.3 | CRITICAL
2026-09-22 05:00:08 | WARD_B_TEMP_01 | 38.6 | CRITICAL
2026-09-22 05:00:08 | WARD_B_TEMP_02 | 35.4 | CRITICAL
2026-09-22 05:00:08 | WARD_B_TEMP_03 | 40.5 | CRITICAL
2026-09-22 05:00:08 | WARD_B_TEMP_04 | 37.7 | WARNING
2026-09-22 05:00:08 | WARD_B_TEMP_05 | 40.1 | CRITICAL
2026-09-22 05:00:09 | WARD_B_TEMP_01 | 35.2 | CRITICAL
2026-09-22 05:00:09 | WARD_B_TEMP_02 | 35.4 | CRITICAL
2026-09-22 05:00:09 | WARD_B_TEMP_03 | 38.3 | CRITICAL
2026-09-22 05:00:09 | WARD_B_TEMP_04 | 36.7 | NORMAL
2026-09-22 05:00:09 | WARD_B_TEMP_05 | 34.6 | CRITICAL
2026-09-22 05:00:10 | WARD_B_TEMP_01 | 38.7 | CRITICAL
2026-09-22 05:00:10 | WARD_B_TEMP_02 | 37.9 | WARNING
2026-09-22 05:00:10 | WARD_B_TEMP_03 | 35.1 | CRITICAL
2026-09-22 05:00:10 | WARD_B_TEMP_04 | 34.6 | CRITICAL
2026-09-22 05:00:10 | WARD_B_TEMP_05 | 35.5 | NORMAL
2026-09-22 05:00:11 | WARD_B_TEMP_01 | 38.0 | WARNING
2026-09-22 05:00:11 | WARD_B_TEMP_02 | 37.5 | WARNING
2026-09-22 05:00:11 | WARD_B_TEMP_03 | 35.4 | CRITICAL
2026-09-22 05:00:11 | WARD_B_TEMP_04 | 36.0 | NORMAL
2026-09-22 05:00:11 | WARD_B_TEMP_05 | 38.1 | CRITICAL
2026-09-22 05:00:12 | WARD_B_TEMP_01 | 40.4 | CRITICAL
2026-09-22 05:00:12 | WARD_B_TEMP_02 | 36.8 | NORMAL
2026-09-22 05:00:12 | WARD_B_TEMP_03 | 35.5 | NORMAL
2026-09-22 05:00:12 | WARD_B_TEMP_04 | 38.5 | CRITICAL
2026-09-22 05:00:12 | WARD_B_TEMP_05 | 36.4 | NORMAL
2026-09-22 05:00:13 | WARD_B_TEMP_01 | 38.8 | CRITICAL
2026-09-22 05:00:13 | WARD_B_TEMP_02 | 40.1 | CRITICAL
2026-09-22 05:00:13 | WARD_B_TEMP_03 | 38.5 | CRITICAL
2026-09-22 05:00:13 | WARD_B_TEMP_04 | 38.5 | CRITICAL
2026-09-22 05:00:13 | WARD_B_TEMP_05 | 36.5 | NORMAL
2026-09-22 05:00:14 | WARD_B_TEMP_01 | 36.0 | NORMAL
2026-09-22 05:00:14 | WARD_B_TEMP_02 | 36.4 | NORMAL
2026-09-22 05:00:14 | WARD_B_TEMP_03 | 37.4 | NORMAL
2026-09-22 05:00:14 | WARD_B_TEMP_04 | 37.6 | WARNING
2026-09-22 05:00:14 | WARD_B_TEMP_05 | 39.6 | CRITICAL
2026-09-22 05:00:15 | WARD_B_TEMP_01 | 35.8 | NORMAL
2026-09-22 05:00:15 | WARD_B_TEMP_02 | 39.6 | CRITICAL
2026-09-22 05:00:15 | WARD_B_TEMP_03 | 37.6 | WARNING
2026-09-22 05:00:15 | WARD_B_TEMP_04 | 36.9 | NORMAL
2026-09-22 05:00:15 | WARD_B_TEMP_05 | 38.6 | CRITICAL
2026-09-22 05:00:16 | WARD_B_TEMP_01 | 36.9 | NORMAL
2026-09-22 05:00:16 | WARD_B_TEMP_02 | 40.0 | CRITICAL
2026-09-22 05:00:16 | WARD_B_TEMP_03 | 37.5 | WARNING
2026-09-22 05:00:16 | WARD_B_TEMP_04 | 37.7 | WARNING
2026-09-22 05:00:16 | WARD_B_TEMP_05 | 40.1 | CRITICAL
2026-09-22 05:00:17 | WARD_B_TEMP_01 | 38.4 | CRITICAL
2026-09-22 05:00:17 | WARD_B_TEMP_02 | 37.3 | NORMAL
2026-09-22 05:00:17 | WARD_B_TEMP_03 | 40.2 | CRITICAL
2026-09-22 05:00:17 | WARD_B_TEMP_04 | 38.2 | CRITICAL
2026-09-22 05:00:17 | WARD_B_TEMP_05 | 38.4 | CRITICAL
2026-09-22 05:00:18 | WARD_B_TEMP_01 | 38.1 | CRITICAL
2026-09-22 05:00:18 | WARD_B_TEMP_02 | 37.9 | WARNING
2026-09-22 05:00:18 | WARD_B_TEMP_03 | 34.8 | CRITICAL
2026-09-22 05:00:18 | WARD_B_TEMP_04 | 36.4 | NORMAL
2026-09-22 05:00:18 | WARD_B_TEMP_05 | 39.0 | CRITICAL
2026-09-22 05:00:19 | WARD_B_TEMP_01 | 36.3 | NORMAL
2026-09-22 05:00:19 | WARD_B_TEMP_02 | 40.0 | CRITICAL
2026-09-22 05:00:19 | WARD_B_TEMP_03 | 34.9 | CRITICAL
2026-09-22 05:00:19 | WARD_B_TEMP_04 | 37.8 | WARNING
2026-09-22 05:00:19 | WARD_B_TEMP_05 | 35.9 | NORMAL
2026-09-22 05:00:20 | WARD_B_TEMP_01 | 37.4 | NORMAL
2026-09-22 05:00:20 | WARD_B_TEMP_02 | 39.2 | CRITICAL
2026-09-22 05:00:20 | WARD_B_TEMP_03 | 34.7 | CRITICAL
2026-09-22 05:00:20 | WARD_B_TEMP_04 | 34.5 | CRITICAL
2026-09-22 05:00:20 | WARD_B_TEMP_05 | 38.3 | CRITICAL
2026-09-22 05:00:21 | WARD_B_TEMP_01 | 37.6 | WARNING
2026-09-22 05:00:21 | WARD_B_TEMP_02 | 37.1 | NORMAL
2026-09-22 05:00:21 | WARD_B_TEMP_03 | 36.5 | NORMAL
2026-09-22 05:00:21 | WARD_B_TEMP_04 | 40.1 | CRITICAL
2026-09-22 05:00:21 | WARD_B_TEMP_05 | 40.4 | CRITICAL
2026-09-22 05:00:22 | WARD_B_TEMP_01 | 38.4 | CRITICAL
2026-09-22 05:00:22 | WARD_B_TEMP_02 | 38.0 | WARNING
2026-09-22 05:00:22 | WARD_B_TEMP_03 | 40.3 | CRITICAL
2026-09-22 05:00:22 | WARD_B_TEMP_04 | 36.6 | NORMAL
2026-09-22 05:00:22 | WARD_B_TEMP_05 | 39.7 | CRITICAL
2026-09-22 05:00:23 | WARD_B_TEMP_01 | 37.9 | WARNING
2026-09-22 05:00:23 | WARD_B_TEMP_02 | 37.1 | NORMAL
2026-09-22 05:00:23 | WARD_B_TEMP_03 | 34.8 | CRITICAL
2026-09-22 05:00:23 | WARD_B_TEMP_04 | 36.9 | NORMAL
2026-09-22 05:00:23 | WARD_B_TEMP_05 | 36.5 | NORMAL
2026-09-22 05:00:24 | WARD_B_TEMP_01 | 40.1 | CRITICAL
2026-09-22 05:00:24 | WARD_B_TEMP_02 | 36.1 | NORMAL
2026-09-22 05:00:24 | WARD_B_TEMP_03 | 35.8 | NORMAL
2026-09-22 05:00:24 | WARD_B_TEMP_04 | 40.1 | CRITICAL
2026-09-22 05:00:24 | WARD_B_TEMP_05 | 37.5 | WARNING
2026-09-22 05:00:25 | WARD_B_TEMP_01 | 40.1 | CRITICAL
2026-09-22 05:00:25 | WARD_B_TEMP_02 | 35.3 | CRITICAL
2026-09-22 05:00:25 | WARD_B_TEMP_03 | 39.2 | CRITICAL
2026-09-22 05:00:25 | WARD_B_TEMP_04 | 39.8 | CRITICAL
2026-09-22 05:00:25 | WARD_B_TEMP_05 | 36.5 | NORMAL
2026-09-22 05:00:26 | WARD_B_TEMP_01 | 38.8 | CRITICAL
2026-09-22 05:00:26 | WARD_B_TEMP_02 | 39.4 | CRITICAL
2026-09-22 05:00:26 | WARD_B_TEMP_03 | 36.6 | NORMAL
2026-09-22 05:00:26 | WARD_B_TEMP_04 | 38.3 | CRITICAL
2026-09-22 05:00:26 | WARD_B_TEMP_05 | 36.7 | NORMAL
2026-09-22 05:00:27 | WARD_B_TEMP_01 | 37.0 | NORMAL
2026-09-22 05:00:27 | WARD_B_TEMP_02 | 36.1 | NORMAL
2026-09-22 05:00:27 | WARD_B_TEMP_03 | 37.1 | NORMAL
2026-09-22 05:00:27 | WARD_B_TEMP_04 | 39.4 | CRITICAL
2026-09-22 05:00:27 | WARD_B_TEMP_05 | 39.0 | CRITICAL
2026-09-22 05:00:28 | WARD_B_TEMP_01 | 34.9 | CRITICAL
2026-09-22 05:00:28 | WARD_B_TEMP_02 | 35.1 | CRITICAL
2026-09-22 05:00:28 | WARD_B_TEMP_03 | 36.8 | NORMAL
2026-09-22 05:00:28 | WARD_B_TEMP_04 | 40.4 | CRITICAL
2026-09-22 05:00:28 | WARD_B_TEMP_05 | 39.8 | CRITICAL
2026-09-22 05:00:29 | WARD_B_TEMP_01 | 36.9 | NORMAL
2026-09-22 05:00:29 | WARD_B_TEMP_02 | 36.2 | NORMAL
2026-09-22 05:00:29 | WARD_B_TEMP_03 | 35.2 | CRITICAL
2026-09-22 05:00:29 | WARD_B_TEMP_04 | 34.8 | CRITICAL
2026-09-22 05:00:29 | WARD_B_TEMP_05 | 36.9 | NORMAL
2026-09-22 05:00:30 | WARD_B_TEMP_01 | 36.2 | NORMAL
2026-09-22 05:00:30 | WARD_B_TEMP_02 | 35.7 | NORMAL
2026-09-22 05:00:30 | WARD_B_TEMP_03 | 36.9 | NORMAL
2026-09-22 05:00:30 | WARD_B_TEMP_04 | 37.7 | WARNING
2026-09-22 05:00:30 | WARD_B_TEMP_05 | 38.2 | CRITICAL
2026-09-22 05:00:31 | WARD_B_TEMP_01 | 39.7 | CRITICAL
2026-09-22 05:00:31 | WARD_B_TEMP_02 | 39.4 | CRITICAL
2026-09-22 05:00:31 | WARD_B_TEMP_03 | 37.9 | WARNING
2026-09-22 05:00:31 | WARD_B_TEMP_04 | 38.8 | CRITICAL
2026-09-22 05:00:31 | WARD_B_TEMP_05 | 40.3 | CRITICAL
2026-09-22 05:00:32 | WARD_B_TEMP_01 | 37.6 | WARNING
2026-09-22 05:00:32 | WARD_B_TEMP_02 | 37.5 | WARNING
2026-09-22 05:00:32 | WARD_B_TEMP_03 | 36.9 | NORMAL
2026-09-22 05:00:32 | WARD_B_TEMP_04 | 38.8 | CRITICAL
2026-09-22 05:00:32 | WARD_B_TEMP_05 | 39.5 | CRITICAL
2026-09-22 05:00:33 | WARD_B_TEMP_01 | 40.3 | CRITICAL
2026-09-22 05:00:33 | WARD_B_TEMP_02 | 35.3 | CRITICAL
2026-09-22 05:00:33 | WARD_B_TEMP_03 | 37.9 | WARNING
2026-09-22 05:00:33 | WARD_B_TEMP_04 | 38.8 | CRITICAL
2026-09-22 05:00:33 | WARD_B_TEMP_05 | 37.5 | WARNING
2026-09-22 05:00:34 | WARD_B_TEMP_01 | 35.3 | CRITICAL
2026-09-22 05:00:34 | WARD_B_TEMP_02 | 40.4 | CRITICAL
2026-09-22 05:00:34 | WARD_B_TEMP_03 | 38.7 | CRITICAL
2026-09-22 05:00:34 | WARD_B_TEMP_04 | 39.3 | CRITICAL
2026-09-22 05:00:34 | WARD_B_TEMP_05 | 34.7 | CRITICAL
2026-09-22 05:00:35 | WARD_B_TEMP_01 | 34.8 | CRITICAL
2026-09-22 05:00:35 | WARD_B_TEMP_02 | 37.7 | WARNING
2026-09-22 05:00:35 | WARD_B_TEMP_03 | 39.1 | CRITICAL
2026-09-22 05:00:35 | WARD_B_TEMP_04 | 36.7 | NORMAL
2026-09-22 05:00:35 | WARD_B_TEMP_05 | 37.3 | NORMAL
2026-09-22 05:00:36 | WARD_B_TEMP_01 | 36.9 | NORMAL
2026-09-22 05:00:36 | WARD_B_TEMP_02 | 38.7 | CRITICAL
2026-09-22 05:00:36 | WARD_B_TEMP_03 | 37.4 | NORMAL
2026-09-22 05:00:36 | WARD_B_TEMP_04 | 40.1 | CRITICAL
2026-09-22 05:00:36 | WARD_B_TEMP_05 | 34.5 | CRITICAL
2026-09-22 05:00:37 | WARD_B_TEMP_01 | 39.2 | CRITICAL
2026-09-22 05:00:37 | WARD_B_TEMP_02 | 38.2 | CRITICAL
2026-09-22 05:00:37 | WARD_B_TEMP_03 | 37.8 | WARNING
2026-09-22 05:00:37 | WARD_B_TEMP_04 | 37.1 | NORMAL
2026-09-22 05:00:37 | WARD_B_TEMP_05 | 38.6 | CRITICAL
2026-09-22 05:00:38 | WARD_B_TEMP_01 | 35.3 | CRITICAL
2026-09-22 05:00:38 | WARD_B_TEMP_02 | 40.4 | CRITICAL
2026-09-22 05:00:38 | WARD_B_TEMP_03 | 40.1 | CRITICAL
2026-09-22 05:00:38 | WARD_B_TEMP_04 | 37.7 | WARNING
2026-09-22 05:00:38 | WARD_B_TEMP_05 | 35.7 | NORMAL
2026-09-22 05:00:39 | WARD_B_TEMP_01 | 38.4 | CRITICAL
2026-09-22 05:00:39 | WARD_B_TEMP_02 | 37.2 | NORMAL
2026-09-22 05:00:39 | WARD_B_TEMP_03 | 34.6 | CRITICAL
2026-09-22 05:00:39 | WARD_B_TEMP_04 | 34.6 | CRITICAL
2026-09-22 05:00:39 | WARD_B_TEMP_05 | 37.3 | NORMAL
2026-09-22 05:00:40 | WARD_B_TEMP_01 | 38.7 | CRITICAL
2026-09-22 05:00:40 | WARD_B_TEMP_02 | 39.7 | CRITICAL
2026-09-22 05:00:40 | WARD_B_TEMP_03 | 38.0 | WARNING
2026-09-22 05:00:40 | WARD_B_TEMP_04 | 40.3 | CRITICAL
2026-09-22 05:00:40 | WARD_B_TEMP_05 | 34.8 | CRITICAL
2026-09-22 05:00:41 | WARD_B_TEMP_01 | 36.7 | NORMAL
2026-09-22 05:00:41 | WARD_B_TEMP_02 | 36.6 | NORMAL
2026-09-22 05:00:41 | WARD_B_TEMP_03 | 37.8 | WARNING
2026-09-22 05:00:41 | WARD_B_TEMP_04 | 35.0 | CRITICAL
2026-09-22 05:00:41 | WARD_B_TEMP_05 | 35.8 | NORMAL
2026-09-22 05:00:42 | WARD_B_TEMP_01 | 36.3 | NORMAL
2026-09-22 05:00:42 | WARD_B_TEMP_02 | 40.5 | CRITICAL
2026-09-22 05:00:42 | WARD_B_TEMP_03 | 36.0 | NORMAL
2026-09-22 05:00:42 | WARD_B_TEMP_04 | 36.6 | NORMAL
2026-09-22 05:00:42 | WARD_B_TEMP_05 | 35.0 | CRITICAL
2026-09-22 05:00:43 | WARD_B_TEMP_01 | 36.1 | NORMAL
2026-09-22 05:00:43 | WARD_B_TEMP_02 | 39.3 | CRITICAL
2026-09-22 05:00:43 | WARD_B_TEMP_03 | 38.6 | CRITICAL
2026-09-22 05:00:43 | WARD_B_TEMP_04 | 35.5 | NORMAL
2026-09-22 05:00:43 | WARD_B_TEMP_05 | 37.3 | NORMAL
2026-09-22 05:00:44 | WARD_B_TEMP_01 | 38.3 | CRITICAL
2026-09-22 05:00:44 | WARD_B_TEMP_02 | 39.4 | CRITICAL
2026-09-22 05:00:44 | WARD_B_TEMP_03 | 36.5 | NORMAL
2026-09-22 05:00:44 | WARD_B_TEMP_04 | 35.6 | NORMAL
2026-09-22 05:00:44 | WARD_B_TEMP_05 | 36.7 | NORMAL
2026-09-22 05:00:45 | WARD_B_TEMP_01 | 35.1 | CRITICAL
2026-09-22 05:00:45 | WARD_B_TEMP_02 | 39.8 | CRITICAL
2026-09-22 05:00:45 | WARD_B_TEMP_03 | 39.0 | CRITICAL
2026-09-22 05:00:45 | WARD_B_TEMP_04 | 36.6 | NORMAL
2026-09-22 05:00:45 | WARD_B_TEMP_05 | 35.8 | NORMAL
2026-09-22 05:00:46 | WARD_B_TEMP_01 | 36.5 | NORMAL
2026-09-22 05:00:46 | WARD_B_TEMP_02 | 36.8 | NORMAL
2026-09-22 05:00:46 | WARD_B_TEMP_03 | 40.4 | CRITICAL
2026-09-22 05:00:46 | WARD_B_TEMP_04 | 38.6 | CRITICAL
2026-09-22 05:00:46 | WARD_B_TEMP_05 | 35.0 | CRITICAL
2026-09-22 05:00:47 | WARD_B_TEMP_01 | 36.0 | NORMAL
2026-09-22 05:00:47 | WARD_B_TEMP_02 | 38.5 | CRITICAL
2026-09-22 05:00:47 | WARD_B_TEMP_03 | 37.7 | WARNING
2026-09-22 05:00:47 | WARD_B_TEMP_04 | 38.2 | CRITICAL
2026-09-22 05:00:47 | WARD_B_TEMP_05 | 35.5 | NORMAL
2026-09-22 05:00:48 | WARD_B_TEMP_01 | 37.8 | WARNING
2026-09-22 05:00:48 | WARD_B_TEMP_02 | 36.7 | NORMAL
2026-09-22 05:00:48 | WARD_B_TEMP_03 | 39.6 | CRITICAL
2026-09-22 05:00:48 | WARD_B_TEMP_04 | 38.2 | CRITICAL
2026-09-22 05:00:48 | WARD_B_TEMP_05 | 38.9 | CRITICAL
2026-09-22 05:00:49 | WARD_B_TEMP_01 | 37.0 | NORMAL
2026-09-22 05:00:49 | WARD_B_TEMP_02 | 37.7 | WARNING
2026-09-22 05:00:49 | WARD_B_TEMP_03 | 35.5 | NORMAL
2026-09-22 05:00:49 | WARD_B_TEMP_04 | 35.9 | NORMAL
2026-09-22 05:00:49 | WARD_B_TEMP_05 | 36.4 | NORMAL
2026-09-22 05:00:50 | WARD_B_TEMP_01 | 37.4 | NORMAL
2026-09-22 05:00:50 | WARD_B_TEMP_02 | 39.5 | CRITICAL
2026-09-22 05:00:50 | WARD_B_TEMP_03 | 39.1 | CRITICAL
2026-09-22 05:00:50 | WARD_B_TEMP_04 | 34.6 | CRITICAL
2026-09-22 05:00:50 | WARD_B_TEMP_05 | 36.6 | NORMAL
2026-09-22 05:00:51 | WARD_B_TEMP_01 | 35.1 | CRITICAL
2026-09-22 05:00:51 | WARD_B_TEMP_02 | 37.1 | NORMAL
2026-09-22 05:00:51 | WARD_B_TEMP_03 | 37.8 | WARNING
2026-09-22 05:00:51 | WARD_B_TEMP_04 | 37.4 | NORMAL
2026-09-22 05:00:51 | WARD_B_TEMP_05 | 35.8 | NORMAL
2026-09-22 05:00:52 | WARD_B_TEMP_01 | 40.2 | CRITICAL
2026-09-22 05:00:52 | WARD_B_TEMP_02 | 39.8 | CRITICAL
2026-09-22 05:00:52 | WARD_B_TEMP_03 | 35.3 | CRITICAL
2026-09-22 05:00:52 | WARD_B_TEMP_04 | 35.1 | CRITICAL
2026-09-22 05:00:52 | WARD_B_TEMP_05 | 38.1 | CRITICAL
2026-09-22 05:00:53 | WARD_B_TEMP_01 | 38.8 | CRITICAL
2026-09-22 05:00:53 | WARD_B_TEMP_02 | 39.9 | CRITICAL
2026-09-22 05:00:53 | WARD_B_TEMP_03 | 37.8 | WARNING
2026-09-22 05:00:53 | WARD_B_TEMP_04 | 34.6 | CRITICAL
2026-09-22 05:00:53 | WARD_B_TEMP_05 | 37.6 | WARNING
2026-09-22 05:00:54 | WARD_B_TEMP_01 | 37.6 | WARNING
2026-09-22 05:00:54 | WARD_B_TEMP_02 | 38.6 | CRITICAL
2026-09-22 05:00:54 | WARD_B_TEMP_03 | 40.0 | CRITICAL
2026-09-22 05:00:54 | WARD_B_TEMP_04 | 38.4 | CRITICAL
2026-09-22 05:00:54 | WARD_B_TEMP_05 | 37.9 | WARNING
2026-09-22 05:00:55 | WARD_B_TEMP_01 | 36.5 | NORMAL
2026-09-22 05:00:55 | WARD_B_TEMP_02 | 37.2 | NORMAL
2026-09-22 05:00:55 | WARD_B_TEMP_03 | 36.2 | NORMAL
2026-09-22 05:00:55 | WARD_B_TEMP_04 | 39.0 | CRITICAL
2026-09-22 05:00:55 | WARD_B_TEMP_05 | 38.6 | CRITICAL
2026-09-22 05:00:56 | WARD_B_TEMP_01 | 38.8 | CRITICAL
2026-09-22 05:00:56 | WARD_B_TEMP_02 | 35.1 | CRITICAL
2026-09-22 05:00:56 | WARD_B_TEMP_03 | 34.7 | CRITICAL
2026-09-22 05:00:56 | WARD_B_TEMP_04 | 37.7 | WARNING
2026-09-22 05:00:56 | WARD_B_TEMP_05 | 37.6 | WARNING
2026-09-22 05:00:57 | WARD_B_TEMP_01 | 38.8 | CRITICAL
2026-09-22 05:00:57 | WARD_B_TEMP_02 | 38.4 | CRITICAL
2026-09-22 05:00:57 | WARD_B_TEMP_03 | 37.1 | NORMAL
2026-09-22 05:00:57 | WARD_B_TEMP_04 | 40.1 | CRITICAL
2026-09-22 05:00:57 | WARD_B_TEMP_05 | 36.1 | NORMAL
2026-09-22 05:00:58 | WARD_B_TEMP_01 | 34.8 | CRITICAL
2026-09-22 05:00:58 | WARD_B_TEMP_02 | 38.1 | CRITICAL
2026-09-22 05:00:58 | WARD_B_TEMP_03 | 35.3 | CRITICAL
2026-09-22 05:00:58 | WARD_B_TEMP_04 | 38.1 | CRITICAL
2026-09-22 05:00:58 | WARD_B_TEMP_05 | 37.3 | NORMAL
2026-09-22 05:00:59 | WARD_B_TEMP_01 | 37.9 | WARNING
2026-09-22 05:00:59 | WARD_B_TEMP_02 | 38.0 | WARNING
2026-09-22 05:00:59 | WARD_B_TEMP_03 | 35.3 | CRITICAL
2026-09-22 05:00:59 | WARD_B_TEMP_04 | 34.6 | CRITICAL
2026-09-22 05:00:59 | WARD_B_TEMP_05 | 36.4 | NORMAL
2026-09-22 05:01:00 | WARD_B_TEMP_01 | 38.0 | WARNING
2026-09-22 05:01:00 | WARD_B_TEMP_02 | 37.0 | NORMAL
2026-09-22 05:01:00 | WARD_B_TEMP_03 | 39.3 | CRITICAL
2026-09-22 05:01:00 | WARD_B_TEMP_04 | 37.4 | NORMAL
2026-09-22 05:01:00 | WARD_B_TEMP_05 | 34.9 | CRITICAL
2026-09-22 05:01:01 | WARD_B_TEMP_01 | 40.3 | CRITICAL
2026-09-22 05:01:01 | WARD_B_TEMP_02 | 35.2 | CRITICAL
2026-09-22 05:01:01 | WARD_B_TEMP_03 | 38.5 | CRITICAL
2026-09-22 05:01:01 | WARD_B_TEMP_04 | 37.3 | NORMAL
2026-09-22 05:01:01 | WARD_B_TEMP_05 | 39.0 | CRITICAL
2026-09-22 05:01:02 | WARD_B_TEMP_01 | 40.3 | CRITICAL
2026-09-22 05:01:02 | WARD_B_TEMP_02 | 38.4 | CRITICAL
2026-09-22 05:01:02 | WARD_B_TEMP_03 | 40.3 | CRITICAL
2026-09-22 05:01:02 | WARD_B_TEMP_04 | 36.4 | NORMAL
2026-09-22 05:01:02 | WARD_B_TEMP_05 | 39.8 | CRITICAL
2026-09-22 05:01:03 | WARD_B_TEMP_01 | 34.7 | CRITICAL
2026-09-22 05:01:03 | WARD_B_TEMP_02 | 39.6 | CRITICAL
2026-09-22 05:01:03 | WARD_B_TEMP_03 | 37.5 | WARNING
2026-09-22 05:01:03 | WARD_B_TEMP_04 | 34.5 | CRITICAL
2026-09-22 05:01:03 | WARD_B_TEMP_05 | 38.3 | CRITICAL
2026-09-22 05:01:04 | WARD_B_TEMP_01 | 37.6 | WARNING
2026-09-22 05:01:04 | WARD_B_TEMP_02 | 36.3 | NORMAL
2026-09-22 05:01:04 | WARD_B_TEMP_03 | 39.0 | CRITICAL
2026-09-22 05:01:04 | WARD_B_TEMP_04 | 35.5 | NORMAL
2026-09-22 05:01:04 | WARD_B_TEMP_05 | 39.4 | CRITICAL
2026-09-22 05:01:05 | WARD_B_TEMP_01 | 38.3 | CRITICAL
2026-09-22 05:01:05 | WARD_B_TEMP_02 | 37.9 | WARNING
2026-09-22 05:01:05 | WARD_B_TEMP_03 | 35.0 | CRITICAL
2026-09-22 05:01:05 | WARD_B_TEMP_04 | 39.2 | CRITICAL
2026-09-22 05:01:05 | WARD_B_TEMP_05 | 40.2 | CRITICAL
2026-09-22 05:01:06 | WARD_B_TEMP_01 | 37.5 | WARNING
2026-09-22 05:01:06 | WARD_B_TEMP_02 | 39.2 | CRITICAL
2026-09-22 05:01:06 | WARD_B_TEMP_03 | 35.9 | NORMAL
2026-09-22 05:01:06 | WARD_B_TEMP_04 | 36.9 | NORMAL
2026-09-22 05:01:06 | WARD_B_TEMP_05 | 36.6 | NORMAL
2026-09-22 05:01:07 | WARD_B_TEMP_01 | 37.0 | NORMAL
2026-09-22 05:01:07 | WARD_B_TEMP_02 | 40.5 | CRITICAL
2026-09-22 05:01:07 | WARD_B_TEMP_03 | 39.2 | CRITICAL
2026-09-22 05:01:07 | WARD_B_TEMP_04 | 39.9 | CRITICAL
2026-09-22 05:01:07 | WARD_B_TEMP_05 | 37.8 | WARNING
2026-09-22 05:01:08 | WARD_B_TEMP_01 | 37.6 | WARNING
2026-09-22 05:01:08 | WARD_B_TEMP_02 | 37.9 | WARNING
2026-09-22 05:01:08 | WARD_B_TEMP_03 | 40.0 | CRITICAL
2026-09-22 05:01:08 | WARD_B_TEMP_04 | 36.9 | NORMAL
2026-09-22 05:01:08 | WARD_B_TEMP_05 | 38.1 | CRITICAL
2026-09-22 05:01:09 | WARD_B_TEMP_01 | 36.4 | NORMAL
2026-09-22 05:01:09 | WARD_B_TEMP_02 | 38.0 | WARNING
2026-09-22 05:01:09 | WARD_B_TEMP_03 | 34.8 | CRITICAL
2026-09-22 05:01:09 | WARD_B_TEMP_04 | 39.0 | CRITICAL
2026-09-22 05:01:09 | WARD_B_TEMP_05 | 38.3 | CRITICAL
2026-09-22 05:01:10 | WARD_B_TEMP_01 | 37.8 | WARNING
2026-09-22 05:01:10 | WARD_B_TEMP_02 | 36.2 | NORMAL
2026-09-22 05:01:10 | WARD_B_TEMP_03 | 39.0 | CRITICAL
2026-09-22 05:01:10 | WARD_B_TEMP_04 | 37.3 | NORMAL
2026-09-22 05:01:10 | WARD_B_TEMP_05 | 37.3 | NORMAL
2026-09-22 05:01:11 | WARD_B_TEMP_01 | 34.5 | CRITICAL
2026-09-22 05:01:11 | WARD_B_TEMP_02 | 39.8 | CRITICAL
2026-09-22 05:01:11 | WARD_B_TEMP_03 | 39.0 | CRITICAL
2026-09-22 05:01:11 | WARD_B_TEMP_04 | 38.0 | WARNING
2026-09-22 05:01:11 | WARD_B_TEMP_05 | 36.5 | NORMAL
2026-09-22 05:01:12 | WARD_B_TEMP_01 | 38.4 | CRITICAL
2026-09-22 05:01:12 | WARD_B_TEMP_02 | 40.1 | CRITICAL
2026-09-22 05:01:12 | WARD_B_TEMP_03 | 40.0 | CRITICAL
2026-09-22 05:01:12 | WARD_B_TEMP_04 | 37.2 | NORMAL
2026-09-22 05:01:12 | WARD_B_TEMP_05 | 35.0 | CRITICAL
2026-09-22 05:01:13 | WARD_B_TEMP_01 | 37.5 | WARNING
2026-09-22 05:01:13 | WARD_B_TEMP_02 | 40.2 | CRITICAL
2026-09-22 05:01:13 | WARD_B_TEMP_03 | 36.9 | NORMAL
2026-09-22 05:01:13 | WARD_B_TEMP_04 | 37.2 | NORMAL
2026-09-22 05:01:13 | WARD_B_TEMP_05 | 36.3 | NORMAL
2026-09-22 05:01:14 | WARD_B_TEMP_01 | 35.4 | CRITICAL
2026-09-22 05:01:14 | WARD_B_TEMP_02 | 38.3 | CRITICAL
2026-09-22 05:01:14 | WARD_B_TEMP_03 | 36.9 | NORMAL
2026-09-22 05:01:14 | WARD_B_TEMP_04 | 36.8 | NORMAL
2026-09-22 05:01:14 | WARD_B_TEMP_05 | 40.0 | CRITICAL
2026-09-22 05:01:15 | WARD_B_TEMP_01 | 40.0 | CRITICAL
2026-09-22 05:01:15 | WARD_B_TEMP_02 | 36.3 | NORMAL
2026-09-22 05:01:15 | WARD_B_TEMP_03 | 37.6 | WARNING
2026-09-22 05:01:15 | WARD_B_TEMP_04 | 39.5 | CRITICAL
2026-09-22 05:01:15 | WARD_B_TEMP_05 | 37.5 | WARNING
2026-09-22 05:01:16 | WARD_B_TEMP_01 | 35.7 | NORMAL
2026-09-22 05:01:16 | WARD_B_TEMP_02 | 38.4 | CRITICAL
2026-09-22 05:01:16 | WARD_B_TEMP_03 | 39.0 | CRITICAL
2026-09-22 05:01:16 | WARD_B_TEMP_04 | 37.0 | NORMAL
2026-09-22 05:01:16 | WARD_B_TEMP_05 | 37.8 | WARNING
2026-09-22 05:01:17 | WARD_B_TEMP_01 | 37.8 | WARNING
2026-09-22 05:01:17 | WARD_B_TEMP_02 | 35.8 | NORMAL
2026-09-22 05:01:17 | WARD_B_TEMP_03 | 39.6 | CRITICAL
2026-09-22 05:01:17 | WARD_B_TEMP_04 | 38.4 | CRITICAL
2026-09-22 05:01:17 | WARD_B_TEMP_05 | 35.5 | NORMAL
2026-09-22 05:01:18 | WARD_B_TEMP_01 | 38.4 | CRITICAL
2026-09-22 05:01:18 | WARD_B_TEMP_02 | 36.6 | NORMAL
2026-09-22 05:01:18 | WARD_B_TEMP_03 | 34.6 | CRITICAL
2026-09-22 05:01:18 | WARD_B_TEMP_04 | 39.8 | CRITICAL
2026-09-22 05:01:18 | WARD_B_TEMP_05 | 37.0 | NORMAL
2026-09-22 05:01:19 | WARD_B_TEMP_01 | 39.1 | CRITICAL
2026-09-22 05:01:19 | WARD_B_TEMP_02 | 34.9 | CRITICAL
2026-09-22 05:01:19 | WARD_B_TEMP_03 | 35.7 | NORMAL
2026-09-22 05:01:19 | WARD_B_TEMP_04 | 37.4 | NORMAL
2026-09-22 05:01:19 | WARD_B_TEMP_05 | 34.6 | CRITICAL
2026-09-22 05:01:20 | WARD_B_TEMP_01 | 36.4 | NORMAL
2026-09-22 05:01:20 | WARD_B_TEMP_02 | 37.6 | WARNING
2026-09-22 05:01:20 | WARD_B_TEMP_03 | 39.4 | CRITICAL
2026-09-22 05:01:20 | WARD_B_TEMP_04 | 37.1 | NORMAL
2026-09-22 05:01:20 | WARD_B_TEMP_05 | 34.7 | CRITICAL
2026-09-22 05:01:21 | WARD_B_TEMP_01 | 40.4 | CRITICAL
2026-09-22 05:01:21 | WARD_B_TEMP_02 | 38.8 | CRITICAL
2026-09-22 05:01:21 | WARD_B_TEMP_03 | 36.4 | NORMAL
2026-09-22 05:01:21 | WARD_B_TEMP_04 | 38.2 | CRITICAL
2026-09-22 05:01:21 | WARD_B_TEMP_05 | 35.3 | CRITICAL
2026-09-22 05:01:22 | WARD_B_TEMP_01 | 39.5 | CRITICAL
2026-09-22 05:01:22 | WARD_B_TEMP_02 | 37.0 | NORMAL
2026-09-22 05:01:22 | WARD_B_TEMP_03 | 35.5 | NORMAL
2026-09-22 05:01:22 | WARD_B_TEMP_04 | 34.6 | CRITICAL
2026-09-22 05:01:22 | WARD_B_TEMP_05 | 36.6 | NORMAL
2026-09-22 05:01:23 | WARD_B_TEMP_01 | 36.7 | NORMAL
2026-09-22 05:01:23 | WARD_B_TEMP_02 | 38.8 | CRITICAL
2026-09-22 05:01:23 | WARD_B_TEMP_03 | 39.1 | CRITICAL
2026-09-22 05:01:23 | WARD_B_TEMP_04 | 37.4 | NORMAL
2026-09-22 05:01:23 | WARD_B_TEMP_05 | 37.7 | WARNING
2026-09-22 05:01:24 | WARD_B_TEMP_01 | 34.6 | CRITICAL
2026-09-22 05:01:24 | WARD_B_TEMP_02 | 38.0 | WARNING
2026-09-22 05:01:24 | WARD_B_TEMP_03 | 37.5 | WARNING
2026-09-22 05:01:24 | WARD_B_TEMP_04 | 38.7 | CRITICAL
2026-09-22 05:01:24 | WARD_B_TEMP_05 | 34.5 | CRITICAL
2026-09-22 05:01:25 | WARD_B_TEMP_01 | 35.5 | NORMAL
2026-09-22 05:01:25 | WARD_B_TEMP_02 | 36.3 | NORMAL
2026-09-22 05:01:25 | WARD_B_TEMP_03 | 34.6 | CRITICAL
2026-09-22 05:01:25 | WARD_B_TEMP_04 | 39.0 | CRITICAL
2026-09-22 05:01:25 | WARD_B_TEMP_05 | 40.5 | CRITICAL
2026-09-22 05:01:26 | WARD_B_TEMP_01 | 39.5 | CRITICAL
2026-09-22 05:01:26 | WARD_B_TEMP_02 | 37.7 | WARNING
2026-09-22 05:01:26 | WARD_B_TEMP_03 | 35.9 | NORMAL
2026-09-22 05:01:26 | WARD_B_TEMP_04 | 40.1 | CRITICAL
2026-09-22 05:01:26 | WARD_B_TEMP_05 | 38.2 | CRITICAL
2026-09-22 05:01:27 | WARD_B_TEMP_01 | 37.0 | NORMAL
2026-09-22 05:01:27 | WARD_B_TEMP_02 | 39.5 | CRITICAL
2026-09-22 05:01:27 | WARD_B_TEMP_03 | 36.2 | NORMAL
2026-09-22 05:01:27 | WARD_B_TEMP_04 | 35.1 | CRITICAL
2026-09-22 05:01:27 | WARD_B_TEMP_05 | 37.5 | WARNING
2026-09-22 05:01:28 | WARD_B_TEMP_01 | 39.3 | CRITICAL
2026-09-22 05:01:28 | WARD_B_TEMP_02 | 36.3 | NORMAL
2026-09-22 05:01:28 | WARD_B_TEMP_03 | 37.8 | WARNING
2026-09-22 05:01:28 | WARD_B_TEMP_04 | 38.3 | CRITICAL
2026-09-22 05:01:28 | WARD_B_TEMP_05 | 35.2 | CRITICAL
2026-09-22 05:01:29 | WARD_B_TEMP_01 | 40.4 | CRITICAL
2026-09-22 05:01:29 | WARD_B_TEMP_02 | 39.8 | CRITICAL
2026-09-22 05:01:29 | WARD_B_TEMP_03 | 36.1 | NORMAL
2026-09-22 05:01:29 | WARD_B_TEMP_04 | 40.4 | CRITICAL
2026-09-22 05:01:29 | WARD_B_TEMP_05 | 39.4 | CRITICAL
2026-09-22 05:01:30 | WARD_B_TEMP_01 | 37.8 | WARNING
2026-09-22 05:01:30 | WARD_B_TEMP_02 | 39.0 | CRITICAL
2026-09-22 05:01:30 | WARD_B_TEMP_03 | 35.7 | NORMAL
2026-09-22 05:01:30 | WARD_B_TEMP_04 | 37.5 | WARNING
2026-09-22 05:01:30 | WARD_B_TEMP_05 | 38.3 | CRITICAL
2026-09-22 05:01:31 | WARD_B_TEMP_01 | 40.3 | CRITICAL
2026-09-22 05:01:31 | WARD_B_TEMP_02 | 37.1 | NORMAL
2026-09-22 05:01:31 | WARD_B_TEMP_03 | 39.8 | CRITICAL
2026-09-22 05:01:31 | WARD_B_TEMP_04 | 34.7 | CRITICAL
2026-09-22 05:01:31 | WARD_B_TEMP_05 | 38.6 | CRITICAL
2026-09-22 05:01:32 | WARD_B_TEMP_01 | 39.5 | CRITICAL
2026-09-22 05:01:32 | WARD_B_TEMP_02 | 39.2 | CRITICAL
2026-09-22 05:01:32 | WARD_B_TEMP_03 | 34.8 | CRITICAL
2026-09-22 05:01:32 | WARD_B_TEMP_04 | 36.8 | NORMAL
2026-09-22 05:01:32 | WARD_B_TEMP_05 | 36.6 | NORMAL
2026-09-22 05:01:33 | WARD_B_TEMP_01 | 34.7 | CRITICAL
2026-09-22 05:01:33 | WARD_B_TEMP_02 | 35.7 | NORMAL
2026-09-22 05:01:33 | WARD_B_TEMP_03 | 35.4 | CRITICAL
2026-09-22 05:01:33 | WARD_B_TEMP_04 | 35.4 | CRITICAL
2026-09-22 05:01:33 | WARD_B_TEMP_05 | 38.1 | CRITICAL
2026-09-22 05:01:34 | WARD_B_TEMP_01 | 36.0 | NORMAL
2026-09-22 05:01:34 | WARD_B_TEMP_02 | 37.3 | NORMAL
2026-09-22 05:01:34 | WARD_B_TEMP_03 | 36.7 | NORMAL
2026-09-22 05:01:34 | WARD_B_TEMP_04 | 35.9 | NORMAL
2026-09-22 05:01:34 | WARD_B_TEMP_05 | 35.9 | NORMAL
2026-09-22 05:01:35 | WARD_B_TEMP_01 | 38.0 | WARNING
2026-09-22 05:01:35 | WARD_B_TEMP_02 | 38.4 | CRITICAL
2026-09-22 05:01:35 | WARD_B_TEMP_03 | 40.1 | CRITICAL
2026-09-22 05:01:35 | WARD_B_TEMP_04 | 34.6 | CRITICAL
2026-09-22 05:01:35 | WARD_B_TEMP_05 | 35.5 | NORMAL
2026-09-22 05:01:36 | WARD_B_TEMP_01 | 35.5 | NORMAL
2026-09-22 05:01:36 | WARD_B_TEMP_02 | 38.3 | CRITICAL
2026-09-22 05:01:36 | WARD_B_TEMP_03 | 35.4 | CRITICAL
2026-09-22 05:01:36 | WARD_B_TEMP_04 | 37.3 | NORMAL
2026-09-22 05:01:36 | WARD_B_TEMP_05 | 34.5 | CRITICAL
2026-09-22 05:01:37 | WARD_B_TEMP_01 | 39.3 | CRITICAL
2026-09-22 05:01:37 | WARD_B_TEMP_02 | 36.7 | NORMAL
2026-09-22 05:01:37 | WARD_B_TEMP_03 | 38.6 | CRITICAL
2026-09-22 05:01:37 | WARD_B_TEMP_04 | 36.2 | NORMAL
2026-09-22 05:01:37 | WARD_B_TEMP_05 | 38.7 | CRITICAL
2026-09-22 05:01:38 | WARD_B_TEMP_01 | 37.2 | NORMAL
2026-09-22 05:01:38 | WARD_B_TEMP_02 | 39.7 | CRITICAL
2026-09-22 05:01:38 | WARD_B_TEMP_03 | 39.6 | CRITICAL
2026-09-22 05:01:38 | WARD_B_TEMP_04 | 35.4 | CRITICAL
2026-09-22 05:01:38 | WARD_B_TEMP_05 | 38.3 | CRITICAL
2026-09-22 05:01:39 | WARD_B_TEMP_01 | 35.3 | CRITICAL
2026-09-22 05:01:39 | WARD_B_TEMP_02 | 35.7 | NORMAL
2026-09-22 05:01:39 | WARD_B_TEMP_03 | 37.8 | WARNING
2026-09-22 05:01:39 | WARD_B_TEMP_04 | 35.0 | CRITICAL
2026-09-22 05:01:39 | WARD_B_TEMP_05 | 35.6 | NORMAL
2026-09-22 05:01:40 | WARD_B_TEMP_01 | 35.4 | CRITICAL
2026-09-22 05:01:40 | WARD_B_TEMP_02 | 40.1 | CRITICAL
2026-09-22 05:01:40 | WARD_B_TEMP_03 | 36.8 | NORMAL
2026-09-22 05:01:40 | WARD_B_TEMP_04 | 40.5 | CRITICAL
2026-09-22 05:01:40 | WARD_B_TEMP_05 | 37.4 | NORMAL
2026-09-22 05:01:41 | WARD_B_TEMP_01 | 39.7 | CRITICAL
2026-09-22 05:01:41 | WARD_B_TEMP_02 | 36.4 | NORMAL
2026-09-22 05:01:41 | WARD_B_TEMP_03 | 35.7 | NORMAL
2026-09-22 05:01:41 | WARD_B_TEMP_04 | 37.4 | NORMAL
2026-09-22 05:01:41 | WARD_B_TEMP_05 | 36.8 | NORMAL
2026-09-22 05:01:42 | WARD_B_TEMP_01 | 34.8 | CRITICAL
2026-09-22 05:01:42 | WARD_B_TEMP_02 | 36.4 | NORMAL
2026-09-22 05:01:42 | WARD_B_TEMP_03 | 37.1 | NORMAL
2026-09-22 05:01:42 | WARD_B_TEMP_04 | 36.0 | NORMAL
2026-09-22 05:01:42 | WARD_B_TEMP_05 | 39.8 | CRITICAL
2026-09-22 05:01:43 | WARD_B_TEMP_01 | 38.8 | CRITICAL
2026-09-22 05:01:43 | WARD_B_TEMP_02 | 38.1 | CRITICAL
2026-09-22 05:01:43 | WARD_B_TEMP_03 | 36.1 | NORMAL
2026-09-22 05:01:43 | WARD_B_TEMP_04 | 36.2 | NORMAL
2026-09-22 05:01:43 | WARD_B_TEMP_05 | 39.8 | CRITICAL
2026-09-22 05:01:44 | WARD_B_TEMP_01 | 37.5 | WARNING
2026-09-22 05:01:44 | WARD_B_TEMP_02 | 35.1 | CRITICAL
2026-09-22 05:01:44 | WARD_B_TEMP_03 | 34.8 | CRITICAL
2026-09-22 05:01:44 | WARD_B_TEMP_04 | 37.5 | WARNING
2026-09-22 05:01:44 | WARD_B_TEMP_05 | 39.2 | CRITICAL
2026-09-22 05:01:45 | WARD_B_TEMP_01 | 39.0 | CRITICAL
2026-09-22 05:01:45 | WARD_B_TEMP_02 | 36.8 | NORMAL
2026-09-22 05:01:45 | WARD_B_TEMP_03 | 36.7 | NORMAL
2026-09-22 05:01:45 | WARD_B_TEMP_04 | 38.1 | CRITICAL
2026-09-22 05:01:45 | WARD_B_TEMP_05 | 36.2 | NORMAL
2026-09-22 05:01:46 | WARD_B_TEMP_01 | 38.4 | CRITICAL
2026-09-22 05:01:46 | WARD_B_TEMP_02 | 39.5 | CRITICAL
2026-09-22 05:01:46 | WARD_B_TEMP_03 | 37.9 | WARNING
2026-09-22 05:01:46 | WARD_B_TEMP_04 | 38.8 | CRITICAL
2026-09-22 05:01:46 | WARD_B_TEMP_05 | 38.8 | CRITICAL
2026-09-22 05:01:47 | WARD_B_TEMP_01 | 38.5 | CRITICAL
2026-09-22 05:01:47 | WARD_B_TEMP_02 | 35.0 | CRITICAL
2026-09-22 05:01:47 | WARD_B_TEMP_03 | 36.9 | NORMAL
2026-09-22 05:01:47 | WARD_B_TEMP_04 | 40.2 | CRITICAL
2026-09-22 05:01:47 | WARD_B_TEMP_05 | 35.3 | CRITICAL
2026-09-22 05:01:48 | WARD_B_TEMP_01 | 40.4 | CRITICAL
2026-09-22 05:01:48 | WARD_B_TEMP_02 | 37.1 | NORMAL
2026-09-22 05:01:48 | WARD_B_TEMP_03 | 36.4 | NORMAL
2026-09-22 05:01:48 | WARD_B_TEMP_04 | 36.1 | NORMAL
2026-09-22 05:01:48 | WARD_B_TEMP_05 | 40.2 | CRITICAL
2026-09-22 05:01:49 | WARD_B_TEMP_01 | 38.0 | WARNING
2026-09-22 05:01:49 | WARD_B_TEMP_02 | 34.7 | CRITICAL
2026-09-22 05:01:49 | WARD_B_TEMP_03 | 37.9 | WARNING
2026-09-22 05:01:49 | WARD_B_TEMP_04 | 40.0 | CRITICAL
2026-09-22 05:01:49 | WARD_B_TEMP_05 | 37.6 | WARNING
2026-09-22 05:01:50 | WARD_B_TEMP_01 | 35.4 | CRITICAL
2026-09-22 05:01:50 | WARD_B_TEMP_02 | 39.1 | CRITICAL
2026-09-22 05:01:50 | WARD_B_TEMP_03 | 35.6 | NORMAL
2026-09-22 05:01:50 | WARD_B_TEMP_04 | 39.4 | CRITICAL
2026-09-22 05:01:50 | WARD_B_TEMP_05 | 38.7 | CRITICAL
2026-09-22 05:01:51 | WARD_B_TEMP_01 | 37.1 | NORMAL
2026-09-22 05:01:51 | WARD_B_TEMP_02 | 37.0 | NORMAL
2026-09-22 05:01:51 | WARD_B_TEMP_03 | 37.7 | WARNING
2026-09-22 05:01:51 | WARD_B_TEMP_04 | 35.7 | NORMAL
2026-09-22 05:01:51 | WARD_B_TEMP_05 | 40.4 | CRITICAL
2026-09-22 05:01:52 | WARD_B_TEMP_01 | 39.7 | CRITICAL
2026-09-22 05:01:52 | WARD_B_TEMP_02 | 39.6 | CRITICAL
2026-09-22 05:01:52 | WARD_B_TEMP_03 | 35.0 | CRITICAL
2026-09-22 05:01:52 | WARD_B_TEMP_04 | 37.9 | WARNING
2026-09-22 05:01:52 | WARD_B_TEMP_05 | 38.3 | CRITICAL
2026-09-22 05:01:53 | WARD_B_TEMP_01 | 37.7 | WARNING
2026-09-22 05:01:53 | WARD_B_TEMP_02 | 36.9 | NORMAL
2026-09-22 05:01:53 | WARD_B_TEMP_03 | 34.8 | CRITICAL
2026-09-22 05:01:53 | WARD_B_TEMP_04 | 36.3 | NORMAL
2026-09-22 05:01:53 | WARD_B_TEMP_05 | 40.4 | CRITICAL
2026-09-22 05:01:54 | WARD_B_TEMP_01 | 37.2 | NORMAL
2026-09-22 05:01:54 | WARD_B_TEMP_02 | 38.4 | CRITICAL
2026-09-22 05:01:54 | WARD_B_TEMP_03 | 37.3 | NORMAL
2026-09-22 05:01:54 | WARD_B_TEMP_04 | 38.0 | WARNING
2026-09-22 05:01:54 | WARD_B_TEMP_05 | 39.4 | CRITICAL
2026-09-22 05:01:55 | WARD_B_TEMP_01 | 36.6 | NORMAL
2026-09-22 05:01:55 | WARD_B_TEMP_02 | 35.3 | CRITICAL
2026-09-22 05:01:55 | WARD_B_TEMP_03 | 35.6 | NORMAL
2026-09-22 05:01:55 | WARD_B_TEMP_04 | 40.1 | CRITICAL
2026-09-22 05:01:55 | WARD_B_TEMP_05 | 38.9 | CRITICAL
2026-09-22 05:01:56 | WARD_B_TEMP_01 | 37.4 | NORMAL
2026-09-22 05:01:56 | WARD_B_TEMP_02 | 34.9 | CRITICAL
2026-09-22 05:01:56 | WARD_B_TEMP_03 | 36.0 | NORMAL
2026-09-22 05:01:56 | WARD_B_TEMP_04 | 37.5 | WARNING
2026-09-22 05:01:56 | WARD_B_TEMP_05 | 39.0 | CRITICAL
2026-09-22 05:01:57 | WARD_B_TEMP_01 | 36.8 | NORMAL
2026-09-22 05:01:57 | WARD_B_TEMP_02 | 38.6 | CRITICAL
2026-09-22 05:01:57 | WARD_B_TEMP_03 | 35.2 | CRITICAL
2026-09-22 05:01:57 | WARD_B_TEMP_04 | 34.7 | CRITICAL
2026-09-22 05:01:57 | WARD_B_TEMP_05 | 39.5 | CRITICAL
2026-09-22 05:01:58 | WARD_B_TEMP_01 | 39.2 | CRITICAL
2026-09-22 05:01:58 | WARD_B_TEMP_02 | 35.9 | NORMAL
2026-09-22 05:01:58 | WARD_B_TEMP_03 | 35.3 | CRITICAL
2026-09-22 05:01:58 | WARD_B_TEMP_04 | 40.5 | CRITICAL
2026-09-22 05:01:58 | WARD_B_TEMP_05 | 36.4 | NORMAL
2026-09-22 05:01:59 | WARD_B_TEMP_01 | 39.2 | CRITICAL
2026-09-22 05:01:59 | WARD_B_TEMP_02 | 36.9 | NORMAL
2026-09-22 05:01:59 | WARD_B_TEMP_03 | 40.1 | CRITICAL
2026-09-22 05:01:59 | WARD_B_TEMP_04 | 39.3 | CRITICAL
2026-09-22 05:01:59 | WARD_B_TEMP_05 | 39.0 | CRITICAL
2026-09-22 05:02:00 | WARD_B_TEMP_01 | 38.2 | CRITICAL
2026-09-22 05:02:00 | WARD_B_TEMP_02 | 39.0 | CRITICAL
2026-09-22 05:02:00 | WARD_B_TEMP_03 | 39.0 | CRITICAL
2026-09-22 05:02:00 | WARD_B_TEMP_04 | 35.3 | CRITICAL
2026-09-22 05:02:00 | WARD_B_TEMP_05 | 36.1 | NORMAL
2026-09-22 05:02:01 | WARD_B_TEMP_01 | 34.9 | CRITICAL
2026-09-22 05:02:01 | WARD_B_TEMP_02 | 38.0 | WARNING
2026-09-22 05:02:01 | WARD_B_TEMP_03 | 39.7 | CRITICAL
2026-09-22 05:02:01 | WARD_B_TEMP_04 | 37.1 | NORMAL
2026-09-22 05:02:01 | WARD_B_TEMP_05 | 35.8 | NORMAL
2026-09-22 05:02:02 | WARD_B_TEMP_01 | 40.2 | CRITICAL
2026-09-22 05:02:02 | WARD_B_TEMP_02 | 39.9 | CRITICAL
2026-09-22 05:02:02 | WARD_B_TEMP_03 | 35.1 | CRITICAL
2026-09-22 05:02:02 | WARD_B_TEMP_04 | 37.2 | NORMAL
2026-09-22 05:02:02 | WARD_B_TEMP_05 | 34.8 | CRITICAL
2026-09-22 05:02:03 | WARD_B_TEMP_01 | 38.3 | CRITICAL
2026-09-22 05:02:03 | WARD_B_TEMP_02 | 35.6 | NORMAL
2026-09-22 05:02:03 | WARD_B_TEMP_03 | 35.4 | CRITICAL
2026-09-22 05:02:03 | WARD_B_TEMP_04 | 36.7 | NORMAL
2026-09-22 05:02:03 | WARD_B_TEMP_05 | 39.1 | CRITICAL
2026-09-22 05:02:04 | WARD_B_TEMP_01 | 37.3 | NORMAL
2026-09-22 05:02:04 | WARD_B_TEMP_02 | 39.2 | CRITICAL
2026-09-22 05:02:04 | WARD_B_TEMP_03 | 36.7 | NORMAL
2026-09-22 05:02:04 | WARD_B_TEMP_04 | 39.2 | CRITICAL
2026-09-22 05:02:04 | WARD_B_TEMP_05 | 38.0 | WARNING
2026-09-22 05:02:05 | WARD_B_TEMP_01 | 36.9 | NORMAL
2026-09-22 05:02:05 | WARD_B_TEMP_02 | 35.3 | CRITICAL
2026-09-22 05:02:05 | WARD_B_TEMP_03 | 35.4 | CRITICAL
2026-09-22 05:02:05 | WARD_B_TEMP_04 | 35.4 | CRITICAL
2026-09-22 05:02:05 | WARD_B_TEMP_05 | 39.4 | CRITICAL
2026-09-22 05:02:06 | WARD_B_TEMP_01 | 38.4 | CRITICAL
2026-09-22 05:02:06 | WARD_B_TEMP_02 | 37.6 | WARNING
2026-09-22 05:02:06 | WARD_B_TEMP_03 | 36.8 | NORMAL
2026-09-22 05:02:06 | WARD_B_TEMP_04 | 35.8 | NORMAL
2026-09-22 05:02:06 | WARD_B_TEMP_05 | 36.9 | NORMAL
2026-09-22 05:02:07 | WARD_B_TEMP_01 | 35.3 | CRITICAL
2026-09-22 05:02:07 | WARD_B_TEMP_02 | 39.3 | CRITICAL
2026-09-22 05:02:07 | WARD_B_TEMP_03 | 39.6 | CRITICAL
2026-09-22 05:02:07 | WARD_B_TEMP_04 | 40.1 | CRITICAL
2026-09-22 05:02:07 | WARD_B_TEMP_05 | 38.6 | CRITICAL
2026-09-22 05:02:08 | WARD_B_TEMP_01 | 36.6 | NORMAL
2026-09-22 05:02:08 | WARD_B_TEMP_02 | 39.4 | CRITICAL
2026-09-22 05:02:08 | WARD_B_TEMP_03 | 39.7 | CRITICAL
2026-09-22 05:02:08 | WARD_B_TEMP_04 | 36.5 | NORMAL
2026-09-22 05:02:08 | WARD_B_TEMP_05 | 39.3 | CRITICAL
2026-09-22 05:02:09 | WARD_B_TEMP_01 | 39.0 | CRITICAL
2026-09-22 05:02:09 | WARD_B_TEMP_02 | 37.1 | NORMAL
2026-09-22 05:02:09 | WARD_B_TEMP_03 | 35.8 | NORMAL
2026-09-22 05:02:09 | WARD_B_TEMP_04 | 37.1 | NORMAL
2026-09-22 05:02:09 | WARD_B_TEMP_05 | 36.7 | NORMAL
2026-09-22 05:02:10 | WARD_B_TEMP_01 | 40.0 | CRITICAL
2026-09-22 05:02:10 | WARD_B_TEMP_02 | 38.1 | CRITICAL
2026-09-22 05:02:10 | WARD_B_TEMP_03 | 40.3 | CRITICAL
2026-09-22 05:02:10 | WARD_B_TEMP_04 | 38.9 | CRITICAL
2026-09-22 05:02:10 | WARD_B_TEMP_05 | 38.3 | CRITICAL
2026-09-22 05:02:11 | WARD_B_TEMP_01 | 38.8 | CRITICAL
2026-09-22 05:02:11 | WARD_B_TEMP_02 | 39.0 | CRITICAL
2026-09-22 05:02:11 | WARD_B_TEMP_03 | 40.4 | CRITICAL
2026-09-22 05:02:11 | WARD_B_TEMP_04 | 40.2 | CRITICAL
2026-09-22 05:02:11 | WARD_B_TEMP_05 | 36.1 | NORMAL
2026-09-22 05:02:12 | WARD_B_TEMP_01 | 39.8 | CRITICAL
2026-09-22 05:02:12 | WARD_B_TEMP_02 | 34.9 | CRITICAL
2026-09-22 05:02:12 | WARD_B_TEMP_03 | 35.9 | NORMAL
2026-09-22 05:02:12 | WARD_B_TEMP_04 | 39.2 | CRITICAL
2026-09-22 05:02:12 | WARD_B_TEMP_05 | 36.2 | NORMAL
2026-09-22 05:02:13 | WARD_B_TEMP_01 | 37.5 | WARNING
2026-09-22 05:02:13 | WARD_B_TEMP_02 | 35.4 | CRITICAL
2026-09-22 05:02:13 | WARD_B_TEMP_03 | 36.9 | NORMAL
2026-09-22 05:02:13 | WARD_B_TEMP_04 | 39.5 | CRITICAL
2026-09-22 05:02:13 | WARD_B_TEMP_05 | 34.6 | CRITICAL
2026-09-22 05:02:14 | WARD_B_TEMP_01 | 40.3 | CRITICAL
2026-09-22 05:02:14 | WARD_B_TEMP_02 | 37.0 | NORMAL
2026-09-22 05:02:14 | WARD_B_TEMP_03 | 39.6 | CRITICAL
2026-09-22 05:02:14 | WARD_B_TEMP_04 | 38.5 | CRITICAL
2026-09-22 05:02:14 | WARD_B_TEMP_05 | 39.8 | CRITICAL
2026-09-22 05:02:15 | WARD_B_TEMP_01 | 39.5 | CRITICAL
2026-09-22 05:02:15 | WARD_B_TEMP_02 | 39.1 | CRITICAL
2026-09-22 05:02:15 | WARD_B_TEMP_03 | 39.9 | CRITICAL
2026-09-22 05:02:15 | WARD_B_TEMP_04 | 37.8 | WARNING
2026-09-22 05:02:15 | WARD_B_TEMP_05 | 39.4 | CRITICAL
2026-09-22 05:02:16 | WARD_B_TEMP_01 | 35.2 | CRITICAL
2026-09-22 05:02:16 | WARD_B_TEMP_02 | 34.6 | CRITICAL
2026-09-22 05:02:16 | WARD_B_TEMP_03 | 38.6 | CRITICAL
2026-09-22 05:02:16 | WARD_B_TEMP_04 | 35.6 | NORMAL
2026-09-22 05:02:16 | WARD_B_TEMP_05 | 38.4 | CRITICAL
2026-09-22 05:02:17 | WARD_B_TEMP_01 | 34.7 | CRITICAL
2026-09-22 05:02:17 | WARD_B_TEMP_02 | 34.7 | CRITICAL
2026-09-22 05:02:17 | WARD_B_TEMP_03 | 39.2 | CRITICAL
2026-09-22 05:02:17 | WARD_B_TEMP_04 | 39.8 | CRITICAL
2026-09-22 05:02:17 | WARD_B_TEMP_05 | 38.7 | CRITICAL
2026-09-22 05:02:18 | WARD_B_TEMP_01 | 39.9 | CRITICAL
2026-09-22 05:02:18 | WARD_B_TEMP_02 | 38.8 | CRITICAL
2026-09-22 05:02:18 | WARD_B_TEMP_03 | 36.0 | NORMAL
2026-09-22 05:02:18 | WARD_B_TEMP_04 | 36.8 | NORMAL
2026-09-22 05:02:18 | WARD_B_TEMP_05 | 35.1 | CRITICAL
2026-09-22 05:02:19 | WARD_B_TEMP_01 | 37.9 | WARNING
2026-09-22 05:02:19 | WARD_B_TEMP_02 | 37.0 | NORMAL
2026-09-22 05:02:19 | WARD_B_TEMP_03 | 39.1 | CRITICAL
2026-09-22 05:02:19 | WARD_B_TEMP_04 | 39.9 | CRITICAL
2026-09-22 05:02:19 | WARD_B_TEMP_05 | 36.7 | NORMAL
2026-09-22 05:02:20 | WARD_B_TEMP_01 | 40.0 | CRITICAL
2026-09-22 05:02:20 | WARD_B_TEMP_02 | 37.0 | NORMAL
2026-09-22 05:02:20 | WARD_B_TEMP_03 | 37.6 | WARNING
2026-09-22 05:02:20 | WARD_B_TEMP_04 | 37.9 | WARNING
2026-09-22 05:02:20 | WARD_B_TEMP_05 | 35.3 | CRITICAL
2026-09-22 05:02:21 | WARD_B_TEMP_01 | 36.2 | NORMAL
2026-09-22 05:02:21 | WARD_B_TEMP_02 | 37.8 | WARNING
2026-09-22 05:02:21 | WARD_B_TEMP_03 | 35.6 | NORMAL
2026-09-22 05:02:21 | WARD_B_TEMP_04 | 40.3 | CRITICAL
2026-09-22 05:02:21 | WARD_B_TEMP_05 | 40.1 | CRITICAL
2026-09-22 05:02:22 | WARD_B_TEMP_01 | 36.7 | NORMAL
2026-09-22 05:02:22 | WARD_B_TEMP_02 | 36.8 | NORMAL
2026-09-22 05:02:22 | WARD_B_TEMP_03 | 35.5 | NORMAL
2026-09-22 05:02:22 | WARD_B_TEMP_04 | 35.2 | CRITICAL
2026-09-22 05:02:22 | WARD_B_TEMP_05 | 38.0 | WARNING
2026-09-22 05:02:23 | WARD_B_TEMP_01 | 35.4 | CRITICAL
2026-09-22 05:02:23 | WARD_B_TEMP_02 | 38.7 | CRITICAL
2026-09-22 05:02:23 | WARD_B_TEMP_03 | 38.3 | CRITICAL
2026-09-22 05:02:23 | WARD_B_TEMP_04 | 38.7 | CRITICAL
2026-09-22 05:02:23 | WARD_B_TEMP_05 | 39.5 | CRITICAL
2026-09-22 05:02:24 | WARD_B_TEMP_01 | 37.3 | NORMAL
2026-09-22 05:02:24 | WARD_B_TEMP_02 | 40.2 | CRITICAL
2026-09-22 05:02:24 | WARD_B_TEMP_03 | 34.6 | CRITICAL
2026-09-22 05:02:24 | WARD_B_TEMP_04 | 36.2 | NORMAL
2026-09-22 05:02:24 | WARD_B_TEMP_05 | 38.3 | CRITICAL
2026-09-22 05:02:25 | WARD_B_TEMP_01 | 34.6 | CRITICAL
2026-09-22 05:02:25 | WARD_B_TEMP_02 | 38.4 | CRITICAL
2026-09-22 05:02:25 | WARD_B_TEMP_03 | 38.9 | CRITICAL
2026-09-22 05:02:25 | WARD_B_TEMP_04 | 38.0 | WARNING
2026-09-22 05:02:25 | WARD_B_TEMP_05 | 35.5 | NORMAL
2026-09-22 05:02:26 | WARD_B_TEMP_01 | 39.8 | CRITICAL
2026-09-22 05:02:26 | WARD_B_TEMP_02 | 36.3 | NORMAL
2026-09-22 05:02:26 | WARD_B_TEMP_03 | 36.1 | NORMAL
2026-09-22 05:02:26 | WARD_B_TEMP_04 | 38.9 | CRITICAL
2026-09-22 05:02:26 | WARD_B_TEMP_05 | 36.7 | NORMAL
2026-09-22 05:02:27 | WARD_B_TEMP_01 | 38.0 | WARNING
2026-09-22 05:02:27 | WARD_B_TEMP_02 | 37.2 | NORMAL
2026-09-22 05:02:27 | WARD_B_TEMP_03 | 34.7 | CRITICAL
2026-09-22 05:02:27 | WARD_B_TEMP_04 | 40.5 | CRITICAL
2026-09-22 05:02:27 | WARD_B_TEMP_05 | 38.2 | CRITICAL
2026-09-22 05:02:28 | WARD_B_TEMP_01 | 37.6 | WARNING
2026-09-22 05:02:28 | WARD_B_TEMP_02 | 36.1 | NORMAL
2026-09-22 05:02:28 | WARD_B_TEMP_03 | 39.5 | CRITICAL
2026-09-22 05:02:28 | WARD_B_TEMP_04 | 36.4 | NORMAL
2026-09-22 05:02:28 | WARD_B_TEMP_05 | 39.4 | CRITICAL
2026-09-22 05:02:29 | WARD_B_TEMP_01 | 37.9 | WARNING
2026-09-22 05:02:29 | WARD_B_TEMP_02 | 37.0 | NORMAL
2026-09-22 05:02:29 | WARD_B_TEMP_03 | 38.3 | CRITICAL
2026-09-22 05:02:29 | WARD_B_TEMP_04 | 36.1 | NORMAL
2026-09-22 05:02:29 | WARD_B_TEMP_05 | 38.3 | CRITICAL
2026-09-22 05:02:30 | WARD_B_TEMP_01 | 40.3 | CRITICAL
2026-09-22 05:02:30 | WARD_B_TEMP_02 | 36.4 | NORMAL
2026-09-22 05:02:30 | WARD_B_TEMP_03 | 36.4 | NORMAL
2026-09-22 05:02:30 | WARD_B_TEMP_04 | 37.0 | NORMAL
2026-09-22 05:02:30 | WARD_B_TEMP_05 | 38.9 | CRITICAL
2026-09-22 05:02:31 | WARD_B_TEMP_01 | 39.0 | CRITICAL
2026-09-22 05:02:31 | WARD_B_TEMP_02 | 38.8 | CRITICAL
2026-09-22 05:02:31 | WARD_B_TEMP_03 | 34.7 | CRITICAL
2026-09-22 05:02:31 | WARD_B_TEMP_04 | 36.4 | NORMAL
2026-09-22 05:02:31 | WARD_B_TEMP_05 | 40.0 | CRITICAL
2026-09-22 05:02:32 | WARD_B_TEMP_01 | 34.9 | CRITICAL
2026-09-22 05:02:32 | WARD_B_TEMP_02 | 37.1 | NORMAL
2026-09-22 05:02:32 | WARD_B_TEMP_03 | 35.1 | CRITICAL
2026-09-22 05:02:32 | WARD_B_TEMP_04 | 38.7 | CRITICAL
2026-09-22 05:02:32 | WARD_B_TEMP_05 | 35.8 | NORMAL
2026-09-22 05:02:33 | WARD_B_TEMP_01 | 38.0 | WARNING
2026-09-22 05:02:33 | WARD_B_TEMP_02 | 37.5 | WARNING
2026-09-22 05:02:33 | WARD_B_TEMP_03 | 39.1 | CRITICAL
2026-09-22 05:02:33 | WARD_B_TEMP_04 | 38.7 | CRITICAL
2026-09-22 05:02:33 | WARD_B_TEMP_05 | 39.3 | CRITICAL
2026-09-22 05:02:34 | WARD_B_TEMP_01 | 39.0 | CRITICAL
2026-09-22 05:02:34 | WARD_B_TEMP_02 | 38.3 | CRITICAL
2026-09-22 05:02:34 | WARD_B_TEMP_03 | 37.6 | WARNING
2026-09-22 05:02:34 | WARD_B_TEMP_04 | 36.0 | NORMAL
2026-09-22 05:02:34 | WARD_B_TEMP_05 | 36.2 | NORMAL
2026-09-22 05:02:35 | WARD_B_TEMP_01 | 37.1 | NORMAL
2026-09-22 05:02:35 | WARD_B_TEMP_02 | 34.5 | CRITICAL
2026-09-22 05:02:35 | WARD_B_TEMP_03 | 34.9 | CRITICAL
2026-09-22 05:02:35 | WARD_B_TEMP_04 | 39.9 | CRITICAL
2026-09-22 05:02:35 | WARD_B_TEMP_05 | 39.1 | CRITICAL
2026-09-22 05:02:36 | WARD_B_TEMP_01 | 40.5 | CRITICAL
2026-09-22 05:02:36 | WARD_B_TEMP_02 | 39.5 | CRITICAL
2026-09-22 05:02:36 | WARD_B_TEMP_03 | 38.3 | CRITICAL
2026-09-22 05:02:36 | WARD_B_TEMP_04 | 39.1 | CRITICAL
2026-09-22 05:02:36 | WARD_B_TEMP_05 | 36.6 | NORMAL
2026-09-22 05:02:37 | WARD_B_TEMP_01 | 35.7 | NORMAL
2026-09-22 05:02:37 | WARD_B_TEMP_02 | 35.9 | NORMAL
2026-09-22 05:02:37 | WARD_B_TEMP_03 | 39.7 | CRITICAL
2026-09-22 05:02:37 | WARD_B_TEMP_04 | 38.0 | WARNING
2026-09-22 05:02:37 | WARD_B_TEMP_05 | 40.0 | CRITICAL
2026-09-22 05:02:38 | WARD_B_TEMP_01 | 39.5 | CRITICAL
2026-09-22 05:02:38 | WARD_B_TEMP_02 | 35.6 | NORMAL
2026-09-22 05:02:38 | WARD_B_TEMP_03 | 36.9 | NORMAL
2026-09-22 05:02:38 | WARD_B_TEMP_04 | 38.3 | CRITICAL
2026-09-22 05:02:38 | WARD_B_TEMP_05 | 36.4 | NORMAL
2026-09-22 05:02:39 | WARD_B_TEMP_01 | 39.1 | CRITICAL
2026-09-22 05:02:39 | WARD_B_TEMP_02 | 39.4 | CRITICAL
2026-09-22 05:02:39 | WARD_B_TEMP_03 | 36.6 | NORMAL
2026-09-22 05:02:39 | WARD_B_TEMP_04 | 38.6 | CRITICAL
2026-09-22 05:02:39 | WARD_B_TEMP_05 | 40.0 | CRITICAL
2026-09-22 05:02:40 | WARD_B_TEMP_01 | 35.7 | NORMAL
2026-09-22 05:02:40 | WARD_B_TEMP_02 | 36.5 | NORMAL
2026-09-22 05:02:40 | WARD_B_TEMP_03 | 40.3 | CRITICAL
2026-09-22 05:02:40 | WARD_B_TEMP_04 | 37.7 | WARNING
2026-09-22 05:02:40 | WARD_B_TEMP_05 | 40.5 | CRITICAL
2026-09-22 05:02:41 | WARD_B_TEMP_01 | 40.2 | CRITICAL
2026-09-22 05:02:41 | WARD_B_TEMP_02 | 40.0 | CRITICAL
2026-09-22 05:02:41 | WARD_B_TEMP_03 | 37.7 | WARNING
2026-09-22 05:02:41 | WARD_B_TEMP_04 | 36.3 | NORMAL
2026-09-22 05:02:41 | WARD_B_TEMP_05 | 39.2 | CRITICAL
2026-09-22 05:02:42 | WARD_B_TEMP_01 | 35.1 | CRITICAL
2026-09-22 05:02:42 | WARD_B_TEMP_02 | 38.8 | CRITICAL
2026-09-22 05:02:42 | WARD_B_TEMP_03 | 40.1 | CRITICAL
2026-09-22 05:02:42 | WARD_B_TEMP_04 | 35.5 | NORMAL
2026-09-22 05:02:42 | WARD_B_TEMP_05 | 39.1 | CRITICAL
2026-09-22 05:02:43 | WARD_B_TEMP_01 | 37.4 | NORMAL
2026-09-22 05:02:43 | WARD_B_TEMP_02 | 39.1 | CRITICAL
2026-09-22 05:02:43 | WARD_B_TEMP_03 | 39.7 | CRITICAL
2026-09-22 05:02:43 | WARD_B_TEMP_04 | 35.1 | CRITICAL
2026-09-22 05:02:43 | WARD_B_TEMP_05 | 36.6 | NORMAL
2026-09-22 05:02:44 | WARD_B_TEMP_01 | 37.5 | WARNING
2026-09-22 05:02:44 | WARD_B_TEMP_02 | 34.9 | CRITICAL
2026-09-22 05:02:44 | WARD_B_TEMP_03 | 35.2 | CRITICAL
2026-09-22 05:02:44 | WARD_B_TEMP_04 | 37.0 | NORMAL
2026-09-22 05:02:44 | WARD_B_TEMP_05 | 36.8 | NORMAL
2026-09-22 05:02:45 | WARD_B_TEMP_01 | 36.3 | NORMAL
2026-09-22 05:02:45 | WARD_B_TEMP_02 | 37.6 | WARNING
2026-09-22 05:02:45 | WARD_B_TEMP_03 | 37.9 | WARNING
2026-09-22 05:02:45 | WARD_B_TEMP_04 | 38.8 | CRITICAL
2026-09-22 05:02:45 | WARD_B_TEMP_05 | 36.1 | NORMAL
2026-09-22 05:02:46 | WARD_B_TEMP_01 | 38.8 | CRITICAL
2026-09-22 05:02:46 | WARD_B_TEMP_02 | 39.2 | CRITICAL
2026-09-22 05:02:46 | WARD_B_TEMP_03 | 38.2 | CRITICAL
2026-09-22 05:02:46 | WARD_B_TEMP_04 | 37.1 | NORMAL
2026-09-22 05:02:46 | WARD_B_TEMP_05 | 37.5 | WARNING
2026-09-22 05:02:47 | WARD_B_TEMP_01 | 38.4 | CRITICAL
2026-09-22 05:02:47 | WARD_B_TEMP_02 | 37.1 | NORMAL
2026-09-22 05:02:47 | WARD_B_TEMP_03 | 37.0 | NORMAL
2026-09-22 05:02:47 | WARD_B_TEMP_04 | 40.4 | CRITICAL
2026-09-22 05:02:47 | WARD_B_TEMP_05 | 34.8 | CRITICAL
2026-09-22 05:02:48 | WARD_B_TEMP_01 | 38.4 | CRITICAL
2026-09-22 05:02:48 | WARD_B_TEMP_02 | 40.0 | CRITICAL
2026-09-22 05:02:48 | WARD_B_TEMP_03 | 38.4 | CRITICAL
2026-09-22 05:02:48 | WARD_B_TEMP_04 | 38.3 | CRITICAL
2026-09-22 05:02:48 | WARD_B_TEMP_05 | 38.7 | CRITICAL
2026-09-22 05:02:49 | WARD_B_TEMP_01 | 35.7 | NORMAL
2026-09-22 05:02:49 | WARD_B_TEMP_02 | 40.0 | CRITICAL
2026-09-22 05:02:49 | WARD_B_TEMP_03 | 38.6 | CRITICAL
2026-09-22 05:02:49 | WARD_B_TEMP_04 | 40.2 | CRITICAL
2026-09-22 05:02:49 | WARD_B_TEMP_05 | 35.8 | NORMAL
2026-09-22 05:02:50 | WARD_B_TEMP_01 | 39.7 | CRITICAL
2026-09-22 05:02:50 | WARD_B_TEMP_02 | 36.9 | NORMAL
2026-09-22 05:02:50 | WARD_B_TEMP_03 | 40.0 | CRITICAL
2026-09-22 05:02:50 | WARD_B_TEMP_04 | 34.6 | CRITICAL
2026-09-22 05:02:50 | WARD_B_TEMP_05 | 35.1 | CRITICAL
2026-09-22 05:02:51 | WARD_B_TEMP_01 | 35.0 | CRITICAL
2026-09-22 05:02:51 | WARD_B_TEMP_02 | 36.6 | NORMAL
2026-09-22 05:02:51 | WARD_B_TEMP_03 | 37.5 | WARNING
2026-09-22 05:02:51 | WARD_B_TEMP_04 | 36.7 | NORMAL
2026-09-22 05:02:51 | WARD_B_TEMP_05 | 34.8 | CRITICAL
2026-09-22 05:02:52 | WARD_B_TEMP_01 | 36.2 | NORMAL
2026-09-22 05:02:52 | WARD_B_TEMP_02 | 40.2 | CRITICAL
2026-09-22 05:02:52 | WARD_B_TEMP_03 | 40.2 | CRITICAL
2026-09-22 05:02:52 | WARD_B_TEMP_04 | 37.1 | NORMAL
2026-09-22 05:02:52 | WARD_B_TEMP_05 | 38.3 | CRITICAL
2026-09-22 05:02:53 | WARD_B_TEMP_01 | 39.0 | CRITICAL
2026-09-22 05:02:53 | WARD_B_TEMP_02 | 35.8 | NORMAL
2026-09-22 05:02:53 | WARD_B_TEMP_03 | 34.7 | CRITICAL
2026-09-22 05:02:53 | WARD_B_TEMP_04 | 39.1 | CRITICAL
2026-09-22 05:02:53 | WARD_B_TEMP_05 | 39.9 | CRITICAL
2026-09-22 05:02:54 | WARD_B_TEMP_01 | 38.3 | CRITICAL
2026-09-22 05:02:54 | WARD_B_TEMP_02 | 38.3 | CRITICAL
2026-09-22 05:02:54 | WARD_B_TEMP_03 | 34.7 | CRITICAL
2026-09-22 05:02:54 | WARD_B_TEMP_04 | 37.0 | NORMAL
2026-09-22 05:02:54 | WARD_B_TEMP_05 | 36.0 | NORMAL
2026-09-22 05:02:55 | WARD_B_TEMP_01 | 36.3 | NORMAL
2026-09-22 05:02:55 | WARD_B_TEMP_02 | 34.7 | CRITICAL
2026-09-22 05:02:55 | WARD_B_TEMP_03 | 34.7 | CRITICAL
2026-09-22 05:02:55 | WARD_B_TEMP_04 | 38.6 | CRITICAL
2026-09-22 05:02:55 | WARD_B_TEMP_05 | 38.7 | CRITICAL
2026-09-22 05:02:56 | WARD_B_TEMP_01 | 38.3 | CRITICAL
2026-09-22 05:02:56 | WARD_B_TEMP_02 | 40.4 | CRITICAL
2026-09-22 05:02:56 | WARD_B_TEMP_03 | 35.4 | CRITICAL
2026-09-22 05:02:56 | WARD_B_TEMP_04 | 39.5 | CRITICAL
2026-09-22 05:02:56 | WARD_B_TEMP_05 | 38.4 | CRITICAL
2026-09-22 05:02:57 | WARD_B_TEMP_01 | 37.9 | WARNING
2026-09-22 05:02:57 | WARD_B_TEMP_02 | 38.1 | CRITICAL
2026-09-22 05:02:57 | WARD_B_TEMP_03 | 35.1 | CRITICAL
2026-09-22 05:02:57 | WARD_B_TEMP_04 | 36.8 | NORMAL
2026-09-22 05:02:57 | WARD_B_TEMP_05 | 37.8 | WARNING
2026-09-22 05:02:58 | WARD_B_TEMP_01 | 39.1 | CRITICAL
2026-09-22 05:02:58 | WARD_B_TEMP_02 | 36.3 | NORMAL
2026-09-22 05:02:58 | WARD_B_TEMP_03 | 40.4 | CRITICAL
2026-09-22 05:02:58 | WARD_B_TEMP_04 | 39.8 | CRITICAL
2026-09-22 05:02:58 | WARD_B_TEMP_05 | 34.6 | CRITICAL
2026-09-22 05:02:59 | WARD_B_TEMP_01 | 35.4 | CRITICAL
2026-09-22 05:02:59 | WARD_B_TEMP_02 | 34.5 | CRITICAL
2026-09-22 05:02:59 | WARD_B_TEMP_03 | 35.5 | NORMAL
2026-09-22 05:02:59 | WARD_B_TEMP_04 | 37.2 | NORMAL
2026-09-22 05:02:59 | WARD_B_TEMP_05 | 39.1 | CRITICAL
2026-09-22 05:03:00 | WARD_B_TEMP_01 | 36.6 | NORMAL
2026-09-22 05:03:00 | WARD_B_TEMP_02 | 35.6 | NORMAL
2026-09-22 05:03:00 | WARD_B_TEMP_03 | 35.6 | NORMAL
2026-09-22 05:03:00 | WARD_B_TEMP_04 | 38.3 | CRITICAL
2026-09-22 05:03:00 | WARD_B_TEMP_05 | 34.9 | CRITICAL
2026-09-22 05:03:01 | WARD_B_TEMP_01 | 37.7 | WARNING
2026-09-22 05:03:01 | WARD_B_TEMP_02 | 40.2 | CRITICAL
2026-09-22 05:03:01 | WARD_B_TEMP_03 | 37.7 | WARNING
2026-09-22 05:03:01 | WARD_B_TEMP_04 | 39.9 | CRITICAL
2026-09-22 05:03:01 | WARD_B_TEMP_05 | 34.6 | CRITICAL
2026-09-22 05:03:02 | WARD_B_TEMP_01 | 38.2 | CRITICAL
2026-09-22 05:03:02 | WARD_B_TEMP_02 | 39.7 | CRITICAL
2026-09-22 05:03:02 | WARD_B_TEMP_03 | 38.3 | CRITICAL
2026-09-22 05:03:02 | WARD_B_TEMP_04 | 35.7 | NORMAL
2026-09-22 05:03:02 | WARD_B_TEMP_05 | 39.2 | CRITICAL
2026-09-22 05:03:03 | WARD_B_TEMP_01 | 40.4 | CRITICAL
2026-09-22 05:03:03 | WARD_B_TEMP_02 | 34.7 | CRITICAL
2026-09-22 05:03:03 | WARD_B_TEMP_03 | 40.3 | CRITICAL
2026-09-22 05:03:03 | WARD_B_TEMP_04 | 36.7 | NORMAL
2026-09-22 05:03:03 | WARD_B_TEMP_05 | 38.7 | CRITICAL
2026-09-22 05:03:04 | WARD_B_TEMP_01 | 38.3 | CRITICAL
2026-09-22 05:03:04 | WARD_B_TEMP_02 | 39.2 | CRITICAL
2026-09-22 05:03:04 | WARD_B_TEMP_03 | 38.7 | CRITICAL
2026-09-22 05:03:04 | WARD_B_TEMP_04 | 35.7 | NORMAL
2026-09-22 05:03:04 | WARD_B_TEMP_05 | 38.6 | CRITICAL
2026-09-22 05:03:05 | WARD_B_TEMP_01 | 35.9 | NORMAL
2026-09-22 05:03:05 | WARD_B_TEMP_02 | 39.6 | CRITICAL
2026-09-22 05:03:05 | WARD_B_TEMP_03 | 39.3 | CRITICAL
2026-09-22 05:03:05 | WARD_B_TEMP_04 | 37.3 | NORMAL
2026-09-22 05:03:05 | WARD_B_TEMP_05 | 38.8 | CRITICAL
2026-09-22 05:03:06 | WARD_B_TEMP_01 | 34.6 | CRITICAL
2026-09-22 05:03:06 | WARD_B_TEMP_02 | 38.4 | CRITICAL
2026-09-22 05:03:06 | WARD_B_TEMP_03 | 38.7 | CRITICAL
2026-09-22 05:03:06 | WARD_B_TEMP_04 | 36.6 | NORMAL
2026-09-22 05:03:06 | WARD_B_TEMP_05 | 34.7 | CRITICAL
2026-09-22 05:03:07 | WARD_B_TEMP_01 | 39.5 | CRITICAL
2026-09-22 05:03:07 | WARD_B_TEMP_02 | 39.8 | CRITICAL
2026-09-22 05:03:07 | WARD_B_TEMP_03 | 35.5 | NORMAL
2026-09-22 05:03:07 | WARD_B_TEMP_04 | 36.7 | NORMAL
2026-09-22 05:03:07 | WARD_B_TEMP_05 | 35.1 | CRITICAL
2026-09-22 05:03:08 | WARD_B_TEMP_01 | 36.1 | NORMAL
2026-09-22 05:03:08 | WARD_B_TEMP_02 | 39.9 | CRITICAL
2026-09-22 05:03:08 | WARD_B_TEMP_03 | 35.9 | NORMAL
2026-09-22 05:03:08 | WARD_B_TEMP_04 | 39.3 | CRITICAL
2026-09-22 05:03:08 | WARD_B_TEMP_05 | 37.6 | WARNING
2026-09-22 05:03:09 | WARD_B_TEMP_01 | 34.5 | CRITICAL
2026-09-22 05:03:09 | WARD_B_TEMP_02 | 35.9 | NORMAL
2026-09-22 05:03:09 | WARD_B_TEMP_03 | 35.4 | CRITICAL
2026-09-22 05:03:09 | WARD_B_TEMP_04 | 37.6 | WARNING
2026-09-22 05:03:09 | WARD_B_TEMP_05 | 35.3 | CRITICAL
2026-09-22 05:03:10 | WARD_B_TEMP_01 | 40.1 | CRITICAL
2026-09-22 05:03:10 | WARD_B_TEMP_02 | 37.6 | WARNING
2026-09-22 05:03:10 | WARD_B_TEMP_03 | 39.1 | CRITICAL
2026-09-22 05:03:10 | WARD_B_TEMP_04 | 39.1 | CRITICAL
2026-09-22 05:03:10 | WARD_B_TEMP_05 | 34.6 | CRITICAL
2026-09-22 05:03:11 | WARD_B_TEMP_01 | 35.0 | CRITICAL
2026-09-22 05:03:11 | WARD_B_TEMP_02 | 36.5 | NORMAL
2026-09-22 05:03:11 | WARD_B_TEMP_03 | 35.5 | NORMAL
2026-09-22 05:03:11 | WARD_B_TEMP_04 | 34.5 | CRITICAL
2026-09-22 05:03:11 | WARD_B_TEMP_05 | 37.2 | NORMAL
2026-09-22 05:03:12 | WARD_B_TEMP_01 | 39.7 | CRITICAL
2026-09-22 05:03:12 | WARD_B_TEMP_02 | 37.8 | WARNING
2026-09-22 05:03:12 | WARD_B_TEMP_03 | 35.2 | CRITICAL
2026-09-22 05:03:12 | WARD_B_TEMP_04 | 35.8 | NORMAL
2026-09-22 05:03:12 | WARD_B_TEMP_05 | 37.8 | WARNING
2026-09-22 05:03:13 | WARD_B_TEMP_01 | 39.7 | CRITICAL
2026-09-22 05:03:13 | WARD_B_TEMP_02 | 37.4 | NORMAL
2026-09-22 05:03:13 | WARD_B_TEMP_03 | 36.3 | NORMAL
2026-09-22 05:03:13 | WARD_B_TEMP_04 | 38.8 | CRITICAL
2026-09-22 05:03:13 | WARD_B_TEMP_05 | 39.8 | CRITICAL
2026-09-22 05:03:14 | WARD_B_TEMP_01 | 35.0 | CRITICAL
2026-09-22 05:03:14 | WARD_B_TEMP_02 | 36.3 | NORMAL
2026-09-22 05:03:14 | WARD_B_TEMP_03 | 37.2 | NORMAL
2026-09-22 05:03:14 | WARD_B_TEMP_04 | 39.7 | CRITICAL
2026-09-22 05:03:14 | WARD_B_TEMP_05 | 36.2 | NORMAL
2026-09-22 05:03:15 | WARD_B_TEMP_01 | 38.0 | WARNING
2026-09-22 05:03:15 | WARD_B_TEMP_02 | 36.2 | NORMAL
2026-09-22 05:03:15 | WARD_B_TEMP_03 | 40.3 | CRITICAL
2026-09-22 05:03:15 | WARD_B_TEMP_04 | 35.4 | CRITICAL
2026-09-22 05:03:15 | WARD_B_TEMP_05 | 39.4 | CRITICAL
2026-09-22 05:03:16 | WARD_B_TEMP_01 | 39.6 | CRITICAL
2026-09-22 05:03:16 | WARD_B_TEMP_02 | 39.3 | CRITICAL
2026-09-22 05:03:16 | WARD_B_TEMP_03 | 39.2 | CRITICAL
2026-09-22 05:03:16 | WARD_B_TEMP_04 | 35.9 | NORMAL
2026-09-22 05:03:16 | WARD_B_TEMP_05 | 35.9 | NORMAL
2026-09-22 05:03:17 | WARD_B_TEMP_01 | 39.6 | CRITICAL
2026-09-22 05:03:17 | WARD_B_TEMP_02 | 35.3 | CRITICAL
2026-09-22 05:03:17 | WARD_B_TEMP_03 | 38.5 | CRITICAL
2026-09-22 05:03:17 | WARD_B_TEMP_04 | 40.3 | CRITICAL
2026-09-22 05:03:17 | WARD_B_TEMP_05 | 39.5 | CRITICAL
2026-09-22 05:03:18 | WARD_B_TEMP_01 | 38.8 | CRITICAL
2026-09-22 05:03:18 | WARD_B_TEMP_02 | 37.3 | NORMAL
2026-09-22 05:03:18 | WARD_B_TEMP_03 | 36.2 | NORMAL
2026-09-22 05:03:18 | WARD_B_TEMP_04 | 38.1 | CRITICAL
2026-09-22 05:03:18 | WARD_B_TEMP_05 | 38.3 | CRITICAL
2026-09-22 05:03:19 | WARD_B_TEMP_01 | 38.7 | CRITICAL
2026-09-22 05:03:19 | WARD_B_TEMP_02 | 36.5 | NORMAL
2026-09-22 05:03:19 | WARD_B_TEMP_03 | 37.8 | WARNING
2026-09-22 05:03:19 | WARD_B_TEMP_04 | 38.6 | CRITICAL
2026-09-22 05:03:19 | WARD_B_TEMP_05 | 36.4 | NORMAL
2026-09-22 05:03:20 | WARD_B_TEMP_01 | 36.4 | NORMAL
2026-09-22 05:03:20 | WARD_B_TEMP_02 | 40.5 | CRITICAL
2026-09-22 05:03:20 | WARD_B_TEMP_03 | 39.9 | CRITICAL
2026-09-22 05:03:20 | WARD_B_TEMP_04 | 35.5 | NORMAL
2026-09-22 05:03:20 | WARD_B_TEMP_05 | 35.2 | CRITICAL
2026-09-22 05:03:21 | WARD_B_TEMP_01 | 36.2 | NORMAL
2026-09-22 05:03:21 | WARD_B_TEMP_02 | 40.1 | CRITICAL
2026-09-22 05:03:21 | WARD_B_TEMP_03 | 34.7 | CRITICAL
2026-09-22 05:03:21 | WARD_B_TEMP_04 | 40.1 | CRITICAL
2026-09-22 05:03:21 | WARD_B_TEMP_05 | 39.5 | CRITICAL
2026-09-22 05:03:22 | WARD_B_TEMP_01 | 36.4 | NORMAL
2026-09-22 05:03:22 | WARD_B_TEMP_02 | 38.8 | CRITICAL
2026-09-22 05:03:22 | WARD_B_TEMP_03 | 36.2 | NORMAL
2026-09-22 05:03:22 | WARD_B_TEMP_04 | 38.8 | CRITICAL
2026-09-22 05:03:22 | WARD_B_TEMP_05 | 39.7 | CRITICAL
2026-09-22 05:03:23 | WARD_B_TEMP_01 | 39.9 | CRITICAL
2026-09-22 05:03:23 | WARD_B_TEMP_02 | 35.2 | CRITICAL
2026-09-22 05:03:23 | WARD_B_TEMP_03 | 37.0 | NORMAL
2026-09-22 05:03:23 | WARD_B_TEMP_04 | 36.5 | NORMAL
2026-09-22 05:03:23 | WARD_B_TEMP_05 | 35.5 | NORMAL
2026-09-22 05:03:24 | WARD_B_TEMP_01 | 36.1 | NORMAL
2026-09-22 05:03:24 | WARD_B_TEMP_02 | 38.2 | CRITICAL
2026-09-22 05:03:24 | WARD_B_TEMP_03 | 38.8 | CRITICAL
2026-09-22 05:03:24 | WARD_B_TEMP_04 | 39.8 | CRITICAL
2026-09-22 05:03:24 | WARD_B_TEMP_05 | 35.3 | CRITICAL
2026-09-22 05:03:25 | WARD_B_TEMP_01 | 39.0 | CRITICAL
2026-09-22 05:03:25 | WARD_B_TEMP_02 | 35.4 | CRITICAL
2026-09-22 05:03:25 | WARD_B_TEMP_03 | 35.6 | NORMAL
2026-09-22 05:03:25 | WARD_B_TEMP_04 | 35.9 | NORMAL
2026-09-22 05:03:25 | WARD_B_TEMP_05 | 37.2 | NORMAL
2026-09-22 05:03:26 | WARD_B_TEMP_01 | 39.8 | CRITICAL
2026-09-22 05:03:26 | WARD_B_TEMP_02 | 37.8 | WARNING
2026-09-22 05:03:26 | WARD_B_TEMP_03 | 39.1 | CRITICAL
2026-09-22 05:03:26 | WARD_B_TEMP_04 | 36.6 | NORMAL
2026-09-22 05:03:26 | WARD_B_TEMP_05 | 36.2 | NORMAL
2026-09-22 05:03:27 | WARD_B_TEMP_01 | 40.3 | CRITICAL
2026-09-22 05:03:27 | WARD_B_TEMP_02 | 36.1 | NORMAL
2026-09-22 05:03:27 | WARD_B_TEMP_03 | 39.7 | CRITICAL
2026-09-22 05:03:27 | WARD_B_TEMP_04 | 39.8 | CRITICAL
2026-09-22 05:03:27 | WARD_B_TEMP_05 | 38.4 | CRITICAL
2026-09-22 05:03:28 | WARD_B_TEMP_01 | 39.1 | CRITICAL
2026-09-22 05:03:28 | WARD_B_TEMP_02 | 37.7 | WARNING
2026-09-22 05:03:28 | WARD_B_TEMP_03 | 37.0 | NORMAL
2026-09-22 05:03:28 | WARD_B_TEMP_04 | 38.1 | CRITICAL
2026-09-22 05:03:28 | WARD_B_TEMP_05 | 35.0 | CRITICAL
2026-09-22 05:03:29 | WARD_B_TEMP_01 | 35.2 | CRITICAL
2026-09-22 05:03:29 | WARD_B_TEMP_02 | 37.3 | NORMAL
2026-09-22 05:03:29 | WARD_B_TEMP_03 | 37.2 | NORMAL
2026-09-22 05:03:29 | WARD_B_TEMP_04 | 35.6 | NORMAL
2026-09-22 05:03:29 | WARD_B_TEMP_05 | 36.3 | NORMAL
2026-09-22 05:03:30 | WARD_B_TEMP_01 | 40.3 | CRITICAL
2026-09-22 05:03:30 | WARD_B_TEMP_02 | 36.5 | NORMAL
2026-09-22 05:03:30 | WARD_B_TEMP_03 | 37.8 | WARNING
2026-09-22 05:03:30 | WARD_B_TEMP_04 | 40.2 | CRITICAL
2026-09-22 05:03:30 | WARD_B_TEMP_05 | 38.1 | CRITICAL
2026-09-22 05:03:31 | WARD_B_TEMP_01 | 39.3 | CRITICAL
2026-09-22 05:03:31 | WARD_B_TEMP_02 | 36.1 | NORMAL
2026-09-22 05:03:31 | WARD_B_TEMP_03 | 36.7 | NORMAL
2026-09-22 05:03:31 | WARD_B_TEMP_04 | 34.6 | CRITICAL
2026-09-22 05:03:31 | WARD_B_TEMP_05 | 39.7 | CRITICAL
2026-09-22 05:03:32 | WARD_B_TEMP_01 | 38.0 | WARNING
2026-09-22 05:03:32 | WARD_B_TEMP_02 | 35.0 | CRITICAL
2026-09-22 05:03:32 | WARD_B_TEMP_03 | 38.3 | CRITICAL
2026-09-22 05:03:32 | WARD_B_TEMP_04 | 36.1 | NORMAL
2026-09-22 05:03:32 | WARD_B_TEMP_05 | 40.4 | CRITICAL
2026-09-22 05:03:33 | WARD_B_TEMP_01 | 34.7 | CRITICAL
2026-09-22 05:03:33 | WARD_B_TEMP_02 | 36.8 | NORMAL
2026-09-22 05:03:33 | WARD_B_TEMP_03 | 35.5 | NORMAL
2026-09-22 05:03:33 | WARD_B_TEMP_04 | 36.6 | NORMAL
2026-09-22 05:03:33 | WARD_B_TEMP_05 | 35.3 | CRITICAL
2026-09-22 05:03:34 | WARD_B_TEMP_01 | 36.8 | NORMAL
2026-09-22 05:03:34 | WARD_B_TEMP_02 | 38.6 | CRITICAL
2026-09-22 05:03:34 | WARD_B_TEMP_03 | 39.7 | CRITICAL
2026-09-22 05:03:34 | WARD_B_TEMP_04 | 40.4 | CRITICAL
2026-09-22 05:03:34 | WARD_B_TEMP_05 | 38.6 | CRITICAL
2026-09-22 05:03:35 | WARD_B_TEMP_01 | 37.7 | WARNING
2026-09-22 05:03:35 | WARD_B_TEMP_02 | 37.1 | NORMAL
2026-09-22 05:03:35 | WARD_B_TEMP_03 | 40.0 | CRITICAL
2026-09-22 05:03:35 | WARD_B_TEMP_04 | 37.0 | NORMAL
2026-09-22 05:03:35 | WARD_B_TEMP_05 | 39.9 | CRITICAL
2026-09-22 05:03:36 | WARD_B_TEMP_01 | 39.5 | CRITICAL
2026-09-22 05:03:36 | WARD_B_TEMP_02 | 35.9 | NORMAL
2026-09-22 05:03:36 | WARD_B_TEMP_03 | 37.5 | WARNING
2026-09-22 05:03:36 | WARD_B_TEMP_04 | 36.0 | NORMAL
2026-09-22 05:03:36 | WARD_B_TEMP_05 | 39.5 | CRITICAL
2026-09-22 05:03:37 | WARD_B_TEMP_01 | 39.1 | CRITICAL
2026-09-22 05:03:37 | WARD_B_TEMP_02 | 38.7 | CRITICAL
2026-09-22 05:03:37 | WARD_B_TEMP_03 | 36.6 | NORMAL
2026-09-22 05:03:37 | WARD_B_TEMP_04 | 36.7 | NORMAL
2026-09-22 05:03:37 | WARD_B_TEMP_05 | 35.7 | NORMAL
2026-09-22 05:03:38 | WARD_B_TEMP_01 | 35.0 | CRITICAL
2026-09-22 05:03:38 | WARD_B_TEMP_02 | 37.2 | NORMAL
2026-09-22 05:03:38 | WARD_B_TEMP_03 | 39.9 | CRITICAL
2026-09-22 05:03:38 | WARD_B_TEMP_04 | 35.2 | CRITICAL
2026-09-22 05:03:38 | WARD_B_TEMP_05 | 34.7 | CRITICAL
2026-09-22 05:03:39 | WARD_B_TEMP_01 | 37.1 | NORMAL
2026-09-22 05:03:39 | WARD_B_TEMP_02 | 37.4 | NORMAL
2026-09-22 05:03:39 | WARD_B_TEMP_03 | 36.8 | NORMAL
2026-09-22 05:03:39 | WARD_B_TEMP_04 | 38.1 | CRITICAL
2026-09-22 05:03:39 | WARD_B_TEMP_05 | 39.6 | CRITICAL
2026-09-22 05:03:40 | WARD_B_TEMP_01 | 38.3 | CRITICAL
2026-09-22 05:03:40 | WARD_B_TEMP_02 | 35.2 | CRITICAL
2026-09-22 05:03:40 | WARD_B_TEMP_03 | 35.2 | CRITICAL
2026-09-22 05:03:40 | WARD_B_TEMP_04 | 40.0 | CRITICAL
2026-09-22 05:03:40 | WARD_B_TEMP_05 | 39.7 | CRITICAL
2026-09-22 05:03:41 | WARD_B_TEMP_01 | 38.5 | CRITICAL
2026-09-22 05:03:41 | WARD_B_TEMP_02 | 36.5 | NORMAL
2026-09-22 05:03:41 | WARD_B_TEMP_03 | 38.1 | CRITICAL
2026-09-22 05:03:41 | WARD_B_TEMP_04 | 38.7 | CRITICAL
2026-09-22 05:03:41 | WARD_B_TEMP_05 | 40.3 | CRITICAL
2026-09-22 05:03:42 | WARD_B_TEMP_01 | 35.0 | CRITICAL
2026-09-22 05:03:42 | WARD_B_TEMP_02 | 38.1 | CRITICAL
2026-09-22 05:03:42 | WARD_B_TEMP_03 | 34.7 | CRITICAL
2026-09-22 05:03:42 | WARD_B_TEMP_04 | 39.3 | CRITICAL
2026-09-22 05:03:42 | WARD_B_TEMP_05 | 40.0 | CRITICAL
2026-09-22 05:03:43 | WARD_B_TEMP_01 | 38.5 | CRITICAL
2026-09-22 05:03:43 | WARD_B_TEMP_02 | 35.8 | NORMAL
2026-09-22 05:03:43 | WARD_B_TEMP_03 | 34.7 | CRITICAL
2026-09-22 05:03:43 | WARD_B_TEMP_04 | 35.2 | CRITICAL
2026-09-22 05:03:43 | WARD_B_TEMP_05 | 36.3 | NORMAL
2026-09-22 05:03:44 | WARD_B_TEMP_01 | 39.4 | CRITICAL
2026-09-22 05:03:44 | WARD_B_TEMP_02 | 38.3 | CRITICAL
2026-09-22 05:03:44 | WARD_B_TEMP_03 | 36.4 | NORMAL
2026-09-22 05:03:44 | WARD_B_TEMP_04 | 38.6 | CRITICAL
2026-09-22 05:03:44 | WARD_B_TEMP_05 | 38.7 | CRITICAL
2026-09-22 05:03:45 | WARD_B_TEMP_01 | 36.2 | NORMAL
2026-09-22 05:03:45 | WARD_B_TEMP_02 | 34.8 | CRITICAL
2026-09-22 05:03:45 | WARD_B_TEMP_03 | 39.6 | CRITICAL
2026-09-22 05:03:45 | WARD_B_TEMP_04 | 38.5 | CRITICAL
2026-09-22 05:03:45 | WARD_B_TEMP_05 | 38.4 | CRITICAL
2026-09-22 05:03:46 | WARD_B_TEMP_01 | 38.0 | WARNING
2026-09-22 05:03:46 | WARD_B_TEMP_02 | 35.5 | NORMAL
2026-09-22 05:03:46 | WARD_B_TEMP_03 | 39.0 | CRITICAL
2026-09-22 05:03:46 | WARD_B_TEMP_04 | 40.5 | CRITICAL
2026-09-22 05:03:46 | WARD_B_TEMP_05 | 35.8 | NORMAL
2026-09-22 05:03:47 | WARD_B_TEMP_01 | 38.0 | WARNING
2026-09-22 05:03:47 | WARD_B_TEMP_02 | 38.9 | CRITICAL
2026-09-22 05:03:47 | WARD_B_TEMP_03 | 35.0 | CRITICAL
2026-09-22 05:03:47 | WARD_B_TEMP_04 | 36.1 | NORMAL
2026-09-22 05:03:47 | WARD_B_TEMP_05 | 39.5 | CRITICAL
2026-09-22 05:03:48 | WARD_B_TEMP_01 | 34.6 | CRITICAL
2026-09-22 05:03:48 | WARD_B_TEMP_02 | 35.6 | NORMAL
2026-09-22 05:03:48 | WARD_B_TEMP_03 | 34.5 | CRITICAL
2026-09-22 05:03:48 | WARD_B_TEMP_04 | 36.7 | NORMAL
2026-09-22 05:03:48 | WARD_B_TEMP_05 | 36.0 | NORMAL
2026-09-22 05:03:49 | WARD_B_TEMP_01 | 35.9 | NORMAL
2026-09-22 05:03:49 | WARD_B_TEMP_02 | 39.4 | CRITICAL
2026-09-22 05:03:49 | WARD_B_TEMP_03 | 38.7 | CRITICAL
2026-09-22 05:03:49 | WARD_B_TEMP_04 | 37.7 | WARNING
2026-09-22 05:03:49 | WARD_B_TEMP_05 | 38.8 | CRITICAL
2026-09-22 05:03:50 | WARD_B_TEMP_01 | 39.1 | CRITICAL
2026-09-22 05:03:50 | WARD_B_TEMP_02 | 34.9 | CRITICAL
2026-09-22 05:03:50 | WARD_B_TEMP_03 | 39.7 | CRITICAL
2026-09-22 05:03:50 | WARD_B_TEMP_04 | 36.8 | NORMAL
2026-09-22 05:03:50 | WARD_B_TEMP_05 | 39.9 | CRITICAL
2026-09-22 05:03:51 | WARD_B_TEMP_01 | 37.5 | WARNING
2026-09-22 05:03:51 | WARD_B_TEMP_02 | 38.5 | CRITICAL
2026-09-22 05:03:51 | WARD_B_TEMP_03 | 39.6 | CRITICAL
2026-09-22 05:03:51 | WARD_B_TEMP_04 | 34.6 | CRITICAL
2026-09-22 05:03:51 | WARD_B_TEMP_05 | 38.1 | CRITICAL
2026-09-22 05:03:52 | WARD_B_TEMP_01 | 35.7 | NORMAL
2026-09-22 05:03:52 | WARD_B_TEMP_02 | 36.5 | NORMAL
2026-09-22 05:03:52 | WARD_B_TEMP_03 | 34.8 | CRITICAL
2026-09-22 05:03:52 | WARD_B_TEMP_04 | 39.8 | CRITICAL
2026-09-22 05:03:52 | WARD_B_TEMP_05 | 38.3 | CRITICAL
2026-09-22 05:03:53 | WARD_B_TEMP_01 | 37.7 | WARNING
2026-09-22 05:03:53 | WARD_B_TEMP_02 | 36.7 | NORMAL
2026-09-22 05:03:53 | WARD_B_TEMP_03 | 38.8 | CRITICAL
2026-09-22 05:03:53 | WARD_B_TEMP_04 | 38.9 | CRITICAL
2026-09-22 05:03:53 | WARD_B_TEMP_05 | 40.2 | CRITICAL
2026-09-22 05:03:54 | WARD_B_TEMP_01 | 39.0 | CRITICAL
2026-09-22 05:03:54 | WARD_B_TEMP_02 | 37.1 | NORMAL
2026-09-22 05:03:54 | WARD_B_TEMP_03 | 38.4 | CRITICAL
2026-09-22 05:03:54 | WARD_B_TEMP_04 | 37.9 | WARNING
2026-09-22 05:03:54 | WARD_B_TEMP_05 | 38.1 | CRITICAL
2026-09-22 05:03:55 | WARD_B_TEMP_01 | 38.9 | CRITICAL
2026-09-22 05:03:55 | WARD_B_TEMP_02 | 35.7 | NORMAL
2026-09-22 05:03:55 | WARD_B_TEMP_03 | 37.0 | NORMAL
2026-09-22 05:03:55 | WARD_B_TEMP_04 | 39.5 | CRITICAL
2026-09-22 05:03:55 | WARD_B_TEMP_05 | 36.8 | NORMAL
2026-09-22 05:03:56 | WARD_B_TEMP_01 | 37.9 | WARNING
2026-09-22 05:03:56 | WARD_B_TEMP_02 | 39.2 | CRITICAL
2026-09-22 05:03:56 | WARD_B_TEMP_03 | 40.2 | CRITICAL
2026-09-22 05:03:56 | WARD_B_TEMP_04 | 37.5 | WARNING
2026-09-22 05:03:56 | WARD_B_TEMP_05 | 35.4 | CRITICAL
2026-09-22 05:03:57 | WARD_B_TEMP_01 | 35.5 | NORMAL
2026-09-22 05:03:57 | WARD_B_TEMP_02 | 38.9 | CRITICAL
2026-09-22 05:03:57 | WARD_B_TEMP_03 | 39.7 | CRITICAL
2026-09-22 05:03:57 | WARD_B_TEMP_04 | 39.2 | CRITICAL
2026-09-22 05:03:57 | WARD_B_TEMP_05 | 40.5 | CRITICAL
2026-09-22 05:03:58 | WARD_B_TEMP_01 | 38.2 | CRITICAL
2026-09-22 05:03:58 | WARD_B_TEMP_02 | 35.4 | CRITICAL
2026-09-22 05:03:58 | WARD_B_TEMP_03 | 39.0 | CRITICAL
2026-09-22 05:03:58 | WARD_B_TEMP_04 | 40.2 | CRITICAL
2026-09-22 05:03:58 | WARD_B_TEMP_05 | 37.9 | WARNING
2026-09-22 05:03:59 | WARD_B_TEMP_01 | 39.4 | CRITICAL
2026-09-22 05:03:59 | WARD_B_TEMP_02 | 40.0 | CRITICAL
2026-09-22 05:03:59 | WARD_B_TEMP_03 | 40.1 | CRITICAL
2026-09-22 05:03:59 | WARD_B_TEMP_04 | 39.2 | CRITICAL
2026-09-22 05:03:59 | WARD_B_TEMP_05 | 35.3 | CRITICAL
2026-09-22 05:04:00 | WARD_B_TEMP_01 | 37.2 | NORMAL
2026-09-22 05:04:00 | WARD_B_TEMP_02 | 38.7 | CRITICAL
2026-09-22 05:04:00 | WARD_B_TEMP_03 | 38.8 | CRITICAL
2026-09-22 05:04:00 | WARD_B_TEMP_04 | 37.0 | NORMAL
2026-09-22 05:04:00 | WARD_B_TEMP_05 | 35.4 | CRITICAL
2026-09-22 05:04:01 | WARD_B_TEMP_01 | 35.6 | NORMAL
2026-09-22 05:04:01 | WARD_B_TEMP_02 | 35.6 | NORMAL
2026-09-22 05:04:01 | WARD_B_TEMP_03 | 36.1 | NORMAL
2026-09-22 05:04:01 | WARD_B_TEMP_04 | 36.7 | NORMAL
2026-09-22 05:04:01 | WARD_B_TEMP_05 | 36.6 | NORMAL
2026-09-22 05:04:02 | WARD_B_TEMP_01 | 39.9 | CRITICAL
2026-09-22 05:04:02 | WARD_B_TEMP_02 | 36.1 | NORMAL
2026-09-22 05:04:02 | WARD_B_TEMP_03 | 37.1 | NORMAL
2026-09-22 05:04:02 | WARD_B_TEMP_04 | 39.7 | CRITICAL
2026-09-22 05:04:02 | WARD_B_TEMP_05 | 39.0 | CRITICAL
2026-09-22 05:04:03 | WARD_B_TEMP_01 | 36.3 | NORMAL
2026-09-22 05:04:03 | WARD_B_TEMP_02 | 39.6 | CRITICAL
2026-09-22 05:04:03 | WARD_B_TEMP_03 | 37.4 | NORMAL
2026-09-22 05:04:03 | WARD_B_TEMP_04 | 37.4 | NORMAL
2026-09-22 05:04:03 | WARD_B_TEMP_05 | 35.5 | NORMAL
2026-09-22 05:04:04 | WARD_B_TEMP_01 | 38.3 | CRITICAL
2026-09-22 05:04:04 | WARD_B_TEMP_02 | 35.1 | CRITICAL
2026-09-22 05:04:04 | WARD_B_TEMP_03 | 40.2 | CRITICAL
2026-09-22 05:04:04 | WARD_B_TEMP_04 | 38.1 | CRITICAL
2026-09-22 05:04:04 | WARD_B_TEMP_05 | 37.1 | NORMAL
2026-09-22 05:04:05 | WARD_B_TEMP_01 | 39.7 | CRITICAL
2026-09-22 05:04:05 | WARD_B_TEMP_02 | 37.2 | NORMAL
2026-09-22 05:04:05 | WARD_B_TEMP_03 | 38.0 | WARNING
2026-09-22 05:04:05 | WARD_B_TEMP_04 | 35.3 | CRITICAL
2026-09-22 05:04:05 | WARD_B_TEMP_05 | 38.9 | CRITICAL
2026-09-22 05:04:06 | WARD_B_TEMP_01 | 37.4 | NORMAL
2026-09-22 05:04:06 | WARD_B_TEMP_02 | 38.1 | CRITICAL
2026-09-22 05:04:06 | WARD_B_TEMP_03 | 37.4 | NORMAL
2026-09-22 05:04:06 | WARD_B_TEMP_04 | 36.5 | NORMAL
2026-09-22 05:04:06 | WARD_B_TEMP_05 | 36.9 | NORMAL
2026-09-22 05:04:07 | WARD_B_TEMP_01 | 38.2 | CRITICAL
2026-09-22 05:04:07 | WARD_B_TEMP_02 | 40.1 | CRITICAL
2026-09-22 05:04:07 | WARD_B_TEMP_03 | 39.3 | CRITICAL
2026-09-22 05:04:07 | WARD_B_TEMP_04 | 39.0 | CRITICAL
2026-09-22 05:04:07 | WARD_B_TEMP_05 | 35.4 | CRITICAL
2026-09-22 05:04:08 | WARD_B_TEMP_01 | 37.8 | WARNING
2026-09-22 05:04:08 | WARD_B_TEMP_02 | 36.0 | NORMAL
2026-09-22 05:04:08 | WARD_B_TEMP_03 | 38.6 | CRITICAL
2026-09-22 05:04:08 | WARD_B_TEMP_04 | 38.7 | CRITICAL
2026-09-22 05:04:08 | WARD_B_TEMP_05 | 35.5 | NORMAL
2026-09-22 05:04:09 | WARD_B_TEMP_01 | 34.7 | CRITICAL
2026-09-22 05:04:09 | WARD_B_TEMP_02 | 36.9 | NORMAL
2026-09-22 05:04:09 | WARD_B_TEMP_03 | 37.1 | NORMAL
2026-09-22 05:04:09 | WARD_B_TEMP_04 | 40.4 | CRITICAL
2026-09-22 05:04:09 | WARD_B_TEMP_05 | 36.9 | NORMAL
2026-09-22 05:04:10 | WARD_B_TEMP_01 | 38.8 | CRITICAL
2026-09-22 05:04:10 | WARD_B_TEMP_02 | 35.4 | CRITICAL
2026-09-22 05:04:10 | WARD_B_TEMP_03 | 39.3 | CRITICAL
2026-09-22 05:04:10 | WARD_B_TEMP_04 | 37.4 | NORMAL
2026-09-22 05:04:10 | WARD_B_TEMP_05 | 36.6 | NORMAL
2026-09-22 05:04:11 | WARD_B_TEMP_01 | 40.0 | CRITICAL
2026-09-22 05:04:11 | WARD_B_TEMP_02 | 34.6 | CRITICAL
2026-09-22 05:04:11 | WARD_B_TEMP_03 | 35.7 | NORMAL
2026-09-22 05:04:11 | WARD_B_TEMP_04 | 38.5 | CRITICAL
2026-09-22 05:04:11 | WARD_B_TEMP_05 | 37.1 | NORMAL
2026-09-22 05:04:12 | WARD_B_TEMP_01 | 40.1 | CRITICAL
2026-09-22 05:04:12 | WARD_B_TEMP_02 | 36.9 | NORMAL
2026-09-22 05:04:12 | WARD_B_TEMP_03 | 39.3 | CRITICAL
2026-09-22 05:04:12 | WARD_B_TEMP_04 | 39.3 | CRITICAL
2026-09-22 05:04:12 | WARD_B_TEMP_05 | 39.1 | CRITICAL
2026-09-22 05:04:13 | WARD_B_TEMP_01 | 39.5 | CRITICAL
2026-09-22 05:04:13 | WARD_B_TEMP_02 | 36.5 | NORMAL
2026-09-22 05:04:13 | WARD_B_TEMP_03 | 37.8 | WARNING
2026-09-22 05:04:13 | WARD_B_TEMP_04 | 38.5 | CRITICAL
2026-09-22 05:04:13 | WARD_B_TEMP_05 | 37.5 | WARNING
2026-09-22 05:04:14 | WARD_B_TEMP_01 | 39.1 | CRITICAL
2026-09-22 05:04:14 | WARD_B_TEMP_02 | 36.7 | NORMAL
2026-09-22 05:04:14 | WARD_B_TEMP_03 | 37.2 | NORMAL
2026-09-22 05:04:14 | WARD_B_TEMP_04 | 39.1 | CRITICAL
2026-09-22 05:04:14 | WARD_B_TEMP_05 | 36.5 | NORMAL
2026-09-22 05:04:15 | WARD_B_TEMP_01 | 36.1 | NORMAL
2026-09-22 05:04:15 | WARD_B_TEMP_02 | 36.3 | NORMAL
2026-09-22 05:04:15 | WARD_B_TEMP_03 | 39.9 | CRITICAL
2026-09-22 05:04:15 | WARD_B_TEMP_04 | 34.9 | CRITICAL
2026-09-22 05:04:15 | WARD_B_TEMP_05 | 37.6 | WARNING
2026-09-22 05:04:16 | WARD_B_TEMP_01 | 38.2 | CRITICAL
2026-09-22 05:04:16 | WARD_B_TEMP_02 | 36.8 | NORMAL
2026-09-22 05:04:16 | WARD_B_TEMP_03 | 39.1 | CRITICAL
2026-09-22 05:04:16 | WARD_B_TEMP_04 | 38.5 | CRITICAL
2026-09-22 05:04:16 | WARD_B_TEMP_05 | 36.2 | NORMAL
2026-09-22 05:04:17 | WARD_B_TEMP_01 | 35.3 | CRITICAL
2026-09-22 05:04:17 | WARD_B_TEMP_02 | 38.8 | CRITICAL
2026-09-22 05:04:17 | WARD_B_TEMP_03 | 36.2 | NORMAL
2026-09-22 05:04:17 | WARD_B_TEMP_04 | 34.8 | CRITICAL
2026-09-22 05:04:17 | WARD_B_TEMP_05 | 36.2 | NORMAL
2026-09-22 05:04:18 | WARD_B_TEMP_01 | 35.2 | CRITICAL
2026-09-22 05:04:18 | WARD_B_TEMP_02 | 36.0 | NORMAL
2026-09-22 05:04:18 | WARD_B_TEMP_03 | 34.8 | CRITICAL
2026-09-22 05:04:18 | WARD_B_TEMP_04 | 39.6 | CRITICAL
2026-09-22 05:04:18 | WARD_B_TEMP_05 | 35.7 | NORMAL
2026-09-22 05:04:19 | WARD_B_TEMP_01 | 37.8 | WARNING
2026-09-22 05:04:19 | WARD_B_TEMP_02 | 40.4 | CRITICAL
2026-09-22 05:04:19 | WARD_B_TEMP_03 | 35.2 | CRITICAL
2026-09-22 05:04:19 | WARD_B_TEMP_04 | 37.7 | WARNING
2026-09-22 05:04:19 | WARD_B_TEMP_05 | 35.9 | NORMAL
2026-09-22 05:04:20 | WARD_B_TEMP_01 | 36.4 | NORMAL
2026-09-22 05:04:20 | WARD_B_TEMP_02 | 37.4 | NORMAL
2026-09-22 05:04:20 | WARD_B_TEMP_03 | 37.1 | NORMAL
2026-09-22 05:04:20 | WARD_B_TEMP_04 | 36.9 | NORMAL
2026-09-22 05:04:20 | WARD_B_TEMP_05 | 38.2 | CRITICAL
2026-09-22 05:04:21 | WARD_B_TEMP_01 | 36.1 | NORMAL
2026-09-22 05:04:21 | WARD_B_TEMP_02 | 39.5 | CRITICAL
2026-09-22 05:04:21 | WARD_B_TEMP_03 | 38.6 | CRITICAL
2026-09-22 05:04:21 | WARD_B_TEMP_04 | 37.8 | WARNING
2026-09-22 05:04:21 | WARD_B_TEMP_05 | 36.2 | NORMAL
2026-09-22 05:04:22 | WARD_B_TEMP_01 | 40.0 | CRITICAL
2026-09-22 05:04:22 | WARD_B_TEMP_02 | 37.3 | NORMAL
2026-09-22 05:04:22 | WARD_B_TEMP_03 | 37.0 | NORMAL
2026-09-22 05:04:22 | WARD_B_TEMP_04 | 34.9 | CRITICAL
2026-09-22 05:04:22 | WARD_B_TEMP_05 | 37.4 | NORMAL
2026-09-22 05:04:24 | WARD_B_TEMP_01 | 35.8 | NORMAL
2026-09-22 05:04:24 | WARD_B_TEMP_02 | 38.9 | CRITICAL
2026-09-22 05:04:24 | WARD_B_TEMP_03 | 40.1 | CRITICAL
2026-09-22 05:04:24 | WARD_B_TEMP_04 | 39.1 | CRITICAL
2026-09-22 05:04:24 | WARD_B_TEMP_05 | 38.8 | CRITICAL
2026-09-22 05:04:25 | WARD_B_TEMP_01 | 40.2 | CRITICAL
2026-09-22 05:04:25 | WARD_B_TEMP_02 | 37.8 | WARNING
2026-09-22 05:04:25 | WARD_B_TEMP_03 | 35.7 | NORMAL
2026-09-22 05:04:25 | WARD_B_TEMP_04 | 36.7 | NORMAL
2026-09-22 05:04:25 | WARD_B_TEMP_05 | 36.2 | NORMAL
2026-09-22 05:04:26 | WARD_B_TEMP_01 | 38.6 | CRITICAL
2026-09-22 05:04:26 | WARD_B_TEMP_02 | 36.2 | NORMAL
2026-09-22 05:04:26 | WARD_B_TEMP_03 | 37.4 | NORMAL
2026-09-22 05:04:26 | WARD_B_TEMP_04 | 37.3 | NORMAL
2026-09-22 05:04:26 | WARD_B_TEMP_05 | 40.3 | CRITICAL
2026-09-22 05:04:27 | WARD_B_TEMP_01 | 37.3 | NORMAL
2026-09-22 05:04:27 | WARD_B_TEMP_02 | 35.9 | NORMAL
2026-09-22 05:04:27 | WARD_B_TEMP_03 | 38.7 | CRITICAL
2026-09-22 05:04:27 | WARD_B_TEMP_04 | 40.1 | CRITICAL
2026-09-22 05:04:27 | WARD_B_TEMP_05 | 36.1 | NORMAL
2026-09-22 05:04:28 | WARD_B_TEMP_01 | 40.3 | CRITICAL
2026-09-22 05:04:28 | WARD_B_TEMP_02 | 36.8 | NORMAL
2026-09-22 05:04:28 | WARD_B_TEMP_03 | 39.8 | CRITICAL
2026-09-22 05:04:28 | WARD_B_TEMP_04 | 38.8 | CRITICAL
2026-09-22 05:04:28 | WARD_B_TEMP_05 | 36.6 | NORMAL
2026-09-22 05:04:29 | WARD_B_TEMP_01 | 35.7 | NORMAL
2026-09-22 05:04:29 | WARD_B_TEMP_02 | 38.7 | CRITICAL
2026-09-22 05:04:29 | WARD_B_TEMP_03 | 40.3 | CRITICAL
2026-09-22 05:04:29 | WARD_B_TEMP_04 | 39.7 | CRITICAL
2026-09-22 05:04:29 | WARD_B_TEMP_05 | 36.5 | NORMAL
2026-09-22 05:04:30 | WARD_B_TEMP_01 | 36.2 | NORMAL
2026-09-22 05:04:30 | WARD_B_TEMP_02 | 36.8 | NORMAL
2026-09-22 05:04:30 | WARD_B_TEMP_03 | 40.5 | CRITICAL
2026-09-22 05:04:30 | WARD_B_TEMP_04 | 39.3 | CRITICAL
2026-09-22 05:04:30 | WARD_B_TEMP_05 | 36.9 | NORMAL
2026-09-22 05:04:31 | WARD_B_TEMP_01 | 36.7 | NORMAL
2026-09-22 05:04:31 | WARD_B_TEMP_02 | 38.5 | CRITICAL
2026-09-22 05:04:31 | WARD_B_TEMP_03 | 37.9 | WARNING
2026-09-22 05:04:31 | WARD_B_TEMP_04 | 40.3 | CRITICAL
2026-09-22 05:04:31 | WARD_B_TEMP_05 | 36.1 | NORMAL
2026-09-22 05:04:32 | WARD_B_TEMP_01 | 38.4 | CRITICAL
2026-09-22 05:04:32 | WARD_B_TEMP_02 | 34.6 | CRITICAL
2026-09-22 05:04:32 | WARD_B_TEMP_03 | 34.5 | CRITICAL
2026-09-22 05:04:32 | WARD_B_TEMP_04 | 35.2 | CRITICAL
2026-09-22 05:04:32 | WARD_B_TEMP_05 | 39.9 | CRITICAL
2026-09-22 05:04:33 | WARD_B_TEMP_01 | 39.2 | CRITICAL
2026-09-22 05:04:33 | WARD_B_TEMP_02 | 36.5 | NORMAL
2026-09-22 05:04:33 | WARD_B_TEMP_03 | 39.4 | CRITICAL
2026-09-22 05:04:33 | WARD_B_TEMP_04 | 38.5 | CRITICAL
2026-09-22 05:04:33 | WARD_B_TEMP_05 | 34.5 | CRITICAL
2026-09-22 05:04:34 | WARD_B_TEMP_01 | 38.8 | CRITICAL
2026-09-22 05:04:34 | WARD_B_TEMP_02 | 36.9 | NORMAL
2026-09-22 05:04:34 | WARD_B_TEMP_03 | 36.6 | NORMAL
2026-09-22 05:04:34 | WARD_B_TEMP_04 | 40.5 | CRITICAL
2026-09-22 05:04:34 | WARD_B_TEMP_05 | 38.3 | CRITICAL
2026-09-22 05:04:35 | WARD_B_TEMP_01 | 38.3 | CRITICAL
2026-09-22 05:04:35 | WARD_B_TEMP_02 | 36.5 | NORMAL
2026-09-22 05:04:35 | WARD_B_TEMP_03 | 35.4 | CRITICAL
2026-09-22 05:04:35 | WARD_B_TEMP_04 | 40.2 | CRITICAL
2026-09-22 05:04:35 | WARD_B_TEMP_05 | 39.7 | CRITICAL
2026-09-22 05:04:36 | WARD_B_TEMP_01 | 35.0 | CRITICAL
2026-09-22 05:04:36 | WARD_B_TEMP_02 | 37.3 | NORMAL
2026-09-22 05:04:36 | WARD_B_TEMP_03 | 39.7 | CRITICAL
2026-09-22 05:04:36 | WARD_B_TEMP_04 | 37.5 | WARNING
2026-09-22 05:04:36 | WARD_B_TEMP_05 | 39.3 | CRITICAL
2026-09-22 05:04:37 | WARD_B_TEMP_01 | 36.4 | NORMAL
2026-09-22 05:04:37 | WARD_B_TEMP_02 | 37.5 | WARNING
2026-09-22 05:04:37 | WARD_B_TEMP_03 | 38.1 | CRITICAL
2026-09-22 05:04:37 | WARD_B_TEMP_04 | 37.1 | NORMAL
2026-09-22 05:04:37 | WARD_B_TEMP_05 | 38.4 | CRITICAL
2026-09-22 05:04:38 | WARD_B_TEMP_01 | 40.0 | CRITICAL
2026-09-22 05:04:38 | WARD_B_TEMP_02 | 36.9 | NORMAL
2026-09-22 05:04:38 | WARD_B_TEMP_03 | 40.2 | CRITICAL
2026-09-22 05:04:38 | WARD_B_TEMP_04 | 38.6 | CRITICAL
2026-09-22 05:04:38 | WARD_B_TEMP_05 | 37.6 | WARNING
2026-09-22 05:04:39 | WARD_B_TEMP_01 | 35.0 | CRITICAL
2026-09-22 05:04:39 | WARD_B_TEMP_02 | 37.2 | NORMAL
2026-09-22 05:04:39 | WARD_B_TEMP_03 | 39.4 | CRITICAL
2026-09-22 05:04:39 | WARD_B_TEMP_04 | 36.7 | NORMAL
2026-09-22 05:04:39 | WARD_B_TEMP_05 | 39.5 | CRITICAL
2026-09-22 05:04:40 | WARD_B_TEMP_01 | 36.1 | NORMAL
2026-09-22 05:04:40 | WARD_B_TEMP_02 | 39.7 | CRITICAL
2026-09-22 05:04:40 | WARD_B_TEMP_03 | 35.5 | NORMAL
2026-09-22 05:04:40 | WARD_B_TEMP_04 | 38.7 | CRITICAL
2026-09-22 05:04:40 | WARD_B_TEMP_05 | 39.0 | CRITICAL
2026-09-22 05:04:41 | WARD_B_TEMP_01 | 40.4 | CRITICAL
2026-09-22 05:04:41 | WARD_B_TEMP_02 | 37.9 | WARNING
2026-09-22 05:04:41 | WARD_B_TEMP_03 | 34.6 | CRITICAL
2026-09-22 05:04:41 | WARD_B_TEMP_04 | 39.2 | CRITICAL
2026-09-22 05:04:41 | WARD_B_TEMP_05 | 39.8 | CRITICAL
2026-09-22 05:04:42 | WARD_B_TEMP_01 | 34.7 | CRITICAL
2026-09-22 05:04:42 | WARD_B_TEMP_02 | 36.1 | NORMAL
2026-09-22 05:04:42 | WARD_B_TEMP_03 | 36.7 | NORMAL
2026-09-22 05:04:42 | WARD_B_TEMP_04 | 37.5 | WARNING
2026-09-22 05:04:42 | WARD_B_TEMP_05 | 40.2 | CRITICAL
2026-09-22 05:04:43 | WARD_B_TEMP_01 | 38.6 | CRITICAL
2026-09-22 05:04:43 | WARD_B_TEMP_02 | 38.5 | CRITICAL
2026-09-22 05:04:43 | WARD_B_TEMP_03 | 38.6 | CRITICAL
2026-09-22 05:04:43 | WARD_B_TEMP_04 | 37.3 | NORMAL
2026-09-22 05:04:43 | WARD_B_TEMP_05 | 36.6 | NORMAL
2026-09-22 05:04:44 | WARD_B_TEMP_01 | 35.9 | NORMAL
2026-09-22 05:04:44 | WARD_B_TEMP_02 | 35.0 | CRITICAL
2026-09-22 05:04:44 | WARD_B_TEMP_03 | 39.1 | CRITICAL
2026-09-22 05:04:44 | WARD_B_TEMP_04 | 35.3 | CRITICAL
2026-09-22 05:04:44 | WARD_B_TEMP_05 | 35.0 | CRITICAL
2026-09-22 05:04:45 | WARD_B_TEMP_01 | 36.4 | NORMAL
2026-09-22 05:04:45 | WARD_B_TEMP_02 | 36.5 | NORMAL
2026-09-22 05:04:45 | WARD_B_TEMP_03 | 37.0 | NORMAL
2026-09-22 05:04:45 | WARD_B_TEMP_04 | 38.3 | CRITICAL
2026-09-22 05:04:45 | WARD_B_TEMP_05 | 35.5 | NORMAL
2026-09-22 05:04:46 | WARD_B_TEMP_01 | 35.1 | CRITICAL
2026-09-22 05:04:46 | WARD_B_TEMP_02 | 37.8 | WARNING
2026-09-22 05:04:46 | WARD_B_TEMP_03 | 35.0 | CRITICAL
2026-09-22 05:04:46 | WARD_B_TEMP_04 | 40.2 | CRITICAL
2026-09-22 05:04:46 | WARD_B_TEMP_05 | 35.6 | NORMAL
2026-09-22 05:04:47 | WARD_B_TEMP_01 | 36.5 | NORMAL
2026-09-22 05:04:47 | WARD_B_TEMP_02 | 40.3 | CRITICAL
2026-09-22 05:04:47 | WARD_B_TEMP_03 | 37.1 | NORMAL
2026-09-22 05:04:47 | WARD_B_TEMP_04 | 36.7 | NORMAL
2026-09-22 05:04:47 | WARD_B_TEMP_05 | 38.3 | CRITICAL
2026-09-22 05:04:48 | WARD_B_TEMP_01 | 37.5 | WARNING
2026-09-22 05:04:48 | WARD_B_TEMP_02 | 37.7 | WARNING
2026-09-22 05:04:48 | WARD_B_TEMP_03 | 38.5 | CRITICAL
2026-09-22 05:04:48 | WARD_B_TEMP_04 | 34.5 | CRITICAL
2026-09-22 05:04:48 | WARD_B_TEMP_05 | 40.0 | CRITICAL
2026-09-22 05:04:49 | WARD_B_TEMP_01 | 38.7 | CRITICAL
2026-09-22 05:04:49 | WARD_B_TEMP_02 | 39.4 | CRITICAL
2026-09-22 05:04:49 | WARD_B_TEMP_03 | 35.6 | NORMAL
2026-09-22 05:04:49 | WARD_B_TEMP_04 | 38.6 | CRITICAL
2026-09-22 05:04:49 | WARD_B_TEMP_05 | 40.4 | CRITICAL
2026-09-22 05:04:50 | WARD_B_TEMP_01 | 37.3 | NORMAL
2026-09-22 05:04:50 | WARD_B_TEMP_02 | 37.1 | NORMAL
2026-09-22 05:04:50 | WARD_B_TEMP_03 | 40.1 | CRITICAL
2026-09-22 05:04:50 | WARD_B_TEMP_04 | 37.7 | WARNING
2026-09-22 05:04:50 | WARD_B_TEMP_05 | 36.8 | NORMAL
2026-09-22 05:04:51 | WARD_B_TEMP_01 | 37.8 | WARNING
2026-09-22 05:04:51 | WARD_B_TEMP_02 | 36.7 | NORMAL
2026-09-22 05:04:51 | WARD_B_TEMP_03 | 38.4 | CRITICAL
2026-09-22 05:04:51 | WARD_B_TEMP_04 | 36.8 | NORMAL
2026-09-22 05:04:51 | WARD_B_TEMP_05 | 39.6 | CRITICAL
2026-09-22 05:04:52 | WARD_B_TEMP_01 | 39.9 | CRITICAL
2026-09-22 05:04:52 | WARD_B_TEMP_02 | 37.9 | WARNING
2026-09-22 05:04:52 | WARD_B_TEMP_03 | 37.6 | WARNING
2026-09-22 05:04:52 | WARD_B_TEMP_04 | 36.8 | NORMAL
2026-09-22 05:04:52 | WARD_B_TEMP_05 | 38.4 | CRITICAL
2026-09-22 05:04:53 | WARD_B_TEMP_01 | 35.2 | CRITICAL
2026-09-22 05:04:53 | WARD_B_TEMP_02 | 37.7 | WARNING
2026-09-22 05:04:53 | WARD_B_TEMP_03 | 39.5 | CRITICAL
2026-09-22 05:04:53 | WARD_B_TEMP_04 | 35.1 | CRITICAL
2026-09-22 05:04:53 | WARD_B_TEMP_05 | 37.4 | NORMAL
2026-09-22 05:04:54 | WARD_B_TEMP_01 | 37.8 | WARNING
2026-09-22 05:04:54 | WARD_B_TEMP_02 | 37.1 | NORMAL
2026-09-22 05:04:54 | WARD_B_TEMP_03 | 36.5 | NORMAL
2026-09-22 05:04:54 | WARD_B_TEMP_04 | 36.7 | NORMAL
2026-09-22 05:04:54 | WARD_B_TEMP_05 | 38.7 | CRITICAL
2026-09-22 05:04:55 | WARD_B_TEMP_01 | 37.6 | WARNING
2026-09-22 05:04:55 | WARD_B_TEMP_02 | 39.4 | CRITICAL
2026-09-22 05:04:55 | WARD_B_TEMP_03 | 37.2 | NORMAL
2026-09-22 05:04:55 | WARD_B_TEMP_04 | 38.6 | CRITICAL
2026-09-22 05:04:55 | WARD_B_TEMP_05 | 38.7 | CRITICAL
2026-09-22 05:04:56 | WARD_B_TEMP_01 | 38.4 | CRITICAL
2026-09-22 05:04:56 | WARD_B_TEMP_02 | 38.9 | CRITICAL
2026-09-22 05:04:56 | WARD_B_TEMP_03 | 38.5 | CRITICAL
2026-09-22 05:04:56 | WARD_B_TEMP_04 | 40.5 | CRITICAL
2026-09-22 05:04:56 | WARD_B_TEMP_05 | 37.7 | WARNING
2026-09-22 05:04:57 | WARD_B_TEMP_01 | 37.1 | NORMAL
2026-09-22 05:04:57 | WARD_B_TEMP_02 | 37.6 | WARNING
2026-09-22 05:04:57 | WARD_B_TEMP_03 | 39.1 | CRITICAL
2026-09-22 05:04:57 | WARD_B_TEMP_04 | 38.1 | CRITICAL
2026-09-22 05:04:57 | WARD_B_TEMP_05 | 39.9 | CRITICAL
2026-09-22 05:04:58 | WARD_B_TEMP_01 | 38.5 | CRITICAL
2026-09-22 05:04:58 | WARD_B_TEMP_02 | 40.3 | CRITICAL
2026-09-22 05:04:58 | WARD_B_TEMP_03 | 39.1 | CRITICAL
2026-09-22 05:04:58 | WARD_B_TEMP_04 | 35.0 | CRITICAL
2026-09-22 05:04:58 | WARD_B_TEMP_05 | 39.8 | CRITICAL
2026-09-22 05:04:59 | WARD_B_TEMP_01 | 38.9 | CRITICAL
2026-09-22 05:04:59 | WARD_B_TEMP_02 | 39.2 | CRITICAL
2026-09-22 05:04:59 | WARD_B_TEMP_03 | 34.8 | CRITICAL
2026-09-22 05:04:59 | WARD_B_TEMP_04 | 39.1 | CRITICAL
2026-09-22 05:04:59 | WARD_B_TEMP_05 | 35.6 | NORMAL
2026-09-22 05:05:00 | WARD_B_TEMP_01 | 39.7 | CRITICAL
2026-09-22 05:05:00 | WARD_B_TEMP_02 | 39.0 | CRITICAL
2026-09-22 05:05:00 | WARD_B_TEMP_03 | 38.9 | CRITICAL
2026-09-22 05:05:00 | WARD_B_TEMP_04 | 38.8 | CRITICAL
2026-09-22 05:05:00 | WARD_B_TEMP_05 | 36.9 | NORMAL
2026-09-22 05:05:01 | WARD_B_TEMP_01 | 36.7 | NORMAL
2026-09-22 05:05:01 | WARD_B_TEMP_02 | 39.7 | CRITICAL
2026-09-22 05:05:01 | WARD_B_TEMP_03 | 40.4 | CRITICAL
2026-09-22 05:05:01 | WARD_B_TEMP_04 | 37.3 | NORMAL
2026-09-22 05:05:01 | WARD_B_TEMP_05 | 39.6 | CRITICAL
2026-09-22 05:05:02 | WARD_B_TEMP_01 | 35.1 | CRITICAL
2026-09-22 05:05:02 | WARD_B_TEMP_02 | 37.4 | NORMAL
2026-09-22 05:05:02 | WARD_B_TEMP_03 | 38.7 | CRITICAL
2026-09-22 05:05:02 | WARD_B_TEMP_04 | 38.7 | CRITICAL
2026-09-22 05:05:02 | WARD_B_TEMP_05 | 35.1 | CRITICAL
2026-09-22 05:05:03 | WARD_B_TEMP_01 | 40.3 | CRITICAL
2026-09-22 05:05:03 | WARD_B_TEMP_02 | 38.3 | CRITICAL
2026-09-22 05:05:03 | WARD_B_TEMP_03 | 37.6 | WARNING
2026-09-22 05:05:03 | WARD_B_TEMP_04 | 35.6 | NORMAL
2026-09-22 05:05:03 | WARD_B_TEMP_05 | 35.0 | CRITICAL
2026-09-22 05:05:04 | WARD_B_TEMP_01 | 39.0 | CRITICAL
2026-09-22 05:05:04 | WARD_B_TEMP_02 | 35.4 | CRITICAL
2026-09-22 05:05:04 | WARD_B_TEMP_03 | 35.5 | NORMAL
2026-09-22 05:05:04 | WARD_B_TEMP_04 | 39.3 | CRITICAL
2026-09-22 05:05:04 | WARD_B_TEMP_05 | 37.9 | WARNING
2026-09-22 05:05:05 | WARD_B_TEMP_01 | 36.4 | NORMAL
2026-09-22 05:05:05 | WARD_B_TEMP_02 | 36.2 | NORMAL
2026-09-22 05:05:05 | WARD_B_TEMP_03 | 37.5 | WARNING
2026-09-22 05:05:05 | WARD_B_TEMP_04 | 39.3 | CRITICAL
2026-09-22 05:05:05 | WARD_B_TEMP_05 | 38.2 | CRITICAL
2026-09-22 05:05:06 | WARD_B_TEMP_01 | 34.6 | CRITICAL
2026-09-22 05:05:06 | WARD_B_TEMP_02 | 35.3 | CRITICAL
2026-09-22 05:05:06 | WARD_B_TEMP_03 | 37.7 | WARNING
2026-09-22 05:05:06 | WARD_B_TEMP_04 | 34.9 | CRITICAL
2026-09-22 05:05:06 | WARD_B_TEMP_05 | 37.3 | NORMAL
2026-09-22 05:05:07 | WARD_B_TEMP_01 | 35.4 | CRITICAL
2026-09-22 05:05:07 | WARD_B_TEMP_02 | 38.9 | CRITICAL
2026-09-22 05:05:07 | WARD_B_TEMP_03 | 40.1 | CRITICAL
2026-09-22 05:05:07 | WARD_B_TEMP_04 | 35.3 | CRITICAL
2026-09-22 05:05:07 | WARD_B_TEMP_05 | 37.8 | WARNING
2026-09-22 05:05:08 | WARD_B_TEMP_01 | 34.8 | CRITICAL
2026-09-22 05:05:08 | WARD_B_TEMP_02 | 39.6 | CRITICAL
2026-09-22 05:05:08 | WARD_B_TEMP_03 | 38.0 | WARNING
2026-09-22 05:05:08 | WARD_B_TEMP_04 | 37.3 | NORMAL
2026-09-22 05:05:08 | WARD_B_TEMP_05 | 38.7 | CRITICAL
2026-09-22 05:05:09 | WARD_B_TEMP_01 | 39.6 | CRITICAL
2026-09-22 05:05:09 | WARD_B_TEMP_02 | 37.4 | NORMAL
2026-09-22 05:05:09 | WARD_B_TEMP_03 | 35.5 | NORMAL
2026-09-22 05:05:09 | WARD_B_TEMP_04 | 36.3 | NORMAL
2026-09-22 05:05:09 | WARD_B_TEMP_05 | 36.3 | NORMAL
2026-09-22 05:05:10 | WARD_B_TEMP_01 | 35.8 | NORMAL
2026-09-22 05:05:10 | WARD_B_TEMP_02 | 38.8 | CRITICAL
2026-09-22 05:05:10 | WARD_B_TEMP_03 | 37.9 | WARNING
2026-09-22 05:05:10 | WARD_B_TEMP_04 | 36.1 | NORMAL
2026-09-22 05:05:10 | WARD_B_TEMP_05 | 40.5 | CRITICAL
2026-09-22 05:05:11 | WARD_B_TEMP_01 | 39.4 | CRITICAL
2026-09-22 05:05:11 | WARD_B_TEMP_02 | 39.7 | CRITICAL
2026-09-22 05:05:11 | WARD_B_TEMP_03 | 35.1 | CRITICAL
2026-09-22 05:05:11 | WARD_B_TEMP_04 | 37.6 | WARNING
2026-09-22 05:05:11 | WARD_B_TEMP_05 | 36.1 | NORMAL
2026-09-22 05:05:12 | WARD_B_TEMP_01 | 35.3 | CRITICAL
2026-09-22 05:05:12 | WARD_B_TEMP_02 | 39.1 | CRITICAL
2026-09-22 05:05:12 | WARD_B_TEMP_03 | 35.6 | NORMAL
2026-09-22 05:05:12 | WARD_B_TEMP_04 | 34.9 | CRITICAL
2026-09-22 05:05:12 | WARD_B_TEMP_05 | 34.9 | CRITICAL
2026-09-22 05:05:13 | WARD_B_TEMP_01 | 37.9 | WARNING
2026-09-22 05:05:13 | WARD_B_TEMP_02 | 36.8 | NORMAL
2026-09-22 05:05:13 | WARD_B_TEMP_03 | 37.2 | NORMAL
2026-09-22 05:05:13 | WARD_B_TEMP_04 | 36.6 | NORMAL
2026-09-22 05:05:13 | WARD_B_TEMP_05 | 36.7 | NORMAL
2026-09-22 05:05:14 | WARD_B_TEMP_01 | 36.9 | NORMAL
2026-09-22 05:05:14 | WARD_B_TEMP_02 | 39.8 | CRITICAL
2026-09-22 05:05:14 | WARD_B_TEMP_03 | 34.9 | CRITICAL
2026-09-22 05:05:14 | WARD_B_TEMP_04 | 35.0 | CRITICAL
2026-09-22 05:05:14 | WARD_B_TEMP_05 | 36.3 | NORMAL
2026-09-22 05:05:15 | WARD_B_TEMP_01 | 38.4 | CRITICAL
2026-09-22 05:05:15 | WARD_B_TEMP_02 | 40.0 | CRITICAL
2026-09-22 05:05:15 | WARD_B_TEMP_03 | 36.5 | NORMAL
2026-09-22 05:05:15 | WARD_B_TEMP_04 | 38.8 | CRITICAL
2026-09-22 05:05:15 | WARD_B_TEMP_05 | 39.2 | CRITICAL
2026-09-22 05:05:16 | WARD_B_TEMP_01 | 36.7 | NORMAL
2026-09-22 05:05:16 | WARD_B_TEMP_02 | 40.1 | CRITICAL
2026-09-22 05:05:16 | WARD_B_TEMP_03 | 38.2 | CRITICAL
2026-09-22 05:05:16 | WARD_B_TEMP_04 | 40.3 | CRITICAL
2026-09-22 05:05:16 | WARD_B_TEMP_05 | 39.3 | CRITICAL
2026-09-22 05:05:17 | WARD_B_TEMP_01 | 36.0 | NORMAL
2026-09-22 05:05:17 | WARD_B_TEMP_02 | 38.3 | CRITICAL
2026-09-22 05:05:17 | WARD_B_TEMP_03 | 37.1 | NORMAL
2026-09-22 05:05:17 | WARD_B_TEMP_04 | 37.9 | WARNING
2026-09-22 05:05:17 | WARD_B_TEMP_05 | 37.2 | NORMAL
2026-09-22 05:05:18 | WARD_B_TEMP_01 | 36.3 | NORMAL
2026-09-22 05:05:18 | WARD_B_TEMP_02 | 38.5 | CRITICAL
2026-09-22 05:05:18 | WARD_B_TEMP_03 | 37.4 | NORMAL
2026-09-22 05:05:18 | WARD_B_TEMP_04 | 39.0 | CRITICAL
2026-09-22 05:05:18 | WARD_B_TEMP_05 | 35.4 | CRITICAL
2026-09-22 05:05:19 | WARD_B_TEMP_01 | 37.2 | NORMAL
2026-09-22 05:05:19 | WARD_B_TEMP_02 | 36.5 | NORMAL
2026-09-22 05:05:19 | WARD_B_TEMP_03 | 36.4 | NORMAL
2026-09-22 05:05:19 | WARD_B_TEMP_04 | 34.7 | CRITICAL
2026-09-22 05:05:19 | WARD_B_TEMP_05 | 40.3 | CRITICAL
2026-09-22 05:05:20 | WARD_B_TEMP_01 | 35.8 | NORMAL
2026-09-22 05:05:20 | WARD_B_TEMP_02 | 35.1 | CRITICAL
2026-09-22 05:05:20 | WARD_B_TEMP_03 | 37.6 | WARNING
2026-09-22 05:05:20 | WARD_B_TEMP_04 | 39.7 | CRITICAL
2026-09-22 05:05:20 | WARD_B_TEMP_05 | 38.6 | CRITICAL
2026-09-22 05:05:21 | WARD_B_TEMP_01 | 35.0 | CRITICAL
2026-09-22 05:05:21 | WARD_B_TEMP_02 | 38.5 | CRITICAL
2026-09-22 05:05:21 | WARD_B_TEMP_03 | 35.1 | CRITICAL
2026-09-22 05:05:21 | WARD_B_TEMP_04 | 39.2 | CRITICAL
2026-09-22 05:05:21 | WARD_B_TEMP_05 | 39.5 | CRITICAL
2026-09-22 05:05:22 | WARD_B_TEMP_01 | 39.3 | CRITICAL
2026-09-22 05:05:22 | WARD_B_TEMP_02 | 36.9 | NORMAL
2026-09-22 05:05:22 | WARD_B_TEMP_03 | 40.3 | CRITICAL
2026-09-22 05:05:22 | WARD_B_TEMP_04 | 37.0 | NORMAL
2026-09-22 05:05:22 | WARD_B_TEMP_05 | 36.7 | NORMAL
2026-09-22 05:05:23 | WARD_B_TEMP_01 | 36.6 | NORMAL
2026-09-22 05:05:23 | WARD_B_TEMP_02 | 37.9 | WARNING
2026-09-22 05:05:23 | WARD_B_TEMP_03 | 39.0 | CRITICAL
2026-09-22 05:05:23 | WARD_B_TEMP_04 | 36.7 | NORMAL
2026-09-22 05:05:23 | WARD_B_TEMP_05 | 39.8 | CRITICAL
2026-09-22 05:05:24 | WARD_B_TEMP_01 | 36.4 | NORMAL
2026-09-22 05:05:24 | WARD_B_TEMP_02 | 37.9 | WARNING
2026-09-22 05:05:24 | WARD_B_TEMP_03 | 35.3 | CRITICAL
2026-09-22 05:05:24 | WARD_B_TEMP_04 | 35.6 | NORMAL
2026-09-22 05:05:24 | WARD_B_TEMP_05 | 35.9 | NORMAL
2026-09-22 05:05:25 | WARD_B_TEMP_01 | 36.8 | NORMAL
2026-09-22 05:05:25 | WARD_B_TEMP_02 | 38.4 | CRITICAL
2026-09-22 05:05:25 | WARD_B_TEMP_03 | 37.2 | NORMAL
2026-09-22 05:05:25 | WARD_B_TEMP_04 | 36.1 | NORMAL
2026-09-22 05:05:25 | WARD_B_TEMP_05 | 38.0 | WARNING
2026-09-22 05:05:26 | WARD_B_TEMP_01 | 38.6 | CRITICAL
2026-09-22 05:05:26 | WARD_B_TEMP_02 | 38.1 | CRITICAL
2026-09-22 05:05:26 | WARD_B_TEMP_03 | 36.7 | NORMAL
2026-09-22 05:05:26 | WARD_B_TEMP_04 | 37.2 | NORMAL
2026-09-22 05:05:26 | WARD_B_TEMP_05 | 38.6 | CRITICAL
2026-09-22 05:05:27 | WARD_B_TEMP_01 | 35.1 | CRITICAL
2026-09-22 05:05:27 | WARD_B_TEMP_02 | 37.4 | NORMAL
2026-09-22 05:05:27 | WARD_B_TEMP_03 | 36.7 | NORMAL
2026-09-22 05:05:27 | WARD_B_TEMP_04 | 39.2 | CRITICAL
2026-09-22 05:05:27 | WARD_B_TEMP_05 | 40.1 | CRITICAL
2026-09-22 05:05:28 | WARD_B_TEMP_01 | 39.2 | CRITICAL
2026-09-22 05:05:28 | WARD_B_TEMP_02 | 34.8 | CRITICAL
2026-09-22 05:05:28 | WARD_B_TEMP_03 | 37.3 | NORMAL
2026-09-22 05:05:28 | WARD_B_TEMP_04 | 36.1 | NORMAL
2026-09-22 05:05:28 | WARD_B_TEMP_05 | 40.1 | CRITICAL
2026-09-22 05:05:29 | WARD_B_TEMP_01 | 38.8 | CRITICAL
2026-09-22 05:05:29 | WARD_B_TEMP_02 | 38.6 | CRITICAL
2026-09-22 05:05:29 | WARD_B_TEMP_03 | 35.0 | CRITICAL
2026-09-22 05:05:29 | WARD_B_TEMP_04 | 35.7 | NORMAL
2026-09-22 05:05:29 | WARD_B_TEMP_05 | 40.2 | CRITICAL
2026-09-22 05:05:30 | WARD_B_TEMP_01 | 35.2 | CRITICAL
2026-09-22 05:05:30 | WARD_B_TEMP_02 | 39.7 | CRITICAL
2026-09-22 05:05:30 | WARD_B_TEMP_03 | 35.3 | CRITICAL
2026-09-22 05:05:30 | WARD_B_TEMP_04 | 39.8 | CRITICAL
2026-09-22 05:05:30 | WARD_B_TEMP_05 | 35.1 | CRITICAL
2026-09-22 05:05:31 | WARD_B_TEMP_01 | 35.9 | NORMAL
2026-09-22 05:05:31 | WARD_B_TEMP_02 | 36.4 | NORMAL
2026-09-22 05:05:31 | WARD_B_TEMP_03 | 36.9 | NORMAL
2026-09-22 05:05:31 | WARD_B_TEMP_04 | 40.4 | CRITICAL
2026-09-22 05:05:31 | WARD_B_TEMP_05 | 39.2 | CRITICAL
2026-09-22 05:05:32 | WARD_B_TEMP_01 | 34.6 | CRITICAL
2026-09-22 05:05:32 | WARD_B_TEMP_02 | 37.8 | WARNING
2026-09-22 05:05:32 | WARD_B_TEMP_03 | 39.1 | CRITICAL
2026-09-22 05:05:32 | WARD_B_TEMP_04 | 37.2 | NORMAL
2026-09-22 05:05:32 | WARD_B_TEMP_05 | 35.1 | CRITICAL
2026-09-22 05:05:33 | WARD_B_TEMP_01 | 38.5 | CRITICAL
2026-09-22 05:05:33 | WARD_B_TEMP_02 | 39.6 | CRITICAL
2026-09-22 05:05:33 | WARD_B_TEMP_03 | 37.0 | NORMAL
2026-09-22 05:05:33 | WARD_B_TEMP_04 | 35.6 | NORMAL
2026-09-22 05:05:33 | WARD_B_TEMP_05 | 38.1 | CRITICAL
2026-09-22 05:05:34 | WARD_B_TEMP_01 | 37.6 | WARNING
2026-09-22 05:05:34 | WARD_B_TEMP_02 | 39.2 | CRITICAL
2026-09-22 05:05:34 | WARD_B_TEMP_03 | 35.3 | CRITICAL
2026-09-22 05:05:34 | WARD_B_TEMP_04 | 35.2 | CRITICAL
2026-09-22 05:05:34 | WARD_B_TEMP_05 | 39.3 | CRITICAL
2026-09-22 05:05:35 | WARD_B_TEMP_01 | 39.5 | CRITICAL
2026-09-22 05:05:35 | WARD_B_TEMP_02 | 35.6 | NORMAL
2026-09-22 05:05:35 | WARD_B_TEMP_03 | 39.5 | CRITICAL
2026-09-22 05:05:35 | WARD_B_TEMP_04 | 35.4 | CRITICAL
2026-09-22 05:05:35 | WARD_B_TEMP_05 | 35.0 | CRITICAL
2026-09-22 05:05:36 | WARD_B_TEMP_01 | 38.8 | CRITICAL
2026-09-22 05:05:36 | WARD_B_TEMP_02 | 35.8 | NORMAL
2026-09-22 05:05:36 | WARD_B_TEMP_03 | 39.1 | CRITICAL
2026-09-22 05:05:36 | WARD_B_TEMP_04 | 36.1 | NORMAL
2026-09-22 05:05:36 | WARD_B_TEMP_05 | 37.0 | NORMAL
2026-09-22 05:05:37 | WARD_B_TEMP_01 | 36.2 | NORMAL
2026-09-22 05:05:37 | WARD_B_TEMP_02 | 38.8 | CRITICAL
2026-09-22 05:05:37 | WARD_B_TEMP_03 | 37.1 | NORMAL
2026-09-22 05:05:37 | WARD_B_TEMP_04 | 34.6 | CRITICAL
2026-09-22 05:05:37 | WARD_B_TEMP_05 | 38.3 | CRITICAL
2026-09-22 05:05:38 | WARD_B_TEMP_01 | 36.3 | NORMAL
2026-09-22 05:05:38 | WARD_B_TEMP_02 | 38.2 | CRITICAL
2026-09-22 05:05:38 | WARD_B_TEMP_03 | 36.0 | NORMAL
2026-09-22 05:05:38 | WARD_B_TEMP_04 | 36.7 | NORMAL
2026-09-22 05:05:38 | WARD_B_TEMP_05 | 35.3 | CRITICAL
2026-09-22 05:05:39 | WARD_B_TEMP_01 | 35.0 | CRITICAL
2026-09-22 05:05:39 | WARD_B_TEMP_02 | 36.0 | NORMAL
2026-09-22 05:05:39 | WARD_B_TEMP_03 | 40.3 | CRITICAL
2026-09-22 05:05:39 | WARD_B_TEMP_04 | 40.2 | CRITICAL
2026-09-22 05:05:39 | WARD_B_TEMP_05 | 36.3 | NORMAL
2026-09-22 05:05:40 | WARD_B_TEMP_01 | 38.9 | CRITICAL
2026-09-22 05:05:40 | WARD_B_TEMP_02 | 35.9 | NORMAL
2026-09-22 05:05:40 | WARD_B_TEMP_03 | 37.5 | WARNING
2026-09-22 05:05:40 | WARD_B_TEMP_04 | 37.8 | WARNING
2026-09-22 05:05:40 | WARD_B_TEMP_05 | 36.1 | NORMAL
2026-09-22 05:05:41 | WARD_B_TEMP_01 | 39.9 | CRITICAL
2026-09-22 05:05:41 | WARD_B_TEMP_02 | 34.5 | CRITICAL
2026-09-22 05:05:41 | WARD_B_TEMP_03 | 38.0 | WARNING
2026-09-22 05:05:41 | WARD_B_TEMP_04 | 39.0 | CRITICAL
2026-09-22 05:05:41 | WARD_B_TEMP_05 | 38.9 | CRITICAL
2026-09-22 05:05:42 | WARD_B_TEMP_01 | 37.2 | NORMAL
2026-09-22 05:05:42 | WARD_B_TEMP_02 | 38.3 | CRITICAL
2026-09-22 05:05:42 | WARD_B_TEMP_03 | 36.1 | NORMAL
2026-09-22 05:05:42 | WARD_B_TEMP_04 | 36.9 | NORMAL
2026-09-22 05:05:42 | WARD_B_TEMP_05 | 39.8 | CRITICAL
2026-09-22 05:05:43 | WARD_B_TEMP_01 | 39.4 | CRITICAL
2026-09-22 05:05:43 | WARD_B_TEMP_02 | 37.8 | WARNING
2026-09-22 05:05:43 | WARD_B_TEMP_03 | 37.7 | WARNING
2026-09-22 05:05:43 | WARD_B_TEMP_04 | 37.8 | WARNING
2026-09-22 05:05:43 | WARD_B_TEMP_05 | 37.6 | WARNING
2026-09-22 05:05:44 | WARD_B_TEMP_01 | 37.9 | WARNING
2026-09-22 05:05:44 | WARD_B_TEMP_02 | 35.2 | CRITICAL
2026-09-22 05:05:44 | WARD_B_TEMP_03 | 38.7 | CRITICAL
2026-09-22 05:05:44 | WARD_B_TEMP_04 | 36.3 | NORMAL
2026-09-22 05:05:44 | WARD_B_TEMP_05 | 38.2 | CRITICAL
2026-09-22 05:05:45 | WARD_B_TEMP_01 | 35.9 | NORMAL
2026-09-22 05:05:45 | WARD_B_TEMP_02 | 37.0 | NORMAL
2026-09-22 05:05:45 | WARD_B_TEMP_03 | 35.6 | NORMAL
2026-09-22 05:05:45 | WARD_B_TEMP_04 | 37.9 | WARNING
2026-09-22 05:05:45 | WARD_B_TEMP_05 | 40.1 | CRITICAL
2026-09-22 05:05:46 | WARD_B_TEMP_01 | 37.0 | NORMAL
2026-09-22 05:05:46 | WARD_B_TEMP_02 | 35.6 | NORMAL
2026-09-22 05:05:46 | WARD_B_TEMP_03 | 39.0 | CRITICAL
2026-09-22 05:05:46 | WARD_B_TEMP_04 | 35.9 | NORMAL
2026-09-22 05:05:46 | WARD_B_TEMP_05 | 38.7 | CRITICAL
2026-09-22 05:05:47 | WARD_B_TEMP_01 | 35.8 | NORMAL
2026-09-22 05:05:47 | WARD_B_TEMP_02 | 34.9 | CRITICAL
2026-09-22 05:05:47 | WARD_B_TEMP_03 | 37.3 | NORMAL
2026-09-22 05:05:47 | WARD_B_TEMP_04 | 35.2 | CRITICAL
2026-09-22 05:05:47 | WARD_B_TEMP_05 | 40.0 | CRITICAL
2026-09-22 05:05:48 | WARD_B_TEMP_01 | 35.9 | NORMAL
2026-09-22 05:05:48 | WARD_B_TEMP_02 | 36.4 | NORMAL
2026-09-22 05:05:48 | WARD_B_TEMP_03 | 38.8 | CRITICAL
2026-09-22 05:05:48 | WARD_B_TEMP_04 | 35.0 | CRITICAL
2026-09-22 05:05:48 | WARD_B_TEMP_05 | 35.4 | CRITICAL
2026-09-22 05:05:49 | WARD_B_TEMP_01 | 38.4 | CRITICAL
2026-09-22 05:05:49 | WARD_B_TEMP_02 | 35.2 | CRITICAL
2026-09-22 05:05:49 | WARD_B_TEMP_03 | 39.7 | CRITICAL
2026-09-22 05:05:49 | WARD_B_TEMP_04 | 37.5 | WARNING
2026-09-22 05:05:49 | WARD_B_TEMP_05 | 39.7 | CRITICAL
2026-09-22 05:05:50 | WARD_B_TEMP_01 | 34.6 | CRITICAL
2026-09-22 05:05:50 | WARD_B_TEMP_02 | 39.9 | CRITICAL
2026-09-22 05:05:50 | WARD_B_TEMP_03 | 37.7 | WARNING
2026-09-22 05:05:50 | WARD_B_TEMP_04 | 36.6 | NORMAL
2026-09-22 05:05:50 | WARD_B_TEMP_05 | 35.7 | NORMAL
2026-09-22 05:05:51 | WARD_B_TEMP_01 | 36.2 | NORMAL
2026-09-22 05:05:51 | WARD_B_TEMP_02 | 35.8 | NORMAL
2026-09-22 05:05:51 | WARD_B_TEMP_03 | 39.3 | CRITICAL
2026-09-22 05:05:51 | WARD_B_TEMP_04 | 40.0 | CRITICAL
2026-09-22 05:05:51 | WARD_B_TEMP_05 | 40.2 | CRITICAL
2026-09-22 05:05:52 | WARD_B_TEMP_01 | 39.0 | CRITICAL
2026-09-22 05:05:52 | WARD_B_TEMP_02 | 39.5 | CRITICAL
2026-09-22 05:05:52 | WARD_B_TEMP_03 | 38.9 | CRITICAL
2026-09-22 05:05:52 | WARD_B_TEMP_04 | 36.4 | NORMAL
2026-09-22 05:05:52 | WARD_B_TEMP_05 | 37.5 | WARNING
2026-09-22 05:05:53 | WARD_B_TEMP_01 | 37.2 | NORMAL
2026-09-22 05:05:53 | WARD_B_TEMP_02 | 36.4 | NORMAL
2026-09-22 05:05:53 | WARD_B_TEMP_03 | 38.6 | CRITICAL
2026-09-22 05:05:53 | WARD_B_TEMP_04 | 34.8 | CRITICAL
2026-09-22 05:05:53 | WARD_B_TEMP_05 | 37.2 | NORMAL
2026-09-22 05:05:54 | WARD_B_TEMP_01 | 37.1 | NORMAL
2026-09-22 05:05:54 | WARD_B_TEMP_02 | 34.6 | CRITICAL
2026-09-22 05:05:54 | WARD_B_TEMP_03 | 40.3 | CRITICAL
2026-09-22 05:05:54 | WARD_B_TEMP_04 | 37.1 | NORMAL
2026-09-22 05:05:54 | WARD_B_TEMP_05 | 39.2 | CRITICAL
2026-09-22 05:05:55 | WARD_B_TEMP_01 | 36.3 | NORMAL
2026-09-22 05:05:55 | WARD_B_TEMP_02 | 35.3 | CRITICAL
2026-09-22 05:05:55 | WARD_B_TEMP_03 | 35.3 | CRITICAL
2026-09-22 05:05:55 | WARD_B_TEMP_04 | 37.8 | WARNING
2026-09-22 05:05:55 | WARD_B_TEMP_05 | 38.3 | CRITICAL
2026-09-22 05:05:56 | WARD_B_TEMP_01 | 38.1 | CRITICAL
2026-09-22 05:05:56 | WARD_B_TEMP_02 | 36.7 | NORMAL
2026-09-22 05:05:56 | WARD_B_TEMP_03 | 37.4 | NORMAL
2026-09-22 05:05:56 | WARD_B_TEMP_04 | 35.9 | NORMAL
2026-09-22 05:05:56 | WARD_B_TEMP_05 | 34.8 | CRITICAL
2026-09-22 05:05:57 | WARD_B_TEMP_01 | 39.5 | CRITICAL
2026-09-22 05:05:57 | WARD_B_TEMP_02 | 37.5 | WARNING
2026-09-22 05:05:57 | WARD_B_TEMP_03 | 38.9 | CRITICAL
2026-09-22 05:05:57 | WARD_B_TEMP_04 | 36.6 | NORMAL
2026-09-22 05:05:57 | WARD_B_TEMP_05 | 40.2 | CRITICAL
2026-09-22 05:05:58 | WARD_B_TEMP_01 | 38.4 | CRITICAL
2026-09-22 05:05:58 | WARD_B_TEMP_02 | 34.5 | CRITICAL
2026-09-22 05:05:58 | WARD_B_TEMP_03 | 34.6 | CRITICAL
2026-09-22 05:05:58 | WARD_B_TEMP_04 | 35.9 | NORMAL
2026-09-22 05:05:58 | WARD_B_TEMP_05 | 38.0 | WARNING
2026-09-22 05:05:59 | WARD_B_TEMP_01 | 36.5 | NORMAL
2026-09-22 05:05:59 | WARD_B_TEMP_02 | 39.6 | CRITICAL
2026-09-22 05:05:59 | WARD_B_TEMP_03 | 37.4 | NORMAL
2026-09-22 05:05:59 | WARD_B_TEMP_04 | 37.0 | NORMAL
2026-09-22 05:05:59 | WARD_B_TEMP_05 | 37.1 | NORMAL
2026-09-22 05:06:00 | WARD_B_TEMP_01 | 38.1 | CRITICAL
2026-09-22 05:06:00 | WARD_B_TEMP_02 | 36.1 | NORMAL
2026-09-22 05:06:00 | WARD_B_TEMP_03 | 37.6 | WARNING
2026-09-22 05:06:00 | WARD_B_TEMP_04 | 36.3 | NORMAL
2026-09-22 05:06:00 | WARD_B_TEMP_05 | 35.7 | NORMAL
2026-09-22 05:06:01 | WARD_B_TEMP_01 | 35.1 | CRITICAL
2026-09-22 05:06:01 | WARD_B_TEMP_02 | 37.9 | WARNING
2026-09-22 05:06:01 | WARD_B_TEMP_03 | 37.1 | NORMAL
2026-09-22 05:06:01 | WARD_B_TEMP_04 | 38.5 | CRITICAL
2026-09-22 05:06:01 | WARD_B_TEMP_05 | 37.0 | NORMAL
2026-09-22 05:06:02 | WARD_B_TEMP_01 | 39.9 | CRITICAL
2026-09-22 05:06:02 | WARD_B_TEMP_02 | 37.3 | NORMAL
2026-09-22 05:06:02 | WARD_B_TEMP_03 | 38.0 | WARNING
2026-09-22 05:06:02 | WARD_B_TEMP_04 | 35.1 | CRITICAL
2026-09-22 05:06:02 | WARD_B_TEMP_05 | 38.0 | WARNING
2026-09-22 05:06:03 | WARD_B_TEMP_01 | 39.4 | CRITICAL
2026-09-22 05:06:03 | WARD_B_TEMP_02 | 35.6 | NORMAL
2026-09-22 05:06:03 | WARD_B_TEMP_03 | 36.5 | NORMAL
2026-09-22 05:06:03 | WARD_B_TEMP_04 | 34.9 | CRITICAL
2026-09-22 05:06:03 | WARD_B_TEMP_05 | 40.5 | CRITICAL
2026-09-22 05:06:04 | WARD_B_TEMP_01 | 38.6 | CRITICAL
2026-09-22 05:06:04 | WARD_B_TEMP_02 | 39.3 | CRITICAL
2026-09-22 05:06:04 | WARD_B_TEMP_03 | 36.9 | NORMAL
2026-09-22 05:06:04 | WARD_B_TEMP_04 | 38.6 | CRITICAL
2026-09-22 05:06:04 | WARD_B_TEMP_05 | 37.5 | WARNING
2026-09-22 05:06:05 | WARD_B_TEMP_01 | 36.2 | NORMAL
2026-09-22 05:06:05 | WARD_B_TEMP_02 | 39.8 | CRITICAL
2026-09-22 05:06:05 | WARD_B_TEMP_03 | 40.3 | CRITICAL
2026-09-22 05:06:05 | WARD_B_TEMP_04 | 38.5 | CRITICAL
2026-09-22 05:06:05 | WARD_B_TEMP_05 | 34.9 | CRITICAL
2026-09-22 05:06:06 | WARD_B_TEMP_01 | 35.8 | NORMAL
2026-09-22 05:06:06 | WARD_B_TEMP_02 | 39.8 | CRITICAL
2026-09-22 05:06:06 | WARD_B_TEMP_03 | 37.6 | WARNING
2026-09-22 05:06:06 | WARD_B_TEMP_04 | 34.6 | CRITICAL
2026-09-22 05:06:06 | WARD_B_TEMP_05 | 36.9 | NORMAL
2026-09-22 05:06:07 | WARD_B_TEMP_01 | 37.1 | NORMAL
2026-09-22 05:06:07 | WARD_B_TEMP_02 | 36.3 | NORMAL
2026-09-22 05:06:07 | WARD_B_TEMP_03 | 34.8 | CRITICAL
2026-09-22 05:06:07 | WARD_B_TEMP_04 | 35.7 | NORMAL
2026-09-22 05:06:07 | WARD_B_TEMP_05 | 36.8 | NORMAL
2026-09-22 05:06:08 | WARD_B_TEMP_01 | 34.6 | CRITICAL
2026-09-22 05:06:08 | WARD_B_TEMP_02 | 39.1 | CRITICAL
2026-09-22 05:06:08 | WARD_B_TEMP_03 | 34.9 | CRITICAL
2026-09-22 05:06:08 | WARD_B_TEMP_04 | 37.3 | NORMAL
2026-09-22 05:06:08 | WARD_B_TEMP_05 | 37.8 | WARNING
2026-09-22 05:06:09 | WARD_B_TEMP_01 | 35.1 | CRITICAL
2026-09-22 05:06:09 | WARD_B_TEMP_02 | 36.3 | NORMAL
2026-09-22 05:06:09 | WARD_B_TEMP_03 | 37.2 | NORMAL
2026-09-22 05:06:09 | WARD_B_TEMP_04 | 37.1 | NORMAL
2026-09-22 05:06:09 | WARD_B_TEMP_05 | 38.5 | CRITICAL
2026-09-22 05:06:10 | WARD_B_TEMP_01 | 38.5 | CRITICAL
2026-09-22 05:06:10 | WARD_B_TEMP_02 | 38.9 | CRITICAL
2026-09-22 05:06:10 | WARD_B_TEMP_03 | 35.6 | NORMAL
2026-09-22 05:06:10 | WARD_B_TEMP_04 | 38.5 | CRITICAL
2026-09-22 05:06:10 | WARD_B_TEMP_05 | 34.5 | CRITICAL
2026-09-22 05:06:11 | WARD_B_TEMP_01 | 38.3 | CRITICAL
2026-09-22 05:06:11 | WARD_B_TEMP_02 | 38.7 | CRITICAL
2026-09-22 05:06:11 | WARD_B_TEMP_03 | 40.3 | CRITICAL
2026-09-22 05:06:11 | WARD_B_TEMP_04 | 36.5 | NORMAL
2026-09-22 05:06:11 | WARD_B_TEMP_05 | 37.5 | WARNING
2026-09-22 05:06:12 | WARD_B_TEMP_01 | 36.6 | NORMAL
2026-09-22 05:06:12 | WARD_B_TEMP_02 | 39.8 | CRITICAL
2026-09-22 05:06:12 | WARD_B_TEMP_03 | 38.2 | CRITICAL
2026-09-22 05:06:12 | WARD_B_TEMP_04 | 38.4 | CRITICAL
2026-09-22 05:06:12 | WARD_B_TEMP_05 | 35.8 | NORMAL
2026-09-22 05:06:13 | WARD_B_TEMP_01 | 35.1 | CRITICAL
2026-09-22 05:06:13 | WARD_B_TEMP_02 | 39.7 | CRITICAL
2026-09-22 05:06:13 | WARD_B_TEMP_03 | 35.5 | NORMAL
2026-09-22 05:06:13 | WARD_B_TEMP_04 | 36.3 | NORMAL
2026-09-22 05:06:13 | WARD_B_TEMP_05 | 35.6 | NORMAL
2026-09-22 05:06:14 | WARD_B_TEMP_01 | 37.4 | NORMAL
2026-09-22 05:06:14 | WARD_B_TEMP_02 | 35.4 | CRITICAL
2026-09-22 05:06:14 | WARD_B_TEMP_03 | 34.6 | CRITICAL
2026-09-22 05:06:14 | WARD_B_TEMP_04 | 34.8 | CRITICAL
2026-09-22 05:06:14 | WARD_B_TEMP_05 | 38.8 | CRITICAL
2026-09-22 05:06:15 | WARD_B_TEMP_01 | 36.4 | NORMAL
2026-09-22 05:06:15 | WARD_B_TEMP_02 | 34.8 | CRITICAL
2026-09-22 05:06:15 | WARD_B_TEMP_03 | 37.8 | WARNING
2026-09-22 05:06:15 | WARD_B_TEMP_04 | 36.1 | NORMAL
2026-09-22 05:06:15 | WARD_B_TEMP_05 | 38.3 | CRITICAL
2026-09-22 05:06:16 | WARD_B_TEMP_01 | 37.0 | NORMAL
2026-09-22 05:06:16 | WARD_B_TEMP_02 | 39.5 | CRITICAL
2026-09-22 05:06:16 | WARD_B_TEMP_03 | 36.5 | NORMAL
2026-09-22 05:06:16 | WARD_B_TEMP_04 | 40.2 | CRITICAL
2026-09-22 05:06:16 | WARD_B_TEMP_05 | 39.2 | CRITICAL
2026-09-22 05:06:17 | WARD_B_TEMP_01 | 38.9 | CRITICAL
2026-09-22 05:06:17 | WARD_B_TEMP_02 | 40.0 | CRITICAL
2026-09-22 05:06:17 | WARD_B_TEMP_03 | 35.7 | NORMAL
2026-09-22 05:06:17 | WARD_B_TEMP_04 | 35.4 | CRITICAL
2026-09-22 05:06:17 | WARD_B_TEMP_05 | 37.7 | WARNING
2026-09-22 05:06:18 | WARD_B_TEMP_01 | 40.0 | CRITICAL
2026-09-22 05:06:18 | WARD_B_TEMP_02 | 39.2 | CRITICAL
2026-09-22 05:06:18 | WARD_B_TEMP_03 | 37.5 | WARNING
2026-09-22 05:06:18 | WARD_B_TEMP_04 | 39.0 | CRITICAL
2026-09-22 05:06:18 | WARD_B_TEMP_05 | 36.9 | NORMAL
2026-09-22 05:06:19 | WARD_B_TEMP_01 | 38.1 | CRITICAL
2026-09-22 05:06:19 | WARD_B_TEMP_02 | 34.8 | CRITICAL
2026-09-22 05:06:19 | WARD_B_TEMP_03 | 36.0 | NORMAL
2026-09-22 05:06:19 | WARD_B_TEMP_04 | 40.4 | CRITICAL
2026-09-22 05:06:19 | WARD_B_TEMP_05 | 40.1 | CRITICAL
2026-09-22 05:06:20 | WARD_B_TEMP_01 | 39.3 | CRITICAL
2026-09-22 05:06:20 | WARD_B_TEMP_02 | 38.1 | CRITICAL
2026-09-22 05:06:20 | WARD_B_TEMP_03 | 38.2 | CRITICAL
2026-09-22 05:06:20 | WARD_B_TEMP_04 | 37.8 | WARNING
2026-09-22 05:06:20 | WARD_B_TEMP_05 | 38.9 | CRITICAL
2026-09-22 05:06:21 | WARD_B_TEMP_01 | 35.3 | CRITICAL
2026-09-22 05:06:21 | WARD_B_TEMP_02 | 37.3 | NORMAL
2026-09-22 05:06:21 | WARD_B_TEMP_03 | 39.7 | CRITICAL
2026-09-22 05:06:21 | WARD_B_TEMP_04 | 36.0 | NORMAL
2026-09-22 05:06:21 | WARD_B_TEMP_05 | 39.2 | CRITICAL
2026-09-22 05:06:22 | WARD_B_TEMP_01 | 40.3 | CRITICAL
2026-09-22 05:06:22 | WARD_B_TEMP_02 | 37.5 | WARNING
2026-09-22 05:06:22 | WARD_B_TEMP_03 | 36.5 | NORMAL
2026-09-22 05:06:22 | WARD_B_TEMP_04 | 34.8 | CRITICAL
2026-09-22 05:06:22 | WARD_B_TEMP_05 | 38.2 | CRITICAL
2026-09-22 05:06:23 | WARD_B_TEMP_01 | 37.6 | WARNING
2026-09-22 05:06:23 | WARD_B_TEMP_02 | 34.5 | CRITICAL
2026-09-22 05:06:23 | WARD_B_TEMP_03 | 38.6 | CRITICAL
2026-09-22 05:06:23 | WARD_B_TEMP_04 | 37.8 | WARNING
2026-09-22 05:06:23 | WARD_B_TEMP_05 | 35.2 | CRITICAL
2026-09-22 05:06:24 | WARD_B_TEMP_01 | 37.7 | WARNING
2026-09-22 05:06:24 | WARD_B_TEMP_02 | 38.4 | CRITICAL
2026-09-22 05:06:24 | WARD_B_TEMP_03 | 39.5 | CRITICAL
2026-09-22 05:06:24 | WARD_B_TEMP_04 | 38.4 | CRITICAL
2026-09-22 05:06:24 | WARD_B_TEMP_05 | 35.2 | CRITICAL
2026-09-22 05:06:25 | WARD_B_TEMP_01 | 36.0 | NORMAL
2026-09-22 05:06:25 | WARD_B_TEMP_02 | 35.6 | NORMAL
2026-09-22 05:06:25 | WARD_B_TEMP_03 | 35.0 | CRITICAL
2026-09-22 05:06:25 | WARD_B_TEMP_04 | 37.6 | WARNING
2026-09-22 05:06:25 | WARD_B_TEMP_05 | 35.1 | CRITICAL
2026-09-22 05:06:26 | WARD_B_TEMP_01 | 36.3 | NORMAL
2026-09-22 05:06:26 | WARD_B_TEMP_02 | 40.3 | CRITICAL
2026-09-22 05:06:26 | WARD_B_TEMP_03 | 39.7 | CRITICAL
2026-09-22 05:06:26 | WARD_B_TEMP_04 | 35.0 | CRITICAL
2026-09-22 05:06:26 | WARD_B_TEMP_05 | 40.1 | CRITICAL
2026-09-22 05:06:27 | WARD_B_TEMP_01 | 37.8 | WARNING
2026-09-22 05:06:27 | WARD_B_TEMP_02 | 36.9 | NORMAL
2026-09-22 05:06:27 | WARD_B_TEMP_03 | 36.2 | NORMAL
2026-09-22 05:06:27 | WARD_B_TEMP_04 | 36.5 | NORMAL
2026-09-22 05:06:27 | WARD_B_TEMP_05 | 39.3 | CRITICAL
2026-09-22 05:06:28 | WARD_B_TEMP_01 | 38.2 | CRITICAL
2026-09-22 05:06:28 | WARD_B_TEMP_02 | 36.5 | NORMAL
2026-09-22 05:06:28 | WARD_B_TEMP_03 | 37.7 | WARNING
2026-09-22 05:06:28 | WARD_B_TEMP_04 | 40.4 | CRITICAL
2026-09-22 05:06:28 | WARD_B_TEMP_05 | 36.2 | NORMAL
2026-09-22 05:06:29 | WARD_B_TEMP_01 | 37.4 | NORMAL
2026-09-22 05:06:29 | WARD_B_TEMP_02 | 37.0 | NORMAL
2026-09-22 05:06:29 | WARD_B_TEMP_03 | 39.4 | CRITICAL
2026-09-22 05:06:29 | WARD_B_TEMP_04 | 34.8 | CRITICAL
2026-09-22 05:06:29 | WARD_B_TEMP_05 | 38.4 | CRITICAL
2026-09-22 05:06:30 | WARD_B_TEMP_01 | 36.1 | NORMAL
2026-09-22 05:06:30 | WARD_B_TEMP_02 | 37.4 | NORMAL
2026-09-22 05:06:30 | WARD_B_TEMP_03 | 39.4 | CRITICAL
2026-09-22 05:06:30 | WARD_B_TEMP_04 | 35.3 | CRITICAL
2026-09-22 05:06:30 | WARD_B_TEMP_05 | 35.2 | CRITICAL
2026-09-22 05:06:31 | WARD_B_TEMP_01 | 36.7 | NORMAL
2026-09-22 05:06:31 | WARD_B_TEMP_02 | 39.4 | CRITICAL
2026-09-22 05:06:31 | WARD_B_TEMP_03 | 35.5 | NORMAL
2026-09-22 05:06:31 | WARD_B_TEMP_04 | 36.8 | NORMAL
2026-09-22 05:06:31 | WARD_B_TEMP_05 | 40.1 | CRITICAL
2026-09-22 05:06:32 | WARD_B_TEMP_01 | 39.3 | CRITICAL
2026-09-22 05:06:32 | WARD_B_TEMP_02 | 39.4 | CRITICAL
2026-09-22 05:06:32 | WARD_B_TEMP_03 | 36.7 | NORMAL
2026-09-22 05:06:32 | WARD_B_TEMP_04 | 34.6 | CRITICAL
2026-09-22 05:06:32 | WARD_B_TEMP_05 | 35.0 | CRITICAL
2026-09-22 05:06:33 | WARD_B_TEMP_01 | 36.3 | NORMAL
2026-09-22 05:06:33 | WARD_B_TEMP_02 | 36.0 | NORMAL
2026-09-22 05:06:33 | WARD_B_TEMP_03 | 39.3 | CRITICAL
2026-09-22 05:06:33 | WARD_B_TEMP_04 | 39.9 | CRITICAL
2026-09-22 05:06:33 | WARD_B_TEMP_05 | 38.2 | CRITICAL
2026-09-22 05:06:34 | WARD_B_TEMP_01 | 36.3 | NORMAL
2026-09-22 05:06:34 | WARD_B_TEMP_02 | 35.8 | NORMAL
2026-09-22 05:06:34 | WARD_B_TEMP_03 | 37.1 | NORMAL
2026-09-22 05:06:34 | WARD_B_TEMP_04 | 37.1 | NORMAL
2026-09-22 05:06:34 | WARD_B_TEMP_05 | 34.9 | CRITICAL
2026-09-22 05:06:35 | WARD_B_TEMP_01 | 34.8 | CRITICAL
2026-09-22 05:06:35 | WARD_B_TEMP_02 | 37.3 | NORMAL
2026-09-22 05:06:35 | WARD_B_TEMP_03 | 34.6 | CRITICAL
2026-09-22 05:06:35 | WARD_B_TEMP_04 | 36.1 | NORMAL
2026-09-22 05:06:35 | WARD_B_TEMP_05 | 38.7 | CRITICAL
2026-09-22 05:06:36 | WARD_B_TEMP_01 | 39.7 | CRITICAL
2026-09-22 05:06:36 | WARD_B_TEMP_02 | 38.2 | CRITICAL
2026-09-22 05:06:36 | WARD_B_TEMP_03 | 37.4 | NORMAL
2026-09-22 05:06:36 | WARD_B_TEMP_04 | 38.4 | CRITICAL
2026-09-22 05:06:36 | WARD_B_TEMP_05 | 38.7 | CRITICAL
2026-09-22 05:06:37 | WARD_B_TEMP_01 | 37.0 | NORMAL
2026-09-22 05:06:37 | WARD_B_TEMP_02 | 38.5 | CRITICAL
2026-09-22 05:06:37 | WARD_B_TEMP_03 | 36.9 | NORMAL
2026-09-22 05:06:37 | WARD_B_TEMP_04 | 37.6 | WARNING
2026-09-22 05:06:37 | WARD_B_TEMP_05 | 35.8 | NORMAL
2026-09-22 05:06:38 | WARD_B_TEMP_01 | 39.2 | CRITICAL
2026-09-22 05:06:38 | WARD_B_TEMP_02 | 38.5 | CRITICAL
2026-09-22 05:06:38 | WARD_B_TEMP_03 | 39.2 | CRITICAL
2026-09-22 05:06:38 | WARD_B_TEMP_04 | 36.5 | NORMAL
2026-09-22 05:06:38 | WARD_B_TEMP_05 | 38.9 | CRITICAL
2026-09-22 05:06:39 | WARD_B_TEMP_01 | 37.5 | WARNING
2026-09-22 05:06:39 | WARD_B_TEMP_02 | 35.1 | CRITICAL
2026-09-22 05:06:39 | WARD_B_TEMP_03 | 35.7 | NORMAL
2026-09-22 05:06:39 | WARD_B_TEMP_04 | 39.4 | CRITICAL
2026-09-22 05:06:39 | WARD_B_TEMP_05 | 35.8 | NORMAL
2026-09-22 05:06:40 | WARD_B_TEMP_01 | 40.1 | CRITICAL
2026-09-22 05:06:40 | WARD_B_TEMP_02 | 36.1 | NORMAL
2026-09-22 05:06:40 | WARD_B_TEMP_03 | 34.7 | CRITICAL
2026-09-22 05:06:40 | WARD_B_TEMP_04 | 35.7 | NORMAL
2026-09-22 05:06:40 | WARD_B_TEMP_05 | 40.1 | CRITICAL
2026-09-22 05:06:41 | WARD_B_TEMP_01 | 37.5 | WARNING
2026-09-22 05:06:41 | WARD_B_TEMP_02 | 39.7 | CRITICAL
2026-09-22 05:06:41 | WARD_B_TEMP_03 | 39.2 | CRITICAL
2026-09-22 05:06:41 | WARD_B_TEMP_04 | 36.3 | NORMAL
2026-09-22 05:06:41 | WARD_B_TEMP_05 | 36.4 | NORMAL
2026-09-22 05:06:42 | WARD_B_TEMP_01 | 38.1 | CRITICAL
2026-09-22 05:06:42 | WARD_B_TEMP_02 | 40.3 | CRITICAL
2026-09-22 05:06:42 | WARD_B_TEMP_03 | 36.8 | NORMAL
2026-09-22 05:06:42 | WARD_B_TEMP_04 | 35.9 | NORMAL
2026-09-22 05:06:42 | WARD_B_TEMP_05 | 36.1 | NORMAL
2026-09-22 05:06:43 | WARD_B_TEMP_01 | 39.2 | CRITICAL
2026-09-22 05:06:43 | WARD_B_TEMP_02 | 36.2 | NORMAL
2026-09-22 05:06:43 | WARD_B_TEMP_03 | 38.7 | CRITICAL
2026-09-22 05:06:43 | WARD_B_TEMP_04 | 37.5 | WARNING
2026-09-22 05:06:43 | WARD_B_TEMP_05 | 36.9 | NORMAL
2026-09-22 05:06:44 | WARD_B_TEMP_01 | 34.5 | CRITICAL
2026-09-22 05:06:44 | WARD_B_TEMP_02 | 40.4 | CRITICAL
2026-09-22 05:06:44 | WARD_B_TEMP_03 | 36.1 | NORMAL
2026-09-22 05:06:44 | WARD_B_TEMP_04 | 36.2 | NORMAL
2026-09-22 05:06:44 | WARD_B_TEMP_05 | 35.2 | CRITICAL
2026-09-22 05:06:45 | WARD_B_TEMP_01 | 38.8 | CRITICAL
2026-09-22 05:06:45 | WARD_B_TEMP_02 | 37.1 | NORMAL
2026-09-22 05:06:45 | WARD_B_TEMP_03 | 36.7 | NORMAL
2026-09-22 05:06:45 | WARD_B_TEMP_04 | 36.9 | NORMAL
2026-09-22 05:06:45 | WARD_B_TEMP_05 | 35.7 | NORMAL
2026-09-22 05:06:46 | WARD_B_TEMP_01 | 38.3 | CRITICAL
2026-09-22 05:06:46 | WARD_B_TEMP_02 | 36.7 | NORMAL
2026-09-22 05:06:46 | WARD_B_TEMP_03 | 34.8 | CRITICAL
2026-09-22 05:06:46 | WARD_B_TEMP_04 | 35.7 | NORMAL
2026-09-22 05:06:46 | WARD_B_TEMP_05 | 34.8 | CRITICAL
2026-09-22 05:06:47 | WARD_B_TEMP_01 | 35.9 | NORMAL
2026-09-22 05:06:47 | WARD_B_TEMP_02 | 34.5 | CRITICAL
2026-09-22 05:06:47 | WARD_B_TEMP_03 | 35.5 | NORMAL
2026-09-22 05:06:47 | WARD_B_TEMP_04 | 39.9 | CRITICAL
2026-09-22 05:06:47 | WARD_B_TEMP_05 | 40.2 | CRITICAL
2026-09-22 05:06:48 | WARD_B_TEMP_01 | 36.5 | NORMAL
2026-09-22 05:06:48 | WARD_B_TEMP_02 | 35.1 | CRITICAL
2026-09-22 05:06:48 | WARD_B_TEMP_03 | 36.3 | NORMAL
2026-09-22 05:06:48 | WARD_B_TEMP_04 | 40.4 | CRITICAL
2026-09-22 05:06:48 | WARD_B_TEMP_05 | 38.3 | CRITICAL
2026-09-22 05:06:49 | WARD_B_TEMP_01 | 35.6 | NORMAL
2026-09-22 05:06:49 | WARD_B_TEMP_02 | 39.0 | CRITICAL
2026-09-22 05:06:49 | WARD_B_TEMP_03 | 37.2 | NORMAL
2026-09-22 05:06:49 | WARD_B_TEMP_04 | 40.0 | CRITICAL
2026-09-22 05:06:49 | WARD_B_TEMP_05 | 37.5 | WARNING
2026-09-22 05:06:50 | WARD_B_TEMP_01 | 35.5 | NORMAL
2026-09-22 05:06:50 | WARD_B_TEMP_02 | 39.7 | CRITICAL
2026-09-22 05:06:50 | WARD_B_TEMP_03 | 40.0 | CRITICAL
2026-09-22 05:06:50 | WARD_B_TEMP_04 | 38.1 | CRITICAL
2026-09-22 05:06:50 | WARD_B_TEMP_05 | 39.2 | CRITICAL
2026-09-22 05:06:51 | WARD_B_TEMP_01 | 39.2 | CRITICAL
2026-09-22 05:06:51 | WARD_B_TEMP_02 | 36.7 | NORMAL
2026-09-22 05:06:51 | WARD_B_TEMP_03 | 37.8 | WARNING
2026-09-22 05:06:51 | WARD_B_TEMP_04 | 38.5 | CRITICAL
2026-09-22 05:06:51 | WARD_B_TEMP_05 | 35.3 | CRITICAL
2026-09-22 05:06:52 | WARD_B_TEMP_01 | 37.8 | WARNING
2026-09-22 05:06:52 | WARD_B_TEMP_02 | 40.5 | CRITICAL
2026-09-22 05:06:52 | WARD_B_TEMP_03 | 40.4 | CRITICAL
2026-09-22 05:06:52 | WARD_B_TEMP_04 | 40.2 | CRITICAL
2026-09-22 05:06:52 | WARD_B_TEMP_05 | 37.8 | WARNING
2026-09-22 05:06:53 | WARD_B_TEMP_01 | 37.5 | WARNING
2026-09-22 05:06:53 | WARD_B_TEMP_02 | 37.7 | WARNING
2026-09-22 05:06:53 | WARD_B_TEMP_03 | 38.1 | CRITICAL
2026-09-22 05:06:53 | WARD_B_TEMP_04 | 39.4 | CRITICAL
2026-09-22 05:06:53 | WARD_B_TEMP_05 | 39.8 | CRITICAL
2026-09-22 05:06:54 | WARD_B_TEMP_01 | 35.7 | NORMAL
2026-09-22 05:06:54 | WARD_B_TEMP_02 | 36.7 | NORMAL
2026-09-22 05:06:54 | WARD_B_TEMP_03 | 36.8 | NORMAL
2026-09-22 05:06:54 | WARD_B_TEMP_04 | 39.6 | CRITICAL
2026-09-22 05:06:54 | WARD_B_TEMP_05 | 37.9 | WARNING
2026-09-22 05:06:55 | WARD_B_TEMP_01 | 35.1 | CRITICAL
2026-09-22 05:06:55 | WARD_B_TEMP_02 | 37.3 | NORMAL
2026-09-22 05:06:55 | WARD_B_TEMP_03 | 37.6 | WARNING
2026-09-22 05:06:55 | WARD_B_TEMP_04 | 36.0 | NORMAL
2026-09-22 05:06:55 | WARD_B_TEMP_05 | 38.6 | CRITICAL
2026-09-22 05:06:56 | WARD_B_TEMP_01 | 37.8 | WARNING
2026-09-22 05:06:56 | WARD_B_TEMP_02 | 37.5 | WARNING
2026-09-22 05:06:56 | WARD_B_TEMP_03 | 35.6 | NORMAL
2026-09-22 05:06:56 | WARD_B_TEMP_04 | 38.5 | CRITICAL
2026-09-22 05:06:56 | WARD_B_TEMP_05 | 36.0 | NORMAL
2026-09-22 05:06:57 | WARD_B_TEMP_01 | 35.6 | NORMAL
2026-09-22 05:06:57 | WARD_B_TEMP_02 | 35.7 | NORMAL
2026-09-22 05:06:57 | WARD_B_TEMP_03 | 37.4 | NORMAL
2026-09-22 05:06:57 | WARD_B_TEMP_04 | 40.2 | CRITICAL
2026-09-22 05:06:57 | WARD_B_TEMP_05 | 38.1 | CRITICAL
2026-09-22 05:06:58 | WARD_B_TEMP_01 | 34.8 | CRITICAL
2026-09-22 05:06:58 | WARD_B_TEMP_02 | 38.3 | CRITICAL
2026-09-22 05:06:58 | WARD_B_TEMP_03 | 38.9 | CRITICAL
2026-09-22 05:06:58 | WARD_B_TEMP_04 | 37.6 | WARNING
2026-09-22 05:06:58 | WARD_B_TEMP_05 | 40.1 | CRITICAL
2026-09-22 05:06:59 | WARD_B_TEMP_01 | 40.0 | CRITICAL
2026-09-22 05:06:59 | WARD_B_TEMP_02 | 39.8 | CRITICAL
2026-09-22 05:06:59 | WARD_B_TEMP_03 | 38.0 | WARNING
2026-09-22 05:06:59 | WARD_B_TEMP_04 | 35.9 | NORMAL
2026-09-22 05:06:59 | WARD_B_TEMP_05 | 36.9 | NORMAL
2026-09-22 05:07:00 | WARD_B_TEMP_01 | 38.7 | CRITICAL
2026-09-22 05:07:00 | WARD_B_TEMP_02 | 37.0 | NORMAL
2026-09-22 05:07:00 | WARD_B_TEMP_03 | 37.8 | WARNING
2026-09-22 05:07:00 | WARD_B_TEMP_04 | 35.7 | NORMAL
2026-09-22 05:07:00 | WARD_B_TEMP_05 | 40.3 | CRITICAL
2026-09-22 05:07:01 | WARD_B_TEMP_01 | 35.1 | CRITICAL
2026-09-22 05:07:01 | WARD_B_TEMP_02 | 36.1 | NORMAL
2026-09-22 05:07:01 | WARD_B_TEMP_03 | 39.9 | CRITICAL
2026-09-22 05:07:01 | WARD_B_TEMP_04 | 36.7 | NORMAL
2026-09-22 05:07:01 | WARD_B_TEMP_05 | 36.0 | NORMAL
2026-09-22 05:07:02 | WARD_B_TEMP_01 | 36.8 | NORMAL
2026-09-22 05:07:02 | WARD_B_TEMP_02 | 36.3 | NORMAL
2026-09-22 05:07:02 | WARD_B_TEMP_03 | 36.6 | NORMAL
2026-09-22 05:07:02 | WARD_B_TEMP_04 | 37.9 | WARNING
2026-09-22 05:07:02 | WARD_B_TEMP_05 | 36.2 | NORMAL
2026-09-22 05:07:03 | WARD_B_TEMP_01 | 39.4 | CRITICAL
2026-09-22 05:07:03 | WARD_B_TEMP_02 | 38.7 | CRITICAL
2026-09-22 05:07:03 | WARD_B_TEMP_03 | 38.9 | CRITICAL
2026-09-22 05:07:03 | WARD_B_TEMP_04 | 39.2 | CRITICAL
2026-09-22 05:07:03 | WARD_B_TEMP_05 | 39.5 | CRITICAL
2026-09-22 05:07:04 | WARD_B_TEMP_01 | 39.7 | CRITICAL
2026-09-22 05:07:04 | WARD_B_TEMP_02 | 36.6 | NORMAL
2026-09-22 05:07:04 | WARD_B_TEMP_03 | 36.5 | NORMAL
2026-09-22 05:07:04 | WARD_B_TEMP_04 | 35.9 | NORMAL
2026-09-22 05:07:04 | WARD_B_TEMP_05 | 36.3 | NORMAL
2026-09-22 05:07:05 | WARD_B_TEMP_01 | 34.8 | CRITICAL
2026-09-22 05:07:05 | WARD_B_TEMP_02 | 34.6 | CRITICAL
2026-09-22 05:07:05 | WARD_B_TEMP_03 | 39.6 | CRITICAL
2026-09-22 05:07:05 | WARD_B_TEMP_04 | 39.9 | CRITICAL
2026-09-22 05:07:05 | WARD_B_TEMP_05 | 36.7 | NORMAL
2026-09-22 05:07:06 | WARD_B_TEMP_01 | 34.5 | CRITICAL
2026-09-22 05:07:06 | WARD_B_TEMP_02 | 39.2 | CRITICAL
2026-09-22 05:07:06 | WARD_B_TEMP_03 | 36.2 | NORMAL
2026-09-22 05:07:06 | WARD_B_TEMP_04 | 39.9 | CRITICAL
2026-09-22 05:07:06 | WARD_B_TEMP_05 | 38.4 | CRITICAL
2026-09-22 05:07:07 | WARD_B_TEMP_01 | 37.8 | WARNING
2026-09-22 05:07:07 | WARD_B_TEMP_02 | 36.9 | NORMAL
2026-09-22 05:07:07 | WARD_B_TEMP_03 | 38.1 | CRITICAL
2026-09-22 05:07:07 | WARD_B_TEMP_04 | 39.1 | CRITICAL
2026-09-22 05:07:07 | WARD_B_TEMP_05 | 39.1 | CRITICAL
2026-09-22 05:07:08 | WARD_B_TEMP_01 | 35.0 | CRITICAL
2026-09-22 05:07:08 | WARD_B_TEMP_02 | 36.4 | NORMAL
2026-09-22 05:07:08 | WARD_B_TEMP_03 | 38.8 | CRITICAL
2026-09-22 05:07:08 | WARD_B_TEMP_04 | 36.6 | NORMAL
2026-09-22 05:07:08 | WARD_B_TEMP_05 | 38.0 | WARNING
2026-09-22 05:07:09 | WARD_B_TEMP_01 | 40.0 | CRITICAL
2026-09-22 05:07:09 | WARD_B_TEMP_02 | 38.7 | CRITICAL
2026-09-22 05:07:09 | WARD_B_TEMP_03 | 40.5 | CRITICAL
2026-09-22 05:07:09 | WARD_B_TEMP_04 | 35.2 | CRITICAL
2026-09-22 05:07:09 | WARD_B_TEMP_05 | 35.2 | CRITICAL
2026-09-22 05:07:10 | WARD_B_TEMP_01 | 35.2 | CRITICAL
2026-09-22 05:07:10 | WARD_B_TEMP_02 | 39.4 | CRITICAL
2026-09-22 05:07:10 | WARD_B_TEMP_03 | 39.6 | CRITICAL
2026-09-22 05:07:10 | WARD_B_TEMP_04 | 36.3 | NORMAL
2026-09-22 05:07:10 | WARD_B_TEMP_05 | 38.0 | WARNING
2026-09-22 05:07:11 | WARD_B_TEMP_01 | 35.7 | NORMAL
2026-09-22 05:07:11 | WARD_B_TEMP_02 | 37.5 | WARNING
2026-09-22 05:07:11 | WARD_B_TEMP_03 | 38.0 | WARNING
2026-09-22 05:07:11 | WARD_B_TEMP_04 | 38.7 | CRITICAL
2026-09-22 05:07:11 | WARD_B_TEMP_05 | 36.5 | NORMAL
2026-09-22 05:07:12 | WARD_B_TEMP_01 | 40.2 | CRITICAL
2026-09-22 05:07:12 | WARD_B_TEMP_02 | 37.4 | NORMAL
2026-09-22 05:07:12 | WARD_B_TEMP_03 | 40.3 | CRITICAL
2026-09-22 05:07:12 | WARD_B_TEMP_04 | 40.0 | CRITICAL
2026-09-22 05:07:12 | WARD_B_TEMP_05 | 40.2 | CRITICAL
2026-09-22 05:07:13 | WARD_B_TEMP_01 | 35.6 | NORMAL
2026-09-22 05:07:13 | WARD_B_TEMP_02 | 39.8 | CRITICAL
2026-09-22 05:07:13 | WARD_B_TEMP_03 | 39.5 | CRITICAL
2026-09-22 05:07:13 | WARD_B_TEMP_04 | 34.9 | CRITICAL
2026-09-22 05:07:13 | WARD_B_TEMP_05 | 38.8 | CRITICAL
2026-09-22 05:07:14 | WARD_B_TEMP_01 | 39.0 | CRITICAL
2026-09-22 05:07:14 | WARD_B_TEMP_02 | 38.1 | CRITICAL
2026-09-22 05:07:14 | WARD_B_TEMP_03 | 39.5 | CRITICAL
2026-09-22 05:07:14 | WARD_B_TEMP_04 | 38.3 | CRITICAL
2026-09-22 05:07:14 | WARD_B_TEMP_05 | 40.1 | CRITICAL
2026-09-22 05:07:15 | WARD_B_TEMP_01 | 34.9 | CRITICAL
2026-09-22 05:07:15 | WARD_B_TEMP_02 | 39.7 | CRITICAL
2026-09-22 05:07:15 | WARD_B_TEMP_03 | 38.8 | CRITICAL
2026-09-22 05:07:15 | WARD_B_TEMP_04 | 39.0 | CRITICAL
2026-09-22 05:07:15 | WARD_B_TEMP_05 | 39.2 | CRITICAL
2026-09-22 05:07:16 | WARD_B_TEMP_01 | 38.7 | CRITICAL
2026-09-22 05:07:16 | WARD_B_TEMP_02 | 34.6 | CRITICAL
2026-09-22 05:07:16 | WARD_B_TEMP_03 | 37.1 | NORMAL
2026-09-22 05:07:16 | WARD_B_TEMP_04 | 39.9 | CRITICAL
2026-09-22 05:07:16 | WARD_B_TEMP_05 | 38.2 | CRITICAL
2026-09-22 05:07:17 | WARD_B_TEMP_01 | 35.4 | CRITICAL
2026-09-22 05:07:17 | WARD_B_TEMP_02 | 34.5 | CRITICAL
2026-09-22 05:07:17 | WARD_B_TEMP_03 | 34.7 | CRITICAL
2026-09-22 05:07:17 | WARD_B_TEMP_04 | 35.6 | NORMAL
2026-09-22 05:07:17 | WARD_B_TEMP_05 | 38.4 | CRITICAL
2026-09-22 05:07:18 | WARD_B_TEMP_01 | 36.8 | NORMAL
2026-09-22 05:07:18 | WARD_B_TEMP_02 | 34.7 | CRITICAL
2026-09-22 05:07:18 | WARD_B_TEMP_03 | 35.0 | CRITICAL
2026-09-22 05:07:18 | WARD_B_TEMP_04 | 38.1 | CRITICAL
2026-09-22 05:07:18 | WARD_B_TEMP_05 | 36.4 | NORMAL
2026-09-22 05:07:19 | WARD_B_TEMP_01 | 34.8 | CRITICAL
2026-09-22 05:07:19 | WARD_B_TEMP_02 | 40.5 | CRITICAL
2026-09-22 05:07:19 | WARD_B_TEMP_03 | 40.1 | CRITICAL
2026-09-22 05:07:19 | WARD_B_TEMP_04 | 38.7 | CRITICAL
2026-09-22 05:07:19 | WARD_B_TEMP_05 | 35.2 | CRITICAL
2026-09-22 05:07:20 | WARD_B_TEMP_01 | 35.3 | CRITICAL
2026-09-22 05:07:20 | WARD_B_TEMP_02 | 38.1 | CRITICAL
2026-09-22 05:07:20 | WARD_B_TEMP_03 | 34.9 | CRITICAL
2026-09-22 05:07:20 | WARD_B_TEMP_04 | 39.9 | CRITICAL
2026-09-22 05:07:20 | WARD_B_TEMP_05 | 34.7 | CRITICAL
2026-09-22 05:07:21 | WARD_B_TEMP_01 | 35.8 | NORMAL
2026-09-22 05:07:21 | WARD_B_TEMP_02 | 36.9 | NORMAL
2026-09-22 05:07:21 | WARD_B_TEMP_03 | 38.9 | CRITICAL
2026-09-22 05:07:21 | WARD_B_TEMP_04 | 38.2 | CRITICAL
2026-09-22 05:07:21 | WARD_B_TEMP_05 | 39.3 | CRITICAL
2026-09-22 05:07:22 | WARD_B_TEMP_01 | 34.6 | CRITICAL
2026-09-22 05:07:22 | WARD_B_TEMP_02 | 36.7 | NORMAL
2026-09-22 05:07:22 | WARD_B_TEMP_03 | 38.1 | CRITICAL
2026-09-22 05:07:22 | WARD_B_TEMP_04 | 38.3 | CRITICAL
2026-09-22 05:07:22 | WARD_B_TEMP_05 | 36.6 | NORMAL
2026-09-22 05:07:23 | WARD_B_TEMP_01 | 36.4 | NORMAL
2026-09-22 05:07:23 | WARD_B_TEMP_02 | 37.9 | WARNING
2026-09-22 05:07:23 | WARD_B_TEMP_03 | 35.3 | CRITICAL
2026-09-22 05:07:23 | WARD_B_TEMP_04 | 37.7 | WARNING
2026-09-22 05:07:23 | WARD_B_TEMP_05 | 35.6 | NORMAL
2026-09-22 05:07:24 | WARD_B_TEMP_01 | 35.1 | CRITICAL
2026-09-22 05:07:24 | WARD_B_TEMP_02 | 37.8 | WARNING
2026-09-22 05:07:24 | WARD_B_TEMP_03 | 35.6 | NORMAL
2026-09-22 05:07:24 | WARD_B_TEMP_04 | 36.2 | NORMAL
2026-09-22 05:07:24 | WARD_B_TEMP_05 | 38.4 | CRITICAL
2026-09-22 05:07:25 | WARD_B_TEMP_01 | 34.7 | CRITICAL
2026-09-22 05:07:25 | WARD_B_TEMP_02 | 35.7 | NORMAL
2026-09-22 05:07:25 | WARD_B_TEMP_03 | 37.7 | WARNING
2026-09-22 05:07:25 | WARD_B_TEMP_04 | 36.9 | NORMAL
2026-09-22 05:07:25 | WARD_B_TEMP_05 | 40.4 | CRITICAL
2026-09-22 05:07:26 | WARD_B_TEMP_01 | 34.6 | CRITICAL
2026-09-22 05:07:26 | WARD_B_TEMP_02 | 39.3 | CRITICAL
2026-09-22 05:07:26 | WARD_B_TEMP_03 | 37.9 | WARNING
2026-09-22 05:07:26 | WARD_B_TEMP_04 | 35.3 | CRITICAL
2026-09-22 05:07:26 | WARD_B_TEMP_05 | 39.2 | CRITICAL
2026-09-22 05:07:27 | WARD_B_TEMP_01 | 35.4 | CRITICAL
2026-09-22 05:07:27 | WARD_B_TEMP_02 | 39.0 | CRITICAL
2026-09-22 05:07:27 | WARD_B_TEMP_03 | 39.5 | CRITICAL
2026-09-22 05:07:27 | WARD_B_TEMP_04 | 36.7 | NORMAL
2026-09-22 05:07:27 | WARD_B_TEMP_05 | 35.1 | CRITICAL
2026-09-22 05:07:28 | WARD_B_TEMP_01 | 40.2 | CRITICAL
2026-09-22 05:07:28 | WARD_B_TEMP_02 | 35.5 | NORMAL
2026-09-22 05:07:28 | WARD_B_TEMP_03 | 35.4 | CRITICAL
2026-09-22 05:07:28 | WARD_B_TEMP_04 | 36.8 | NORMAL
2026-09-22 05:07:28 | WARD_B_TEMP_05 | 34.8 | CRITICAL
2026-09-22 05:07:29 | WARD_B_TEMP_01 | 40.2 | CRITICAL
2026-09-22 05:07:29 | WARD_B_TEMP_02 | 35.3 | CRITICAL
2026-09-22 05:07:29 | WARD_B_TEMP_03 | 37.4 | NORMAL
2026-09-22 05:07:29 | WARD_B_TEMP_04 | 40.4 | CRITICAL
2026-09-22 05:07:29 | WARD_B_TEMP_05 | 40.2 | CRITICAL
2026-09-22 05:07:30 | WARD_B_TEMP_01 | 38.7 | CRITICAL
2026-09-22 05:07:30 | WARD_B_TEMP_02 | 36.8 | NORMAL
2026-09-22 05:07:30 | WARD_B_TEMP_03 | 38.4 | CRITICAL
2026-09-22 05:07:30 | WARD_B_TEMP_04 | 36.2 | NORMAL
2026-09-22 05:07:30 | WARD_B_TEMP_05 | 35.7 | NORMAL
2026-09-22 05:07:31 | WARD_B_TEMP_01 | 36.9 | NORMAL
2026-09-22 05:07:31 | WARD_B_TEMP_02 | 35.8 | NORMAL
2026-09-22 05:07:31 | WARD_B_TEMP_03 | 35.9 | NORMAL
2026-09-22 05:07:31 | WARD_B_TEMP_04 | 37.5 | WARNING
2026-09-22 05:07:31 | WARD_B_TEMP_05 | 38.4 | CRITICAL
2026-09-22 05:07:32 | WARD_B_TEMP_01 | 36.3 | NORMAL
2026-09-22 05:07:32 | WARD_B_TEMP_02 | 34.7 | CRITICAL
2026-09-22 05:07:32 | WARD_B_TEMP_03 | 36.4 | NORMAL
2026-09-22 05:07:32 | WARD_B_TEMP_04 | 39.1 | CRITICAL
2026-09-22 05:07:32 | WARD_B_TEMP_05 | 35.3 | CRITICAL
2026-09-22 05:07:33 | WARD_B_TEMP_01 | 40.0 | CRITICAL
2026-09-22 05:07:33 | WARD_B_TEMP_02 | 36.1 | NORMAL
2026-09-22 05:07:33 | WARD_B_TEMP_03 | 40.0 | CRITICAL
2026-09-22 05:07:33 | WARD_B_TEMP_04 | 36.3 | NORMAL
2026-09-22 05:07:33 | WARD_B_TEMP_05 | 39.8 | CRITICAL
2026-09-22 05:07:34 | WARD_B_TEMP_01 | 38.5 | CRITICAL
2026-09-22 05:07:34 | WARD_B_TEMP_02 | 40.0 | CRITICAL
2026-09-22 05:07:34 | WARD_B_TEMP_03 | 37.1 | NORMAL
2026-09-22 05:07:34 | WARD_B_TEMP_04 | 35.4 | CRITICAL
2026-09-22 05:07:34 | WARD_B_TEMP_05 | 37.6 | WARNING
2026-09-22 05:07:35 | WARD_B_TEMP_01 | 38.5 | CRITICAL
2026-09-22 05:07:35 | WARD_B_TEMP_02 | 35.8 | NORMAL
2026-09-22 05:07:35 | WARD_B_TEMP_03 | 34.6 | CRITICAL
2026-09-22 05:07:35 | WARD_B_TEMP_04 | 39.9 | CRITICAL
2026-09-22 05:07:35 | WARD_B_TEMP_05 | 35.4 | CRITICAL
2026-09-22 05:07:36 | WARD_B_TEMP_01 | 39.8 | CRITICAL
2026-09-22 05:07:36 | WARD_B_TEMP_02 | 39.7 | CRITICAL
2026-09-22 05:07:36 | WARD_B_TEMP_03 | 39.9 | CRITICAL
2026-09-22 05:07:36 | WARD_B_TEMP_04 | 38.1 | CRITICAL
2026-09-22 05:07:36 | WARD_B_TEMP_05 | 38.3 | CRITICAL
2026-09-22 05:07:37 | WARD_B_TEMP_01 | 38.0 | WARNING
2026-09-22 05:07:37 | WARD_B_TEMP_02 | 35.4 | CRITICAL
2026-09-22 05:07:37 | WARD_B_TEMP_03 | 37.9 | WARNING
2026-09-22 05:07:37 | WARD_B_TEMP_04 | 38.3 | CRITICAL
2026-09-22 05:07:37 | WARD_B_TEMP_05 | 34.6 | CRITICAL
2026-09-22 05:07:38 | WARD_B_TEMP_01 | 39.2 | CRITICAL
2026-09-22 05:07:38 | WARD_B_TEMP_02 | 34.7 | CRITICAL
2026-09-22 05:07:38 | WARD_B_TEMP_03 | 35.5 | NORMAL
2026-09-22 05:07:38 | WARD_B_TEMP_04 | 40.4 | CRITICAL
2026-09-22 05:07:38 | WARD_B_TEMP_05 | 39.9 | CRITICAL
2026-09-22 05:07:39 | WARD_B_TEMP_01 | 35.9 | NORMAL
2026-09-22 05:07:39 | WARD_B_TEMP_02 | 35.2 | CRITICAL
2026-09-22 05:07:39 | WARD_B_TEMP_03 | 39.5 | CRITICAL
2026-09-22 05:07:39 | WARD_B_TEMP_04 | 39.8 | CRITICAL
2026-09-22 05:07:39 | WARD_B_TEMP_05 | 35.9 | NORMAL
2026-09-22 05:07:40 | WARD_B_TEMP_01 | 37.3 | NORMAL
2026-09-22 05:07:40 | WARD_B_TEMP_02 | 35.1 | CRITICAL
2026-09-22 05:07:40 | WARD_B_TEMP_03 | 38.4 | CRITICAL
2026-09-22 05:07:40 | WARD_B_TEMP_04 | 34.8 | CRITICAL
2026-09-22 05:07:40 | WARD_B_TEMP_05 | 37.0 | NORMAL
2026-09-22 05:07:41 | WARD_B_TEMP_01 | 38.4 | CRITICAL
2026-09-22 05:07:41 | WARD_B_TEMP_02 | 38.6 | CRITICAL
2026-09-22 05:07:41 | WARD_B_TEMP_03 | 37.0 | NORMAL
2026-09-22 05:07:41 | WARD_B_TEMP_04 | 38.6 | CRITICAL
2026-09-22 05:07:41 | WARD_B_TEMP_05 | 37.8 | WARNING
2026-09-22 05:07:42 | WARD_B_TEMP_01 | 38.5 | CRITICAL
2026-09-22 05:07:42 | WARD_B_TEMP_02 | 35.2 | CRITICAL
2026-09-22 05:07:42 | WARD_B_TEMP_03 | 36.9 | NORMAL
2026-09-22 05:07:42 | WARD_B_TEMP_04 | 37.4 | NORMAL
2026-09-22 05:07:42 | WARD_B_TEMP_05 | 36.5 | NORMAL
2026-09-22 05:07:43 | WARD_B_TEMP_01 | 36.1 | NORMAL
2026-09-22 05:07:43 | WARD_B_TEMP_02 | 35.6 | NORMAL
2026-09-22 05:07:43 | WARD_B_TEMP_03 | 39.1 | CRITICAL
2026-09-22 05:07:43 | WARD_B_TEMP_04 | 40.1 | CRITICAL
2026-09-22 05:07:43 | WARD_B_TEMP_05 | 39.6 | CRITICAL
2026-09-22 05:07:44 | WARD_B_TEMP_01 | 35.0 | CRITICAL
2026-09-22 05:07:44 | WARD_B_TEMP_02 | 38.1 | CRITICAL
2026-09-22 05:07:44 | WARD_B_TEMP_03 | 37.5 | WARNING
2026-09-22 05:07:44 | WARD_B_TEMP_04 | 38.2 | CRITICAL
2026-09-22 05:07:44 | WARD_B_TEMP_05 | 39.1 | CRITICAL
2026-09-22 05:07:45 | WARD_B_TEMP_01 | 39.3 | CRITICAL
2026-09-22 05:07:45 | WARD_B_TEMP_02 | 35.7 | NORMAL
2026-09-22 05:07:45 | WARD_B_TEMP_03 | 35.5 | NORMAL
2026-09-22 05:07:45 | WARD_B_TEMP_04 | 34.5 | CRITICAL
2026-09-22 05:07:45 | WARD_B_TEMP_05 | 34.6 | CRITICAL
2026-09-22 05:07:46 | WARD_B_TEMP_01 | 37.3 | NORMAL
2026-09-22 05:07:46 | WARD_B_TEMP_02 | 35.9 | NORMAL
2026-09-22 05:07:46 | WARD_B_TEMP_03 | 36.1 | NORMAL
2026-09-22 05:07:46 | WARD_B_TEMP_04 | 38.7 | CRITICAL
2026-09-22 05:07:46 | WARD_B_TEMP_05 | 38.4 | CRITICAL
2026-09-22 05:07:47 | WARD_B_TEMP_01 | 37.1 | NORMAL
2026-09-22 05:07:47 | WARD_B_TEMP_02 | 37.3 | NORMAL
2026-09-22 05:07:47 | WARD_B_TEMP_03 | 35.8 | NORMAL
2026-09-22 05:07:47 | WARD_B_TEMP_04 | 40.3 | CRITICAL
2026-09-22 05:07:47 | WARD_B_TEMP_05 | 34.9 | CRITICAL
2026-09-22 05:07:48 | WARD_B_TEMP_01 | 39.1 | CRITICAL
2026-09-22 05:07:48 | WARD_B_TEMP_02 | 39.8 | CRITICAL
2026-09-22 05:07:48 | WARD_B_TEMP_03 | 40.0 | CRITICAL
2026-09-22 05:07:48 | WARD_B_TEMP_04 | 39.5 | CRITICAL
2026-09-22 05:07:48 | WARD_B_TEMP_05 | 40.0 | CRITICAL
2026-09-22 05:07:49 | WARD_B_TEMP_01 | 36.4 | NORMAL
2026-09-22 05:07:49 | WARD_B_TEMP_02 | 35.6 | NORMAL
2026-09-22 05:07:49 | WARD_B_TEMP_03 | 39.1 | CRITICAL
2026-09-22 05:07:49 | WARD_B_TEMP_04 | 37.6 | WARNING
2026-09-22 05:07:49 | WARD_B_TEMP_05 | 37.9 | WARNING
2026-09-22 05:07:50 | WARD_B_TEMP_01 | 35.8 | NORMAL
2026-09-22 05:07:50 | WARD_B_TEMP_02 | 35.9 | NORMAL
2026-09-22 05:07:50 | WARD_B_TEMP_03 | 34.9 | CRITICAL
2026-09-22 05:07:50 | WARD_B_TEMP_04 | 39.0 | CRITICAL
2026-09-22 05:07:50 | WARD_B_TEMP_05 | 36.1 | NORMAL
2026-09-22 05:07:51 | WARD_B_TEMP_01 | 35.5 | NORMAL
2026-09-22 05:07:51 | WARD_B_TEMP_02 | 39.3 | CRITICAL
2026-09-22 05:07:51 | WARD_B_TEMP_03 | 39.2 | CRITICAL
2026-09-22 05:07:51 | WARD_B_TEMP_04 | 37.7 | WARNING
2026-09-22 05:07:51 | WARD_B_TEMP_05 | 36.9 | NORMAL
2026-09-22 05:07:52 | WARD_B_TEMP_01 | 35.0 | CRITICAL
2026-09-22 05:07:52 | WARD_B_TEMP_02 | 36.8 | NORMAL
2026-09-22 05:07:52 | WARD_B_TEMP_03 | 38.1 | CRITICAL
2026-09-22 05:07:52 | WARD_B_TEMP_04 | 37.6 | WARNING
2026-09-22 05:07:52 | WARD_B_TEMP_05 | 39.7 | CRITICAL
2026-09-22 05:07:53 | WARD_B_TEMP_01 | 34.9 | CRITICAL
2026-09-22 05:07:53 | WARD_B_TEMP_02 | 34.7 | CRITICAL
2026-09-22 05:07:53 | WARD_B_TEMP_03 | 36.4 | NORMAL
2026-09-22 05:07:53 | WARD_B_TEMP_04 | 38.9 | CRITICAL
2026-09-22 05:07:53 | WARD_B_TEMP_05 | 40.1 | CRITICAL
2026-09-22 05:07:54 | WARD_B_TEMP_01 | 37.3 | NORMAL
2026-09-22 05:07:54 | WARD_B_TEMP_02 | 38.7 | CRITICAL
2026-09-22 05:07:54 | WARD_B_TEMP_03 | 37.5 | WARNING
2026-09-22 05:07:54 | WARD_B_TEMP_04 | 37.0 | NORMAL
2026-09-22 05:07:54 | WARD_B_TEMP_05 | 37.1 | NORMAL
2026-09-22 05:07:55 | WARD_B_TEMP_01 | 39.6 | CRITICAL
2026-09-22 05:07:55 | WARD_B_TEMP_02 | 37.4 | NORMAL
2026-09-22 05:07:55 | WARD_B_TEMP_03 | 36.4 | NORMAL
2026-09-22 05:07:55 | WARD_B_TEMP_04 | 37.3 | NORMAL
2026-09-22 05:07:55 | WARD_B_TEMP_05 | 40.2 | CRITICAL
2026-09-22 05:07:56 | WARD_B_TEMP_01 | 40.3 | CRITICAL
2026-09-22 05:07:56 | WARD_B_TEMP_02 | 35.8 | NORMAL
2026-09-22 05:07:56 | WARD_B_TEMP_03 | 35.0 | CRITICAL
2026-09-22 05:07:56 | WARD_B_TEMP_04 | 35.6 | NORMAL
2026-09-22 05:07:56 | WARD_B_TEMP_05 | 34.9 | CRITICAL
2026-09-22 05:07:57 | WARD_B_TEMP_01 | 36.4 | NORMAL
2026-09-22 05:07:57 | WARD_B_TEMP_02 | 36.4 | NORMAL
2026-09-22 05:07:57 | WARD_B_TEMP_03 | 34.9 | CRITICAL
2026-09-22 05:07:57 | WARD_B_TEMP_04 | 37.7 | WARNING
2026-09-22 05:07:57 | WARD_B_TEMP_05 | 36.1 | NORMAL
2026-09-22 05:07:58 | WARD_B_TEMP_01 | 36.5 | NORMAL
2026-09-22 05:07:58 | WARD_B_TEMP_02 | 38.0 | WARNING
2026-09-22 05:07:58 | WARD_B_TEMP_03 | 36.4 | NORMAL
2026-09-22 05:07:58 | WARD_B_TEMP_04 | 37.3 | NORMAL
2026-09-22 05:07:58 | WARD_B_TEMP_05 | 38.8 | CRITICAL
2026-09-22 05:07:59 | WARD_B_TEMP_01 | 37.2 | NORMAL
2026-09-22 05:07:59 | WARD_B_TEMP_02 | 39.4 | CRITICAL
2026-09-22 05:07:59 | WARD_B_TEMP_03 | 37.0 | NORMAL
2026-09-22 05:07:59 | WARD_B_TEMP_04 | 38.9 | CRITICAL
2026-09-22 05:07:59 | WARD_B_TEMP_05 | 39.4 | CRITICAL
2026-09-22 05:08:00 | WARD_B_TEMP_01 | 37.3 | NORMAL
2026-09-22 05:08:00 | WARD_B_TEMP_02 | 38.3 | CRITICAL
2026-09-22 05:08:00 | WARD_B_TEMP_03 | 40.1 | CRITICAL
2026-09-22 05:08:00 | WARD_B_TEMP_04 | 39.0 | CRITICAL
2026-09-22 05:08:00 | WARD_B_TEMP_05 | 39.4 | CRITICAL
2026-09-22 05:08:01 | WARD_B_TEMP_01 | 39.9 | CRITICAL
2026-09-22 05:08:01 | WARD_B_TEMP_02 | 39.0 | CRITICAL
2026-09-22 05:08:01 | WARD_B_TEMP_03 | 35.1 | CRITICAL
2026-09-22 05:08:01 | WARD_B_TEMP_04 | 39.8 | CRITICAL
2026-09-22 05:08:01 | WARD_B_TEMP_05 | 35.5 | NORMAL
2026-09-22 05:08:02 | WARD_B_TEMP_01 | 35.1 | CRITICAL
2026-09-22 05:08:02 | WARD_B_TEMP_02 | 38.9 | CRITICAL
2026-09-22 05:08:02 | WARD_B_TEMP_03 | 35.8 | NORMAL
2026-09-22 05:08:02 | WARD_B_TEMP_04 | 35.8 | NORMAL
2026-09-22 05:08:02 | WARD_B_TEMP_05 | 39.3 | CRITICAL
2026-09-22 05:08:03 | WARD_B_TEMP_01 | 39.0 | CRITICAL
2026-09-22 05:08:03 | WARD_B_TEMP_02 | 35.5 | NORMAL
2026-09-22 05:08:03 | WARD_B_TEMP_03 | 38.2 | CRITICAL
2026-09-22 05:08:03 | WARD_B_TEMP_04 | 35.1 | CRITICAL
2026-09-22 05:08:03 | WARD_B_TEMP_05 | 37.8 | WARNING
2026-09-22 05:08:04 | WARD_B_TEMP_01 | 39.5 | CRITICAL
2026-09-22 05:08:04 | WARD_B_TEMP_02 | 35.0 | CRITICAL
2026-09-22 05:08:04 | WARD_B_TEMP_03 | 36.8 | NORMAL
2026-09-22 05:08:04 | WARD_B_TEMP_04 | 39.3 | CRITICAL
2026-09-22 05:08:04 | WARD_B_TEMP_05 | 39.8 | CRITICAL
2026-09-22 05:08:05 | WARD_B_TEMP_01 | 40.4 | CRITICAL
2026-09-22 05:08:05 | WARD_B_TEMP_02 | 35.0 | CRITICAL
2026-09-22 05:08:05 | WARD_B_TEMP_03 | 37.0 | NORMAL
2026-09-22 05:08:05 | WARD_B_TEMP_04 | 35.3 | CRITICAL
2026-09-22 05:08:05 | WARD_B_TEMP_05 | 37.9 | WARNING
2026-09-22 05:08:06 | WARD_B_TEMP_01 | 37.5 | WARNING
2026-09-22 05:08:06 | WARD_B_TEMP_02 | 38.3 | CRITICAL
2026-09-22 05:08:06 | WARD_B_TEMP_03 | 36.9 | NORMAL
2026-09-22 05:08:06 | WARD_B_TEMP_04 | 36.9 | NORMAL
2026-09-22 05:08:06 | WARD_B_TEMP_05 | 39.2 | CRITICAL
2026-09-22 05:08:07 | WARD_B_TEMP_01 | 38.5 | CRITICAL
2026-09-22 05:08:07 | WARD_B_TEMP_02 | 35.0 | CRITICAL
2026-09-22 05:08:07 | WARD_B_TEMP_03 | 38.9 | CRITICAL
2026-09-22 05:08:07 | WARD_B_TEMP_04 | 38.6 | CRITICAL
2026-09-22 05:08:07 | WARD_B_TEMP_05 | 35.9 | NORMAL
2026-09-22 05:08:08 | WARD_B_TEMP_01 | 37.2 | NORMAL
2026-09-22 05:08:08 | WARD_B_TEMP_02 | 35.1 | CRITICAL
2026-09-22 05:08:08 | WARD_B_TEMP_03 | 38.5 | CRITICAL
2026-09-22 05:08:08 | WARD_B_TEMP_04 | 36.3 | NORMAL
2026-09-22 05:08:08 | WARD_B_TEMP_05 | 39.4 | CRITICAL
2026-09-22 05:08:09 | WARD_B_TEMP_01 | 37.8 | WARNING
2026-09-22 05:08:09 | WARD_B_TEMP_02 | 36.9 | NORMAL
2026-09-22 05:08:09 | WARD_B_TEMP_03 | 34.8 | CRITICAL
2026-09-22 05:08:09 | WARD_B_TEMP_04 | 35.8 | NORMAL
2026-09-22 05:08:09 | WARD_B_TEMP_05 | 39.5 | CRITICAL
2026-09-22 05:08:10 | WARD_B_TEMP_01 | 37.3 | NORMAL
2026-09-22 05:08:10 | WARD_B_TEMP_02 | 37.2 | NORMAL
2026-09-22 05:08:10 | WARD_B_TEMP_03 | 36.9 | NORMAL
2026-09-22 05:08:10 | WARD_B_TEMP_04 | 39.0 | CRITICAL
2026-09-22 05:08:10 | WARD_B_TEMP_05 | 39.3 | CRITICAL
2026-09-22 05:08:11 | WARD_B_TEMP_01 | 36.7 | NORMAL
2026-09-22 05:08:11 | WARD_B_TEMP_02 | 38.0 | WARNING
2026-09-22 05:08:11 | WARD_B_TEMP_03 | 34.5 | CRITICAL
2026-09-22 05:08:11 | WARD_B_TEMP_04 | 39.2 | CRITICAL
2026-09-22 05:08:11 | WARD_B_TEMP_05 | 35.9 | NORMAL
2026-09-22 05:08:12 | WARD_B_TEMP_01 | 39.4 | CRITICAL
2026-09-22 05:08:12 | WARD_B_TEMP_02 | 38.3 | CRITICAL
2026-09-22 05:08:12 | WARD_B_TEMP_03 | 35.2 | CRITICAL
2026-09-22 05:08:12 | WARD_B_TEMP_04 | 37.6 | WARNING
2026-09-22 05:08:12 | WARD_B_TEMP_05 | 34.9 | CRITICAL
2026-09-22 05:08:13 | WARD_B_TEMP_01 | 35.1 | CRITICAL
2026-09-22 05:08:13 | WARD_B_TEMP_02 | 35.0 | CRITICAL
2026-09-22 05:08:13 | WARD_B_TEMP_03 | 40.3 | CRITICAL
2026-09-22 05:08:13 | WARD_B_TEMP_04 | 35.8 | NORMAL
2026-09-22 05:08:13 | WARD_B_TEMP_05 | 37.9 | WARNING
2026-09-22 05:08:14 | WARD_B_TEMP_01 | 35.4 | CRITICAL
2026-09-22 05:08:14 | WARD_B_TEMP_02 | 36.9 | NORMAL
2026-09-22 05:08:14 | WARD_B_TEMP_03 | 39.8 | CRITICAL
2026-09-22 05:08:14 | WARD_B_TEMP_04 | 35.4 | CRITICAL
2026-09-22 05:08:14 | WARD_B_TEMP_05 | 37.3 | NORMAL
2026-09-22 05:08:15 | WARD_B_TEMP_01 | 37.4 | NORMAL
2026-09-22 05:08:15 | WARD_B_TEMP_02 | 38.0 | WARNING
2026-09-22 05:08:15 | WARD_B_TEMP_03 | 34.7 | CRITICAL
2026-09-22 05:08:15 | WARD_B_TEMP_04 | 34.6 | CRITICAL
2026-09-22 05:08:15 | WARD_B_TEMP_05 | 40.4 | CRITICAL
2026-09-22 05:08:16 | WARD_B_TEMP_01 | 36.4 | NORMAL
2026-09-22 05:08:16 | WARD_B_TEMP_02 | 39.4 | CRITICAL
2026-09-22 05:08:16 | WARD_B_TEMP_03 | 34.9 | CRITICAL
2026-09-22 05:08:16 | WARD_B_TEMP_04 | 38.4 | CRITICAL
2026-09-22 05:08:16 | WARD_B_TEMP_05 | 39.6 | CRITICAL
2026-09-22 05:08:17 | WARD_B_TEMP_01 | 34.8 | CRITICAL
2026-09-22 05:08:17 | WARD_B_TEMP_02 | 38.4 | CRITICAL
2026-09-22 05:08:17 | WARD_B_TEMP_03 | 35.0 | CRITICAL
2026-09-22 05:08:17 | WARD_B_TEMP_04 | 38.0 | WARNING
2026-09-22 05:08:17 | WARD_B_TEMP_05 | 37.9 | WARNING
2026-09-22 05:08:18 | WARD_B_TEMP_01 | 35.9 | NORMAL
2026-09-22 05:08:18 | WARD_B_TEMP_02 | 38.8 | CRITICAL
2026-09-22 05:08:18 | WARD_B_TEMP_03 | 36.0 | NORMAL
2026-09-22 05:08:18 | WARD_B_TEMP_04 | 35.3 | CRITICAL
2026-09-22 05:08:18 | WARD_B_TEMP_05 | 36.8 | NORMAL
2026-09-22 05:08:19 | WARD_B_TEMP_01 | 37.8 | WARNING
2026-09-22 05:08:19 | WARD_B_TEMP_02 | 35.9 | NORMAL
2026-09-22 05:08:19 | WARD_B_TEMP_03 | 36.7 | NORMAL
2026-09-22 05:08:19 | WARD_B_TEMP_04 | 36.5 | NORMAL
2026-09-22 05:08:19 | WARD_B_TEMP_05 | 39.5 | CRITICAL
2026-09-22 05:08:20 | WARD_B_TEMP_01 | 37.5 | WARNING
2026-09-22 05:08:20 | WARD_B_TEMP_02 | 40.0 | CRITICAL
2026-09-22 05:08:20 | WARD_B_TEMP_03 | 40.2 | CRITICAL
2026-09-22 05:08:20 | WARD_B_TEMP_04 | 36.4 | NORMAL
2026-09-22 05:08:20 | WARD_B_TEMP_05 | 39.2 | CRITICAL
2026-09-22 05:08:21 | WARD_B_TEMP_01 | 37.1 | NORMAL
2026-09-22 05:08:21 | WARD_B_TEMP_02 | 39.8 | CRITICAL
2026-09-22 05:08:21 | WARD_B_TEMP_03 | 37.9 | WARNING
2026-09-22 05:08:21 | WARD_B_TEMP_04 | 37.3 | NORMAL
2026-09-22 05:08:21 | WARD_B_TEMP_05 | 35.1 | CRITICAL
2026-09-22 05:08:22 | WARD_B_TEMP_01 | 35.8 | NORMAL
2026-09-22 05:08:22 | WARD_B_TEMP_02 | 38.2 | CRITICAL
2026-09-22 05:08:22 | WARD_B_TEMP_03 | 37.6 | WARNING
2026-09-22 05:08:22 | WARD_B_TEMP_04 | 38.6 | CRITICAL
2026-09-22 05:08:22 | WARD_B_TEMP_05 | 36.3 | NORMAL
2026-09-22 05:08:23 | WARD_B_TEMP_01 | 39.8 | CRITICAL
2026-09-22 05:08:23 | WARD_B_TEMP_02 | 39.4 | CRITICAL
2026-09-22 05:08:23 | WARD_B_TEMP_03 | 35.7 | NORMAL
2026-09-22 05:08:23 | WARD_B_TEMP_04 | 40.0 | CRITICAL
2026-09-22 05:08:23 | WARD_B_TEMP_05 | 36.5 | NORMAL
2026-09-22 05:08:24 | WARD_B_TEMP_01 | 35.8 | NORMAL
2026-09-22 05:08:24 | WARD_B_TEMP_02 | 36.3 | NORMAL
2026-09-22 05:08:24 | WARD_B_TEMP_03 | 36.3 | NORMAL
2026-09-22 05:08:24 | WARD_B_TEMP_04 | 38.2 | CRITICAL
2026-09-22 05:08:24 | WARD_B_TEMP_05 | 35.3 | CRITICAL
2026-09-22 05:08:25 | WARD_B_TEMP_01 | 39.3 | CRITICAL
2026-09-22 05:08:25 | WARD_B_TEMP_02 | 36.5 | NORMAL
2026-09-22 05:08:25 | WARD_B_TEMP_03 | 38.5 | CRITICAL
2026-09-22 05:08:25 | WARD_B_TEMP_04 | 39.6 | CRITICAL
2026-09-22 05:08:25 | WARD_B_TEMP_05 | 37.1 | NORMAL
2026-09-22 05:08:26 | WARD_B_TEMP_01 | 34.8 | CRITICAL
2026-09-22 05:08:26 | WARD_B_TEMP_02 | 34.6 | CRITICAL
2026-09-22 05:08:26 | WARD_B_TEMP_03 | 39.2 | CRITICAL
2026-09-22 05:08:26 | WARD_B_TEMP_04 | 38.2 | CRITICAL
2026-09-22 05:08:26 | WARD_B_TEMP_05 | 35.6 | NORMAL
2026-09-22 05:08:27 | WARD_B_TEMP_01 | 36.8 | NORMAL
2026-09-22 05:08:27 | WARD_B_TEMP_02 | 40.5 | CRITICAL
2026-09-22 05:08:27 | WARD_B_TEMP_03 | 37.1 | NORMAL
2026-09-22 05:08:27 | WARD_B_TEMP_04 | 39.7 | CRITICAL
2026-09-22 05:08:27 | WARD_B_TEMP_05 | 40.3 | CRITICAL
2026-09-22 05:08:28 | WARD_B_TEMP_01 | 40.4 | CRITICAL
2026-09-22 05:08:28 | WARD_B_TEMP_02 | 39.5 | CRITICAL
2026-09-22 05:08:28 | WARD_B_TEMP_03 | 36.0 | NORMAL
2026-09-22 05:08:28 | WARD_B_TEMP_04 | 39.3 | CRITICAL
2026-09-22 05:08:28 | WARD_B_TEMP_05 | 36.2 | NORMAL
2026-09-22 05:08:29 | WARD_B_TEMP_01 | 40.5 | CRITICAL
2026-09-22 05:08:29 | WARD_B_TEMP_02 | 37.1 | NORMAL
2026-09-22 05:08:29 | WARD_B_TEMP_03 | 35.2 | CRITICAL
2026-09-22 05:08:29 | WARD_B_TEMP_04 | 37.1 | NORMAL
2026-09-22 05:08:29 | WARD_B_TEMP_05 | 37.2 | NORMAL
2026-09-22 05:08:30 | WARD_B_TEMP_01 | 38.6 | CRITICAL
2026-09-22 05:08:30 | WARD_B_TEMP_02 | 40.2 | CRITICAL
2026-09-22 05:08:30 | WARD_B_TEMP_03 | 38.1 | CRITICAL
2026-09-22 05:08:30 | WARD_B_TEMP_04 | 35.4 | CRITICAL
2026-09-22 05:08:30 | WARD_B_TEMP_05 | 40.5 | CRITICAL
2026-09-22 05:08:31 | WARD_B_TEMP_01 | 35.3 | CRITICAL
2026-09-22 05:08:31 | WARD_B_TEMP_02 | 37.4 | NORMAL
2026-09-22 05:08:31 | WARD_B_TEMP_03 | 39.6 | CRITICAL
2026-09-22 05:08:31 | WARD_B_TEMP_04 | 36.8 | NORMAL
2026-09-22 05:08:31 | WARD_B_TEMP_05 | 39.9 | CRITICAL
2026-09-22 05:08:32 | WARD_B_TEMP_01 | 36.0 | NORMAL
2026-09-22 05:08:32 | WARD_B_TEMP_02 | 38.5 | CRITICAL
2026-09-22 05:08:32 | WARD_B_TEMP_03 | 36.7 | NORMAL
2026-09-22 05:08:32 | WARD_B_TEMP_04 | 38.2 | CRITICAL
2026-09-22 05:08:32 | WARD_B_TEMP_05 | 38.7 | CRITICAL
2026-09-22 05:08:33 | WARD_B_TEMP_01 | 38.6 | CRITICAL
2026-09-22 05:08:33 | WARD_B_TEMP_02 | 40.4 | CRITICAL
2026-09-22 05:08:33 | WARD_B_TEMP_03 | 38.0 | WARNING
2026-09-22 05:08:33 | WARD_B_TEMP_04 | 36.8 | NORMAL
2026-09-22 05:08:33 | WARD_B_TEMP_05 | 36.9 | NORMAL
2026-09-22 05:08:34 | WARD_B_TEMP_01 | 38.1 | CRITICAL
2026-09-22 05:08:34 | WARD_B_TEMP_02 | 39.4 | CRITICAL
2026-09-22 05:08:34 | WARD_B_TEMP_03 | 35.8 | NORMAL
2026-09-22 05:08:34 | WARD_B_TEMP_04 | 37.4 | NORMAL
2026-09-22 05:08:34 | WARD_B_TEMP_05 | 37.1 | NORMAL
2026-09-22 05:08:35 | WARD_B_TEMP_01 | 37.7 | WARNING
2026-09-22 05:08:35 | WARD_B_TEMP_02 | 40.4 | CRITICAL
2026-09-22 05:08:35 | WARD_B_TEMP_03 | 38.7 | CRITICAL
2026-09-22 05:08:35 | WARD_B_TEMP_04 | 39.5 | CRITICAL
2026-09-22 05:08:35 | WARD_B_TEMP_05 | 34.9 | CRITICAL
2026-09-22 05:08:36 | WARD_B_TEMP_01 | 39.0 | CRITICAL
2026-09-22 05:08:36 | WARD_B_TEMP_02 | 36.3 | NORMAL
2026-09-22 05:08:36 | WARD_B_TEMP_03 | 36.1 | NORMAL
2026-09-22 05:08:36 | WARD_B_TEMP_04 | 37.1 | NORMAL
2026-09-22 05:08:36 | WARD_B_TEMP_05 | 34.9 | CRITICAL
2026-09-22 05:08:37 | WARD_B_TEMP_01 | 37.4 | NORMAL
2026-09-22 05:08:37 | WARD_B_TEMP_02 | 36.0 | NORMAL
2026-09-22 05:08:37 | WARD_B_TEMP_03 | 39.4 | CRITICAL
2026-09-22 05:08:37 | WARD_B_TEMP_04 | 39.5 | CRITICAL
2026-09-22 05:08:37 | WARD_B_TEMP_05 | 40.5 | CRITICAL
2026-09-22 05:08:38 | WARD_B_TEMP_01 | 36.5 | NORMAL
2026-09-22 05:08:38 | WARD_B_TEMP_02 | 36.7 | NORMAL
2026-09-22 05:08:38 | WARD_B_TEMP_03 | 39.6 | CRITICAL
2026-09-22 05:08:38 | WARD_B_TEMP_04 | 37.1 | NORMAL
2026-09-22 05:08:38 | WARD_B_TEMP_05 | 37.9 | WARNING
2026-09-22 05:08:39 | WARD_B_TEMP_01 | 39.3 | CRITICAL
2026-09-22 05:08:39 | WARD_B_TEMP_02 | 35.3 | CRITICAL
2026-09-22 05:08:39 | WARD_B_TEMP_03 | 40.0 | CRITICAL
2026-09-22 05:08:39 | WARD_B_TEMP_04 | 37.9 | WARNING
2026-09-22 05:08:39 | WARD_B_TEMP_05 | 38.2 | CRITICAL
2026-09-22 05:08:40 | WARD_B_TEMP_01 | 39.7 | CRITICAL
2026-09-22 05:08:40 | WARD_B_TEMP_02 | 36.1 | NORMAL
2026-09-22 05:08:40 | WARD_B_TEMP_03 | 38.7 | CRITICAL
2026-09-22 05:08:40 | WARD_B_TEMP_04 | 38.4 | CRITICAL
2026-09-22 05:08:40 | WARD_B_TEMP_05 | 36.9 | NORMAL
2026-09-22 05:08:41 | WARD_B_TEMP_01 | 36.6 | NORMAL
2026-09-22 05:08:41 | WARD_B_TEMP_02 | 39.7 | CRITICAL
2026-09-22 05:08:41 | WARD_B_TEMP_03 | 37.6 | WARNING
2026-09-22 05:08:41 | WARD_B_TEMP_04 | 35.9 | NORMAL
2026-09-22 05:08:41 | WARD_B_TEMP_05 | 36.4 | NORMAL
2026-09-22 05:08:42 | WARD_B_TEMP_01 | 37.1 | NORMAL
2026-09-22 05:08:42 | WARD_B_TEMP_02 | 37.6 | WARNING
2026-09-22 05:08:42 | WARD_B_TEMP_03 | 35.3 | CRITICAL
2026-09-22 05:08:42 | WARD_B_TEMP_04 | 37.1 | NORMAL
2026-09-22 05:08:42 | WARD_B_TEMP_05 | 37.0 | NORMAL
2026-09-22 05:08:43 | WARD_B_TEMP_01 | 36.4 | NORMAL
2026-09-22 05:08:43 | WARD_B_TEMP_02 | 40.1 | CRITICAL
2026-09-22 05:08:43 | WARD_B_TEMP_03 | 36.9 | NORMAL
2026-09-22 05:08:43 | WARD_B_TEMP_04 | 39.8 | CRITICAL
2026-09-22 05:08:43 | WARD_B_TEMP_05 | 39.7 | CRITICAL
2026-09-22 05:08:44 | WARD_B_TEMP_01 | 35.9 | NORMAL
2026-09-22 05:08:44 | WARD_B_TEMP_02 | 37.6 | WARNING
2026-09-22 05:08:44 | WARD_B_TEMP_03 | 38.0 | WARNING
2026-09-22 05:08:44 | WARD_B_TEMP_04 | 36.5 | NORMAL
2026-09-22 05:08:44 | WARD_B_TEMP_05 | 40.5 | CRITICAL
2026-09-22 05:08:45 | WARD_B_TEMP_01 | 36.8 | NORMAL
2026-09-22 05:08:45 | WARD_B_TEMP_02 | 38.2 | CRITICAL
2026-09-22 05:08:45 | WARD_B_TEMP_03 | 39.6 | CRITICAL
2026-09-22 05:08:45 | WARD_B_TEMP_04 | 34.6 | CRITICAL
2026-09-22 05:08:45 | WARD_B_TEMP_05 | 35.6 | NORMAL
2026-09-22 05:08:46 | WARD_B_TEMP_01 | 38.3 | CRITICAL
2026-09-22 05:08:46 | WARD_B_TEMP_02 | 38.5 | CRITICAL
2026-09-22 05:08:46 | WARD_B_TEMP_03 | 40.1 | CRITICAL
2026-09-22 05:08:46 | WARD_B_TEMP_04 | 37.8 | WARNING
2026-09-22 05:08:46 | WARD_B_TEMP_05 | 37.2 | NORMAL
2026-09-22 05:08:47 | WARD_B_TEMP_01 | 36.8 | NORMAL
2026-09-22 05:08:47 | WARD_B_TEMP_02 | 39.0 | CRITICAL
2026-09-22 05:08:47 | WARD_B_TEMP_03 | 39.1 | CRITICAL
2026-09-22 05:08:47 | WARD_B_TEMP_04 | 37.4 | NORMAL
2026-09-22 05:08:47 | WARD_B_TEMP_05 | 38.9 | CRITICAL
2026-09-22 05:08:48 | WARD_B_TEMP_01 | 38.4 | CRITICAL
2026-09-22 05:08:48 | WARD_B_TEMP_02 | 37.8 | WARNING
2026-09-22 05:08:48 | WARD_B_TEMP_03 | 36.1 | NORMAL
2026-09-22 05:08:48 | WARD_B_TEMP_04 | 39.1 | CRITICAL
2026-09-22 05:08:48 | WARD_B_TEMP_05 | 39.6 | CRITICAL
2026-09-22 05:08:49 | WARD_B_TEMP_01 | 37.5 | WARNING
2026-09-22 05:08:49 | WARD_B_TEMP_02 | 38.5 | CRITICAL
2026-09-22 05:08:49 | WARD_B_TEMP_03 | 38.8 | CRITICAL
2026-09-22 05:08:49 | WARD_B_TEMP_04 | 39.8 | CRITICAL
2026-09-22 05:08:49 | WARD_B_TEMP_05 | 34.8 | CRITICAL
2026-09-22 05:08:50 | WARD_B_TEMP_01 | 36.5 | NORMAL
2026-09-22 05:08:50 | WARD_B_TEMP_02 | 38.5 | CRITICAL
2026-09-22 05:08:50 | WARD_B_TEMP_03 | 39.5 | CRITICAL
2026-09-22 05:08:50 | WARD_B_TEMP_04 | 39.8 | CRITICAL
2026-09-22 05:08:50 | WARD_B_TEMP_05 | 36.6 | NORMAL
2026-09-22 05:08:51 | WARD_B_TEMP_01 | 39.9 | CRITICAL
2026-09-22 05:08:51 | WARD_B_TEMP_02 | 40.0 | CRITICAL
2026-09-22 05:08:51 | WARD_B_TEMP_03 | 39.5 | CRITICAL
2026-09-22 05:08:51 | WARD_B_TEMP_04 | 38.9 | CRITICAL
2026-09-22 05:08:51 | WARD_B_TEMP_05 | 35.5 | NORMAL
2026-09-22 05:08:52 | WARD_B_TEMP_01 | 37.4 | NORMAL
2026-09-22 05:08:52 | WARD_B_TEMP_02 | 36.4 | NORMAL
2026-09-22 05:08:52 | WARD_B_TEMP_03 | 39.2 | CRITICAL
2026-09-22 05:08:52 | WARD_B_TEMP_04 | 36.5 | NORMAL
2026-09-22 05:08:52 | WARD_B_TEMP_05 | 37.5 | WARNING
2026-09-22 05:08:53 | WARD_B_TEMP_01 | 35.2 | CRITICAL
2026-09-22 05:08:53 | WARD_B_TEMP_02 | 35.5 | NORMAL
2026-09-22 05:08:53 | WARD_B_TEMP_03 | 35.8 | NORMAL
2026-09-22 05:08:53 | WARD_B_TEMP_04 | 35.4 | CRITICAL
2026-09-22 05:08:53 | WARD_B_TEMP_05 | 37.6 | WARNING
2026-09-22 05:08:54 | WARD_B_TEMP_01 | 36.4 | NORMAL
2026-09-22 05:08:54 | WARD_B_TEMP_02 | 34.7 | CRITICAL
2026-09-22 05:08:54 | WARD_B_TEMP_03 | 37.4 | NORMAL
2026-09-22 05:08:54 | WARD_B_TEMP_04 | 36.7 | NORMAL
2026-09-22 05:08:54 | WARD_B_TEMP_05 | 37.8 | WARNING
2026-09-22 05:08:55 | WARD_B_TEMP_01 | 34.9 | CRITICAL
2026-09-22 05:08:55 | WARD_B_TEMP_02 | 35.4 | CRITICAL
2026-09-22 05:08:55 | WARD_B_TEMP_03 | 36.9 | NORMAL
2026-09-22 05:08:55 | WARD_B_TEMP_04 | 37.5 | WARNING
2026-09-22 05:08:55 | WARD_B_TEMP_05 | 38.6 | CRITICAL
2026-09-22 05:08:56 | WARD_B_TEMP_01 | 37.0 | NORMAL
2026-09-22 05:08:56 | WARD_B_TEMP_02 | 37.8 | WARNING
2026-09-22 05:08:56 | WARD_B_TEMP_03 | 37.9 | WARNING
2026-09-22 05:08:56 | WARD_B_TEMP_04 | 34.5 | CRITICAL
2026-09-22 05:08:56 | WARD_B_TEMP_05 | 37.1 | NORMAL
2026-09-22 05:08:57 | WARD_B_TEMP_01 | 36.6 | NORMAL
2026-09-22 05:08:57 | WARD_B_TEMP_02 | 35.7 | NORMAL
2026-09-22 05:08:57 | WARD_B_TEMP_03 | 37.8 | WARNING
2026-09-22 05:08:57 | WARD_B_TEMP_04 | 37.5 | WARNING
2026-09-22 05:08:57 | WARD_B_TEMP_05 | 36.7 | NORMAL
2026-09-22 05:08:58 | WARD_B_TEMP_01 | 36.4 | NORMAL
2026-09-22 05:08:58 | WARD_B_TEMP_02 | 35.4 | CRITICAL
2026-09-22 05:08:58 | WARD_B_TEMP_03 | 36.5 | NORMAL
2026-09-22 05:08:58 | WARD_B_TEMP_04 | 35.6 | NORMAL
2026-09-22 05:08:58 | WARD_B_TEMP_05 | 38.1 | CRITICAL
2026-09-22 05:08:59 | WARD_B_TEMP_01 | 36.3 | NORMAL
2026-09-22 05:08:59 | WARD_B_TEMP_02 | 40.4 | CRITICAL
2026-09-22 05:08:59 | WARD_B_TEMP_03 | 37.7 | WARNING
2026-09-22 05:08:59 | WARD_B_TEMP_04 | 39.2 | CRITICAL
2026-09-22 05:08:59 | WARD_B_TEMP_05 | 37.2 | NORMAL
2026-09-22 05:09:00 | WARD_B_TEMP_01 | 37.4 | NORMAL
2026-09-22 05:09:00 | WARD_B_TEMP_02 | 38.7 | CRITICAL
2026-09-22 05:09:00 | WARD_B_TEMP_03 | 39.3 | CRITICAL
2026-09-22 05:09:00 | WARD_B_TEMP_04 | 39.6 | CRITICAL
2026-09-22 05:09:00 | WARD_B_TEMP_05 | 35.7 | NORMAL
2026-09-22 05:09:01 | WARD_B_TEMP_01 | 35.0 | CRITICAL
2026-09-22 05:09:01 | WARD_B_TEMP_02 | 36.1 | NORMAL
2026-09-22 05:09:01 | WARD_B_TEMP_03 | 39.5 | CRITICAL
2026-09-22 05:09:01 | WARD_B_TEMP_04 | 37.6 | WARNING
2026-09-22 05:09:01 | WARD_B_TEMP_05 | 36.5 | NORMAL
2026-09-22 05:09:02 | WARD_B_TEMP_01 | 40.3 | CRITICAL
2026-09-22 05:09:02 | WARD_B_TEMP_02 | 38.0 | WARNING
2026-09-22 05:09:02 | WARD_B_TEMP_03 | 37.3 | NORMAL
2026-09-22 05:09:02 | WARD_B_TEMP_04 | 39.7 | CRITICAL
2026-09-22 05:09:02 | WARD_B_TEMP_05 | 39.8 | CRITICAL
2026-09-22 05:09:03 | WARD_B_TEMP_01 | 39.7 | CRITICAL
2026-09-22 05:09:03 | WARD_B_TEMP_02 | 35.0 | CRITICAL
2026-09-22 05:09:03 | WARD_B_TEMP_03 | 39.7 | CRITICAL
2026-09-22 05:09:03 | WARD_B_TEMP_04 | 39.9 | CRITICAL
2026-09-22 05:09:03 | WARD_B_TEMP_05 | 37.4 | NORMAL
2026-09-22 05:09:04 | WARD_B_TEMP_01 | 39.7 | CRITICAL
2026-09-22 05:09:04 | WARD_B_TEMP_02 | 35.5 | NORMAL
2026-09-22 05:09:04 | WARD_B_TEMP_03 | 35.3 | CRITICAL
2026-09-22 05:09:04 | WARD_B_TEMP_04 | 36.3 | NORMAL
2026-09-22 05:09:04 | WARD_B_TEMP_05 | 39.0 | CRITICAL
2026-09-22 05:09:05 | WARD_B_TEMP_01 | 36.2 | NORMAL
2026-09-22 05:09:05 | WARD_B_TEMP_02 | 38.5 | CRITICAL
2026-09-22 05:09:05 | WARD_B_TEMP_03 | 39.4 | CRITICAL
2026-09-22 05:09:05 | WARD_B_TEMP_04 | 34.7 | CRITICAL
2026-09-22 05:09:05 | WARD_B_TEMP_05 | 40.0 | CRITICAL
2026-09-22 05:09:06 | WARD_B_TEMP_01 | 38.2 | CRITICAL
2026-09-22 05:09:06 | WARD_B_TEMP_02 | 36.1 | NORMAL
2026-09-22 05:09:06 | WARD_B_TEMP_03 | 37.7 | WARNING
2026-09-22 05:09:06 | WARD_B_TEMP_04 | 40.2 | CRITICAL
2026-09-22 05:09:06 | WARD_B_TEMP_05 | 35.4 | CRITICAL
2026-09-22 05:09:07 | WARD_B_TEMP_01 | 38.2 | CRITICAL
2026-09-22 05:09:07 | WARD_B_TEMP_02 | 38.1 | CRITICAL
2026-09-22 05:09:07 | WARD_B_TEMP_03 | 39.2 | CRITICAL
2026-09-22 05:09:07 | WARD_B_TEMP_04 | 36.9 | NORMAL
2026-09-22 05:09:07 | WARD_B_TEMP_05 | 35.9 | NORMAL
2026-09-22 05:09:08 | WARD_B_TEMP_01 | 36.8 | NORMAL
2026-09-22 05:09:08 | WARD_B_TEMP_02 | 37.2 | NORMAL
2026-09-22 05:09:08 | WARD_B_TEMP_03 | 35.8 | NORMAL
2026-09-22 05:09:08 | WARD_B_TEMP_04 | 34.6 | CRITICAL
2026-09-22 05:09:08 | WARD_B_TEMP_05 | 35.0 | CRITICAL
2026-09-22 05:09:09 | WARD_B_TEMP_01 | 40.1 | CRITICAL
2026-09-22 05:09:09 | WARD_B_TEMP_02 | 36.2 | NORMAL
2026-09-22 05:09:09 | WARD_B_TEMP_03 | 38.3 | CRITICAL
2026-09-22 05:09:09 | WARD_B_TEMP_04 | 38.3 | CRITICAL
2026-09-22 05:09:09 | WARD_B_TEMP_05 | 38.9 | CRITICAL
2026-09-22 05:09:10 | WARD_B_TEMP_01 | 38.5 | CRITICAL
2026-09-22 05:09:10 | WARD_B_TEMP_02 | 39.3 | CRITICAL
2026-09-22 05:09:10 | WARD_B_TEMP_03 | 36.3 | NORMAL
2026-09-22 05:09:10 | WARD_B_TEMP_04 | 39.8 | CRITICAL
2026-09-22 05:09:10 | WARD_B_TEMP_05 | 35.5 | NORMAL
2026-09-22 05:09:11 | WARD_B_TEMP_01 | 37.2 | NORMAL
2026-09-22 05:09:11 | WARD_B_TEMP_02 | 34.7 | CRITICAL
2026-09-22 05:09:11 | WARD_B_TEMP_03 | 35.0 | CRITICAL
2026-09-22 05:09:11 | WARD_B_TEMP_04 | 35.2 | CRITICAL
2026-09-22 05:09:11 | WARD_B_TEMP_05 | 37.9 | WARNING
2026-09-22 05:09:12 | WARD_B_TEMP_01 | 36.4 | NORMAL
2026-09-22 05:09:12 | WARD_B_TEMP_02 | 38.2 | CRITICAL
2026-09-22 05:09:12 | WARD_B_TEMP_03 | 36.7 | NORMAL
2026-09-22 05:09:12 | WARD_B_TEMP_04 | 35.8 | NORMAL
2026-09-22 05:09:12 | WARD_B_TEMP_05 | 39.3 | CRITICAL
2026-09-22 05:09:13 | WARD_B_TEMP_01 | 35.4 | CRITICAL
2026-09-22 05:09:13 | WARD_B_TEMP_02 | 35.5 | NORMAL
2026-09-22 05:09:13 | WARD_B_TEMP_03 | 36.3 | NORMAL
2026-09-22 05:09:13 | WARD_B_TEMP_04 | 35.5 | NORMAL
2026-09-22 05:09:13 | WARD_B_TEMP_05 | 37.3 | NORMAL
2026-09-22 05:09:14 | WARD_B_TEMP_01 | 39.1 | CRITICAL
2026-09-22 05:09:14 | WARD_B_TEMP_02 | 38.0 | WARNING
2026-09-22 05:09:14 | WARD_B_TEMP_03 | 37.0 | NORMAL
2026-09-22 05:09:14 | WARD_B_TEMP_04 | 39.8 | CRITICAL
2026-09-22 05:09:14 | WARD_B_TEMP_05 | 37.5 | WARNING
2026-09-22 05:09:15 | WARD_B_TEMP_01 | 36.5 | NORMAL
2026-09-22 05:09:15 | WARD_B_TEMP_02 | 36.1 | NORMAL
2026-09-22 05:09:15 | WARD_B_TEMP_03 | 35.5 | NORMAL
2026-09-22 05:09:15 | WARD_B_TEMP_04 | 37.5 | WARNING
2026-09-22 05:09:15 | WARD_B_TEMP_05 | 35.8 | NORMAL
2026-09-22 05:09:16 | WARD_B_TEMP_01 | 40.0 | CRITICAL
2026-09-22 05:09:16 | WARD_B_TEMP_02 | 37.1 | NORMAL
2026-09-22 05:09:16 | WARD_B_TEMP_03 | 34.6 | CRITICAL
2026-09-22 05:09:16 | WARD_B_TEMP_04 | 35.8 | NORMAL
2026-09-22 05:09:16 | WARD_B_TEMP_05 | 39.9 | CRITICAL
2026-09-22 05:09:17 | WARD_B_TEMP_01 | 36.8 | NORMAL
2026-09-22 05:09:17 | WARD_B_TEMP_02 | 38.3 | CRITICAL
2026-09-22 05:09:17 | WARD_B_TEMP_03 | 38.1 | CRITICAL
2026-09-22 05:09:17 | WARD_B_TEMP_04 | 35.3 | CRITICAL
2026-09-22 05:09:17 | WARD_B_TEMP_05 | 35.4 | CRITICAL
2026-09-22 05:09:18 | WARD_B_TEMP_01 | 38.0 | WARNING
2026-09-22 05:09:18 | WARD_B_TEMP_02 | 37.3 | NORMAL
2026-09-22 05:09:18 | WARD_B_TEMP_03 | 37.9 | WARNING
2026-09-22 05:09:18 | WARD_B_TEMP_04 | 40.3 | CRITICAL
2026-09-22 05:09:18 | WARD_B_TEMP_05 | 38.3 | CRITICAL
2026-09-22 05:09:19 | WARD_B_TEMP_01 | 38.2 | CRITICAL
2026-09-22 05:09:19 | WARD_B_TEMP_02 | 38.1 | CRITICAL
2026-09-22 05:09:19 | WARD_B_TEMP_03 | 35.7 | NORMAL
2026-09-22 05:09:19 | WARD_B_TEMP_04 | 36.3 | NORMAL
2026-09-22 05:09:19 | WARD_B_TEMP_05 | 40.4 | CRITICAL
2026-09-22 05:09:20 | WARD_B_TEMP_01 | 35.0 | CRITICAL
2026-09-22 05:09:20 | WARD_B_TEMP_02 | 34.7 | CRITICAL
2026-09-22 05:09:20 | WARD_B_TEMP_03 | 36.6 | NORMAL
2026-09-22 05:09:20 | WARD_B_TEMP_04 | 35.4 | CRITICAL
2026-09-22 05:09:20 | WARD_B_TEMP_05 | 36.7 | NORMAL
2026-09-22 05:09:21 | WARD_B_TEMP_01 | 37.8 | WARNING
2026-09-22 05:09:21 | WARD_B_TEMP_02 | 37.3 | NORMAL
2026-09-22 05:09:21 | WARD_B_TEMP_03 | 38.7 | CRITICAL
2026-09-22 05:09:21 | WARD_B_TEMP_04 | 37.4 | NORMAL
2026-09-22 05:09:21 | WARD_B_TEMP_05 | 37.5 | WARNING
2026-09-22 05:09:22 | WARD_B_TEMP_01 | 38.2 | CRITICAL
2026-09-22 05:09:22 | WARD_B_TEMP_02 | 35.8 | NORMAL
2026-09-22 05:09:22 | WARD_B_TEMP_03 | 36.0 | NORMAL
2026-09-22 05:09:22 | WARD_B_TEMP_04 | 35.9 | NORMAL
2026-09-22 05:09:22 | WARD_B_TEMP_05 | 34.9 | CRITICAL
2026-09-22 05:09:23 | WARD_B_TEMP_01 | 37.7 | WARNING
2026-09-22 05:09:23 | WARD_B_TEMP_02 | 40.0 | CRITICAL
2026-09-22 05:09:23 | WARD_B_TEMP_03 | 37.6 | WARNING
2026-09-22 05:09:23 | WARD_B_TEMP_04 | 34.6 | CRITICAL
2026-09-22 05:09:23 | WARD_B_TEMP_05 | 35.4 | CRITICAL
2026-09-22 05:09:24 | WARD_B_TEMP_01 | 38.5 | CRITICAL
2026-09-22 05:09:24 | WARD_B_TEMP_02 | 37.8 | WARNING
2026-09-22 05:09:24 | WARD_B_TEMP_03 | 38.8 | CRITICAL
2026-09-22 05:09:24 | WARD_B_TEMP_04 | 39.4 | CRITICAL
2026-09-22 05:09:24 | WARD_B_TEMP_05 | 35.5 | NORMAL
2026-09-22 05:09:25 | WARD_B_TEMP_01 | 37.2 | NORMAL
2026-09-22 05:09:25 | WARD_B_TEMP_02 | 38.2 | CRITICAL
2026-09-22 05:09:25 | WARD_B_TEMP_03 | 37.8 | WARNING
2026-09-22 05:09:25 | WARD_B_TEMP_04 | 36.7 | NORMAL
2026-09-22 05:09:25 | WARD_B_TEMP_05 | 37.4 | NORMAL
2026-09-22 05:09:26 | WARD_B_TEMP_01 | 35.2 | CRITICAL
2026-09-22 05:09:26 | WARD_B_TEMP_02 | 38.8 | CRITICAL
2026-09-22 05:09:26 | WARD_B_TEMP_03 | 36.7 | NORMAL
2026-09-22 05:09:26 | WARD_B_TEMP_04 | 38.5 | CRITICAL
2026-09-22 05:09:26 | WARD_B_TEMP_05 | 39.9 | CRITICAL
2026-09-22 05:09:27 | WARD_B_TEMP_01 | 37.3 | NORMAL
2026-09-22 05:09:27 | WARD_B_TEMP_02 | 35.3 | CRITICAL
2026-09-22 05:09:27 | WARD_B_TEMP_03 | 38.1 | CRITICAL
2026-09-22 05:09:27 | WARD_B_TEMP_04 | 36.5 | NORMAL
2026-09-22 05:09:27 | WARD_B_TEMP_05 | 39.1 | CRITICAL
2026-09-22 05:09:28 | WARD_B_TEMP_01 | 40.4 | CRITICAL
2026-09-22 05:09:28 | WARD_B_TEMP_02 | 39.3 | CRITICAL
2026-09-22 05:09:28 | WARD_B_TEMP_03 | 40.1 | CRITICAL
2026-09-22 05:09:28 | WARD_B_TEMP_04 | 37.0 | NORMAL
2026-09-22 05:09:28 | WARD_B_TEMP_05 | 35.7 | NORMAL
2026-09-22 05:09:29 | WARD_B_TEMP_01 | 36.7 | NORMAL
2026-09-22 05:09:29 | WARD_B_TEMP_02 | 36.1 | NORMAL
2026-09-22 05:09:29 | WARD_B_TEMP_03 | 40.1 | CRITICAL
2026-09-22 05:09:29 | WARD_B_TEMP_04 | 38.4 | CRITICAL
2026-09-22 05:09:29 | WARD_B_TEMP_05 | 35.5 | NORMAL
2026-09-22 05:09:30 | WARD_B_TEMP_01 | 35.8 | NORMAL
2026-09-22 05:09:30 | WARD_B_TEMP_02 | 37.8 | WARNING
2026-09-22 05:09:30 | WARD_B_TEMP_03 | 39.7 | CRITICAL
2026-09-22 05:09:30 | WARD_B_TEMP_04 | 38.7 | CRITICAL
2026-09-22 05:09:30 | WARD_B_TEMP_05 | 35.3 | CRITICAL
2026-09-22 05:09:31 | WARD_B_TEMP_01 | 35.7 | NORMAL
2026-09-22 05:09:31 | WARD_B_TEMP_02 | 40.3 | CRITICAL
2026-09-22 05:09:31 | WARD_B_TEMP_03 | 36.7 | NORMAL
2026-09-22 05:09:31 | WARD_B_TEMP_04 | 35.3 | CRITICAL
2026-09-22 05:09:31 | WARD_B_TEMP_05 | 36.8 | NORMAL
2026-09-22 05:09:32 | WARD_B_TEMP_01 | 34.7 | CRITICAL
2026-09-22 05:09:32 | WARD_B_TEMP_02 | 37.5 | WARNING
2026-09-22 05:09:32 | WARD_B_TEMP_03 | 37.9 | WARNING
2026-09-22 05:09:32 | WARD_B_TEMP_04 | 40.4 | CRITICAL
2026-09-22 05:09:32 | WARD_B_TEMP_05 | 37.7 | WARNING
2026-09-22 05:09:33 | WARD_B_TEMP_01 | 40.3 | CRITICAL
2026-09-22 05:09:33 | WARD_B_TEMP_02 | 40.0 | CRITICAL
2026-09-22 05:09:33 | WARD_B_TEMP_03 | 35.8 | NORMAL
2026-09-22 05:09:33 | WARD_B_TEMP_04 | 39.8 | CRITICAL
2026-09-22 05:09:33 | WARD_B_TEMP_05 | 38.7 | CRITICAL
2026-09-22 05:09:34 | WARD_B_TEMP_01 | 35.7 | NORMAL
2026-09-22 05:09:34 | WARD_B_TEMP_02 | 38.4 | CRITICAL
2026-09-22 05:09:34 | WARD_B_TEMP_03 | 35.2 | CRITICAL
2026-09-22 05:09:34 | WARD_B_TEMP_04 | 37.4 | NORMAL
2026-09-22 05:09:34 | WARD_B_TEMP_05 | 37.5 | WARNING
2026-09-22 05:09:35 | WARD_B_TEMP_01 | 40.4 | CRITICAL
2026-09-22 05:09:35 | WARD_B_TEMP_02 | 37.4 | NORMAL
2026-09-22 05:09:35 | WARD_B_TEMP_03 | 36.4 | NORMAL
2026-09-22 05:09:35 | WARD_B_TEMP_04 | 39.0 | CRITICAL
2026-09-22 05:09:35 | WARD_B_TEMP_05 | 39.3 | CRITICAL
2026-09-22 05:09:36 | WARD_B_TEMP_01 | 38.4 | CRITICAL
2026-09-22 05:09:36 | WARD_B_TEMP_02 | 38.7 | CRITICAL
2026-09-22 05:09:36 | WARD_B_TEMP_03 | 38.2 | CRITICAL
2026-09-22 05:09:36 | WARD_B_TEMP_04 | 39.5 | CRITICAL
2026-09-22 05:09:36 | WARD_B_TEMP_05 | 38.0 | WARNING
2026-09-22 05:09:37 | WARD_B_TEMP_01 | 35.5 | NORMAL
2026-09-22 05:09:37 | WARD_B_TEMP_02 | 35.5 | NORMAL
2026-09-22 05:09:37 | WARD_B_TEMP_03 | 39.8 | CRITICAL
2026-09-22 05:09:37 | WARD_B_TEMP_04 | 37.9 | WARNING
2026-09-22 05:09:37 | WARD_B_TEMP_05 | 35.1 | CRITICAL
2026-09-22 05:09:38 | WARD_B_TEMP_01 | 35.4 | CRITICAL
2026-09-22 05:09:38 | WARD_B_TEMP_02 | 37.9 | WARNING
2026-09-22 05:09:38 | WARD_B_TEMP_03 | 35.3 | CRITICAL
2026-09-22 05:09:38 | WARD_B_TEMP_04 | 35.5 | NORMAL
2026-09-22 05:09:38 | WARD_B_TEMP_05 | 36.3 | NORMAL
2026-09-22 05:09:39 | WARD_B_TEMP_01 | 39.3 | CRITICAL
2026-09-22 05:09:39 | WARD_B_TEMP_02 | 40.0 | CRITICAL
2026-09-22 05:09:39 | WARD_B_TEMP_03 | 38.7 | CRITICAL
2026-09-22 05:09:39 | WARD_B_TEMP_04 | 35.2 | CRITICAL
2026-09-22 05:09:39 | WARD_B_TEMP_05 | 35.4 | CRITICAL
2026-09-22 05:09:40 | WARD_B_TEMP_01 | 39.7 | CRITICAL
2026-09-22 05:09:40 | WARD_B_TEMP_02 | 35.2 | CRITICAL
2026-09-22 05:09:40 | WARD_B_TEMP_03 | 35.2 | CRITICAL
2026-09-22 05:09:40 | WARD_B_TEMP_04 | 38.6 | CRITICAL
2026-09-22 05:09:40 | WARD_B_TEMP_05 | 38.6 | CRITICAL
2026-09-22 05:09:41 | WARD_B_TEMP_01 | 39.7 | CRITICAL
2026-09-22 05:09:41 | WARD_B_TEMP_02 | 40.2 | CRITICAL
2026-09-22 05:09:41 | WARD_B_TEMP_03 | 39.9 | CRITICAL
2026-09-22 05:09:41 | WARD_B_TEMP_04 | 37.2 | NORMAL
2026-09-22 05:09:41 | WARD_B_TEMP_05 | 35.7 | NORMAL
2026-09-22 05:09:42 | WARD_B_TEMP_01 | 40.5 | CRITICAL
2026-09-22 05:09:42 | WARD_B_TEMP_02 | 36.1 | NORMAL
2026-09-22 05:09:42 | WARD_B_TEMP_03 | 37.9 | WARNING
2026-09-22 05:09:42 | WARD_B_TEMP_04 | 38.3 | CRITICAL
2026-09-22 05:09:42 | WARD_B_TEMP_05 | 39.2 | CRITICAL
2026-09-22 05:09:43 | WARD_B_TEMP_01 | 38.6 | CRITICAL
2026-09-22 05:09:43 | WARD_B_TEMP_02 | 39.9 | CRITICAL
2026-09-22 05:09:43 | WARD_B_TEMP_03 | 35.5 | NORMAL
2026-09-22 05:09:43 | WARD_B_TEMP_04 | 38.2 | CRITICAL
2026-09-22 05:09:43 | WARD_B_TEMP_05 | 37.7 | WARNING
2026-09-22 05:09:44 | WARD_B_TEMP_01 | 36.6 | NORMAL
2026-09-22 05:09:44 | WARD_B_TEMP_02 | 38.7 | CRITICAL
2026-09-22 05:09:44 | WARD_B_TEMP_03 | 35.3 | CRITICAL
2026-09-22 05:09:44 | WARD_B_TEMP_04 | 36.2 | NORMAL
2026-09-22 05:09:44 | WARD_B_TEMP_05 | 38.4 | CRITICAL
2026-09-22 05:09:45 | WARD_B_TEMP_01 | 38.3 | CRITICAL
2026-09-22 05:09:45 | WARD_B_TEMP_02 | 40.1 | CRITICAL
2026-09-22 05:09:45 | WARD_B_TEMP_03 | 39.9 | CRITICAL
2026-09-22 05:09:45 | WARD_B_TEMP_04 | 39.1 | CRITICAL
2026-09-22 05:09:45 | WARD_B_TEMP_05 | 38.9 | CRITICAL
2026-09-22 05:09:46 | WARD_B_TEMP_01 | 37.0 | NORMAL
2026-09-22 05:09:46 | WARD_B_TEMP_02 | 37.5 | WARNING
2026-09-22 05:09:46 | WARD_B_TEMP_03 | 38.8 | CRITICAL
2026-09-22 05:09:46 | WARD_B_TEMP_04 | 36.0 | NORMAL
2026-09-22 05:09:46 | WARD_B_TEMP_05 | 35.0 | CRITICAL
2026-09-22 05:09:47 | WARD_B_TEMP_01 | 38.4 | CRITICAL
2026-09-22 05:09:47 | WARD_B_TEMP_02 | 38.6 | CRITICAL
2026-09-22 05:09:47 | WARD_B_TEMP_03 | 35.6 | NORMAL
2026-09-22 05:09:47 | WARD_B_TEMP_04 | 38.1 | CRITICAL
2026-09-22 05:09:47 | WARD_B_TEMP_05 | 38.6 | CRITICAL
2026-09-22 05:09:48 | WARD_B_TEMP_01 | 36.0 | NORMAL
2026-09-22 05:09:48 | WARD_B_TEMP_02 | 40.0 | CRITICAL
2026-09-22 05:09:48 | WARD_B_TEMP_03 | 36.5 | NORMAL
2026-09-22 05:09:48 | WARD_B_TEMP_04 | 36.6 | NORMAL
2026-09-22 05:09:48 | WARD_B_TEMP_05 | 38.6 | CRITICAL
2026-09-22 05:09:49 | WARD_B_TEMP_01 | 38.1 | CRITICAL
2026-09-22 05:09:49 | WARD_B_TEMP_02 | 39.3 | CRITICAL
2026-09-22 05:09:49 | WARD_B_TEMP_03 | 37.6 | WARNING
2026-09-22 05:09:49 | WARD_B_TEMP_04 | 39.4 | CRITICAL
2026-09-22 05:09:49 | WARD_B_TEMP_05 | 36.2 | NORMAL
2026-09-22 05:09:50 | WARD_B_TEMP_01 | 39.5 | CRITICAL
2026-09-22 05:09:50 | WARD_B_TEMP_02 | 36.9 | NORMAL
2026-09-22 05:09:50 | WARD_B_TEMP_03 | 37.8 | WARNING
2026-09-22 05:09:50 | WARD_B_TEMP_04 | 40.5 | CRITICAL
2026-09-22 05:09:50 | WARD_B_TEMP_05 | 35.1 | CRITICAL
2026-09-22 05:09:51 | WARD_B_TEMP_01 | 36.2 | NORMAL
2026-09-22 05:09:51 | WARD_B_TEMP_02 | 36.0 | NORMAL
2026-09-22 05:09:51 | WARD_B_TEMP_03 | 38.2 | CRITICAL
2026-09-22 05:09:51 | WARD_B_TEMP_04 | 37.9 | WARNING
2026-09-22 05:09:51 | WARD_B_TEMP_05 | 36.2 | NORMAL
2026-09-22 05:09:52 | WARD_B_TEMP_01 | 35.9 | NORMAL
2026-09-22 05:09:52 | WARD_B_TEMP_02 | 39.1 | CRITICAL
2026-09-22 05:09:52 | WARD_B_TEMP_03 | 35.9 | NORMAL
2026-09-22 05:09:52 | WARD_B_TEMP_04 | 37.7 | WARNING
2026-09-22 05:09:52 | WARD_B_TEMP_05 | 40.1 | CRITICAL
2026-09-22 05:09:53 | WARD_B_TEMP_01 | 38.3 | CRITICAL
2026-09-22 05:09:53 | WARD_B_TEMP_02 | 36.4 | NORMAL
2026-09-22 05:09:53 | WARD_B_TEMP_03 | 38.2 | CRITICAL
2026-09-22 05:09:53 | WARD_B_TEMP_04 | 35.2 | CRITICAL
2026-09-22 05:09:53 | WARD_B_TEMP_05 | 36.5 | NORMAL
2026-09-22 05:09:54 | WARD_B_TEMP_01 | 39.0 | CRITICAL
2026-09-22 05:09:54 | WARD_B_TEMP_02 | 37.7 | WARNING
2026-09-22 05:09:54 | WARD_B_TEMP_03 | 39.1 | CRITICAL
2026-09-22 05:09:54 | WARD_B_TEMP_04 | 40.3 | CRITICAL
2026-09-22 05:09:54 | WARD_B_TEMP_05 | 37.7 | WARNING
2026-09-22 05:09:55 | WARD_B_TEMP_01 | 36.7 | NORMAL
2026-09-22 05:09:55 | WARD_B_TEMP_02 | 36.3 | NORMAL
2026-09-22 05:09:55 | WARD_B_TEMP_03 | 38.0 | WARNING
2026-09-22 05:09:55 | WARD_B_TEMP_04 | 40.2 | CRITICAL
2026-09-22 05:09:55 | WARD_B_TEMP_05 | 35.4 | CRITICAL
2026-09-22 05:09:56 | WARD_B_TEMP_01 | 39.1 | CRITICAL
2026-09-22 05:09:56 | WARD_B_TEMP_02 | 36.1 | NORMAL
2026-09-22 05:09:56 | WARD_B_TEMP_03 | 35.3 | CRITICAL
2026-09-22 05:09:56 | WARD_B_TEMP_04 | 36.6 | NORMAL
2026-09-22 05:09:56 | WARD_B_TEMP_05 | 36.6 | NORMAL
2026-09-22 05:09:57 | WARD_B_TEMP_01 | 40.2 | CRITICAL
2026-09-22 05:09:57 | WARD_B_TEMP_02 | 38.8 | CRITICAL
2026-09-22 05:09:57 | WARD_B_TEMP_03 | 37.1 | NORMAL
2026-09-22 05:09:57 | WARD_B_TEMP_04 | 38.7 | CRITICAL
2026-09-22 05:09:57 | WARD_B_TEMP_05 | 39.4 | CRITICAL
2026-09-22 05:09:58 | WARD_B_TEMP_01 | 39.5 | CRITICAL
2026-09-22 05:09:58 | WARD_B_TEMP_02 | 34.9 | CRITICAL
2026-09-22 05:09:58 | WARD_B_TEMP_03 | 39.0 | CRITICAL
2026-09-22 05:09:58 | WARD_B_TEMP_04 | 36.5 | NORMAL
2026-09-22 05:09:58 | WARD_B_TEMP_05 | 39.7 | CRITICAL
2026-09-22 05:09:59 | WARD_B_TEMP_01 | 37.5 | WARNING
2026-09-22 05:09:59 | WARD_B_TEMP_02 | 37.8 | WARNING
2026-09-22 05:09:59 | WARD_B_TEMP_03 | 36.8 | NORMAL
2026-09-22 05:09:59 | WARD_B_TEMP_04 | 37.7 | WARNING
2026-09-22 05:09:59 | WARD_B_TEMP_05 | 38.2 | CRITICAL
2026-09-22 05:10:00 | WARD_B_TEMP_01 | 38.2 | CRITICAL
2026-09-22 05:10:00 | WARD_B_TEMP_02 | 35.7 | NORMAL
2026-09-22 05:10:00 | WARD_B_TEMP_03 | 38.5 | CRITICAL
2026-09-22 05:10:00 | WARD_B_TEMP_04 | 35.3 | CRITICAL
2026-09-22 05:10:00 | WARD_B_TEMP_05 | 37.5 | WARNING
2026-09-22 05:10:01 | WARD_B_TEMP_01 | 35.2 | CRITICAL
2026-09-22 05:10:01 | WARD_B_TEMP_02 | 35.6 | NORMAL
2026-09-22 05:10:01 | WARD_B_TEMP_03 | 38.0 | WARNING
2026-09-22 05:10:01 | WARD_B_TEMP_04 | 38.2 | CRITICAL
2026-09-22 05:10:01 | WARD_B_TEMP_05 | 35.1 | CRITICAL
2026-09-22 05:10:02 | WARD_B_TEMP_01 | 39.7 | CRITICAL
2026-09-22 05:10:02 | WARD_B_TEMP_02 | 39.9 | CRITICAL
2026-09-22 05:10:02 | WARD_B_TEMP_03 | 35.4 | CRITICAL
2026-09-22 05:10:02 | WARD_B_TEMP_04 | 35.7 | NORMAL
2026-09-22 05:10:02 | WARD_B_TEMP_05 | 35.6 | NORMAL
2026-09-22 05:10:03 | WARD_B_TEMP_01 | 34.9 | CRITICAL
2026-09-22 05:10:03 | WARD_B_TEMP_02 | 35.4 | CRITICAL
2026-09-22 05:10:03 | WARD_B_TEMP_03 | 34.5 | CRITICAL
2026-09-22 05:10:03 | WARD_B_TEMP_04 | 35.6 | NORMAL
2026-09-22 05:10:03 | WARD_B_TEMP_05 | 40.1 | CRITICAL
2026-09-22 05:10:04 | WARD_B_TEMP_01 | 40.0 | CRITICAL
2026-09-22 05:10:04 | WARD_B_TEMP_02 | 36.0 | NORMAL
2026-09-22 05:10:04 | WARD_B_TEMP_03 | 39.0 | CRITICAL
2026-09-22 05:10:04 | WARD_B_TEMP_04 | 37.9 | WARNING
2026-09-22 05:10:04 | WARD_B_TEMP_05 | 38.9 | CRITICAL
2026-09-22 05:10:05 | WARD_B_TEMP_01 | 36.3 | NORMAL
2026-09-22 05:10:05 | WARD_B_TEMP_02 | 38.2 | CRITICAL
2026-09-22 05:10:05 | WARD_B_TEMP_03 | 37.7 | WARNING
2026-09-22 05:10:05 | WARD_B_TEMP_04 | 38.8 | CRITICAL
2026-09-22 05:10:05 | WARD_B_TEMP_05 | 37.3 | NORMAL
2026-09-22 05:10:06 | WARD_B_TEMP_01 | 38.9 | CRITICAL
2026-09-22 05:10:06 | WARD_B_TEMP_02 | 37.9 | WARNING
2026-09-22 05:10:06 | WARD_B_TEMP_03 | 36.9 | NORMAL
2026-09-22 05:10:06 | WARD_B_TEMP_04 | 36.4 | NORMAL
2026-09-22 05:10:06 | WARD_B_TEMP_05 | 39.9 | CRITICAL
2026-09-22 05:10:07 | WARD_B_TEMP_01 | 35.1 | CRITICAL
2026-09-22 05:10:07 | WARD_B_TEMP_02 | 37.2 | NORMAL
2026-09-22 05:10:07 | WARD_B_TEMP_03 | 36.0 | NORMAL
2026-09-22 05:10:07 | WARD_B_TEMP_04 | 38.1 | CRITICAL
2026-09-22 05:10:07 | WARD_B_TEMP_05 | 36.0 | NORMAL
2026-09-22 05:10:08 | WARD_B_TEMP_01 | 35.5 | NORMAL
2026-09-22 05:10:08 | WARD_B_TEMP_02 | 34.7 | CRITICAL
2026-09-22 05:10:08 | WARD_B_TEMP_03 | 39.1 | CRITICAL
2026-09-22 05:10:08 | WARD_B_TEMP_04 | 36.0 | NORMAL
2026-09-22 05:10:08 | WARD_B_TEMP_05 | 37.7 | WARNING
2026-09-22 05:10:09 | WARD_B_TEMP_01 | 35.4 | CRITICAL
2026-09-22 05:10:09 | WARD_B_TEMP_02 | 35.3 | CRITICAL
2026-09-22 05:10:09 | WARD_B_TEMP_03 | 34.8 | CRITICAL
2026-09-22 05:10:09 | WARD_B_TEMP_04 | 36.8 | NORMAL
2026-09-22 05:10:09 | WARD_B_TEMP_05 | 34.7 | CRITICAL
2026-09-22 05:10:10 | WARD_B_TEMP_01 | 36.6 | NORMAL
2026-09-22 05:10:10 | WARD_B_TEMP_02 | 34.9 | CRITICAL
2026-09-22 05:10:10 | WARD_B_TEMP_03 | 35.2 | CRITICAL
2026-09-22 05:10:10 | WARD_B_TEMP_04 | 35.0 | CRITICAL
2026-09-22 05:10:10 | WARD_B_TEMP_05 | 36.6 | NORMAL
2026-09-22 05:10:11 | WARD_B_TEMP_01 | 37.7 | WARNING
2026-09-22 05:10:11 | WARD_B_TEMP_02 | 38.3 | CRITICAL
2026-09-22 05:10:11 | WARD_B_TEMP_03 | 36.0 | NORMAL
2026-09-22 05:10:11 | WARD_B_TEMP_04 | 39.1 | CRITICAL
2026-09-22 05:10:11 | WARD_B_TEMP_05 | 39.8 | CRITICAL
2026-09-22 05:10:12 | WARD_B_TEMP_01 | 36.9 | NORMAL
2026-09-22 05:10:12 | WARD_B_TEMP_02 | 36.6 | NORMAL
2026-09-22 05:10:12 | WARD_B_TEMP_03 | 35.4 | CRITICAL
2026-09-22 05:10:12 | WARD_B_TEMP_04 | 40.4 | CRITICAL
2026-09-22 05:10:12 | WARD_B_TEMP_05 | 37.2 | NORMAL
2026-09-22 05:10:13 | WARD_B_TEMP_01 | 36.0 | NORMAL
2026-09-22 05:10:13 | WARD_B_TEMP_02 | 36.1 | NORMAL
2026-09-22 05:10:13 | WARD_B_TEMP_03 | 36.2 | NORMAL
2026-09-22 05:10:13 | WARD_B_TEMP_04 | 40.1 | CRITICAL
2026-09-22 05:10:13 | WARD_B_TEMP_05 | 35.5 | NORMAL
2026-09-22 05:10:14 | WARD_B_TEMP_01 | 34.8 | CRITICAL
2026-09-22 05:10:14 | WARD_B_TEMP_02 | 36.8 | NORMAL
2026-09-22 05:10:14 | WARD_B_TEMP_03 | 37.0 | NORMAL
2026-09-22 05:10:14 | WARD_B_TEMP_04 | 36.1 | NORMAL
2026-09-22 05:10:14 | WARD_B_TEMP_05 | 39.1 | CRITICAL
2026-09-22 05:10:15 | WARD_B_TEMP_01 | 38.3 | CRITICAL
2026-09-22 05:10:15 | WARD_B_TEMP_02 | 35.6 | NORMAL
2026-09-22 05:10:15 | WARD_B_TEMP_03 | 39.7 | CRITICAL
2026-09-22 05:10:15 | WARD_B_TEMP_04 | 36.9 | NORMAL
2026-09-22 05:10:15 | WARD_B_TEMP_05 | 37.5 | WARNING
2026-09-22 05:10:16 | WARD_B_TEMP_01 | 36.4 | NORMAL
2026-09-22 05:10:16 | WARD_B_TEMP_02 | 34.6 | CRITICAL
2026-09-22 05:10:16 | WARD_B_TEMP_03 | 36.9 | NORMAL
2026-09-22 05:10:16 | WARD_B_TEMP_04 | 38.5 | CRITICAL
2026-09-22 05:10:16 | WARD_B_TEMP_05 | 40.5 | CRITICAL
2026-09-22 05:10:17 | WARD_B_TEMP_01 | 37.6 | WARNING
2026-09-22 05:10:17 | WARD_B_TEMP_02 | 36.9 | NORMAL
2026-09-22 05:10:17 | WARD_B_TEMP_03 | 36.9 | NORMAL
2026-09-22 05:10:17 | WARD_B_TEMP_04 | 35.6 | NORMAL
2026-09-22 05:10:17 | WARD_B_TEMP_05 | 34.7 | CRITICAL
2026-09-22 05:10:18 | WARD_B_TEMP_01 | 38.9 | CRITICAL
2026-09-22 05:10:18 | WARD_B_TEMP_02 | 39.4 | CRITICAL
2026-09-22 05:10:18 | WARD_B_TEMP_03 | 38.5 | CRITICAL
2026-09-22 05:10:18 | WARD_B_TEMP_04 | 36.2 | NORMAL
2026-09-22 05:10:18 | WARD_B_TEMP_05 | 37.0 | NORMAL
2026-09-22 05:10:19 | WARD_B_TEMP_01 | 38.6 | CRITICAL
2026-09-22 05:10:19 | WARD_B_TEMP_02 | 38.7 | CRITICAL
2026-09-22 05:10:19 | WARD_B_TEMP_03 | 36.9 | NORMAL
2026-09-22 05:10:19 | WARD_B_TEMP_04 | 36.9 | NORMAL
2026-09-22 05:10:19 | WARD_B_TEMP_05 | 37.2 | NORMAL
2026-09-22 05:10:20 | WARD_B_TEMP_01 | 37.8 | WARNING
2026-09-22 05:10:20 | WARD_B_TEMP_02 | 38.5 | CRITICAL
2026-09-22 05:10:20 | WARD_B_TEMP_03 | 37.5 | WARNING
2026-09-22 05:10:20 | WARD_B_TEMP_04 | 40.4 | CRITICAL
2026-09-22 05:10:20 | WARD_B_TEMP_05 | 35.8 | NORMAL
2026-09-22 05:10:21 | WARD_B_TEMP_01 | 40.2 | CRITICAL
2026-09-22 05:10:21 | WARD_B_TEMP_02 | 38.6 | CRITICAL
2026-09-22 05:10:21 | WARD_B_TEMP_03 | 35.3 | CRITICAL
2026-09-22 05:10:21 | WARD_B_TEMP_04 | 34.5 | CRITICAL
2026-09-22 05:10:21 | WARD_B_TEMP_05 | 37.8 | WARNING
2026-09-22 05:10:22 | WARD_B_TEMP_01 | 37.0 | NORMAL
2026-09-22 05:10:22 | WARD_B_TEMP_02 | 36.4 | NORMAL
2026-09-22 05:10:22 | WARD_B_TEMP_03 | 37.6 | WARNING
2026-09-22 05:10:22 | WARD_B_TEMP_04 | 39.3 | CRITICAL
2026-09-22 05:10:22 | WARD_B_TEMP_05 | 39.7 | CRITICAL
2026-09-22 05:10:23 | WARD_B_TEMP_01 | 34.9 | CRITICAL
2026-09-22 05:10:23 | WARD_B_TEMP_02 | 40.2 | CRITICAL
2026-09-22 05:10:23 | WARD_B_TEMP_03 | 38.5 | CRITICAL
2026-09-22 05:10:23 | WARD_B_TEMP_04 | 39.9 | CRITICAL
2026-09-22 05:10:23 | WARD_B_TEMP_05 | 36.4 | NORMAL
2026-09-22 05:10:24 | WARD_B_TEMP_01 | 35.0 | CRITICAL
2026-09-22 05:10:24 | WARD_B_TEMP_02 | 40.4 | CRITICAL
2026-09-22 05:10:24 | WARD_B_TEMP_03 | 35.6 | NORMAL
2026-09-22 05:10:24 | WARD_B_TEMP_04 | 40.4 | CRITICAL
2026-09-22 05:10:24 | WARD_B_TEMP_05 | 34.8 | CRITICAL
2026-09-22 05:10:25 | WARD_B_TEMP_01 | 37.9 | WARNING
2026-09-22 05:10:25 | WARD_B_TEMP_02 | 35.0 | CRITICAL
2026-09-22 05:10:25 | WARD_B_TEMP_03 | 37.5 | WARNING
2026-09-22 05:10:25 | WARD_B_TEMP_04 | 34.6 | CRITICAL
2026-09-22 05:10:25 | WARD_B_TEMP_05 | 37.6 | WARNING
2026-09-22 05:10:26 | WARD_B_TEMP_01 | 37.5 | WARNING
2026-09-22 05:10:26 | WARD_B_TEMP_02 | 37.0 | NORMAL
2026-09-22 05:10:26 | WARD_B_TEMP_03 | 37.4 | NORMAL
2026-09-22 05:10:26 | WARD_B_TEMP_04 | 37.2 | NORMAL
2026-09-22 05:10:26 | WARD_B_TEMP_05 | 38.1 | CRITICAL
2026-09-22 05:10:27 | WARD_B_TEMP_01 | 39.0 | CRITICAL
2026-09-22 05:10:27 | WARD_B_TEMP_02 | 35.4 | CRITICAL
2026-09-22 05:10:27 | WARD_B_TEMP_03 | 35.7 | NORMAL
2026-09-22 05:10:27 | WARD_B_TEMP_04 | 34.9 | CRITICAL
2026-09-22 05:10:27 | WARD_B_TEMP_05 | 38.9 | CRITICAL
2026-09-22 05:10:28 | WARD_B_TEMP_01 | 40.0 | CRITICAL
2026-09-22 05:10:28 | WARD_B_TEMP_02 | 35.2 | CRITICAL
2026-09-22 05:10:28 | WARD_B_TEMP_03 | 36.2 | NORMAL
2026-09-22 05:10:28 | WARD_B_TEMP_04 | 37.6 | WARNING
2026-09-22 05:10:28 | WARD_B_TEMP_05 | 36.7 | NORMAL
2026-09-22 05:10:29 | WARD_B_TEMP_01 | 35.8 | NORMAL
2026-09-22 05:10:29 | WARD_B_TEMP_02 | 38.9 | CRITICAL
2026-09-22 05:10:29 | WARD_B_TEMP_03 | 35.8 | NORMAL
2026-09-22 05:10:29 | WARD_B_TEMP_04 | 38.0 | WARNING
2026-09-22 05:10:29 | WARD_B_TEMP_05 | 38.1 | CRITICAL
2026-09-22 05:10:30 | WARD_B_TEMP_01 | 37.6 | WARNING
2026-09-22 05:10:30 | WARD_B_TEMP_02 | 39.9 | CRITICAL
2026-09-22 05:10:30 | WARD_B_TEMP_03 | 38.6 | CRITICAL
2026-09-22 05:10:30 | WARD_B_TEMP_04 | 34.7 | CRITICAL
2026-09-22 05:10:30 | WARD_B_TEMP_05 | 36.0 | NORMAL
2026-09-22 05:10:31 | WARD_B_TEMP_01 | 35.9 | NORMAL
2026-09-22 05:10:31 | WARD_B_TEMP_02 | 35.4 | CRITICAL
2026-09-22 05:10:31 | WARD_B_TEMP_03 | 39.8 | CRITICAL
2026-09-22 05:10:31 | WARD_B_TEMP_04 | 35.0 | CRITICAL
2026-09-22 05:10:31 | WARD_B_TEMP_05 | 35.3 | CRITICAL
2026-09-22 05:10:32 | WARD_B_TEMP_01 | 35.9 | NORMAL
2026-09-22 05:10:32 | WARD_B_TEMP_02 | 35.4 | CRITICAL
2026-09-22 05:10:32 | WARD_B_TEMP_03 | 40.0 | CRITICAL
2026-09-22 05:10:32 | WARD_B_TEMP_04 | 36.6 | NORMAL
2026-09-22 05:10:32 | WARD_B_TEMP_05 | 37.5 | WARNING
2026-09-22 05:10:33 | WARD_B_TEMP_01 | 35.2 | CRITICAL
2026-09-22 05:10:33 | WARD_B_TEMP_02 | 34.7 | CRITICAL
2026-09-22 05:10:33 | WARD_B_TEMP_03 | 38.3 | CRITICAL
2026-09-22 05:10:33 | WARD_B_TEMP_04 | 34.6 | CRITICAL
2026-09-22 05:10:33 | WARD_B_TEMP_05 | 35.3 | CRITICAL
2026-09-22 05:10:34 | WARD_B_TEMP_01 | 39.6 | CRITICAL
2026-09-22 05:10:34 | WARD_B_TEMP_02 | 40.5 | CRITICAL
2026-09-22 05:10:34 | WARD_B_TEMP_03 | 39.1 | CRITICAL
2026-09-22 05:10:34 | WARD_B_TEMP_04 | 40.3 | CRITICAL
2026-09-22 05:10:34 | WARD_B_TEMP_05 | 34.5 | CRITICAL
2026-09-22 05:10:35 | WARD_B_TEMP_01 | 39.1 | CRITICAL
2026-09-22 05:10:35 | WARD_B_TEMP_02 | 38.8 | CRITICAL
2026-09-22 05:10:35 | WARD_B_TEMP_03 | 34.9 | CRITICAL
2026-09-22 05:10:35 | WARD_B_TEMP_04 | 36.0 | NORMAL
2026-09-22 05:10:35 | WARD_B_TEMP_05 | 37.3 | NORMAL
2026-09-22 05:10:36 | WARD_B_TEMP_01 | 38.5 | CRITICAL
2026-09-22 05:10:36 | WARD_B_TEMP_02 | 36.9 | NORMAL
2026-09-22 05:10:36 | WARD_B_TEMP_03 | 39.8 | CRITICAL
2026-09-22 05:10:36 | WARD_B_TEMP_04 | 39.8 | CRITICAL
2026-09-22 05:10:36 | WARD_B_TEMP_05 | 38.2 | CRITICAL
2026-09-22 05:10:37 | WARD_B_TEMP_01 | 40.2 | CRITICAL
2026-09-22 05:10:37 | WARD_B_TEMP_02 | 39.0 | CRITICAL
2026-09-22 05:10:37 | WARD_B_TEMP_03 | 35.0 | CRITICAL
2026-09-22 05:10:37 | WARD_B_TEMP_04 | 38.4 | CRITICAL
2026-09-22 05:10:37 | WARD_B_TEMP_05 | 35.7 | NORMAL
2026-09-22 05:10:38 | WARD_B_TEMP_01 | 34.9 | CRITICAL
2026-09-22 05:10:38 | WARD_B_TEMP_02 | 35.6 | NORMAL
2026-09-22 05:10:38 | WARD_B_TEMP_03 | 40.0 | CRITICAL
2026-09-22 05:10:38 | WARD_B_TEMP_04 | 37.4 | NORMAL
2026-09-22 05:10:38 | WARD_B_TEMP_05 | 36.3 | NORMAL
2026-09-22 05:10:39 | WARD_B_TEMP_01 | 34.9 | CRITICAL
2026-09-22 05:10:39 | WARD_B_TEMP_02 | 39.7 | CRITICAL
2026-09-22 05:10:39 | WARD_B_TEMP_03 | 36.3 | NORMAL
2026-09-22 05:10:39 | WARD_B_TEMP_04 | 35.6 | NORMAL
2026-09-22 05:10:39 | WARD_B_TEMP_05 | 37.5 | WARNING
2026-09-22 05:10:40 | WARD_B_TEMP_01 | 40.1 | CRITICAL
2026-09-22 05:10:40 | WARD_B_TEMP_02 | 35.0 | CRITICAL
2026-09-22 05:10:40 | WARD_B_TEMP_03 | 34.9 | CRITICAL
2026-09-22 05:10:40 | WARD_B_TEMP_04 | 36.6 | NORMAL
2026-09-22 05:10:40 | WARD_B_TEMP_05 | 36.8 | NORMAL
2026-09-22 05:10:41 | WARD_B_TEMP_01 | 38.4 | CRITICAL
2026-09-22 05:10:41 | WARD_B_TEMP_02 | 34.6 | CRITICAL
2026-09-22 05:10:41 | WARD_B_TEMP_03 | 38.9 | CRITICAL
2026-09-22 05:10:41 | WARD_B_TEMP_04 | 37.1 | NORMAL
2026-09-22 05:10:41 | WARD_B_TEMP_05 | 38.1 | CRITICAL
2026-09-22 05:10:42 | WARD_B_TEMP_01 | 36.6 | NORMAL
2026-09-22 05:10:42 | WARD_B_TEMP_02 | 39.3 | CRITICAL
2026-09-22 05:10:42 | WARD_B_TEMP_03 | 39.4 | CRITICAL
2026-09-22 05:10:42 | WARD_B_TEMP_04 | 36.3 | NORMAL
2026-09-22 05:10:42 | WARD_B_TEMP_05 | 36.0 | NORMAL
2026-09-22 05:10:43 | WARD_B_TEMP_01 | 36.9 | NORMAL
2026-09-22 05:10:43 | WARD_B_TEMP_02 | 35.9 | NORMAL
2026-09-22 05:10:43 | WARD_B_TEMP_03 | 39.9 | CRITICAL
2026-09-22 05:10:43 | WARD_B_TEMP_04 | 36.5 | NORMAL
2026-09-22 05:10:43 | WARD_B_TEMP_05 | 37.0 | NORMAL
2026-09-22 05:10:44 | WARD_B_TEMP_01 | 39.5 | CRITICAL
2026-09-22 05:10:44 | WARD_B_TEMP_02 | 38.6 | CRITICAL
2026-09-22 05:10:44 | WARD_B_TEMP_03 | 40.1 | CRITICAL
2026-09-22 05:10:44 | WARD_B_TEMP_04 | 36.5 | NORMAL
2026-09-22 05:10:44 | WARD_B_TEMP_05 | 37.4 | NORMAL
2026-09-22 05:10:45 | WARD_B_TEMP_01 | 37.3 | NORMAL
2026-09-22 05:10:45 | WARD_B_TEMP_02 | 39.2 | CRITICAL
2026-09-22 05:10:45 | WARD_B_TEMP_03 | 37.6 | WARNING
2026-09-22 05:10:45 | WARD_B_TEMP_04 | 38.4 | CRITICAL
2026-09-22 05:10:45 | WARD_B_TEMP_05 | 38.4 | CRITICAL
2026-09-22 05:10:46 | WARD_B_TEMP_01 | 39.0 | CRITICAL
2026-09-22 05:10:46 | WARD_B_TEMP_02 | 37.6 | WARNING
2026-09-22 05:10:46 | WARD_B_TEMP_03 | 35.6 | NORMAL
2026-09-22 05:10:46 | WARD_B_TEMP_04 | 40.2 | CRITICAL
2026-09-22 05:10:46 | WARD_B_TEMP_05 | 36.7 | NORMAL
2026-09-22 05:10:47 | WARD_B_TEMP_01 | 39.4 | CRITICAL
2026-09-22 05:10:47 | WARD_B_TEMP_02 | 40.3 | CRITICAL
2026-09-22 05:10:47 | WARD_B_TEMP_03 | 37.5 | WARNING
2026-09-22 05:10:47 | WARD_B_TEMP_04 | 34.7 | CRITICAL
2026-09-22 05:10:47 | WARD_B_TEMP_05 | 36.7 | NORMAL
2026-09-22 05:10:48 | WARD_B_TEMP_01 | 35.7 | NORMAL
2026-09-22 05:10:48 | WARD_B_TEMP_02 | 34.7 | CRITICAL
2026-09-22 05:10:48 | WARD_B_TEMP_03 | 36.5 | NORMAL
2026-09-22 05:10:48 | WARD_B_TEMP_04 | 38.1 | CRITICAL
2026-09-22 05:10:48 | WARD_B_TEMP_05 | 39.1 | CRITICAL
2026-09-22 05:10:49 | WARD_B_TEMP_01 | 39.3 | CRITICAL
2026-09-22 05:10:49 | WARD_B_TEMP_02 | 36.5 | NORMAL
2026-09-22 05:10:49 | WARD_B_TEMP_03 | 34.9 | CRITICAL
2026-09-22 05:10:49 | WARD_B_TEMP_04 | 38.0 | WARNING
2026-09-22 05:10:49 | WARD_B_TEMP_05 | 36.4 | NORMAL
2026-09-22 05:10:50 | WARD_B_TEMP_01 | 36.6 | NORMAL
2026-09-22 05:10:50 | WARD_B_TEMP_02 | 39.1 | CRITICAL
2026-09-22 05:10:50 | WARD_B_TEMP_03 | 38.7 | CRITICAL
2026-09-22 05:10:50 | WARD_B_TEMP_04 | 38.9 | CRITICAL
2026-09-22 05:10:50 | WARD_B_TEMP_05 | 40.0 | CRITICAL
2026-09-22 05:10:51 | WARD_B_TEMP_01 | 35.0 | CRITICAL
2026-09-22 05:10:51 | WARD_B_TEMP_02 | 37.2 | NORMAL
2026-09-22 05:10:51 | WARD_B_TEMP_03 | 34.8 | CRITICAL
2026-09-22 05:10:51 | WARD_B_TEMP_04 | 34.6 | CRITICAL
2026-09-22 05:10:51 | WARD_B_TEMP_05 | 39.0 | CRITICAL
2026-09-22 05:10:52 | WARD_B_TEMP_01 | 34.7 | CRITICAL
2026-09-22 05:10:52 | WARD_B_TEMP_02 | 35.9 | NORMAL
2026-09-22 05:10:52 | WARD_B_TEMP_03 | 37.0 | NORMAL
2026-09-22 05:10:52 | WARD_B_TEMP_04 | 35.1 | CRITICAL
2026-09-22 05:10:52 | WARD_B_TEMP_05 | 39.3 | CRITICAL
2026-09-22 05:10:53 | WARD_B_TEMP_01 | 36.9 | NORMAL
2026-09-22 05:10:53 | WARD_B_TEMP_02 | 36.6 | NORMAL
2026-09-22 05:10:53 | WARD_B_TEMP_03 | 36.3 | NORMAL
2026-09-22 05:10:53 | WARD_B_TEMP_04 | 34.6 | CRITICAL
2026-09-22 05:10:53 | WARD_B_TEMP_05 | 35.0 | CRITICAL
2026-09-22 05:10:54 | WARD_B_TEMP_01 | 35.0 | CRITICAL
2026-09-22 05:10:54 | WARD_B_TEMP_02 | 34.7 | CRITICAL
2026-09-22 05:10:54 | WARD_B_TEMP_03 | 38.5 | CRITICAL
2026-09-22 05:10:54 | WARD_B_TEMP_04 | 35.5 | NORMAL
2026-09-22 05:10:54 | WARD_B_TEMP_05 | 39.6 | CRITICAL
2026-09-22 05:10:55 | WARD_B_TEMP_01 | 39.1 | CRITICAL
2026-09-22 05:10:55 | WARD_B_TEMP_02 | 37.1 | NORMAL
2026-09-22 05:10:55 | WARD_B_TEMP_03 | 38.6 | CRITICAL
2026-09-22 05:10:55 | WARD_B_TEMP_04 | 39.1 | CRITICAL
2026-09-22 05:10:55 | WARD_B_TEMP_05 | 38.1 | CRITICAL
2026-09-22 05:10:56 | WARD_B_TEMP_01 | 36.3 | NORMAL
2026-09-22 05:10:56 | WARD_B_TEMP_02 | 36.6 | NORMAL
2026-09-22 05:10:56 | WARD_B_TEMP_03 | 38.8 | CRITICAL
2026-09-22 05:10:56 | WARD_B_TEMP_04 | 40.4 | CRITICAL
2026-09-22 05:10:56 | WARD_B_TEMP_05 | 40.0 | CRITICAL
2026-09-22 05:10:57 | WARD_B_TEMP_01 | 34.6 | CRITICAL
2026-09-22 05:10:57 | WARD_B_TEMP_02 | 38.3 | CRITICAL
2026-09-22 05:10:57 | WARD_B_TEMP_03 | 37.5 | WARNING
2026-09-22 05:10:57 | WARD_B_TEMP_04 | 36.5 | NORMAL
2026-09-22 05:10:57 | WARD_B_TEMP_05 | 38.3 | CRITICAL
2026-09-22 05:10:58 | WARD_B_TEMP_01 | 39.3 | CRITICAL
2026-09-22 05:10:58 | WARD_B_TEMP_02 | 37.9 | WARNING
2026-09-22 05:10:58 | WARD_B_TEMP_03 | 39.9 | CRITICAL
2026-09-22 05:10:58 | WARD_B_TEMP_04 | 38.5 | CRITICAL
2026-09-22 05:10:58 | WARD_B_TEMP_05 | 40.4 | CRITICAL
2026-09-22 05:10:59 | WARD_B_TEMP_01 | 38.4 | CRITICAL
2026-09-22 05:10:59 | WARD_B_TEMP_02 | 39.9 | CRITICAL
2026-09-22 05:10:59 | WARD_B_TEMP_03 | 35.7 | NORMAL
2026-09-22 05:10:59 | WARD_B_TEMP_04 | 40.5 | CRITICAL
2026-09-22 05:10:59 | WARD_B_TEMP_05 | 35.2 | CRITICAL
2026-09-22 05:11:00 | WARD_B_TEMP_01 | 40.2 | CRITICAL
2026-09-22 05:11:00 | WARD_B_TEMP_02 | 40.0 | CRITICAL
2026-09-22 05:11:00 | WARD_B_TEMP_03 | 35.9 | NORMAL
2026-09-22 05:11:00 | WARD_B_TEMP_04 | 35.2 | CRITICAL
2026-09-22 05:11:00 | WARD_B_TEMP_05 | 34.9 | CRITICAL
2026-09-22 05:11:01 | WARD_B_TEMP_01 | 39.9 | CRITICAL
2026-09-22 05:11:01 | WARD_B_TEMP_02 | 37.3 | NORMAL
2026-09-22 05:11:01 | WARD_B_TEMP_03 | 40.5 | CRITICAL
2026-09-22 05:11:01 | WARD_B_TEMP_04 | 35.8 | NORMAL
2026-09-22 05:11:01 | WARD_B_TEMP_05 | 37.1 | NORMAL
2026-09-22 05:11:02 | WARD_B_TEMP_01 | 34.9 | CRITICAL
2026-09-22 05:11:02 | WARD_B_TEMP_02 | 35.6 | NORMAL
2026-09-22 05:11:02 | WARD_B_TEMP_03 | 37.0 | NORMAL
2026-09-22 05:11:02 | WARD_B_TEMP_04 | 38.2 | CRITICAL
2026-09-22 05:11:02 | WARD_B_TEMP_05 | 34.6 | CRITICAL
2026-09-22 05:11:03 | WARD_B_TEMP_01 | 35.7 | NORMAL
2026-09-22 05:11:03 | WARD_B_TEMP_02 | 37.5 | WARNING
2026-09-22 05:11:03 | WARD_B_TEMP_03 | 39.6 | CRITICAL
2026-09-22 05:11:03 | WARD_B_TEMP_04 | 35.6 | NORMAL
2026-09-22 05:11:03 | WARD_B_TEMP_05 | 39.7 | CRITICAL
2026-09-22 05:11:04 | WARD_B_TEMP_01 | 39.2 | CRITICAL
2026-09-22 05:11:04 | WARD_B_TEMP_02 | 40.1 | CRITICAL
2026-09-22 05:11:04 | WARD_B_TEMP_03 | 36.4 | NORMAL
2026-09-22 05:11:04 | WARD_B_TEMP_04 | 37.2 | NORMAL
2026-09-22 05:11:04 | WARD_B_TEMP_05 | 36.9 | NORMAL
2026-09-22 05:11:05 | WARD_B_TEMP_01 | 35.2 | CRITICAL
2026-09-22 05:11:05 | WARD_B_TEMP_02 | 37.3 | NORMAL
2026-09-22 05:11:05 | WARD_B_TEMP_03 | 39.0 | CRITICAL
2026-09-22 05:11:05 | WARD_B_TEMP_04 | 38.8 | CRITICAL
2026-09-22 05:11:05 | WARD_B_TEMP_05 | 38.0 | WARNING
2026-09-22 05:11:06 | WARD_B_TEMP_01 | 39.9 | CRITICAL
2026-09-22 05:11:06 | WARD_B_TEMP_02 | 38.9 | CRITICAL
2026-09-22 05:11:06 | WARD_B_TEMP_03 | 34.9 | CRITICAL
2026-09-22 05:11:06 | WARD_B_TEMP_04 | 34.7 | CRITICAL
2026-09-22 05:11:06 | WARD_B_TEMP_05 | 39.6 | CRITICAL
2026-09-22 05:11:07 | WARD_B_TEMP_01 | 36.8 | NORMAL
2026-09-22 05:11:07 | WARD_B_TEMP_02 | 36.1 | NORMAL
2026-09-22 05:11:07 | WARD_B_TEMP_03 | 38.6 | CRITICAL
2026-09-22 05:11:07 | WARD_B_TEMP_04 | 37.3 | NORMAL
2026-09-22 05:11:07 | WARD_B_TEMP_05 | 39.2 | CRITICAL
2026-09-22 05:11:08 | WARD_B_TEMP_01 | 34.7 | CRITICAL
2026-09-22 05:11:08 | WARD_B_TEMP_02 | 37.8 | WARNING
2026-09-22 05:11:08 | WARD_B_TEMP_03 | 35.2 | CRITICAL
2026-09-22 05:11:08 | WARD_B_TEMP_04 | 38.1 | CRITICAL
2026-09-22 05:11:08 | WARD_B_TEMP_05 | 36.7 | NORMAL
2026-09-22 05:11:09 | WARD_B_TEMP_01 | 34.7 | CRITICAL
2026-09-22 05:11:09 | WARD_B_TEMP_02 | 38.6 | CRITICAL
2026-09-22 05:11:09 | WARD_B_TEMP_03 | 39.1 | CRITICAL
2026-09-22 05:11:09 | WARD_B_TEMP_04 | 38.7 | CRITICAL
2026-09-22 05:11:09 | WARD_B_TEMP_05 | 38.9 | CRITICAL
2026-09-22 05:11:10 | WARD_B_TEMP_01 | 37.0 | NORMAL
2026-09-22 05:11:10 | WARD_B_TEMP_02 | 39.6 | CRITICAL
2026-09-22 05:11:10 | WARD_B_TEMP_03 | 39.3 | CRITICAL
2026-09-22 05:11:10 | WARD_B_TEMP_04 | 38.5 | CRITICAL
2026-09-22 05:11:10 | WARD_B_TEMP_05 | 37.0 | NORMAL
2026-09-22 05:11:11 | WARD_B_TEMP_01 | 36.6 | NORMAL
2026-09-22 05:11:11 | WARD_B_TEMP_02 | 40.2 | CRITICAL
2026-09-22 05:11:11 | WARD_B_TEMP_03 | 34.6 | CRITICAL
2026-09-22 05:11:11 | WARD_B_TEMP_04 | 39.3 | CRITICAL
2026-09-22 05:11:11 | WARD_B_TEMP_05 | 40.4 | CRITICAL
2026-09-22 05:11:12 | WARD_B_TEMP_01 | 38.5 | CRITICAL
2026-09-22 05:11:12 | WARD_B_TEMP_02 | 37.9 | WARNING
2026-09-22 05:11:12 | WARD_B_TEMP_03 | 35.5 | NORMAL
2026-09-22 05:11:12 | WARD_B_TEMP_04 | 36.8 | NORMAL
2026-09-22 05:11:12 | WARD_B_TEMP_05 | 37.4 | NORMAL
2026-09-22 05:11:13 | WARD_B_TEMP_01 | 38.1 | CRITICAL
2026-09-22 05:11:13 | WARD_B_TEMP_02 | 37.6 | WARNING
2026-09-22 05:11:13 | WARD_B_TEMP_03 | 39.4 | CRITICAL
2026-09-22 05:11:13 | WARD_B_TEMP_04 | 38.0 | WARNING
2026-09-22 05:11:13 | WARD_B_TEMP_05 | 38.3 | CRITICAL
2026-09-22 05:11:14 | WARD_B_TEMP_01 | 38.6 | CRITICAL
2026-09-22 05:11:14 | WARD_B_TEMP_02 | 36.8 | NORMAL
2026-09-22 05:11:14 | WARD_B_TEMP_03 | 38.2 | CRITICAL
2026-09-22 05:11:14 | WARD_B_TEMP_04 | 37.4 | NORMAL
2026-09-22 05:11:14 | WARD_B_TEMP_05 | 40.1 | CRITICAL
2026-09-22 05:11:15 | WARD_B_TEMP_01 | 39.0 | CRITICAL
2026-09-22 05:11:15 | WARD_B_TEMP_02 | 35.0 | CRITICAL
2026-09-22 05:11:15 | WARD_B_TEMP_03 | 34.6 | CRITICAL
2026-09-22 05:11:15 | WARD_B_TEMP_04 | 37.1 | NORMAL
2026-09-22 05:11:15 | WARD_B_TEMP_05 | 36.1 | NORMAL
2026-09-22 05:11:16 | WARD_B_TEMP_01 | 39.8 | CRITICAL
2026-09-22 05:11:16 | WARD_B_TEMP_02 | 37.6 | WARNING
2026-09-22 05:11:16 | WARD_B_TEMP_03 | 35.5 | NORMAL
2026-09-22 05:11:16 | WARD_B_TEMP_04 | 35.7 | NORMAL
2026-09-22 05:11:16 | WARD_B_TEMP_05 | 35.6 | NORMAL
2026-09-22 05:11:17 | WARD_B_TEMP_01 | 39.6 | CRITICAL
2026-09-22 05:11:17 | WARD_B_TEMP_02 | 40.1 | CRITICAL
2026-09-22 05:11:17 | WARD_B_TEMP_03 | 40.5 | CRITICAL
2026-09-22 05:11:17 | WARD_B_TEMP_04 | 35.9 | NORMAL
2026-09-22 05:11:17 | WARD_B_TEMP_05 | 34.9 | CRITICAL
2026-09-22 05:11:18 | WARD_B_TEMP_01 | 35.2 | CRITICAL
2026-09-22 05:11:18 | WARD_B_TEMP_02 | 35.5 | NORMAL
2026-09-22 05:11:18 | WARD_B_TEMP_03 | 34.8 | CRITICAL
2026-09-22 05:11:18 | WARD_B_TEMP_04 | 38.7 | CRITICAL
2026-09-22 05:11:18 | WARD_B_TEMP_05 | 37.8 | WARNING
2026-09-22 05:11:19 | WARD_B_TEMP_01 | 40.2 | CRITICAL
2026-09-22 05:11:19 | WARD_B_TEMP_02 | 36.4 | NORMAL
2026-09-22 05:11:19 | WARD_B_TEMP_03 | 37.3 | NORMAL
2026-09-22 05:11:19 | WARD_B_TEMP_04 | 36.2 | NORMAL
2026-09-22 05:11:19 | WARD_B_TEMP_05 | 37.5 | WARNING
2026-09-22 05:11:20 | WARD_B_TEMP_01 | 37.9 | WARNING
2026-09-22 05:11:20 | WARD_B_TEMP_02 | 40.3 | CRITICAL
2026-09-22 05:11:20 | WARD_B_TEMP_03 | 39.3 | CRITICAL
2026-09-22 05:11:20 | WARD_B_TEMP_04 | 39.2 | CRITICAL
2026-09-22 05:11:20 | WARD_B_TEMP_05 | 38.5 | CRITICAL
2026-09-22 05:11:21 | WARD_B_TEMP_01 | 35.4 | CRITICAL
2026-09-22 05:11:21 | WARD_B_TEMP_02 | 37.1 | NORMAL
2026-09-22 05:11:21 | WARD_B_TEMP_03 | 35.3 | CRITICAL
2026-09-22 05:11:21 | WARD_B_TEMP_04 | 37.4 | NORMAL
2026-09-22 05:11:21 | WARD_B_TEMP_05 | 35.7 | NORMAL
2026-09-22 05:11:22 | WARD_B_TEMP_01 | 40.3 | CRITICAL
2026-09-22 05:11:22 | WARD_B_TEMP_02 | 37.6 | WARNING
2026-09-22 05:11:22 | WARD_B_TEMP_03 | 34.8 | CRITICAL
2026-09-22 05:11:22 | WARD_B_TEMP_04 | 37.1 | NORMAL
2026-09-22 05:11:22 | WARD_B_TEMP_05 | 38.7 | CRITICAL
2026-09-22 05:11:23 | WARD_B_TEMP_01 | 36.6 | NORMAL
2026-09-22 05:11:23 | WARD_B_TEMP_02 | 35.9 | NORMAL
2026-09-22 05:11:23 | WARD_B_TEMP_03 | 37.2 | NORMAL
2026-09-22 05:11:23 | WARD_B_TEMP_04 | 36.0 | NORMAL
2026-09-22 05:11:23 | WARD_B_TEMP_05 | 39.5 | CRITICAL
2026-09-22 05:11:24 | WARD_B_TEMP_01 | 36.2 | NORMAL
2026-09-22 05:11:24 | WARD_B_TEMP_02 | 37.4 | NORMAL
2026-09-22 05:11:24 | WARD_B_TEMP_03 | 38.9 | CRITICAL
2026-09-22 05:11:24 | WARD_B_TEMP_04 | 34.7 | CRITICAL
2026-09-22 05:11:24 | WARD_B_TEMP_05 | 38.5 | CRITICAL
2026-09-22 05:11:25 | WARD_B_TEMP_01 | 39.2 | CRITICAL
2026-09-22 05:11:25 | WARD_B_TEMP_02 | 35.6 | NORMAL
2026-09-22 05:11:25 | WARD_B_TEMP_03 | 35.1 | CRITICAL
2026-09-22 05:11:25 | WARD_B_TEMP_04 | 39.1 | CRITICAL
2026-09-22 05:11:25 | WARD_B_TEMP_05 | 39.8 | CRITICAL
2026-09-22 05:11:26 | WARD_B_TEMP_01 | 37.5 | WARNING
2026-09-22 05:11:26 | WARD_B_TEMP_02 | 39.6 | CRITICAL
2026-09-22 05:11:26 | WARD_B_TEMP_03 | 39.5 | CRITICAL
2026-09-22 05:11:26 | WARD_B_TEMP_04 | 39.0 | CRITICAL
2026-09-22 05:11:26 | WARD_B_TEMP_05 | 34.6 | CRITICAL
2026-09-22 05:11:27 | WARD_B_TEMP_01 | 35.4 | CRITICAL
2026-09-22 05:11:27 | WARD_B_TEMP_02 | 38.1 | CRITICAL
2026-09-22 05:11:27 | WARD_B_TEMP_03 | 37.8 | WARNING
2026-09-22 05:11:27 | WARD_B_TEMP_04 | 39.0 | CRITICAL
2026-09-22 05:11:27 | WARD_B_TEMP_05 | 40.4 | CRITICAL
2026-09-22 05:11:28 | WARD_B_TEMP_01 | 35.2 | CRITICAL
2026-09-22 05:11:28 | WARD_B_TEMP_02 | 39.5 | CRITICAL
2026-09-22 05:11:28 | WARD_B_TEMP_03 | 40.0 | CRITICAL
2026-09-22 05:11:28 | WARD_B_TEMP_04 | 34.9 | CRITICAL
2026-09-22 05:11:28 | WARD_B_TEMP_05 | 38.3 | CRITICAL
2026-09-22 05:11:29 | WARD_B_TEMP_01 | 35.3 | CRITICAL
2026-09-22 05:11:29 | WARD_B_TEMP_02 | 39.6 | CRITICAL
2026-09-22 05:11:29 | WARD_B_TEMP_03 | 37.2 | NORMAL
2026-09-22 05:11:29 | WARD_B_TEMP_04 | 35.5 | NORMAL
2026-09-22 05:11:29 | WARD_B_TEMP_05 | 38.9 | CRITICAL
2026-09-22 05:11:30 | WARD_B_TEMP_01 | 34.8 | CRITICAL
2026-09-22 05:11:30 | WARD_B_TEMP_02 | 36.3 | NORMAL
2026-09-22 05:11:30 | WARD_B_TEMP_03 | 34.7 | CRITICAL
2026-09-22 05:11:30 | WARD_B_TEMP_04 | 36.0 | NORMAL
2026-09-22 05:11:30 | WARD_B_TEMP_05 | 35.8 | NORMAL
2026-09-22 05:11:31 | WARD_B_TEMP_01 | 36.9 | NORMAL
2026-09-22 05:11:31 | WARD_B_TEMP_02 | 34.7 | CRITICAL
2026-09-22 05:11:31 | WARD_B_TEMP_03 | 37.8 | WARNING
2026-09-22 05:11:31 | WARD_B_TEMP_04 | 40.1 | CRITICAL
2026-09-22 05:11:31 | WARD_B_TEMP_05 | 39.3 | CRITICAL
2026-09-22 05:11:32 | WARD_B_TEMP_01 | 37.0 | NORMAL
2026-09-22 05:11:32 | WARD_B_TEMP_02 | 35.5 | NORMAL
2026-09-22 05:11:32 | WARD_B_TEMP_03 | 39.0 | CRITICAL
2026-09-22 05:11:32 | WARD_B_TEMP_04 | 38.0 | WARNING
2026-09-22 05:11:32 | WARD_B_TEMP_05 | 38.2 | CRITICAL
2026-09-22 05:11:33 | WARD_B_TEMP_01 | 37.5 | WARNING
2026-09-22 05:11:33 | WARD_B_TEMP_02 | 39.2 | CRITICAL
2026-09-22 05:11:33 | WARD_B_TEMP_03 | 36.0 | NORMAL
2026-09-22 05:11:33 | WARD_B_TEMP_04 | 39.0 | CRITICAL
2026-09-22 05:11:33 | WARD_B_TEMP_05 | 37.7 | WARNING
2026-09-22 05:11:34 | WARD_B_TEMP_01 | 35.5 | NORMAL
2026-09-22 05:11:34 | WARD_B_TEMP_02 | 39.8 | CRITICAL
2026-09-22 05:11:34 | WARD_B_TEMP_03 | 40.3 | CRITICAL
2026-09-22 05:11:34 | WARD_B_TEMP_04 | 35.9 | NORMAL
2026-09-22 05:11:34 | WARD_B_TEMP_05 | 39.8 | CRITICAL
2026-09-22 05:11:35 | WARD_B_TEMP_01 | 36.0 | NORMAL
2026-09-22 05:11:35 | WARD_B_TEMP_02 | 37.5 | WARNING
2026-09-22 05:11:35 | WARD_B_TEMP_03 | 37.5 | WARNING
2026-09-22 05:11:35 | WARD_B_TEMP_04 | 39.0 | CRITICAL
2026-09-22 05:11:35 | WARD_B_TEMP_05 | 39.4 | CRITICAL
2026-09-22 05:11:36 | WARD_B_TEMP_01 | 35.5 | NORMAL
2026-09-22 05:11:36 | WARD_B_TEMP_02 | 35.1 | CRITICAL
2026-09-22 05:11:36 | WARD_B_TEMP_03 | 36.9 | NORMAL
2026-09-22 05:11:36 | WARD_B_TEMP_04 | 36.4 | NORMAL
2026-09-22 05:11:36 | WARD_B_TEMP_05 | 34.5 | CRITICAL
2026-09-22 05:11:37 | WARD_B_TEMP_01 | 34.6 | CRITICAL
2026-09-22 05:11:37 | WARD_B_TEMP_02 | 35.8 | NORMAL
2026-09-22 05:11:37 | WARD_B_TEMP_03 | 38.6 | CRITICAL
2026-09-22 05:11:37 | WARD_B_TEMP_04 | 36.4 | NORMAL
2026-09-22 05:11:37 | WARD_B_TEMP_05 | 35.6 | NORMAL
2026-09-22 05:11:38 | WARD_B_TEMP_01 | 38.7 | CRITICAL
2026-09-22 05:11:38 | WARD_B_TEMP_02 | 36.4 | NORMAL
2026-09-22 05:11:38 | WARD_B_TEMP_03 | 37.6 | WARNING
2026-09-22 05:11:38 | WARD_B_TEMP_04 | 34.8 | CRITICAL
2026-09-22 05:11:38 | WARD_B_TEMP_05 | 39.3 | CRITICAL
2026-09-22 05:11:39 | WARD_B_TEMP_01 | 36.7 | NORMAL
2026-09-22 05:11:39 | WARD_B_TEMP_02 | 38.9 | CRITICAL
2026-09-22 05:11:39 | WARD_B_TEMP_03 | 35.4 | CRITICAL
2026-09-22 05:11:39 | WARD_B_TEMP_04 | 40.1 | CRITICAL
2026-09-22 05:11:39 | WARD_B_TEMP_05 | 40.4 | CRITICAL
2026-09-22 05:11:40 | WARD_B_TEMP_01 | 39.6 | CRITICAL
2026-09-22 05:11:40 | WARD_B_TEMP_02 | 36.3 | NORMAL
2026-09-22 05:11:40 | WARD_B_TEMP_03 | 35.0 | CRITICAL
2026-09-22 05:11:40 | WARD_B_TEMP_04 | 39.7 | CRITICAL
2026-09-22 05:11:40 | WARD_B_TEMP_05 | 35.9 | NORMAL
2026-09-22 05:11:41 | WARD_B_TEMP_01 | 36.1 | NORMAL
2026-09-22 05:11:41 | WARD_B_TEMP_02 | 35.3 | CRITICAL
2026-09-22 05:11:41 | WARD_B_TEMP_03 | 35.3 | CRITICAL
2026-09-22 05:11:41 | WARD_B_TEMP_04 | 34.8 | CRITICAL
2026-09-22 05:11:41 | WARD_B_TEMP_05 | 34.7 | CRITICAL
2026-09-22 05:11:42 | WARD_B_TEMP_01 | 34.9 | CRITICAL
2026-09-22 05:11:42 | WARD_B_TEMP_02 | 35.3 | CRITICAL
2026-09-22 05:11:42 | WARD_B_TEMP_03 | 39.3 | CRITICAL
2026-09-22 05:11:42 | WARD_B_TEMP_04 | 38.0 | WARNING
2026-09-22 05:11:42 | WARD_B_TEMP_05 | 36.8 | NORMAL
2026-09-22 05:11:43 | WARD_B_TEMP_01 | 38.1 | CRITICAL
2026-09-22 05:11:43 | WARD_B_TEMP_02 | 35.6 | NORMAL
2026-09-22 05:11:43 | WARD_B_TEMP_03 | 39.4 | CRITICAL
2026-09-22 05:11:43 | WARD_B_TEMP_04 | 35.6 | NORMAL
2026-09-22 05:11:43 | WARD_B_TEMP_05 | 36.4 | NORMAL
2026-09-22 05:11:44 | WARD_B_TEMP_01 | 39.2 | CRITICAL
2026-09-22 05:11:44 | WARD_B_TEMP_02 | 39.3 | CRITICAL
2026-09-22 05:11:44 | WARD_B_TEMP_03 | 35.1 | CRITICAL
2026-09-22 05:11:44 | WARD_B_TEMP_04 | 37.2 | NORMAL
2026-09-22 05:11:44 | WARD_B_TEMP_05 | 35.7 | NORMAL
2026-09-22 05:11:45 | WARD_B_TEMP_01 | 39.4 | CRITICAL
2026-09-22 05:11:45 | WARD_B_TEMP_02 | 35.1 | CRITICAL
2026-09-22 05:11:45 | WARD_B_TEMP_03 | 35.4 | CRITICAL
2026-09-22 05:11:45 | WARD_B_TEMP_04 | 35.7 | NORMAL
2026-09-22 05:11:45 | WARD_B_TEMP_05 | 38.7 | CRITICAL
2026-09-22 05:11:46 | WARD_B_TEMP_01 | 35.1 | CRITICAL
2026-09-22 05:11:46 | WARD_B_TEMP_02 | 37.6 | WARNING
2026-09-22 05:11:46 | WARD_B_TEMP_03 | 40.2 | CRITICAL
2026-09-22 05:11:46 | WARD_B_TEMP_04 | 39.0 | CRITICAL
2026-09-22 05:11:46 | WARD_B_TEMP_05 | 35.9 | NORMAL
2026-09-22 05:11:47 | WARD_B_TEMP_01 | 40.0 | CRITICAL
2026-09-22 05:11:47 | WARD_B_TEMP_02 | 37.0 | NORMAL
2026-09-22 05:11:47 | WARD_B_TEMP_03 | 38.2 | CRITICAL
2026-09-22 05:11:47 | WARD_B_TEMP_04 | 35.6 | NORMAL
2026-09-22 05:11:47 | WARD_B_TEMP_05 | 39.1 | CRITICAL
2026-09-22 05:11:48 | WARD_B_TEMP_01 | 39.0 | CRITICAL
2026-09-22 05:11:48 | WARD_B_TEMP_02 | 36.1 | NORMAL
2026-09-22 05:11:48 | WARD_B_TEMP_03 | 36.4 | NORMAL
2026-09-22 05:11:48 | WARD_B_TEMP_04 | 40.2 | CRITICAL
2026-09-22 05:11:48 | WARD_B_TEMP_05 | 37.9 | WARNING
2026-09-22 05:11:49 | WARD_B_TEMP_01 | 35.6 | NORMAL
2026-09-22 05:11:49 | WARD_B_TEMP_02 | 39.5 | CRITICAL
2026-09-22 05:11:49 | WARD_B_TEMP_03 | 34.8 | CRITICAL
2026-09-22 05:11:49 | WARD_B_TEMP_04 | 40.1 | CRITICAL
2026-09-22 05:11:49 | WARD_B_TEMP_05 | 40.1 | CRITICAL
2026-09-22 05:11:50 | WARD_B_TEMP_01 | 37.8 | WARNING
2026-09-22 05:11:50 | WARD_B_TEMP_02 | 38.9 | CRITICAL
2026-09-22 05:11:50 | WARD_B_TEMP_03 | 38.6 | CRITICAL
2026-09-22 05:11:50 | WARD_B_TEMP_04 | 37.9 | WARNING
2026-09-22 05:11:50 | WARD_B_TEMP_05 | 37.8 | WARNING
2026-09-22 05:11:51 | WARD_B_TEMP_01 | 39.8 | CRITICAL
2026-09-22 05:11:51 | WARD_B_TEMP_02 | 37.5 | WARNING
2026-09-22 05:11:51 | WARD_B_TEMP_03 | 35.9 | NORMAL
2026-09-22 05:11:51 | WARD_B_TEMP_04 | 39.5 | CRITICAL
2026-09-22 05:11:51 | WARD_B_TEMP_05 | 39.3 | CRITICAL
2026-09-22 05:11:52 | WARD_B_TEMP_01 | 38.9 | CRITICAL
2026-09-22 05:11:52 | WARD_B_TEMP_02 | 39.8 | CRITICAL
2026-09-22 05:11:52 | WARD_B_TEMP_03 | 36.2 | NORMAL
2026-09-22 05:11:52 | WARD_B_TEMP_04 | 39.9 | CRITICAL
2026-09-22 05:11:52 | WARD_B_TEMP_05 | 37.6 | WARNING
2026-09-22 05:11:53 | WARD_B_TEMP_01 | 38.2 | CRITICAL
2026-09-22 05:11:53 | WARD_B_TEMP_02 | 35.6 | NORMAL
2026-09-22 05:11:53 | WARD_B_TEMP_03 | 38.6 | CRITICAL
2026-09-22 05:11:53 | WARD_B_TEMP_04 | 38.7 | CRITICAL
2026-09-22 05:11:53 | WARD_B_TEMP_05 | 35.0 | CRITICAL
2026-09-22 05:11:54 | WARD_B_TEMP_01 | 40.4 | CRITICAL
2026-09-22 05:11:54 | WARD_B_TEMP_02 | 38.9 | CRITICAL
2026-09-22 05:11:54 | WARD_B_TEMP_03 | 38.3 | CRITICAL
2026-09-22 05:11:54 | WARD_B_TEMP_04 | 40.0 | CRITICAL
2026-09-22 05:11:54 | WARD_B_TEMP_05 | 36.2 | NORMAL
2026-09-22 05:11:55 | WARD_B_TEMP_01 | 40.5 | CRITICAL
2026-09-22 05:11:55 | WARD_B_TEMP_02 | 34.8 | CRITICAL
2026-09-22 05:11:55 | WARD_B_TEMP_03 | 36.2 | NORMAL
2026-09-22 05:11:55 | WARD_B_TEMP_04 | 38.6 | CRITICAL
2026-09-22 05:11:55 | WARD_B_TEMP_05 | 38.3 | CRITICAL
2026-09-22 05:11:56 | WARD_B_TEMP_01 | 37.2 | NORMAL
2026-09-22 05:11:56 | WARD_B_TEMP_02 | 35.1 | CRITICAL
2026-09-22 05:11:56 | WARD_B_TEMP_03 | 38.3 | CRITICAL
2026-09-22 05:11:56 | WARD_B_TEMP_04 | 36.5 | NORMAL
2026-09-22 05:11:56 | WARD_B_TEMP_05 | 38.7 | CRITICAL
2026-09-22 05:11:57 | WARD_B_TEMP_01 | 40.4 | CRITICAL
2026-09-22 05:11:57 | WARD_B_TEMP_02 | 36.0 | NORMAL
2026-09-22 05:11:57 | WARD_B_TEMP_03 | 39.2 | CRITICAL
2026-09-22 05:11:57 | WARD_B_TEMP_04 | 39.5 | CRITICAL
2026-09-22 05:11:57 | WARD_B_TEMP_05 | 35.2 | CRITICAL
2026-09-22 05:11:58 | WARD_B_TEMP_01 | 34.9 | CRITICAL
2026-09-22 05:11:58 | WARD_B_TEMP_02 | 39.6 | CRITICAL
2026-09-22 05:11:58 | WARD_B_TEMP_03 | 35.8 | NORMAL
2026-09-22 05:11:58 | WARD_B_TEMP_04 | 37.7 | WARNING
2026-09-22 05:11:58 | WARD_B_TEMP_05 | 36.5 | NORMAL
2026-09-22 05:11:59 | WARD_B_TEMP_01 | 36.9 | NORMAL
2026-09-22 05:11:59 | WARD_B_TEMP_02 | 35.4 | CRITICAL
2026-09-22 05:11:59 | WARD_B_TEMP_03 | 39.0 | CRITICAL
2026-09-22 05:11:59 | WARD_B_TEMP_04 | 39.0 | CRITICAL
2026-09-22 05:11:59 | WARD_B_TEMP_05 | 38.4 | CRITICAL
2026-09-22 05:12:00 | WARD_B_TEMP_01 | 35.4 | CRITICAL
2026-09-22 05:12:00 | WARD_B_TEMP_02 | 35.8 | NORMAL
2026-09-22 05:12:00 | WARD_B_TEMP_03 | 36.4 | NORMAL
2026-09-22 05:12:00 | WARD_B_TEMP_04 | 34.8 | CRITICAL
2026-09-22 05:12:00 | WARD_B_TEMP_05 | 38.3 | CRITICAL
2026-09-22 05:12:01 | WARD_B_TEMP_01 | 37.3 | NORMAL
2026-09-22 05:12:01 | WARD_B_TEMP_02 | 37.0 | NORMAL
2026-09-22 05:12:01 | WARD_B_TEMP_03 | 35.9 | NORMAL
2026-09-22 05:12:01 | WARD_B_TEMP_04 | 34.6 | CRITICAL
2026-09-22 05:12:01 | WARD_B_TEMP_05 | 40.1 | CRITICAL
2026-09-22 05:12:02 | WARD_B_TEMP_01 | 34.9 | CRITICAL
2026-09-22 05:12:02 | WARD_B_TEMP_02 | 37.1 | NORMAL
2026-09-22 05:12:02 | WARD_B_TEMP_03 | 35.8 | NORMAL
2026-09-22 05:12:02 | WARD_B_TEMP_04 | 37.4 | NORMAL
2026-09-22 05:12:02 | WARD_B_TEMP_05 | 34.5 | CRITICAL
2026-09-22 05:12:03 | WARD_B_TEMP_01 | 35.7 | NORMAL
2026-09-22 05:12:03 | WARD_B_TEMP_02 | 35.6 | NORMAL
2026-09-22 05:12:03 | WARD_B_TEMP_03 | 35.4 | CRITICAL
2026-09-22 05:12:03 | WARD_B_TEMP_04 | 39.5 | CRITICAL
2026-09-22 05:12:03 | WARD_B_TEMP_05 | 40.2 | CRITICAL
2026-09-22 05:12:04 | WARD_B_TEMP_01 | 38.2 | CRITICAL
2026-09-22 05:12:04 | WARD_B_TEMP_02 | 36.6 | NORMAL
2026-09-22 05:12:04 | WARD_B_TEMP_03 | 35.2 | CRITICAL
2026-09-22 05:12:04 | WARD_B_TEMP_04 | 39.0 | CRITICAL
2026-09-22 05:12:04 | WARD_B_TEMP_05 | 37.5 | WARNING
2026-09-22 05:12:05 | WARD_B_TEMP_01 | 35.5 | NORMAL
2026-09-22 05:12:05 | WARD_B_TEMP_02 | 35.7 | NORMAL
2026-09-22 05:12:05 | WARD_B_TEMP_03 | 36.5 | NORMAL
2026-09-22 05:12:05 | WARD_B_TEMP_04 | 37.6 | WARNING
2026-09-22 05:12:05 | WARD_B_TEMP_05 | 38.5 | CRITICAL
2026-09-22 05:12:06 | WARD_B_TEMP_01 | 39.6 | CRITICAL
2026-09-22 05:12:06 | WARD_B_TEMP_02 | 38.9 | CRITICAL
2026-09-22 05:12:06 | WARD_B_TEMP_03 | 37.8 | WARNING
2026-09-22 05:12:06 | WARD_B_TEMP_04 | 37.2 | NORMAL
2026-09-22 05:12:06 | WARD_B_TEMP_05 | 40.2 | CRITICAL
2026-09-22 05:12:07 | WARD_B_TEMP_01 | 35.2 | CRITICAL
2026-09-22 05:12:07 | WARD_B_TEMP_02 | 34.7 | CRITICAL
2026-09-22 05:12:07 | WARD_B_TEMP_03 | 36.8 | NORMAL
2026-09-22 05:12:07 | WARD_B_TEMP_04 | 37.8 | WARNING
2026-09-22 05:12:07 | WARD_B_TEMP_05 | 36.6 | NORMAL
2026-09-22 05:12:08 | WARD_B_TEMP_01 | 35.5 | NORMAL
2026-09-22 05:12:08 | WARD_B_TEMP_02 | 36.8 | NORMAL
2026-09-22 05:12:08 | WARD_B_TEMP_03 | 39.1 | CRITICAL
2026-09-22 05:12:08 | WARD_B_TEMP_04 | 40.4 | CRITICAL
2026-09-22 05:12:08 | WARD_B_TEMP_05 | 34.5 | CRITICAL
2026-09-22 05:12:09 | WARD_B_TEMP_01 | 35.5 | NORMAL
2026-09-22 05:12:09 | WARD_B_TEMP_02 | 40.0 | CRITICAL
2026-09-22 05:12:09 | WARD_B_TEMP_03 | 39.7 | CRITICAL
2026-09-22 05:12:09 | WARD_B_TEMP_04 | 38.5 | CRITICAL
2026-09-22 05:12:09 | WARD_B_TEMP_05 | 36.4 | NORMAL
2026-09-22 05:12:10 | WARD_B_TEMP_01 | 39.8 | CRITICAL
2026-09-22 05:12:10 | WARD_B_TEMP_02 | 36.0 | NORMAL
2026-09-22 05:12:10 | WARD_B_TEMP_03 | 40.0 | CRITICAL
2026-09-22 05:12:10 | WARD_B_TEMP_04 | 36.4 | NORMAL
2026-09-22 05:12:10 | WARD_B_TEMP_05 | 39.5 | CRITICAL
2026-09-22 05:12:11 | WARD_B_TEMP_01 | 38.2 | CRITICAL
2026-09-22 05:12:11 | WARD_B_TEMP_02 | 36.4 | NORMAL
2026-09-22 05:12:11 | WARD_B_TEMP_03 | 34.7 | CRITICAL
2026-09-22 05:12:11 | WARD_B_TEMP_04 | 35.3 | CRITICAL
2026-09-22 05:12:11 | WARD_B_TEMP_05 | 38.8 | CRITICAL
2026-09-22 05:12:12 | WARD_B_TEMP_01 | 37.3 | NORMAL
2026-09-22 05:12:12 | WARD_B_TEMP_02 | 36.8 | NORMAL
2026-09-22 05:12:12 | WARD_B_TEMP_03 | 37.9 | WARNING
2026-09-22 05:12:12 | WARD_B_TEMP_04 | 36.1 | NORMAL
2026-09-22 05:12:12 | WARD_B_TEMP_05 | 35.5 | NORMAL
2026-09-22 05:12:13 | WARD_B_TEMP_01 | 38.4 | CRITICAL
2026-09-22 05:12:13 | WARD_B_TEMP_02 | 38.4 | CRITICAL
2026-09-22 05:12:13 | WARD_B_TEMP_03 | 35.5 | NORMAL
2026-09-22 05:12:13 | WARD_B_TEMP_04 | 39.7 | CRITICAL
2026-09-22 05:12:13 | WARD_B_TEMP_05 | 37.6 | WARNING
2026-09-22 05:12:14 | WARD_B_TEMP_01 | 37.3 | NORMAL
2026-09-22 05:12:14 | WARD_B_TEMP_02 | 39.8 | CRITICAL
2026-09-22 05:12:14 | WARD_B_TEMP_03 | 40.2 | CRITICAL
2026-09-22 05:12:14 | WARD_B_TEMP_04 | 37.6 | WARNING
2026-09-22 05:12:14 | WARD_B_TEMP_05 | 37.5 | WARNING
2026-09-22 05:12:15 | WARD_B_TEMP_01 | 38.0 | WARNING
2026-09-22 05:12:15 | WARD_B_TEMP_02 | 37.3 | NORMAL
2026-09-22 05:12:15 | WARD_B_TEMP_03 | 39.9 | CRITICAL
2026-09-22 05:12:15 | WARD_B_TEMP_04 | 37.1 | NORMAL
2026-09-22 05:12:15 | WARD_B_TEMP_05 | 40.0 | CRITICAL
2026-09-22 05:12:16 | WARD_B_TEMP_01 | 36.7 | NORMAL
2026-09-22 05:12:16 | WARD_B_TEMP_02 | 34.8 | CRITICAL
2026-09-22 05:12:16 | WARD_B_TEMP_03 | 39.3 | CRITICAL
2026-09-22 05:12:16 | WARD_B_TEMP_04 | 39.4 | CRITICAL
2026-09-22 05:12:16 | WARD_B_TEMP_05 | 36.3 | NORMAL
2026-09-22 05:12:17 | WARD_B_TEMP_01 | 34.9 | CRITICAL
2026-09-22 05:12:17 | WARD_B_TEMP_02 | 38.7 | CRITICAL
2026-09-22 05:12:17 | WARD_B_TEMP_03 | 34.9 | CRITICAL
2026-09-22 05:12:17 | WARD_B_TEMP_04 | 36.5 | NORMAL
2026-09-22 05:12:17 | WARD_B_TEMP_05 | 37.8 | WARNING
2026-09-22 05:12:18 | WARD_B_TEMP_01 | 35.8 | NORMAL
2026-09-22 05:12:18 | WARD_B_TEMP_02 | 37.3 | NORMAL
2026-09-22 05:12:18 | WARD_B_TEMP_03 | 37.8 | WARNING
2026-09-22 05:12:18 | WARD_B_TEMP_04 | 37.5 | WARNING
2026-09-22 05:12:18 | WARD_B_TEMP_05 | 38.6 | CRITICAL
2026-09-22 05:12:19 | WARD_B_TEMP_01 | 37.4 | NORMAL
2026-09-22 05:12:19 | WARD_B_TEMP_02 | 36.7 | NORMAL
2026-09-22 05:12:19 | WARD_B_TEMP_03 | 37.4 | NORMAL
2026-09-22 05:12:19 | WARD_B_TEMP_04 | 36.4 | NORMAL
2026-09-22 05:12:19 | WARD_B_TEMP_05 | 35.4 | CRITICAL
2026-09-22 05:12:20 | WARD_B_TEMP_01 | 37.3 | NORMAL
2026-09-22 05:12:20 | WARD_B_TEMP_02 | 37.5 | WARNING
2026-09-22 05:12:20 | WARD_B_TEMP_03 | 38.7 | CRITICAL
2026-09-22 05:12:20 | WARD_B_TEMP_04 | 36.8 | NORMAL
2026-09-22 05:12:20 | WARD_B_TEMP_05 | 35.9 | NORMAL
2026-09-22 05:12:21 | WARD_B_TEMP_01 | 37.6 | WARNING
2026-09-22 05:12:21 | WARD_B_TEMP_02 | 37.9 | WARNING
2026-09-22 05:12:21 | WARD_B_TEMP_03 | 38.3 | CRITICAL
2026-09-22 05:12:21 | WARD_B_TEMP_04 | 39.0 | CRITICAL
2026-09-22 05:12:21 | WARD_B_TEMP_05 | 35.9 | NORMAL
2026-09-22 05:12:22 | WARD_B_TEMP_01 | 37.5 | WARNING
2026-09-22 05:12:22 | WARD_B_TEMP_02 | 38.2 | CRITICAL
2026-09-22 05:12:22 | WARD_B_TEMP_03 | 38.4 | CRITICAL
2026-09-22 05:12:22 | WARD_B_TEMP_04 | 34.9 | CRITICAL
2026-09-22 05:12:22 | WARD_B_TEMP_05 | 38.4 | CRITICAL
2026-09-22 05:12:23 | WARD_B_TEMP_01 | 38.9 | CRITICAL
2026-09-22 05:12:23 | WARD_B_TEMP_02 | 36.3 | NORMAL
2026-09-22 05:12:23 | WARD_B_TEMP_03 | 37.2 | NORMAL
2026-09-22 05:12:23 | WARD_B_TEMP_04 | 34.9 | CRITICAL
2026-09-22 05:12:23 | WARD_B_TEMP_05 | 35.5 | NORMAL
2026-09-22 05:12:24 | WARD_B_TEMP_01 | 38.2 | CRITICAL
2026-09-22 05:12:24 | WARD_B_TEMP_02 | 35.3 | CRITICAL
2026-09-22 05:12:24 | WARD_B_TEMP_03 | 38.7 | CRITICAL
2026-09-22 05:12:24 | WARD_B_TEMP_04 | 35.3 | CRITICAL
2026-09-22 05:12:24 | WARD_B_TEMP_05 | 34.5 | CRITICAL
2026-09-22 05:12:25 | WARD_B_TEMP_01 | 34.8 | CRITICAL
2026-09-22 05:12:25 | WARD_B_TEMP_02 | 36.5 | NORMAL
2026-09-22 05:12:25 | WARD_B_TEMP_03 | 37.5 | WARNING
2026-09-22 05:12:25 | WARD_B_TEMP_04 | 37.6 | WARNING
2026-09-22 05:12:25 | WARD_B_TEMP_05 | 37.8 | WARNING
2026-09-22 05:12:26 | WARD_B_TEMP_01 | 38.9 | CRITICAL
2026-09-22 05:12:26 | WARD_B_TEMP_02 | 37.7 | WARNING
2026-09-22 05:12:26 | WARD_B_TEMP_03 | 39.3 | CRITICAL
2026-09-22 05:12:26 | WARD_B_TEMP_04 | 35.4 | CRITICAL
2026-09-22 05:12:26 | WARD_B_TEMP_05 | 36.4 | NORMAL
2026-09-22 05:12:27 | WARD_B_TEMP_01 | 38.0 | WARNING
2026-09-22 05:12:27 | WARD_B_TEMP_02 | 39.6 | CRITICAL
2026-09-22 05:12:27 | WARD_B_TEMP_03 | 38.0 | WARNING
2026-09-22 05:12:27 | WARD_B_TEMP_04 | 40.0 | CRITICAL
2026-09-22 05:12:27 | WARD_B_TEMP_05 | 35.2 | CRITICAL
2026-09-22 05:12:28 | WARD_B_TEMP_01 | 39.9 | CRITICAL
2026-09-22 05:12:28 | WARD_B_TEMP_02 | 40.2 | CRITICAL
2026-09-22 05:12:28 | WARD_B_TEMP_03 | 36.6 | NORMAL
2026-09-22 05:12:28 | WARD_B_TEMP_04 | 35.9 | NORMAL
2026-09-22 05:12:28 | WARD_B_TEMP_05 | 38.1 | CRITICAL
2026-09-22 05:12:29 | WARD_B_TEMP_01 | 38.9 | CRITICAL
2026-09-22 05:12:29 | WARD_B_TEMP_02 | 35.6 | NORMAL
2026-09-22 05:12:29 | WARD_B_TEMP_03 | 35.7 | NORMAL
2026-09-22 05:12:29 | WARD_B_TEMP_04 | 38.7 | CRITICAL
2026-09-22 05:12:29 | WARD_B_TEMP_05 | 36.3 | NORMAL
2026-09-22 05:12:30 | WARD_B_TEMP_01 | 40.4 | CRITICAL
2026-09-22 05:12:30 | WARD_B_TEMP_02 | 37.5 | WARNING
2026-09-22 05:12:30 | WARD_B_TEMP_03 | 39.3 | CRITICAL
2026-09-22 05:12:30 | WARD_B_TEMP_04 | 38.7 | CRITICAL
2026-09-22 05:12:30 | WARD_B_TEMP_05 | 35.1 | CRITICAL
2026-09-22 05:12:31 | WARD_B_TEMP_01 | 38.5 | CRITICAL
2026-09-22 05:12:31 | WARD_B_TEMP_02 | 35.7 | NORMAL
2026-09-22 05:12:31 | WARD_B_TEMP_03 | 37.5 | WARNING
2026-09-22 05:12:31 | WARD_B_TEMP_04 | 40.3 | CRITICAL
2026-09-22 05:12:31 | WARD_B_TEMP_05 | 35.8 | NORMAL
2026-09-22 05:12:32 | WARD_B_TEMP_01 | 38.0 | WARNING
2026-09-22 05:12:32 | WARD_B_TEMP_02 | 37.9 | WARNING
2026-09-22 05:12:32 | WARD_B_TEMP_03 | 36.3 | NORMAL
2026-09-22 05:12:32 | WARD_B_TEMP_04 | 38.9 | CRITICAL
2026-09-22 05:12:32 | WARD_B_TEMP_05 | 35.8 | NORMAL
2026-09-22 05:12:33 | WARD_B_TEMP_01 | 37.8 | WARNING
2026-09-22 05:12:33 | WARD_B_TEMP_02 | 39.4 | CRITICAL
2026-09-22 05:12:33 | WARD_B_TEMP_03 | 35.2 | CRITICAL
2026-09-22 05:12:33 | WARD_B_TEMP_04 | 40.3 | CRITICAL
2026-09-22 05:12:33 | WARD_B_TEMP_05 | 35.7 | NORMAL
2026-09-22 05:12:34 | WARD_B_TEMP_01 | 38.0 | WARNING
2026-09-22 05:12:34 | WARD_B_TEMP_02 | 36.2 | NORMAL
2026-09-22 05:12:34 | WARD_B_TEMP_03 | 39.6 | CRITICAL
2026-09-22 05:12:34 | WARD_B_TEMP_04 | 37.7 | WARNING
2026-09-22 05:12:34 | WARD_B_TEMP_05 | 39.8 | CRITICAL
2026-09-22 05:12:35 | WARD_B_TEMP_01 | 35.1 | CRITICAL
2026-09-22 05:12:35 | WARD_B_TEMP_02 | 35.8 | NORMAL
2026-09-22 05:12:35 | WARD_B_TEMP_03 | 38.6 | CRITICAL
2026-09-22 05:12:35 | WARD_B_TEMP_04 | 37.8 | WARNING
2026-09-22 05:12:35 | WARD_B_TEMP_05 | 40.0 | CRITICAL
2026-09-22 05:12:36 | WARD_B_TEMP_01 | 34.9 | CRITICAL
2026-09-22 05:12:36 | WARD_B_TEMP_02 | 39.4 | CRITICAL
2026-09-22 05:12:36 | WARD_B_TEMP_03 | 38.0 | WARNING
2026-09-22 05:12:36 | WARD_B_TEMP_04 | 39.9 | CRITICAL
2026-09-22 05:12:36 | WARD_B_TEMP_05 | 36.7 | NORMAL
2026-09-22 05:12:37 | WARD_B_TEMP_01 | 37.6 | WARNING
2026-09-22 05:12:37 | WARD_B_TEMP_02 | 38.6 | CRITICAL
2026-09-22 05:12:37 | WARD_B_TEMP_03 | 38.7 | CRITICAL
2026-09-22 05:12:37 | WARD_B_TEMP_04 | 38.6 | CRITICAL
2026-09-22 05:12:37 | WARD_B_TEMP_05 | 39.6 | CRITICAL
2026-09-22 05:12:38 | WARD_B_TEMP_01 | 35.6 | NORMAL
2026-09-22 05:12:38 | WARD_B_TEMP_02 | 35.1 | CRITICAL
2026-09-22 05:12:38 | WARD_B_TEMP_03 | 36.1 | NORMAL
2026-09-22 05:12:38 | WARD_B_TEMP_04 | 39.0 | CRITICAL
2026-09-22 05:12:38 | WARD_B_TEMP_05 | 35.2 | CRITICAL
2026-09-22 05:12:39 | WARD_B_TEMP_01 | 35.6 | NORMAL
2026-09-22 05:12:39 | WARD_B_TEMP_02 | 37.7 | WARNING
2026-09-22 05:12:39 | WARD_B_TEMP_03 | 39.2 | CRITICAL
2026-09-22 05:12:39 | WARD_B_TEMP_04 | 35.3 | CRITICAL
2026-09-22 05:12:39 | WARD_B_TEMP_05 | 40.4 | CRITICAL
2026-09-22 05:12:40 | WARD_B_TEMP_01 | 39.1 | CRITICAL
2026-09-22 05:12:40 | WARD_B_TEMP_02 | 38.1 | CRITICAL
2026-09-22 05:12:40 | WARD_B_TEMP_03 | 38.3 | CRITICAL
2026-09-22 05:12:40 | WARD_B_TEMP_04 | 35.3 | CRITICAL
2026-09-22 05:12:40 | WARD_B_TEMP_05 | 38.6 | CRITICAL
2026-09-22 05:12:41 | WARD_B_TEMP_01 | 39.0 | CRITICAL
2026-09-22 05:12:41 | WARD_B_TEMP_02 | 37.1 | NORMAL
2026-09-22 05:12:41 | WARD_B_TEMP_03 | 35.1 | CRITICAL
2026-09-22 05:12:41 | WARD_B_TEMP_04 | 38.2 | CRITICAL
2026-09-22 05:12:41 | WARD_B_TEMP_05 | 36.6 | NORMAL
2026-09-22 05:12:42 | WARD_B_TEMP_01 | 40.4 | CRITICAL
2026-09-22 05:12:42 | WARD_B_TEMP_02 | 36.4 | NORMAL
2026-09-22 05:12:42 | WARD_B_TEMP_03 | 36.7 | NORMAL
2026-09-22 05:12:42 | WARD_B_TEMP_04 | 38.0 | WARNING
2026-09-22 05:12:42 | WARD_B_TEMP_05 | 38.7 | CRITICAL
2026-09-22 05:12:43 | WARD_B_TEMP_01 | 38.5 | CRITICAL
2026-09-22 05:12:43 | WARD_B_TEMP_02 | 38.9 | CRITICAL
2026-09-22 05:12:43 | WARD_B_TEMP_03 | 39.9 | CRITICAL
2026-09-22 05:12:43 | WARD_B_TEMP_04 | 36.9 | NORMAL
2026-09-22 05:12:43 | WARD_B_TEMP_05 | 35.0 | CRITICAL
2026-09-22 05:12:44 | WARD_B_TEMP_01 | 37.2 | NORMAL
2026-09-22 05:12:44 | WARD_B_TEMP_02 | 37.8 | WARNING
2026-09-22 05:12:44 | WARD_B_TEMP_03 | 37.9 | WARNING
2026-09-22 05:12:44 | WARD_B_TEMP_04 | 37.1 | NORMAL
2026-09-22 05:12:44 | WARD_B_TEMP_05 | 36.4 | NORMAL
2026-09-22 05:12:45 | WARD_B_TEMP_01 | 36.2 | NORMAL
2026-09-22 05:12:45 | WARD_B_TEMP_02 | 36.9 | NORMAL
2026-09-22 05:12:45 | WARD_B_TEMP_03 | 37.3 | NORMAL
2026-09-22 05:12:45 | WARD_B_TEMP_04 | 37.2 | NORMAL
2026-09-22 05:12:45 | WARD_B_TEMP_05 | 37.0 | NORMAL
2026-09-22 05:12:46 | WARD_B_TEMP_01 | 35.4 | CRITICAL
2026-09-22 05:12:46 | WARD_B_TEMP_02 | 34.9 | CRITICAL
2026-09-22 05:12:46 | WARD_B_TEMP_03 | 37.6 | WARNING
2026-09-22 05:12:46 | WARD_B_TEMP_04 | 37.8 | WARNING
2026-09-22 05:12:46 | WARD_B_TEMP_05 | 36.4 | NORMAL
2026-09-22 05:12:47 | WARD_B_TEMP_01 | 38.8 | CRITICAL
2026-09-22 05:12:47 | WARD_B_TEMP_02 | 36.9 | NORMAL
2026-09-22 05:12:47 | WARD_B_TEMP_03 | 36.1 | NORMAL
2026-09-22 05:12:47 | WARD_B_TEMP_04 | 35.0 | CRITICAL
2026-09-22 05:12:47 | WARD_B_TEMP_05 | 38.2 | CRITICAL
2026-09-22 05:12:48 | WARD_B_TEMP_01 | 35.4 | CRITICAL
2026-09-22 05:12:48 | WARD_B_TEMP_02 | 37.4 | NORMAL
2026-09-22 05:12:48 | WARD_B_TEMP_03 | 35.9 | NORMAL
2026-09-22 05:12:48 | WARD_B_TEMP_04 | 39.1 | CRITICAL
2026-09-22 05:12:48 | WARD_B_TEMP_05 | 38.6 | CRITICAL
2026-09-22 05:12:49 | WARD_B_TEMP_01 | 35.4 | CRITICAL
2026-09-22 05:12:49 | WARD_B_TEMP_02 | 38.1 | CRITICAL
2026-09-22 05:12:49 | WARD_B_TEMP_03 | 38.8 | CRITICAL
2026-09-22 05:12:49 | WARD_B_TEMP_04 | 35.3 | CRITICAL
2026-09-22 05:12:49 | WARD_B_TEMP_05 | 36.2 | NORMAL
2026-09-22 05:12:50 | WARD_B_TEMP_01 | 36.2 | NORMAL
2026-09-22 05:12:50 | WARD_B_TEMP_02 | 40.2 | CRITICAL
2026-09-22 05:12:50 | WARD_B_TEMP_03 | 39.4 | CRITICAL
2026-09-22 05:12:50 | WARD_B_TEMP_04 | 37.7 | WARNING
2026-09-22 05:12:50 | WARD_B_TEMP_05 | 37.6 | WARNING
2026-09-22 05:12:51 | WARD_B_TEMP_01 | 38.7 | CRITICAL
2026-09-22 05:12:51 | WARD_B_TEMP_02 | 39.6 | CRITICAL
2026-09-22 05:12:51 | WARD_B_TEMP_03 | 39.6 | CRITICAL
2026-09-22 05:12:51 | WARD_B_TEMP_04 | 40.2 | CRITICAL
2026-09-22 05:12:51 | WARD_B_TEMP_05 | 35.4 | CRITICAL
2026-09-22 05:12:52 | WARD_B_TEMP_01 | 37.3 | NORMAL
2026-09-22 05:12:52 | WARD_B_TEMP_02 | 38.8 | CRITICAL
2026-09-22 05:12:52 | WARD_B_TEMP_03 | 36.0 | NORMAL
2026-09-22 05:12:52 | WARD_B_TEMP_04 | 35.2 | CRITICAL
2026-09-22 05:12:52 | WARD_B_TEMP_05 | 36.4 | NORMAL
2026-09-22 05:12:53 | WARD_B_TEMP_01 | 35.3 | CRITICAL
2026-09-22 05:12:53 | WARD_B_TEMP_02 | 36.4 | NORMAL
2026-09-22 05:12:53 | WARD_B_TEMP_03 | 39.7 | CRITICAL
2026-09-22 05:12:53 | WARD_B_TEMP_04 | 38.7 | CRITICAL
2026-09-22 05:12:53 | WARD_B_TEMP_05 | 39.0 | CRITICAL
2026-09-22 05:12:54 | WARD_B_TEMP_01 | 39.5 | CRITICAL
2026-09-22 05:12:54 | WARD_B_TEMP_02 | 35.3 | CRITICAL
2026-09-22 05:12:54 | WARD_B_TEMP_03 | 39.6 | CRITICAL
2026-09-22 05:12:54 | WARD_B_TEMP_04 | 37.9 | WARNING
2026-09-22 05:12:54 | WARD_B_TEMP_05 | 35.4 | CRITICAL
2026-09-22 05:12:55 | WARD_B_TEMP_01 | 34.6 | CRITICAL
2026-09-22 05:12:55 | WARD_B_TEMP_02 | 35.4 | CRITICAL
2026-09-22 05:12:55 | WARD_B_TEMP_03 | 37.4 | NORMAL
2026-09-22 05:12:55 | WARD_B_TEMP_04 | 39.3 | CRITICAL
2026-09-22 05:12:55 | WARD_B_TEMP_05 | 38.9 | CRITICAL
2026-09-22 05:12:56 | WARD_B_TEMP_01 | 40.1 | CRITICAL
2026-09-22 05:12:56 | WARD_B_TEMP_02 | 40.1 | CRITICAL
2026-09-22 05:12:56 | WARD_B_TEMP_03 | 34.8 | CRITICAL
2026-09-22 05:12:56 | WARD_B_TEMP_04 | 36.0 | NORMAL
2026-09-22 05:12:56 | WARD_B_TEMP_05 | 36.7 | NORMAL
2026-09-22 05:12:57 | WARD_B_TEMP_01 | 36.8 | NORMAL
2026-09-22 05:12:57 | WARD_B_TEMP_02 | 40.2 | CRITICAL
2026-09-22 05:12:57 | WARD_B_TEMP_03 | 35.9 | NORMAL
2026-09-22 05:12:57 | WARD_B_TEMP_04 | 38.5 | CRITICAL
2026-09-22 05:12:57 | WARD_B_TEMP_05 | 38.4 | CRITICAL
2026-09-22 05:12:58 | WARD_B_TEMP_01 | 35.4 | CRITICAL
2026-09-22 05:12:58 | WARD_B_TEMP_02 | 39.3 | CRITICAL
2026-09-22 05:12:58 | WARD_B_TEMP_03 | 35.8 | NORMAL
2026-09-22 05:12:58 | WARD_B_TEMP_04 | 40.1 | CRITICAL
2026-09-22 05:12:58 | WARD_B_TEMP_05 | 35.2 | CRITICAL
2026-09-22 05:12:59 | WARD_B_TEMP_01 | 37.9 | WARNING
2026-09-22 05:12:59 | WARD_B_TEMP_02 | 39.8 | CRITICAL
2026-09-22 05:12:59 | WARD_B_TEMP_03 | 34.6 | CRITICAL
2026-09-22 05:12:59 | WARD_B_TEMP_04 | 35.7 | NORMAL
2026-09-22 05:12:59 | WARD_B_TEMP_05 | 38.9 | CRITICAL
2026-09-22 05:13:00 | WARD_B_TEMP_01 | 37.9 | WARNING
2026-09-22 05:13:00 | WARD_B_TEMP_02 | 38.8 | CRITICAL
2026-09-22 05:13:00 | WARD_B_TEMP_03 | 37.1 | NORMAL
2026-09-22 05:13:00 | WARD_B_TEMP_04 | 35.7 | NORMAL
2026-09-22 05:13:00 | WARD_B_TEMP_05 | 38.5 | CRITICAL
2026-09-22 05:13:01 | WARD_B_TEMP_01 | 35.6 | NORMAL
2026-09-22 05:13:01 | WARD_B_TEMP_02 | 38.9 | CRITICAL
2026-09-22 05:13:01 | WARD_B_TEMP_03 | 36.9 | NORMAL
2026-09-22 05:13:01 | WARD_B_TEMP_04 | 39.9 | CRITICAL
2026-09-22 05:13:01 | WARD_B_TEMP_05 | 36.2 | NORMAL
2026-09-22 05:13:02 | WARD_B_TEMP_01 | 37.1 | NORMAL
2026-09-22 05:13:02 | WARD_B_TEMP_02 | 38.3 | CRITICAL
2026-09-22 05:13:02 | WARD_B_TEMP_03 | 35.4 | CRITICAL
2026-09-22 05:13:02 | WARD_B_TEMP_04 | 34.9 | CRITICAL
2026-09-22 05:13:02 | WARD_B_TEMP_05 | 40.1 | CRITICAL
2026-09-22 05:13:03 | WARD_B_TEMP_01 | 38.2 | CRITICAL
2026-09-22 05:13:03 | WARD_B_TEMP_02 | 39.4 | CRITICAL
2026-09-22 05:13:03 | WARD_B_TEMP_03 | 39.4 | CRITICAL
2026-09-22 05:13:03 | WARD_B_TEMP_04 | 34.6 | CRITICAL
2026-09-22 05:13:03 | WARD_B_TEMP_05 | 37.1 | NORMAL
2026-09-22 05:13:04 | WARD_B_TEMP_01 | 36.0 | NORMAL
2026-09-22 05:13:04 | WARD_B_TEMP_02 | 38.5 | CRITICAL
2026-09-22 05:13:04 | WARD_B_TEMP_03 | 35.1 | CRITICAL
2026-09-22 05:13:04 | WARD_B_TEMP_04 | 37.4 | NORMAL
2026-09-22 05:13:04 | WARD_B_TEMP_05 | 39.0 | CRITICAL
2026-09-22 05:13:05 | WARD_B_TEMP_01 | 34.8 | CRITICAL
2026-09-22 05:13:05 | WARD_B_TEMP_02 | 37.3 | NORMAL
2026-09-22 05:13:05 | WARD_B_TEMP_03 | 38.6 | CRITICAL
2026-09-22 05:13:05 | WARD_B_TEMP_04 | 40.4 | CRITICAL
2026-09-22 05:13:05 | WARD_B_TEMP_05 | 38.8 | CRITICAL
2026-09-22 05:13:06 | WARD_B_TEMP_01 | 39.6 | CRITICAL
2026-09-22 05:13:06 | WARD_B_TEMP_02 | 37.2 | NORMAL
2026-09-22 05:13:06 | WARD_B_TEMP_03 | 40.2 | CRITICAL
2026-09-22 05:13:06 | WARD_B_TEMP_04 | 39.1 | CRITICAL
2026-09-22 05:13:06 | WARD_B_TEMP_05 | 38.0 | WARNING
2026-09-22 05:13:07 | WARD_B_TEMP_01 | 40.4 | CRITICAL
2026-09-22 05:13:07 | WARD_B_TEMP_02 | 39.1 | CRITICAL
2026-09-22 05:13:07 | WARD_B_TEMP_03 | 37.1 | NORMAL
2026-09-22 05:13:07 | WARD_B_TEMP_04 | 37.5 | WARNING
2026-09-22 05:13:07 | WARD_B_TEMP_05 | 40.4 | CRITICAL
2026-09-22 05:13:08 | WARD_B_TEMP_01 | 36.9 | NORMAL
2026-09-22 05:13:08 | WARD_B_TEMP_02 | 37.6 | WARNING
2026-09-22 05:13:08 | WARD_B_TEMP_03 | 34.9 | CRITICAL
2026-09-22 05:13:08 | WARD_B_TEMP_04 | 40.1 | CRITICAL
2026-09-22 05:13:08 | WARD_B_TEMP_05 | 37.5 | WARNING
2026-09-22 05:13:09 | WARD_B_TEMP_01 | 36.5 | NORMAL
2026-09-22 05:13:09 | WARD_B_TEMP_02 | 38.3 | CRITICAL
2026-09-22 05:13:09 | WARD_B_TEMP_03 | 39.1 | CRITICAL
2026-09-22 05:13:09 | WARD_B_TEMP_04 | 40.0 | CRITICAL
2026-09-22 05:13:09 | WARD_B_TEMP_05 | 35.6 | NORMAL
2026-09-22 05:13:10 | WARD_B_TEMP_01 | 38.0 | WARNING
2026-09-22 05:13:10 | WARD_B_TEMP_02 | 35.2 | CRITICAL
2026-09-22 05:13:10 | WARD_B_TEMP_03 | 39.4 | CRITICAL
2026-09-22 05:13:10 | WARD_B_TEMP_04 | 40.0 | CRITICAL
2026-09-22 05:13:10 | WARD_B_TEMP_05 | 38.2 | CRITICAL
2026-09-22 05:13:11 | WARD_B_TEMP_01 | 39.9 | CRITICAL
2026-09-22 05:13:11 | WARD_B_TEMP_02 | 40.2 | CRITICAL
2026-09-22 05:13:11 | WARD_B_TEMP_03 | 38.0 | WARNING
2026-09-22 05:13:11 | WARD_B_TEMP_04 | 40.0 | CRITICAL
2026-09-22 05:13:11 | WARD_B_TEMP_05 | 34.9 | CRITICAL
2026-09-22 05:13:12 | WARD_B_TEMP_01 | 35.7 | NORMAL
2026-09-22 05:13:12 | WARD_B_TEMP_02 | 37.8 | WARNING
2026-09-22 05:13:12 | WARD_B_TEMP_03 | 35.1 | CRITICAL
2026-09-22 05:13:12 | WARD_B_TEMP_04 | 34.8 | CRITICAL
2026-09-22 05:13:12 | WARD_B_TEMP_05 | 37.9 | WARNING
2026-09-22 05:13:13 | WARD_B_TEMP_01 | 35.3 | CRITICAL
2026-09-22 05:13:13 | WARD_B_TEMP_02 | 35.1 | CRITICAL
2026-09-22 05:13:13 | WARD_B_TEMP_03 | 35.3 | CRITICAL
2026-09-22 05:13:13 | WARD_B_TEMP_04 | 38.6 | CRITICAL
2026-09-22 05:13:13 | WARD_B_TEMP_05 | 36.1 | NORMAL
2026-09-22 05:13:14 | WARD_B_TEMP_01 | 36.0 | NORMAL
2026-09-22 05:13:14 | WARD_B_TEMP_02 | 36.4 | NORMAL
2026-09-22 05:13:14 | WARD_B_TEMP_03 | 38.5 | CRITICAL
2026-09-22 05:13:14 | WARD_B_TEMP_04 | 38.5 | CRITICAL
2026-09-22 05:13:14 | WARD_B_TEMP_05 | 38.9 | CRITICAL
2026-09-22 05:13:15 | WARD_B_TEMP_01 | 38.5 | CRITICAL
2026-09-22 05:13:15 | WARD_B_TEMP_02 | 40.1 | CRITICAL
2026-09-22 05:13:15 | WARD_B_TEMP_03 | 34.7 | CRITICAL
2026-09-22 05:13:15 | WARD_B_TEMP_04 | 36.7 | NORMAL
2026-09-22 05:13:15 | WARD_B_TEMP_05 | 39.6 | CRITICAL
2026-09-22 05:13:16 | WARD_B_TEMP_01 | 36.9 | NORMAL
2026-09-22 05:13:16 | WARD_B_TEMP_02 | 40.3 | CRITICAL
2026-09-22 05:13:16 | WARD_B_TEMP_03 | 36.1 | NORMAL
2026-09-22 05:13:16 | WARD_B_TEMP_04 | 35.1 | CRITICAL
2026-09-22 05:13:16 | WARD_B_TEMP_05 | 35.4 | CRITICAL
2026-09-22 05:13:17 | WARD_B_TEMP_01 | 39.6 | CRITICAL
2026-09-22 05:13:17 | WARD_B_TEMP_02 | 40.5 | CRITICAL
2026-09-22 05:13:17 | WARD_B_TEMP_03 | 38.1 | CRITICAL
2026-09-22 05:13:17 | WARD_B_TEMP_04 | 35.3 | CRITICAL
2026-09-22 05:13:17 | WARD_B_TEMP_05 | 39.3 | CRITICAL
2026-09-22 05:13:18 | WARD_B_TEMP_01 | 39.8 | CRITICAL
2026-09-22 05:13:18 | WARD_B_TEMP_02 | 36.4 | NORMAL
2026-09-22 05:13:18 | WARD_B_TEMP_03 | 40.1 | CRITICAL
2026-09-22 05:13:18 | WARD_B_TEMP_04 | 38.7 | CRITICAL
2026-09-22 05:13:18 | WARD_B_TEMP_05 | 38.0 | WARNING
2026-09-22 05:13:19 | WARD_B_TEMP_01 | 36.4 | NORMAL
2026-09-22 05:13:19 | WARD_B_TEMP_02 | 38.2 | CRITICAL
2026-09-22 05:13:19 | WARD_B_TEMP_03 | 40.4 | CRITICAL
2026-09-22 05:13:19 | WARD_B_TEMP_04 | 36.8 | NORMAL
2026-09-22 05:13:19 | WARD_B_TEMP_05 | 39.6 | CRITICAL
2026-09-22 05:13:20 | WARD_B_TEMP_01 | 35.3 | CRITICAL
2026-09-22 05:13:20 | WARD_B_TEMP_02 | 35.2 | CRITICAL
2026-09-22 05:13:20 | WARD_B_TEMP_03 | 39.2 | CRITICAL
2026-09-22 05:13:20 | WARD_B_TEMP_04 | 34.9 | CRITICAL
2026-09-22 05:13:20 | WARD_B_TEMP_05 | 37.2 | NORMAL
2026-09-22 05:13:21 | WARD_B_TEMP_01 | 35.8 | NORMAL
2026-09-22 05:13:21 | WARD_B_TEMP_02 | 35.8 | NORMAL
2026-09-22 05:13:21 | WARD_B_TEMP_03 | 37.6 | WARNING
2026-09-22 05:13:21 | WARD_B_TEMP_04 | 40.3 | CRITICAL
2026-09-22 05:13:21 | WARD_B_TEMP_05 | 37.3 | NORMAL
2026-09-22 05:13:22 | WARD_B_TEMP_01 | 34.8 | CRITICAL
2026-09-22 05:13:22 | WARD_B_TEMP_02 | 39.3 | CRITICAL
2026-09-22 05:13:22 | WARD_B_TEMP_03 | 34.8 | CRITICAL
2026-09-22 05:13:22 | WARD_B_TEMP_04 | 35.7 | NORMAL
2026-09-22 05:13:22 | WARD_B_TEMP_05 | 40.1 | CRITICAL
2026-09-22 05:13:23 | WARD_B_TEMP_01 | 36.7 | NORMAL
2026-09-22 05:13:23 | WARD_B_TEMP_02 | 40.4 | CRITICAL
2026-09-22 05:13:23 | WARD_B_TEMP_03 | 36.6 | NORMAL
2026-09-22 05:13:23 | WARD_B_TEMP_04 | 34.8 | CRITICAL
2026-09-22 05:13:23 | WARD_B_TEMP_05 | 39.3 | CRITICAL
2026-09-22 05:13:24 | WARD_B_TEMP_01 | 36.0 | NORMAL
2026-09-22 05:13:24 | WARD_B_TEMP_02 | 37.6 | WARNING
2026-09-22 05:13:24 | WARD_B_TEMP_03 | 37.3 | NORMAL
2026-09-22 05:13:24 | WARD_B_TEMP_04 | 36.5 | NORMAL
2026-09-22 05:13:24 | WARD_B_TEMP_05 | 37.4 | NORMAL
2026-09-22 05:13:25 | WARD_B_TEMP_01 | 39.7 | CRITICAL
2026-09-22 05:13:25 | WARD_B_TEMP_02 | 35.5 | NORMAL
2026-09-22 05:13:25 | WARD_B_TEMP_03 | 36.1 | NORMAL
2026-09-22 05:13:25 | WARD_B_TEMP_04 | 39.2 | CRITICAL
2026-09-22 05:13:25 | WARD_B_TEMP_05 | 37.3 | NORMAL
2026-09-22 05:13:26 | WARD_B_TEMP_01 | 39.7 | CRITICAL
2026-09-22 05:13:26 | WARD_B_TEMP_02 | 39.3 | CRITICAL
2026-09-22 05:13:26 | WARD_B_TEMP_03 | 40.0 | CRITICAL
2026-09-22 05:13:26 | WARD_B_TEMP_04 | 38.6 | CRITICAL
2026-09-22 05:13:26 | WARD_B_TEMP_05 | 36.0 | NORMAL
2026-09-22 05:13:27 | WARD_B_TEMP_01 | 39.4 | CRITICAL
2026-09-22 05:13:27 | WARD_B_TEMP_02 | 36.0 | NORMAL
2026-09-22 05:13:27 | WARD_B_TEMP_03 | 35.1 | CRITICAL
2026-09-22 05:13:27 | WARD_B_TEMP_04 | 34.5 | CRITICAL
2026-09-22 05:13:27 | WARD_B_TEMP_05 | 35.9 | NORMAL
2026-09-22 05:13:28 | WARD_B_TEMP_01 | 36.9 | NORMAL
2026-09-22 05:13:28 | WARD_B_TEMP_02 | 38.1 | CRITICAL
2026-09-22 05:13:28 | WARD_B_TEMP_03 | 37.4 | NORMAL
2026-09-22 05:13:28 | WARD_B_TEMP_04 | 38.4 | CRITICAL
2026-09-22 05:13:28 | WARD_B_TEMP_05 | 37.1 | NORMAL
2026-09-22 05:13:29 | WARD_B_TEMP_01 | 40.0 | CRITICAL
2026-09-22 05:13:29 | WARD_B_TEMP_02 | 40.2 | CRITICAL
2026-09-22 05:13:29 | WARD_B_TEMP_03 | 35.1 | CRITICAL
2026-09-22 05:13:29 | WARD_B_TEMP_04 | 36.1 | NORMAL
2026-09-22 05:13:29 | WARD_B_TEMP_05 | 35.5 | NORMAL
2026-09-22 05:13:30 | WARD_B_TEMP_01 | 39.2 | CRITICAL
2026-09-22 05:13:30 | WARD_B_TEMP_02 | 40.1 | CRITICAL
2026-09-22 05:13:30 | WARD_B_TEMP_03 | 37.0 | NORMAL
2026-09-22 05:13:30 | WARD_B_TEMP_04 | 36.9 | NORMAL
2026-09-22 05:13:30 | WARD_B_TEMP_05 | 38.0 | WARNING
2026-09-22 05:13:31 | WARD_B_TEMP_01 | 35.2 | CRITICAL
2026-09-22 05:13:31 | WARD_B_TEMP_02 | 38.7 | CRITICAL
2026-09-22 05:13:31 | WARD_B_TEMP_03 | 37.3 | NORMAL
2026-09-22 05:13:31 | WARD_B_TEMP_04 | 40.3 | CRITICAL
2026-09-22 05:13:31 | WARD_B_TEMP_05 | 37.9 | WARNING
2026-09-22 05:13:32 | WARD_B_TEMP_01 | 35.6 | NORMAL
2026-09-22 05:13:32 | WARD_B_TEMP_02 | 34.6 | CRITICAL
2026-09-22 05:13:32 | WARD_B_TEMP_03 | 36.3 | NORMAL
2026-09-22 05:13:32 | WARD_B_TEMP_04 | 39.5 | CRITICAL
2026-09-22 05:13:32 | WARD_B_TEMP_05 | 40.1 | CRITICAL
2026-09-22 05:13:33 | WARD_B_TEMP_01 | 34.8 | CRITICAL
2026-09-22 05:13:33 | WARD_B_TEMP_02 | 35.3 | CRITICAL
2026-09-22 05:13:33 | WARD_B_TEMP_03 | 36.9 | NORMAL
2026-09-22 05:13:33 | WARD_B_TEMP_04 | 38.2 | CRITICAL
2026-09-22 05:13:33 | WARD_B_TEMP_05 | 35.2 | CRITICAL
2026-09-22 05:13:34 | WARD_B_TEMP_01 | 34.9 | CRITICAL
2026-09-22 05:13:34 | WARD_B_TEMP_02 | 39.3 | CRITICAL
2026-09-22 05:13:34 | WARD_B_TEMP_03 | 39.3 | CRITICAL
2026-09-22 05:13:34 | WARD_B_TEMP_04 | 40.3 | CRITICAL
2026-09-22 05:13:34 | WARD_B_TEMP_05 | 36.9 | NORMAL
2026-09-22 05:13:35 | WARD_B_TEMP_01 | 37.0 | NORMAL
2026-09-22 05:13:35 | WARD_B_TEMP_02 | 37.2 | NORMAL
2026-09-22 05:13:35 | WARD_B_TEMP_03 | 37.3 | NORMAL
2026-09-22 05:13:35 | WARD_B_TEMP_04 | 37.4 | NORMAL
2026-09-22 05:13:35 | WARD_B_TEMP_05 | 40.3 | CRITICAL
2026-09-22 05:13:36 | WARD_B_TEMP_01 | 37.2 | NORMAL
2026-09-22 05:13:36 | WARD_B_TEMP_02 | 36.3 | NORMAL
2026-09-22 05:13:36 | WARD_B_TEMP_03 | 35.4 | CRITICAL
2026-09-22 05:13:36 | WARD_B_TEMP_04 | 37.2 | NORMAL
2026-09-22 05:13:36 | WARD_B_TEMP_05 | 36.4 | NORMAL
2026-09-22 05:13:37 | WARD_B_TEMP_01 | 36.3 | NORMAL
2026-09-22 05:13:37 | WARD_B_TEMP_02 | 35.4 | CRITICAL
2026-09-22 05:13:37 | WARD_B_TEMP_03 | 36.1 | NORMAL
2026-09-22 05:13:37 | WARD_B_TEMP_04 | 39.5 | CRITICAL
2026-09-22 05:13:37 | WARD_B_TEMP_05 | 40.2 | CRITICAL
2026-09-22 05:13:38 | WARD_B_TEMP_01 | 39.1 | CRITICAL
2026-09-22 05:13:38 | WARD_B_TEMP_02 | 34.9 | CRITICAL
2026-09-22 05:13:38 | WARD_B_TEMP_03 | 39.4 | CRITICAL
2026-09-22 05:13:38 | WARD_B_TEMP_04 | 36.4 | NORMAL
2026-09-22 05:13:38 | WARD_B_TEMP_05 | 36.4 | NORMAL
2026-09-22 05:13:39 | WARD_B_TEMP_01 | 35.2 | CRITICAL
2026-09-22 05:13:39 | WARD_B_TEMP_02 | 40.4 | CRITICAL
2026-09-22 05:13:39 | WARD_B_TEMP_03 | 40.0 | CRITICAL
2026-09-22 05:13:39 | WARD_B_TEMP_04 | 36.7 | NORMAL
2026-09-22 05:13:39 | WARD_B_TEMP_05 | 36.5 | NORMAL
2026-09-22 05:13:40 | WARD_B_TEMP_01 | 38.3 | CRITICAL
2026-09-22 05:13:40 | WARD_B_TEMP_02 | 40.1 | CRITICAL
2026-09-22 05:13:40 | WARD_B_TEMP_03 | 35.5 | NORMAL
2026-09-22 05:13:40 | WARD_B_TEMP_04 | 34.8 | CRITICAL
2026-09-22 05:13:40 | WARD_B_TEMP_05 | 36.5 | NORMAL
2026-09-22 05:13:41 | WARD_B_TEMP_01 | 35.6 | NORMAL
2026-09-22 05:13:41 | WARD_B_TEMP_02 | 38.2 | CRITICAL
2026-09-22 05:13:41 | WARD_B_TEMP_03 | 37.5 | WARNING
2026-09-22 05:13:41 | WARD_B_TEMP_04 | 34.5 | CRITICAL
2026-09-22 05:13:41 | WARD_B_TEMP_05 | 40.1 | CRITICAL
2026-09-22 05:13:42 | WARD_B_TEMP_01 | 34.7 | CRITICAL
2026-09-22 05:13:42 | WARD_B_TEMP_02 | 34.9 | CRITICAL
2026-09-22 05:13:42 | WARD_B_TEMP_03 | 34.9 | CRITICAL
2026-09-22 05:13:42 | WARD_B_TEMP_04 | 39.2 | CRITICAL
2026-09-22 05:13:42 | WARD_B_TEMP_05 | 40.3 | CRITICAL
2026-09-22 05:13:43 | WARD_B_TEMP_01 | 38.0 | WARNING
2026-09-22 05:13:43 | WARD_B_TEMP_02 | 34.9 | CRITICAL
2026-09-22 05:13:43 | WARD_B_TEMP_03 | 36.3 | NORMAL
2026-09-22 05:13:43 | WARD_B_TEMP_04 | 39.7 | CRITICAL
2026-09-22 05:13:43 | WARD_B_TEMP_05 | 39.1 | CRITICAL
2026-09-22 05:13:44 | WARD_B_TEMP_01 | 35.6 | NORMAL
2026-09-22 05:13:44 | WARD_B_TEMP_02 | 38.6 | CRITICAL
2026-09-22 05:13:44 | WARD_B_TEMP_03 | 36.2 | NORMAL
2026-09-22 05:13:44 | WARD_B_TEMP_04 | 38.7 | CRITICAL
2026-09-22 05:13:44 | WARD_B_TEMP_05 | 40.2 | CRITICAL
2026-09-22 05:13:45 | WARD_B_TEMP_01 | 37.7 | WARNING
2026-09-22 05:13:45 | WARD_B_TEMP_02 | 35.1 | CRITICAL
2026-09-22 05:13:45 | WARD_B_TEMP_03 | 37.2 | NORMAL
2026-09-22 05:13:45 | WARD_B_TEMP_04 | 38.8 | CRITICAL
2026-09-22 05:13:45 | WARD_B_TEMP_05 | 37.6 | WARNING
2026-09-22 05:13:46 | WARD_B_TEMP_01 | 35.3 | CRITICAL
2026-09-22 05:13:46 | WARD_B_TEMP_02 | 40.0 | CRITICAL
2026-09-22 05:13:46 | WARD_B_TEMP_03 | 35.4 | CRITICAL
2026-09-22 05:13:46 | WARD_B_TEMP_04 | 35.7 | NORMAL
2026-09-22 05:13:46 | WARD_B_TEMP_05 | 39.0 | CRITICAL
2026-09-22 05:13:47 | WARD_B_TEMP_01 | 39.2 | CRITICAL
2026-09-22 05:13:47 | WARD_B_TEMP_02 | 37.8 | WARNING
2026-09-22 05:13:47 | WARD_B_TEMP_03 | 39.6 | CRITICAL
2026-09-22 05:13:47 | WARD_B_TEMP_04 | 40.3 | CRITICAL
2026-09-22 05:13:47 | WARD_B_TEMP_05 | 35.8 | NORMAL
2026-09-22 05:13:48 | WARD_B_TEMP_01 | 39.6 | CRITICAL
2026-09-22 05:13:48 | WARD_B_TEMP_02 | 38.3 | CRITICAL
2026-09-22 05:13:48 | WARD_B_TEMP_03 | 34.7 | CRITICAL
2026-09-22 05:13:48 | WARD_B_TEMP_04 | 36.3 | NORMAL
2026-09-22 05:13:48 | WARD_B_TEMP_05 | 39.2 | CRITICAL
2026-09-22 05:13:49 | WARD_B_TEMP_01 | 40.1 | CRITICAL
2026-09-22 05:13:49 | WARD_B_TEMP_02 | 35.7 | NORMAL
2026-09-22 05:13:49 | WARD_B_TEMP_03 | 37.3 | NORMAL
2026-09-22 05:13:49 | WARD_B_TEMP_04 | 35.2 | CRITICAL
2026-09-22 05:13:49 | WARD_B_TEMP_05 | 34.6 | CRITICAL
2026-09-22 05:13:50 | WARD_B_TEMP_01 | 39.4 | CRITICAL
2026-09-22 05:13:50 | WARD_B_TEMP_02 | 39.7 | CRITICAL
2026-09-22 05:13:50 | WARD_B_TEMP_03 | 39.0 | CRITICAL
2026-09-22 05:13:50 | WARD_B_TEMP_04 | 36.8 | NORMAL
2026-09-22 05:13:50 | WARD_B_TEMP_05 | 35.1 | CRITICAL
2026-09-22 05:13:51 | WARD_B_TEMP_01 | 35.9 | NORMAL
2026-09-22 05:13:51 | WARD_B_TEMP_02 | 35.0 | CRITICAL
2026-09-22 05:13:51 | WARD_B_TEMP_03 | 38.9 | CRITICAL
2026-09-22 05:13:51 | WARD_B_TEMP_04 | 40.0 | CRITICAL
2026-09-22 05:13:51 | WARD_B_TEMP_05 | 36.1 | NORMAL
2026-09-22 05:13:52 | WARD_B_TEMP_01 | 34.6 | CRITICAL
2026-09-22 05:13:52 | WARD_B_TEMP_02 | 36.0 | NORMAL
2026-09-22 05:13:52 | WARD_B_TEMP_03 | 37.2 | NORMAL
2026-09-22 05:13:52 | WARD_B_TEMP_04 | 37.0 | NORMAL
2026-09-22 05:13:52 | WARD_B_TEMP_05 | 35.6 | NORMAL
2026-09-22 05:13:53 | WARD_B_TEMP_01 | 40.1 | CRITICAL
2026-09-22 05:13:53 | WARD_B_TEMP_02 | 39.7 | CRITICAL
2026-09-22 05:13:53 | WARD_B_TEMP_03 | 35.6 | NORMAL
2026-09-22 05:13:53 | WARD_B_TEMP_04 | 37.7 | WARNING
2026-09-22 05:13:53 | WARD_B_TEMP_05 | 36.8 | NORMAL
2026-09-22 05:13:54 | WARD_B_TEMP_01 | 39.6 | CRITICAL
2026-09-22 05:13:54 | WARD_B_TEMP_02 | 37.2 | NORMAL
2026-09-22 05:13:54 | WARD_B_TEMP_03 | 36.8 | NORMAL
2026-09-22 05:13:54 | WARD_B_TEMP_04 | 35.9 | NORMAL
2026-09-22 05:13:54 | WARD_B_TEMP_05 | 35.0 | CRITICAL
2026-09-22 05:13:55 | WARD_B_TEMP_01 | 36.6 | NORMAL
2026-09-22 05:13:55 | WARD_B_TEMP_02 | 35.6 | NORMAL
2026-09-22 05:13:55 | WARD_B_TEMP_03 | 36.5 | NORMAL
2026-09-22 05:13:55 | WARD_B_TEMP_04 | 35.8 | NORMAL
2026-09-22 05:13:55 | WARD_B_TEMP_05 | 40.1 | CRITICAL
2026-09-22 05:13:56 | WARD_B_TEMP_01 | 36.0 | NORMAL
2026-09-22 05:13:56 | WARD_B_TEMP_02 | 34.5 | CRITICAL
2026-09-22 05:13:56 | WARD_B_TEMP_03 | 39.0 | CRITICAL
2026-09-22 05:13:56 | WARD_B_TEMP_04 | 34.5 | CRITICAL
2026-09-22 05:13:56 | WARD_B_TEMP_05 | 40.1 | CRITICAL
2026-09-22 05:13:57 | WARD_B_TEMP_01 | 39.2 | CRITICAL
2026-09-22 05:13:57 | WARD_B_TEMP_02 | 35.1 | CRITICAL
2026-09-22 05:13:57 | WARD_B_TEMP_03 | 36.7 | NORMAL
2026-09-22 05:13:57 | WARD_B_TEMP_04 | 38.9 | CRITICAL
2026-09-22 05:13:57 | WARD_B_TEMP_05 | 37.2 | NORMAL
2026-09-22 05:13:58 | WARD_B_TEMP_01 | 36.6 | NORMAL
2026-09-22 05:13:58 | WARD_B_TEMP_02 | 35.9 | NORMAL
2026-09-22 05:13:58 | WARD_B_TEMP_03 | 34.6 | CRITICAL
2026-09-22 05:13:58 | WARD_B_TEMP_04 | 37.8 | WARNING
2026-09-22 05:13:58 | WARD_B_TEMP_05 | 35.3 | CRITICAL
2026-09-22 05:13:59 | WARD_B_TEMP_01 | 37.9 | WARNING
2026-09-22 05:13:59 | WARD_B_TEMP_02 | 39.6 | CRITICAL
2026-09-22 05:13:59 | WARD_B_TEMP_03 | 35.8 | NORMAL
2026-09-22 05:13:59 | WARD_B_TEMP_04 | 39.4 | CRITICAL
2026-09-22 05:13:59 | WARD_B_TEMP_05 | 37.2 | NORMAL
2026-09-22 05:14:00 | WARD_B_TEMP_01 | 36.6 | NORMAL
2026-09-22 05:14:00 | WARD_B_TEMP_02 | 37.6 | WARNING
2026-09-22 05:14:00 | WARD_B_TEMP_03 | 39.2 | CRITICAL
2026-09-22 05:14:00 | WARD_B_TEMP_04 | 36.7 | NORMAL
2026-09-22 05:14:00 | WARD_B_TEMP_05 | 34.6 | CRITICAL
2026-09-22 05:14:01 | WARD_B_TEMP_01 | 40.1 | CRITICAL
2026-09-22 05:14:01 | WARD_B_TEMP_02 | 35.2 | CRITICAL
2026-09-22 05:14:01 | WARD_B_TEMP_03 | 34.9 | CRITICAL
2026-09-22 05:14:01 | WARD_B_TEMP_04 | 37.8 | WARNING
2026-09-22 05:14:01 | WARD_B_TEMP_05 | 38.3 | CRITICAL
2026-09-22 05:14:02 | WARD_B_TEMP_01 | 36.0 | NORMAL
2026-09-22 05:14:02 | WARD_B_TEMP_02 | 37.1 | NORMAL
2026-09-22 05:14:02 | WARD_B_TEMP_03 | 35.3 | CRITICAL
2026-09-22 05:14:02 | WARD_B_TEMP_04 | 38.2 | CRITICAL
2026-09-22 05:14:02 | WARD_B_TEMP_05 | 39.8 | CRITICAL
2026-09-22 05:14:03 | WARD_B_TEMP_01 | 35.5 | NORMAL
2026-09-22 05:14:03 | WARD_B_TEMP_02 | 36.2 | NORMAL
2026-09-22 05:14:03 | WARD_B_TEMP_03 | 36.6 | NORMAL
2026-09-22 05:14:03 | WARD_B_TEMP_04 | 35.5 | NORMAL
2026-09-22 05:14:03 | WARD_B_TEMP_05 | 36.4 | NORMAL
2026-09-22 05:14:04 | WARD_B_TEMP_01 | 37.2 | NORMAL
2026-09-22 05:14:04 | WARD_B_TEMP_02 | 37.7 | WARNING
2026-09-22 05:14:04 | WARD_B_TEMP_03 | 37.8 | WARNING
2026-09-22 05:14:04 | WARD_B_TEMP_04 | 39.7 | CRITICAL
2026-09-22 05:14:04 | WARD_B_TEMP_05 | 39.3 | CRITICAL
2026-09-22 05:14:05 | WARD_B_TEMP_01 | 39.0 | CRITICAL
2026-09-22 05:14:05 | WARD_B_TEMP_02 | 35.3 | CRITICAL
2026-09-22 05:14:05 | WARD_B_TEMP_03 | 38.0 | WARNING
2026-09-22 05:14:05 | WARD_B_TEMP_04 | 40.4 | CRITICAL
2026-09-22 05:14:05 | WARD_B_TEMP_05 | 35.8 | NORMAL
2026-09-22 05:14:06 | WARD_B_TEMP_01 | 38.0 | WARNING
2026-09-22 05:14:06 | WARD_B_TEMP_02 | 40.4 | CRITICAL
2026-09-22 05:14:06 | WARD_B_TEMP_03 | 40.2 | CRITICAL
2026-09-22 05:14:06 | WARD_B_TEMP_04 | 37.8 | WARNING
2026-09-22 05:14:06 | WARD_B_TEMP_05 | 37.7 | WARNING
2026-09-22 05:14:07 | WARD_B_TEMP_01 | 36.6 | NORMAL
2026-09-22 05:14:07 | WARD_B_TEMP_02 | 38.1 | CRITICAL
2026-09-22 05:14:07 | WARD_B_TEMP_03 | 38.0 | WARNING
2026-09-22 05:14:07 | WARD_B_TEMP_04 | 40.3 | CRITICAL
2026-09-22 05:14:07 | WARD_B_TEMP_05 | 35.7 | NORMAL
2026-09-22 05:14:08 | WARD_B_TEMP_01 | 37.7 | WARNING
2026-09-22 05:14:08 | WARD_B_TEMP_02 | 34.5 | CRITICAL
2026-09-22 05:14:08 | WARD_B_TEMP_03 | 39.7 | CRITICAL
2026-09-22 05:14:08 | WARD_B_TEMP_04 | 38.1 | CRITICAL
2026-09-22 05:14:08 | WARD_B_TEMP_05 | 35.5 | NORMAL
2026-09-22 05:14:09 | WARD_B_TEMP_01 | 39.2 | CRITICAL
2026-09-22 05:14:09 | WARD_B_TEMP_02 | 38.0 | WARNING
2026-09-22 05:14:09 | WARD_B_TEMP_03 | 39.2 | CRITICAL
2026-09-22 05:14:09 | WARD_B_TEMP_04 | 37.7 | WARNING
2026-09-22 05:14:09 | WARD_B_TEMP_05 | 35.4 | CRITICAL
2026-09-22 05:14:10 | WARD_B_TEMP_01 | 35.2 | CRITICAL
2026-09-22 05:14:10 | WARD_B_TEMP_02 | 35.8 | NORMAL
2026-09-22 05:14:10 | WARD_B_TEMP_03 | 39.4 | CRITICAL
2026-09-22 05:14:10 | WARD_B_TEMP_04 | 36.1 | NORMAL
2026-09-22 05:14:10 | WARD_B_TEMP_05 | 34.6 | CRITICAL
2026-09-22 05:14:11 | WARD_B_TEMP_01 | 39.5 | CRITICAL
2026-09-22 05:14:11 | WARD_B_TEMP_02 | 37.5 | WARNING
2026-09-22 05:14:11 | WARD_B_TEMP_03 | 39.2 | CRITICAL
2026-09-22 05:14:11 | WARD_B_TEMP_04 | 37.7 | WARNING
2026-09-22 05:14:11 | WARD_B_TEMP_05 | 35.0 | CRITICAL
2026-09-22 05:14:12 | WARD_B_TEMP_01 | 36.6 | NORMAL
2026-09-22 05:14:12 | WARD_B_TEMP_02 | 38.1 | CRITICAL
2026-09-22 05:14:12 | WARD_B_TEMP_03 | 35.0 | CRITICAL
2026-09-22 05:14:12 | WARD_B_TEMP_04 | 37.4 | NORMAL
2026-09-22 05:14:12 | WARD_B_TEMP_05 | 36.5 | NORMAL
2026-09-22 05:14:13 | WARD_B_TEMP_01 | 35.9 | NORMAL
2026-09-22 05:14:13 | WARD_B_TEMP_02 | 38.8 | CRITICAL
2026-09-22 05:14:13 | WARD_B_TEMP_03 | 37.7 | WARNING
2026-09-22 05:14:13 | WARD_B_TEMP_04 | 35.1 | CRITICAL
2026-09-22 05:14:13 | WARD_B_TEMP_05 | 36.8 | NORMAL
2026-09-22 05:14:14 | WARD_B_TEMP_01 | 35.1 | CRITICAL
2026-09-22 05:14:14 | WARD_B_TEMP_02 | 35.7 | NORMAL
2026-09-22 05:14:14 | WARD_B_TEMP_03 | 34.9 | CRITICAL
2026-09-22 05:14:14 | WARD_B_TEMP_04 | 36.4 | NORMAL
2026-09-22 05:14:14 | WARD_B_TEMP_05 | 40.4 | CRITICAL
2026-09-22 05:14:15 | WARD_B_TEMP_01 | 35.4 | CRITICAL
2026-09-22 05:14:15 | WARD_B_TEMP_02 | 36.6 | NORMAL
2026-09-22 05:14:15 | WARD_B_TEMP_03 | 36.2 | NORMAL
2026-09-22 05:14:15 | WARD_B_TEMP_04 | 37.2 | NORMAL
2026-09-22 05:14:15 | WARD_B_TEMP_05 | 37.6 | WARNING
2026-09-22 05:14:16 | WARD_B_TEMP_01 | 36.0 | NORMAL
2026-09-22 05:14:16 | WARD_B_TEMP_02 | 38.3 | CRITICAL
2026-09-22 05:14:16 | WARD_B_TEMP_03 | 35.9 | NORMAL
2026-09-22 05:14:16 | WARD_B_TEMP_04 | 36.1 | NORMAL
2026-09-22 05:14:16 | WARD_B_TEMP_05 | 36.6 | NORMAL
2026-09-22 05:14:17 | WARD_B_TEMP_01 | 38.2 | CRITICAL
2026-09-22 05:14:17 | WARD_B_TEMP_02 | 38.0 | WARNING
2026-09-22 05:14:17 | WARD_B_TEMP_03 | 38.7 | CRITICAL
2026-09-22 05:14:17 | WARD_B_TEMP_04 | 36.7 | NORMAL
2026-09-22 05:14:17 | WARD_B_TEMP_05 | 39.0 | CRITICAL
2026-09-22 05:14:18 | WARD_B_TEMP_01 | 39.1 | CRITICAL
2026-09-22 05:14:18 | WARD_B_TEMP_02 | 36.4 | NORMAL
2026-09-22 05:14:18 | WARD_B_TEMP_03 | 35.0 | CRITICAL
2026-09-22 05:14:18 | WARD_B_TEMP_04 | 38.7 | CRITICAL
2026-09-22 05:14:18 | WARD_B_TEMP_05 | 35.3 | CRITICAL
2026-09-22 05:14:19 | WARD_B_TEMP_01 | 34.6 | CRITICAL
2026-09-22 05:14:19 | WARD_B_TEMP_02 | 38.1 | CRITICAL
2026-09-22 05:14:19 | WARD_B_TEMP_03 | 38.2 | CRITICAL
2026-09-22 05:14:19 | WARD_B_TEMP_04 | 38.6 | CRITICAL
2026-09-22 05:14:19 | WARD_B_TEMP_05 | 35.4 | CRITICAL
2026-09-22 05:14:20 | WARD_B_TEMP_01 | 39.3 | CRITICAL
2026-09-22 05:14:20 | WARD_B_TEMP_02 | 36.1 | NORMAL
2026-09-22 05:14:20 | WARD_B_TEMP_03 | 36.7 | NORMAL
2026-09-22 05:14:20 | WARD_B_TEMP_04 | 40.3 | CRITICAL
2026-09-22 05:14:20 | WARD_B_TEMP_05 | 38.5 | CRITICAL
2026-09-22 05:14:21 | WARD_B_TEMP_01 | 39.4 | CRITICAL
2026-09-22 05:14:21 | WARD_B_TEMP_02 | 35.4 | CRITICAL
2026-09-22 05:14:21 | WARD_B_TEMP_03 | 38.3 | CRITICAL
2026-09-22 05:14:21 | WARD_B_TEMP_04 | 38.1 | CRITICAL
2026-09-22 05:14:21 | WARD_B_TEMP_05 | 38.6 | CRITICAL
2026-09-22 05:14:22 | WARD_B_TEMP_01 | 40.2 | CRITICAL
2026-09-22 05:14:22 | WARD_B_TEMP_02 | 36.4 | NORMAL
2026-09-22 05:14:22 | WARD_B_TEMP_03 | 40.3 | CRITICAL
2026-09-22 05:14:22 | WARD_B_TEMP_04 | 37.7 | WARNING
2026-09-22 05:14:22 | WARD_B_TEMP_05 | 35.3 | CRITICAL
2026-09-22 05:14:23 | WARD_B_TEMP_01 | 36.1 | NORMAL
2026-09-22 05:14:23 | WARD_B_TEMP_02 | 37.8 | WARNING
2026-09-22 05:14:23 | WARD_B_TEMP_03 | 35.5 | NORMAL
2026-09-22 05:14:23 | WARD_B_TEMP_04 | 35.2 | CRITICAL
2026-09-22 05:14:23 | WARD_B_TEMP_05 | 35.7 | NORMAL
2026-09-22 05:14:24 | WARD_B_TEMP_01 | 34.8 | CRITICAL
2026-09-22 05:14:24 | WARD_B_TEMP_02 | 35.7 | NORMAL
2026-09-22 05:14:24 | WARD_B_TEMP_03 | 36.2 | NORMAL
2026-09-22 05:14:24 | WARD_B_TEMP_04 | 34.7 | CRITICAL
2026-09-22 05:14:24 | WARD_B_TEMP_05 | 36.5 | NORMAL
2026-09-22 05:14:25 | WARD_B_TEMP_01 | 36.4 | NORMAL
2026-09-22 05:14:25 | WARD_B_TEMP_02 | 37.1 | NORMAL
2026-09-22 05:14:25 | WARD_B_TEMP_03 | 38.7 | CRITICAL
2026-09-22 05:14:25 | WARD_B_TEMP_04 | 38.4 | CRITICAL
2026-09-22 05:14:25 | WARD_B_TEMP_05 | 35.4 | CRITICAL
2026-09-22 05:14:26 | WARD_B_TEMP_01 | 39.8 | CRITICAL
2026-09-22 05:14:26 | WARD_B_TEMP_02 | 36.0 | NORMAL
2026-09-22 05:14:26 | WARD_B_TEMP_03 | 36.6 | NORMAL
2026-09-22 05:14:26 | WARD_B_TEMP_04 | 39.4 | CRITICAL
2026-09-22 05:14:26 | WARD_B_TEMP_05 | 39.9 | CRITICAL
2026-09-22 05:14:27 | WARD_B_TEMP_01 | 34.8 | CRITICAL
2026-09-22 05:14:27 | WARD_B_TEMP_02 | 39.8 | CRITICAL
2026-09-22 05:14:27 | WARD_B_TEMP_03 | 39.3 | CRITICAL
2026-09-22 05:14:27 | WARD_B_TEMP_04 | 34.6 | CRITICAL
2026-09-22 05:14:27 | WARD_B_TEMP_05 | 38.8 | CRITICAL
2026-09-22 05:14:28 | WARD_B_TEMP_01 | 38.6 | CRITICAL
2026-09-22 05:14:28 | WARD_B_TEMP_02 | 39.9 | CRITICAL
2026-09-22 05:14:28 | WARD_B_TEMP_03 | 39.2 | CRITICAL
2026-09-22 05:14:28 | WARD_B_TEMP_04 | 39.3 | CRITICAL
2026-09-22 05:14:28 | WARD_B_TEMP_05 | 35.3 | CRITICAL
2026-09-22 05:14:29 | WARD_B_TEMP_01 | 35.5 | NORMAL
2026-09-22 05:14:29 | WARD_B_TEMP_02 | 38.7 | CRITICAL
2026-09-22 05:14:29 | WARD_B_TEMP_03 | 35.7 | NORMAL
2026-09-22 05:14:29 | WARD_B_TEMP_04 | 38.3 | CRITICAL
2026-09-22 05:14:29 | WARD_B_TEMP_05 | 36.3 | NORMAL
2026-09-22 05:14:30 | WARD_B_TEMP_01 | 35.3 | CRITICAL
2026-09-22 05:14:30 | WARD_B_TEMP_02 | 36.3 | NORMAL
2026-09-22 05:14:30 | WARD_B_TEMP_03 | 40.2 | CRITICAL
2026-09-22 05:14:30 | WARD_B_TEMP_04 | 39.7 | CRITICAL
2026-09-22 05:14:30 | WARD_B_TEMP_05 | 40.1 | CRITICAL
2026-09-22 05:14:31 | WARD_B_TEMP_01 | 36.2 | NORMAL
2026-09-22 05:14:31 | WARD_B_TEMP_02 | 34.8 | CRITICAL
2026-09-22 05:14:31 | WARD_B_TEMP_03 | 40.0 | CRITICAL
2026-09-22 05:14:31 | WARD_B_TEMP_04 | 37.1 | NORMAL
2026-09-22 05:14:31 | WARD_B_TEMP_05 | 39.5 | CRITICAL
2026-09-22 05:14:32 | WARD_B_TEMP_01 | 39.8 | CRITICAL
2026-09-22 05:14:32 | WARD_B_TEMP_02 | 39.7 | CRITICAL
2026-09-22 05:14:32 | WARD_B_TEMP_03 | 34.8 | CRITICAL
2026-09-22 05:14:32 | WARD_B_TEMP_04 | 36.7 | NORMAL
2026-09-22 05:14:32 | WARD_B_TEMP_05 | 38.5 | CRITICAL
2026-09-22 05:14:33 | WARD_B_TEMP_01 | 38.9 | CRITICAL
2026-09-22 05:14:33 | WARD_B_TEMP_02 | 39.7 | CRITICAL
2026-09-22 05:14:33 | WARD_B_TEMP_03 | 35.0 | CRITICAL
2026-09-22 05:14:33 | WARD_B_TEMP_04 | 37.6 | WARNING
2026-09-22 05:14:33 | WARD_B_TEMP_05 | 40.2 | CRITICAL
2026-09-22 05:14:34 | WARD_B_TEMP_01 | 35.9 | NORMAL
2026-09-22 05:14:34 | WARD_B_TEMP_02 | 37.1 | NORMAL
2026-09-22 05:14:34 | WARD_B_TEMP_03 | 40.3 | CRITICAL
2026-09-22 05:14:34 | WARD_B_TEMP_04 | 39.6 | CRITICAL
2026-09-22 05:14:34 | WARD_B_TEMP_05 | 36.6 | NORMAL
2026-09-22 05:14:35 | WARD_B_TEMP_01 | 39.2 | CRITICAL
2026-09-22 05:14:35 | WARD_B_TEMP_02 | 35.0 | CRITICAL
2026-09-22 05:14:35 | WARD_B_TEMP_03 | 40.2 | CRITICAL
2026-09-22 05:14:35 | WARD_B_TEMP_04 | 35.0 | CRITICAL
2026-09-22 05:14:35 | WARD_B_TEMP_05 | 36.6 | NORMAL
2026-09-22 05:14:36 | WARD_B_TEMP_01 | 39.1 | CRITICAL
2026-09-22 05:14:36 | WARD_B_TEMP_02 | 37.2 | NORMAL
2026-09-22 05:14:36 | WARD_B_TEMP_03 | 35.5 | NORMAL
2026-09-22 05:14:36 | WARD_B_TEMP_04 | 36.3 | NORMAL
2026-09-22 05:14:36 | WARD_B_TEMP_05 | 37.5 | WARNING
2026-09-22 05:14:37 | WARD_B_TEMP_01 | 35.9 | NORMAL
2026-09-22 05:14:37 | WARD_B_TEMP_02 | 35.0 | CRITICAL
2026-09-22 05:14:37 | WARD_B_TEMP_03 | 40.3 | CRITICAL
2026-09-22 05:14:37 | WARD_B_TEMP_04 | 35.6 | NORMAL
2026-09-22 05:14:37 | WARD_B_TEMP_05 | 34.9 | CRITICAL
2026-09-22 05:14:38 | WARD_B_TEMP_01 | 39.3 | CRITICAL
2026-09-22 05:14:38 | WARD_B_TEMP_02 | 40.3 | CRITICAL
2026-09-22 05:14:38 | WARD_B_TEMP_03 | 37.8 | WARNING
2026-09-22 05:14:38 | WARD_B_TEMP_04 | 39.9 | CRITICAL
2026-09-22 05:14:38 | WARD_B_TEMP_05 | 38.7 | CRITICAL
2026-09-22 05:14:39 | WARD_B_TEMP_01 | 35.5 | NORMAL
2026-09-22 05:14:39 | WARD_B_TEMP_02 | 38.7 | CRITICAL
2026-09-22 05:14:39 | WARD_B_TEMP_03 | 34.6 | CRITICAL
2026-09-22 05:14:39 | WARD_B_TEMP_04 | 40.3 | CRITICAL
2026-09-22 05:14:39 | WARD_B_TEMP_05 | 36.2 | NORMAL
2026-09-22 05:14:40 | WARD_B_TEMP_01 | 38.5 | CRITICAL
2026-09-22 05:14:40 | WARD_B_TEMP_02 | 40.1 | CRITICAL
2026-09-22 05:14:40 | WARD_B_TEMP_03 | 37.6 | WARNING
2026-09-22 05:14:40 | WARD_B_TEMP_04 | 38.2 | CRITICAL
2026-09-22 05:14:40 | WARD_B_TEMP_05 | 37.6 | WARNING
2026-09-22 05:14:41 | WARD_B_TEMP_01 | 37.0 | NORMAL
2026-09-22 05:14:41 | WARD_B_TEMP_02 | 37.3 | NORMAL
2026-09-22 05:14:41 | WARD_B_TEMP_03 | 36.7 | NORMAL
2026-09-22 05:14:41 | WARD_B_TEMP_04 | 37.3 | NORMAL
2026-09-22 05:14:41 | WARD_B_TEMP_05 | 38.1 | CRITICAL
2026-09-22 05:14:42 | WARD_B_TEMP_01 | 35.0 | CRITICAL
2026-09-22 05:14:42 | WARD_B_TEMP_02 | 37.9 | WARNING
2026-09-22 05:14:42 | WARD_B_TEMP_03 | 40.5 | CRITICAL
2026-09-22 05:14:42 | WARD_B_TEMP_04 | 34.7 | CRITICAL
2026-09-22 05:14:42 | WARD_B_TEMP_05 | 39.7 | CRITICAL
2026-09-22 05:14:43 | WARD_B_TEMP_01 | 34.8 | CRITICAL
2026-09-22 05:14:43 | WARD_B_TEMP_02 | 35.2 | CRITICAL
2026-09-22 05:14:43 | WARD_B_TEMP_03 | 35.4 | CRITICAL
2026-09-22 05:14:43 | WARD_B_TEMP_04 | 39.2 | CRITICAL
2026-09-22 05:14:43 | WARD_B_TEMP_05 | 37.3 | NORMAL
2026-09-22 05:14:44 | WARD_B_TEMP_01 | 34.7 | CRITICAL
2026-09-22 05:14:44 | WARD_B_TEMP_02 | 36.7 | NORMAL
2026-09-22 05:14:44 | WARD_B_TEMP_03 | 36.5 | NORMAL
2026-09-22 05:14:44 | WARD_B_TEMP_04 | 40.5 | CRITICAL
2026-09-22 05:14:44 | WARD_B_TEMP_05 | 37.1 | NORMAL
2026-09-22 05:14:45 | WARD_B_TEMP_01 | 39.6 | CRITICAL
2026-09-22 05:14:45 | WARD_B_TEMP_02 | 35.7 | NORMAL
2026-09-22 05:14:45 | WARD_B_TEMP_03 | 39.1 | CRITICAL
2026-09-22 05:14:45 | WARD_B_TEMP_04 | 35.0 | CRITICAL
2026-09-22 05:14:45 | WARD_B_TEMP_05 | 39.7 | CRITICAL
2026-09-22 05:14:46 | WARD_B_TEMP_01 | 39.7 | CRITICAL
2026-09-22 05:14:46 | WARD_B_TEMP_02 | 37.4 | NORMAL
2026-09-22 05:14:46 | WARD_B_TEMP_03 | 40.1 | CRITICAL
2026-09-22 05:14:46 | WARD_B_TEMP_04 | 35.1 | CRITICAL
2026-09-22 05:14:46 | WARD_B_TEMP_05 | 37.7 | WARNING
2026-09-22 05:14:47 | WARD_B_TEMP_01 | 37.5 | WARNING
2026-09-22 05:14:47 | WARD_B_TEMP_02 | 36.9 | NORMAL
2026-09-22 05:14:47 | WARD_B_TEMP_03 | 35.5 | NORMAL
2026-09-22 05:14:47 | WARD_B_TEMP_04 | 35.9 | NORMAL
2026-09-22 05:14:47 | WARD_B_TEMP_05 | 38.1 | CRITICAL
2026-09-22 05:14:48 | WARD_B_TEMP_01 | 35.3 | CRITICAL
2026-09-22 05:14:48 | WARD_B_TEMP_02 | 38.3 | CRITICAL
2026-09-22 05:14:48 | WARD_B_TEMP_03 | 35.5 | NORMAL
2026-09-22 05:14:48 | WARD_B_TEMP_04 | 35.2 | CRITICAL
2026-09-22 05:14:48 | WARD_B_TEMP_05 | 37.3 | NORMAL
2026-09-22 05:14:49 | WARD_B_TEMP_01 | 35.7 | NORMAL
2026-09-22 05:14:49 | WARD_B_TEMP_02 | 40.1 | CRITICAL
2026-09-22 05:14:49 | WARD_B_TEMP_03 | 39.8 | CRITICAL
2026-09-22 05:14:49 | WARD_B_TEMP_04 | 35.6 | NORMAL
2026-09-22 05:14:49 | WARD_B_TEMP_05 | 37.5 | WARNING
2026-09-22 05:14:50 | WARD_B_TEMP_01 | 39.5 | CRITICAL
2026-09-22 05:14:50 | WARD_B_TEMP_02 | 35.3 | CRITICAL
2026-09-22 05:14:50 | WARD_B_TEMP_03 | 37.4 | NORMAL
2026-09-22 05:14:50 | WARD_B_TEMP_04 | 40.3 | CRITICAL
2026-09-22 05:14:50 | WARD_B_TEMP_05 | 35.6 | NORMAL
2026-09-22 05:14:51 | WARD_B_TEMP_01 | 36.9 | NORMAL
2026-09-22 05:14:51 | WARD_B_TEMP_02 | 35.4 | CRITICAL
2026-09-22 05:14:51 | WARD_B_TEMP_03 | 39.3 | CRITICAL
2026-09-22 05:14:51 | WARD_B_TEMP_04 | 38.3 | CRITICAL
2026-09-22 05:14:51 | WARD_B_TEMP_05 | 37.7 | WARNING
2026-09-22 05:14:52 | WARD_B_TEMP_01 | 34.5 | CRITICAL
2026-09-22 05:14:52 | WARD_B_TEMP_02 | 39.2 | CRITICAL
2026-09-22 05:14:52 | WARD_B_TEMP_03 | 35.2 | CRITICAL
2026-09-22 05:14:52 | WARD_B_TEMP_04 | 39.5 | CRITICAL
2026-09-22 05:14:52 | WARD_B_TEMP_05 | 38.0 | WARNING
2026-09-22 05:14:53 | WARD_B_TEMP_01 | 40.3 | CRITICAL
2026-09-22 05:14:53 | WARD_B_TEMP_02 | 39.7 | CRITICAL
2026-09-22 05:14:53 | WARD_B_TEMP_03 | 40.3 | CRITICAL
2026-09-22 05:14:53 | WARD_B_TEMP_04 | 39.3 | CRITICAL
2026-09-22 05:14:53 | WARD_B_TEMP_05 | 38.6 | CRITICAL
2026-09-22 05:14:54 | WARD_B_TEMP_01 | 36.6 | NORMAL
2026-09-22 05:14:54 | WARD_B_TEMP_02 | 35.8 | NORMAL
2026-09-22 05:14:54 | WARD_B_TEMP_03 | 38.2 | CRITICAL
2026-09-22 05:14:54 | WARD_B_TEMP_04 | 37.3 | NORMAL
2026-09-22 05:14:54 | WARD_B_TEMP_05 | 38.4 | CRITICAL
2026-09-22 05:14:55 | WARD_B_TEMP_01 | 36.3 | NORMAL
2026-09-22 05:14:55 | WARD_B_TEMP_02 | 36.1 | NORMAL
2026-09-22 05:14:55 | WARD_B_TEMP_03 | 39.3 | CRITICAL
2026-09-22 05:14:55 | WARD_B_TEMP_04 | 37.7 | WARNING
2026-09-22 05:14:55 | WARD_B_TEMP_05 | 40.2 | CRITICAL
2026-09-22 05:14:56 | WARD_B_TEMP_01 | 35.9 | NORMAL
2026-09-22 05:14:56 | WARD_B_TEMP_02 | 35.4 | CRITICAL
2026-09-22 05:14:56 | WARD_B_TEMP_03 | 35.9 | NORMAL
2026-09-22 05:14:56 | WARD_B_TEMP_04 | 35.9 | NORMAL
2026-09-22 05:14:56 | WARD_B_TEMP_05 | 35.9 | NORMAL
2026-09-22 05:14:57 | WARD_B_TEMP_01 | 39.2 | CRITICAL
2026-09-22 05:14:57 | WARD_B_TEMP_02 | 38.3 | CRITICAL
2026-09-22 05:14:57 | WARD_B_TEMP_03 | 39.0 | CRITICAL
2026-09-22 05:14:57 | WARD_B_TEMP_04 | 40.1 | CRITICAL
2026-09-22 05:14:57 | WARD_B_TEMP_05 | 35.5 | NORMAL
2026-09-22 05:14:58 | WARD_B_TEMP_01 | 38.7 | CRITICAL
2026-09-22 05:14:58 | WARD_B_TEMP_02 | 37.4 | NORMAL
2026-09-22 05:14:58 | WARD_B_TEMP_03 | 36.2 | NORMAL
2026-09-22 05:14:58 | WARD_B_TEMP_04 | 37.7 | WARNING
2026-09-22 05:14:58 | WARD_B_TEMP_05 | 38.5 | CRITICAL
2026-09-22 05:14:59 | WARD_B_TEMP_01 | 37.4 | NORMAL
2026-09-22 05:14:59 | WARD_B_TEMP_02 | 37.2 | NORMAL
2026-09-22 05:14:59 | WARD_B_TEMP_03 | 39.1 | CRITICAL
2026-09-22 05:14:59 | WARD_B_TEMP_04 | 39.7 | CRITICAL
2026-09-22 05:14:59 | WARD_B_TEMP_05 | 35.9 | NORMAL
2026-09-22 05:15:00 | WARD_B_TEMP_01 | 39.9 | CRITICAL
2026-09-22 05:15:00 | WARD_B_TEMP_02 | 37.2 | NORMAL
2026-09-22 05:15:00 | WARD_B_TEMP_03 | 40.4 | CRITICAL
2026-09-22 05:15:00 | WARD_B_TEMP_04 | 37.1 | NORMAL
2026-09-22 05:15:00 | WARD_B_TEMP_05 | 37.6 | WARNING
2026-09-22 05:15:01 | WARD_B_TEMP_01 | 36.4 | NORMAL
2026-09-22 05:15:01 | WARD_B_TEMP_02 | 36.8 | NORMAL
2026-09-22 05:15:01 | WARD_B_TEMP_03 | 38.5 | CRITICAL
2026-09-22 05:15:01 | WARD_B_TEMP_04 | 38.1 | CRITICAL
2026-09-22 05:15:01 | WARD_B_TEMP_05 | 36.0 | NORMAL
2026-09-22 05:15:02 | WARD_B_TEMP_01 | 38.0 | WARNING
2026-09-22 05:15:02 | WARD_B_TEMP_02 | 38.3 | CRITICAL
2026-09-22 05:15:02 | WARD_B_TEMP_03 | 40.3 | CRITICAL
2026-09-22 05:15:02 | WARD_B_TEMP_04 | 39.0 | CRITICAL
2026-09-22 05:15:02 | WARD_B_TEMP_05 | 37.5 | WARNING
2026-09-22 05:15:03 | WARD_B_TEMP_01 | 35.1 | CRITICAL
2026-09-22 05:15:03 | WARD_B_TEMP_02 | 34.6 | CRITICAL
2026-09-22 05:15:03 | WARD_B_TEMP_03 | 40.4 | CRITICAL
2026-09-22 05:15:03 | WARD_B_TEMP_04 | 38.7 | CRITICAL
2026-09-22 05:15:03 | WARD_B_TEMP_05 | 37.8 | WARNING
2026-09-22 05:15:04 | WARD_B_TEMP_01 | 39.4 | CRITICAL
2026-09-22 05:15:04 | WARD_B_TEMP_02 | 37.3 | NORMAL
2026-09-22 05:15:04 | WARD_B_TEMP_03 | 35.1 | CRITICAL
2026-09-22 05:15:04 | WARD_B_TEMP_04 | 34.9 | CRITICAL
2026-09-22 05:15:04 | WARD_B_TEMP_05 | 37.8 | WARNING
2026-09-22 05:15:05 | WARD_B_TEMP_01 | 36.4 | NORMAL
2026-09-22 05:15:05 | WARD_B_TEMP_02 | 35.8 | NORMAL
2026-09-22 05:15:05 | WARD_B_TEMP_03 | 36.2 | NORMAL
2026-09-22 05:15:05 | WARD_B_TEMP_04 | 40.5 | CRITICAL
2026-09-22 05:15:05 | WARD_B_TEMP_05 | 40.5 | CRITICAL
2026-09-22 05:15:06 | WARD_B_TEMP_01 | 36.8 | NORMAL
2026-09-22 05:15:06 | WARD_B_TEMP_02 | 35.5 | NORMAL
2026-09-22 05:15:06 | WARD_B_TEMP_03 | 35.0 | CRITICAL
2026-09-22 05:15:06 | WARD_B_TEMP_04 | 36.1 | NORMAL
2026-09-22 05:15:06 | WARD_B_TEMP_05 | 38.4 | CRITICAL
2026-09-22 05:15:07 | WARD_B_TEMP_01 | 36.3 | NORMAL
2026-09-22 05:15:07 | WARD_B_TEMP_02 | 39.7 | CRITICAL
2026-09-22 05:15:07 | WARD_B_TEMP_03 | 37.7 | WARNING
2026-09-22 05:15:07 | WARD_B_TEMP_04 | 36.4 | NORMAL
2026-09-22 05:15:07 | WARD_B_TEMP_05 | 35.1 | CRITICAL
2026-09-22 05:15:08 | WARD_B_TEMP_01 | 38.4 | CRITICAL
2026-09-22 05:15:08 | WARD_B_TEMP_02 | 36.1 | NORMAL
2026-09-22 05:15:08 | WARD_B_TEMP_03 | 40.0 | CRITICAL
2026-09-22 05:15:08 | WARD_B_TEMP_04 | 37.7 | WARNING
2026-09-22 05:15:08 | WARD_B_TEMP_05 | 37.5 | WARNING
2026-09-22 05:15:09 | WARD_B_TEMP_01 | 35.2 | CRITICAL
2026-09-22 05:15:09 | WARD_B_TEMP_02 | 35.5 | NORMAL
2026-09-22 05:15:09 | WARD_B_TEMP_03 | 37.1 | NORMAL
2026-09-22 05:15:09 | WARD_B_TEMP_04 | 34.7 | CRITICAL
2026-09-22 05:15:09 | WARD_B_TEMP_05 | 38.1 | CRITICAL
2026-09-22 05:15:10 | WARD_B_TEMP_01 | 38.1 | CRITICAL
2026-09-22 05:15:10 | WARD_B_TEMP_02 | 36.9 | NORMAL
2026-09-22 05:15:10 | WARD_B_TEMP_03 | 35.4 | CRITICAL
2026-09-22 05:15:10 | WARD_B_TEMP_04 | 37.1 | NORMAL
2026-09-22 05:15:10 | WARD_B_TEMP_05 | 39.6 | CRITICAL
2026-09-22 05:15:11 | WARD_B_TEMP_01 | 34.6 | CRITICAL
2026-09-22 05:15:11 | WARD_B_TEMP_02 | 36.3 | NORMAL
2026-09-22 05:15:11 | WARD_B_TEMP_03 | 40.0 | CRITICAL
2026-09-22 05:15:11 | WARD_B_TEMP_04 | 40.4 | CRITICAL
2026-09-22 05:15:11 | WARD_B_TEMP_05 | 36.9 | NORMAL
2026-09-22 05:15:12 | WARD_B_TEMP_01 | 39.7 | CRITICAL
2026-09-22 05:15:12 | WARD_B_TEMP_02 | 39.4 | CRITICAL
2026-09-22 05:15:12 | WARD_B_TEMP_03 | 34.8 | CRITICAL
2026-09-22 05:15:12 | WARD_B_TEMP_04 | 40.1 | CRITICAL
2026-09-22 05:15:12 | WARD_B_TEMP_05 | 39.5 | CRITICAL
2026-09-22 05:15:13 | WARD_B_TEMP_01 | 36.3 | NORMAL
2026-09-22 05:15:13 | WARD_B_TEMP_02 | 36.3 | NORMAL
2026-09-22 05:15:13 | WARD_B_TEMP_03 | 39.6 | CRITICAL
2026-09-22 05:15:13 | WARD_B_TEMP_04 | 37.0 | NORMAL
2026-09-22 05:15:13 | WARD_B_TEMP_05 | 40.0 | CRITICAL
2026-09-22 05:15:14 | WARD_B_TEMP_01 | 36.1 | NORMAL
2026-09-22 05:15:14 | WARD_B_TEMP_02 | 36.5 | NORMAL
2026-09-22 05:15:14 | WARD_B_TEMP_03 | 40.5 | CRITICAL
2026-09-22 05:15:14 | WARD_B_TEMP_04 | 36.9 | NORMAL
2026-09-22 05:15:14 | WARD_B_TEMP_05 | 37.4 | NORMAL
2026-09-22 05:15:15 | WARD_B_TEMP_01 | 39.0 | CRITICAL
2026-09-22 05:15:15 | WARD_B_TEMP_02 | 40.3 | CRITICAL
2026-09-22 05:15:15 | WARD_B_TEMP_03 | 38.2 | CRITICAL
2026-09-22 05:15:15 | WARD_B_TEMP_04 | 39.2 | CRITICAL
2026-09-22 05:15:15 | WARD_B_TEMP_05 | 36.0 | NORMAL
2026-09-22 05:15:16 | WARD_B_TEMP_01 | 39.1 | CRITICAL
2026-09-22 05:15:16 | WARD_B_TEMP_02 | 39.4 | CRITICAL
2026-09-22 05:15:16 | WARD_B_TEMP_03 | 37.6 | WARNING
2026-09-22 05:15:16 | WARD_B_TEMP_04 | 38.0 | WARNING
2026-09-22 05:15:16 | WARD_B_TEMP_05 | 35.7 | NORMAL
2026-09-22 05:15:17 | WARD_B_TEMP_01 | 39.3 | CRITICAL
2026-09-22 05:15:17 | WARD_B_TEMP_02 | 37.4 | NORMAL
2026-09-22 05:15:17 | WARD_B_TEMP_03 | 38.6 | CRITICAL
2026-09-22 05:15:17 | WARD_B_TEMP_04 | 37.8 | WARNING
2026-09-22 05:15:17 | WARD_B_TEMP_05 | 35.8 | NORMAL
2026-09-22 05:15:18 | WARD_B_TEMP_01 | 35.9 | NORMAL
2026-09-22 05:15:18 | WARD_B_TEMP_02 | 39.8 | CRITICAL
2026-09-22 05:15:18 | WARD_B_TEMP_03 | 39.0 | CRITICAL
2026-09-22 05:15:18 | WARD_B_TEMP_04 | 38.0 | WARNING
2026-09-22 05:15:18 | WARD_B_TEMP_05 | 35.7 | NORMAL
2026-09-22 05:15:19 | WARD_B_TEMP_01 | 35.6 | NORMAL
2026-09-22 05:15:19 | WARD_B_TEMP_02 | 36.4 | NORMAL
2026-09-22 05:15:19 | WARD_B_TEMP_03 | 35.9 | NORMAL
2026-09-22 05:15:19 | WARD_B_TEMP_04 | 36.3 | NORMAL
2026-09-22 05:15:19 | WARD_B_TEMP_05 | 37.8 | WARNING
2026-09-22 05:15:20 | WARD_B_TEMP_01 | 36.8 | NORMAL
2026-09-22 05:15:20 | WARD_B_TEMP_02 | 36.0 | NORMAL
2026-09-22 05:15:20 | WARD_B_TEMP_03 | 38.2 | CRITICAL
2026-09-22 05:15:20 | WARD_B_TEMP_04 | 37.0 | NORMAL
2026-09-22 05:15:20 | WARD_B_TEMP_05 | 37.1 | NORMAL
2026-09-22 05:15:21 | WARD_B_TEMP_01 | 37.8 | WARNING
2026-09-22 05:15:21 | WARD_B_TEMP_02 | 34.5 | CRITICAL
2026-09-22 05:15:21 | WARD_B_TEMP_03 | 39.8 | CRITICAL
2026-09-22 05:15:21 | WARD_B_TEMP_04 | 37.4 | NORMAL
2026-09-22 05:15:21 | WARD_B_TEMP_05 | 37.7 | WARNING
2026-09-22 05:15:22 | WARD_B_TEMP_01 | 40.4 | CRITICAL
2026-09-22 05:15:22 | WARD_B_TEMP_02 | 35.0 | CRITICAL
2026-09-22 05:15:22 | WARD_B_TEMP_03 | 38.0 | WARNING
2026-09-22 05:15:22 | WARD_B_TEMP_04 | 38.5 | CRITICAL
2026-09-22 05:15:22 | WARD_B_TEMP_05 | 39.4 | CRITICAL
2026-09-22 05:15:23 | WARD_B_TEMP_01 | 38.9 | CRITICAL
2026-09-22 05:15:23 | WARD_B_TEMP_02 | 34.9 | CRITICAL
2026-09-22 05:15:23 | WARD_B_TEMP_03 | 39.3 | CRITICAL
2026-09-22 05:15:23 | WARD_B_TEMP_04 | 35.0 | CRITICAL
2026-09-22 05:15:23 | WARD_B_TEMP_05 | 40.2 | CRITICAL
2026-09-22 05:15:24 | WARD_B_TEMP_01 | 35.0 | CRITICAL
2026-09-22 05:15:24 | WARD_B_TEMP_02 | 39.2 | CRITICAL
2026-09-22 05:15:24 | WARD_B_TEMP_03 | 40.4 | CRITICAL
2026-09-22 05:15:24 | WARD_B_TEMP_04 | 36.8 | NORMAL
2026-09-22 05:15:24 | WARD_B_TEMP_05 | 38.7 | CRITICAL
2026-09-22 05:15:25 | WARD_B_TEMP_01 | 38.9 | CRITICAL
2026-09-22 05:15:25 | WARD_B_TEMP_02 | 38.8 | CRITICAL
2026-09-22 05:15:25 | WARD_B_TEMP_03 | 36.1 | NORMAL
2026-09-22 05:15:25 | WARD_B_TEMP_04 | 36.7 | NORMAL
2026-09-22 05:15:25 | WARD_B_TEMP_05 | 39.2 | CRITICAL
2026-09-22 05:15:26 | WARD_B_TEMP_01 | 39.8 | CRITICAL
2026-09-22 05:15:26 | WARD_B_TEMP_02 | 37.1 | NORMAL
2026-09-22 05:15:26 | WARD_B_TEMP_03 | 37.8 | WARNING
2026-09-22 05:15:26 | WARD_B_TEMP_04 | 36.0 | NORMAL
2026-09-22 05:15:26 | WARD_B_TEMP_05 | 36.7 | NORMAL
2026-09-22 05:15:27 | WARD_B_TEMP_01 | 35.6 | NORMAL
2026-09-22 05:15:27 | WARD_B_TEMP_02 | 38.1 | CRITICAL
2026-09-22 05:15:27 | WARD_B_TEMP_03 | 37.2 | NORMAL
2026-09-22 05:15:27 | WARD_B_TEMP_04 | 34.7 | CRITICAL
2026-09-22 05:15:27 | WARD_B_TEMP_05 | 35.7 | NORMAL
2026-09-22 05:15:28 | WARD_B_TEMP_01 | 35.9 | NORMAL
2026-09-22 05:15:28 | WARD_B_TEMP_02 | 40.4 | CRITICAL
2026-09-22 05:15:28 | WARD_B_TEMP_03 | 36.4 | NORMAL
2026-09-22 05:15:28 | WARD_B_TEMP_04 | 35.8 | NORMAL
2026-09-22 05:15:28 | WARD_B_TEMP_05 | 36.3 | NORMAL
2026-09-22 05:15:29 | WARD_B_TEMP_01 | 35.1 | CRITICAL
2026-09-22 05:15:29 | WARD_B_TEMP_02 | 40.5 | CRITICAL
2026-09-22 05:15:29 | WARD_B_TEMP_03 | 37.5 | WARNING
2026-09-22 05:15:29 | WARD_B_TEMP_04 | 36.2 | NORMAL
2026-09-22 05:15:29 | WARD_B_TEMP_05 | 36.4 | NORMAL
2026-09-22 05:15:30 | WARD_B_TEMP_01 | 37.6 | WARNING
2026-09-22 05:15:30 | WARD_B_TEMP_02 | 34.6 | CRITICAL
2026-09-22 05:15:30 | WARD_B_TEMP_03 | 38.8 | CRITICAL
2026-09-22 05:15:30 | WARD_B_TEMP_04 | 39.5 | CRITICAL
2026-09-22 05:15:30 | WARD_B_TEMP_05 | 34.9 | CRITICAL
2026-09-22 05:15:31 | WARD_B_TEMP_01 | 35.0 | CRITICAL
2026-09-22 05:15:31 | WARD_B_TEMP_02 | 37.0 | NORMAL
2026-09-22 05:15:31 | WARD_B_TEMP_03 | 37.1 | NORMAL
2026-09-22 05:15:31 | WARD_B_TEMP_04 | 38.5 | CRITICAL
2026-09-22 05:15:31 | WARD_B_TEMP_05 | 38.6 | CRITICAL
2026-09-22 05:15:32 | WARD_B_TEMP_01 | 40.2 | CRITICAL
2026-09-22 05:15:32 | WARD_B_TEMP_02 | 36.3 | NORMAL
2026-09-22 05:15:32 | WARD_B_TEMP_03 | 40.2 | CRITICAL
2026-09-22 05:15:32 | WARD_B_TEMP_04 | 35.9 | NORMAL
2026-09-22 05:15:32 | WARD_B_TEMP_05 | 39.0 | CRITICAL
2026-09-22 05:15:33 | WARD_B_TEMP_01 | 38.1 | CRITICAL
2026-09-22 05:15:33 | WARD_B_TEMP_02 | 36.3 | NORMAL
2026-09-22 05:15:33 | WARD_B_TEMP_03 | 39.9 | CRITICAL
2026-09-22 05:15:33 | WARD_B_TEMP_04 | 39.5 | CRITICAL
2026-09-22 05:15:33 | WARD_B_TEMP_05 | 36.9 | NORMAL
2026-09-22 05:15:34 | WARD_B_TEMP_01 | 39.5 | CRITICAL
2026-09-22 05:15:34 | WARD_B_TEMP_02 | 37.1 | NORMAL
2026-09-22 05:15:34 | WARD_B_TEMP_03 | 37.0 | NORMAL
2026-09-22 05:15:34 | WARD_B_TEMP_04 | 36.7 | NORMAL
2026-09-22 05:15:34 | WARD_B_TEMP_05 | 36.5 | NORMAL
2026-09-22 05:15:35 | WARD_B_TEMP_01 | 39.4 | CRITICAL
2026-09-22 05:15:35 | WARD_B_TEMP_02 | 38.1 | CRITICAL
2026-09-22 05:15:35 | WARD_B_TEMP_03 | 36.8 | NORMAL
2026-09-22 05:15:35 | WARD_B_TEMP_04 | 35.1 | CRITICAL
2026-09-22 05:15:35 | WARD_B_TEMP_05 | 35.5 | NORMAL
2026-09-22 05:15:36 | WARD_B_TEMP_01 | 34.6 | CRITICAL
2026-09-22 05:15:36 | WARD_B_TEMP_02 | 38.8 | CRITICAL
2026-09-22 05:15:36 | WARD_B_TEMP_03 | 35.7 | NORMAL
2026-09-22 05:15:36 | WARD_B_TEMP_04 | 35.4 | CRITICAL
2026-09-22 05:15:36 | WARD_B_TEMP_05 | 37.5 | WARNING
2026-09-22 05:15:37 | WARD_B_TEMP_01 | 37.0 | NORMAL
2026-09-22 05:15:37 | WARD_B_TEMP_02 | 38.4 | CRITICAL
2026-09-22 05:15:37 | WARD_B_TEMP_03 | 36.4 | NORMAL
2026-09-22 05:15:37 | WARD_B_TEMP_04 | 34.9 | CRITICAL
2026-09-22 05:15:37 | WARD_B_TEMP_05 | 40.0 | CRITICAL
2026-09-22 05:15:38 | WARD_B_TEMP_01 | 36.8 | NORMAL
2026-09-22 05:15:38 | WARD_B_TEMP_02 | 38.5 | CRITICAL
2026-09-22 05:15:38 | WARD_B_TEMP_03 | 37.9 | WARNING
2026-09-22 05:15:38 | WARD_B_TEMP_04 | 36.0 | NORMAL
2026-09-22 05:15:38 | WARD_B_TEMP_05 | 36.3 | NORMAL
2026-09-22 05:15:39 | WARD_B_TEMP_01 | 37.9 | WARNING
2026-09-22 05:15:39 | WARD_B_TEMP_02 | 39.5 | CRITICAL
2026-09-22 05:15:39 | WARD_B_TEMP_03 | 37.3 | NORMAL
2026-09-22 05:15:39 | WARD_B_TEMP_04 | 36.7 | NORMAL
2026-09-22 05:15:39 | WARD_B_TEMP_05 | 35.0 | CRITICAL
2026-09-22 05:15:40 | WARD_B_TEMP_01 | 36.2 | NORMAL
2026-09-22 05:15:40 | WARD_B_TEMP_02 | 36.0 | NORMAL
2026-09-22 05:15:40 | WARD_B_TEMP_03 | 36.1 | NORMAL
2026-09-22 05:15:40 | WARD_B_TEMP_04 | 38.7 | CRITICAL
2026-09-22 05:15:40 | WARD_B_TEMP_05 | 34.7 | CRITICAL
2026-09-22 05:15:41 | WARD_B_TEMP_01 | 39.5 | CRITICAL
2026-09-22 05:15:41 | WARD_B_TEMP_02 | 37.4 | NORMAL
2026-09-22 05:15:41 | WARD_B_TEMP_03 | 40.4 | CRITICAL
2026-09-22 05:15:41 | WARD_B_TEMP_04 | 37.5 | WARNING
2026-09-22 05:15:41 | WARD_B_TEMP_05 | 37.2 | NORMAL
2026-09-22 05:15:42 | WARD_B_TEMP_01 | 37.1 | NORMAL
2026-09-22 05:15:42 | WARD_B_TEMP_02 | 39.5 | CRITICAL
2026-09-22 05:15:42 | WARD_B_TEMP_03 | 39.2 | CRITICAL
2026-09-22 05:15:42 | WARD_B_TEMP_04 | 36.2 | NORMAL
2026-09-22 05:15:42 | WARD_B_TEMP_05 | 35.4 | CRITICAL
2026-09-22 05:15:43 | WARD_B_TEMP_01 | 39.2 | CRITICAL
2026-09-22 05:15:43 | WARD_B_TEMP_02 | 38.1 | CRITICAL
2026-09-22 05:15:43 | WARD_B_TEMP_03 | 39.8 | CRITICAL
2026-09-22 05:15:43 | WARD_B_TEMP_04 | 39.7 | CRITICAL
2026-09-22 05:15:43 | WARD_B_TEMP_05 | 40.0 | CRITICAL
2026-09-22 05:15:44 | WARD_B_TEMP_01 | 35.5 | NORMAL
2026-09-22 05:15:44 | WARD_B_TEMP_02 | 38.2 | CRITICAL
2026-09-22 05:15:44 | WARD_B_TEMP_03 | 35.9 | NORMAL
2026-09-22 05:15:44 | WARD_B_TEMP_04 | 37.5 | WARNING
2026-09-22 05:15:44 | WARD_B_TEMP_05 | 35.0 | CRITICAL
2026-09-22 05:15:45 | WARD_B_TEMP_01 | 38.8 | CRITICAL
2026-09-22 05:15:45 | WARD_B_TEMP_02 | 37.4 | NORMAL
2026-09-22 05:15:45 | WARD_B_TEMP_03 | 39.7 | CRITICAL
2026-09-22 05:15:45 | WARD_B_TEMP_04 | 36.3 | NORMAL
2026-09-22 05:15:45 | WARD_B_TEMP_05 | 35.2 | CRITICAL
2026-09-22 05:15:46 | WARD_B_TEMP_01 | 38.7 | CRITICAL
2026-09-22 05:15:46 | WARD_B_TEMP_02 | 35.4 | CRITICAL
2026-09-22 05:15:46 | WARD_B_TEMP_03 | 36.1 | NORMAL
2026-09-22 05:15:46 | WARD_B_TEMP_04 | 36.8 | NORMAL
2026-09-22 05:15:46 | WARD_B_TEMP_05 | 36.1 | NORMAL
2026-09-22 05:15:47 | WARD_B_TEMP_01 | 38.0 | WARNING
2026-09-22 05:15:47 | WARD_B_TEMP_02 | 36.9 | NORMAL
2026-09-22 05:15:47 | WARD_B_TEMP_03 | 38.3 | CRITICAL
2026-09-22 05:15:47 | WARD_B_TEMP_04 | 36.0 | NORMAL
2026-09-22 05:15:47 | WARD_B_TEMP_05 | 36.6 | NORMAL
2026-09-22 05:15:48 | WARD_B_TEMP_01 | 39.8 | CRITICAL
2026-09-22 05:15:48 | WARD_B_TEMP_02 | 38.0 | WARNING
2026-09-22 05:15:48 | WARD_B_TEMP_03 | 34.9 | CRITICAL
2026-09-22 05:15:48 | WARD_B_TEMP_04 | 36.3 | NORMAL
2026-09-22 05:15:48 | WARD_B_TEMP_05 | 34.7 | CRITICAL
2026-09-22 05:15:49 | WARD_B_TEMP_01 | 40.4 | CRITICAL
2026-09-22 05:15:49 | WARD_B_TEMP_02 | 38.4 | CRITICAL
2026-09-22 05:15:49 | WARD_B_TEMP_03 | 38.9 | CRITICAL
2026-09-22 05:15:49 | WARD_B_TEMP_04 | 37.6 | WARNING
2026-09-22 05:15:49 | WARD_B_TEMP_05 | 35.4 | CRITICAL
2026-09-22 05:15:50 | WARD_B_TEMP_01 | 40.1 | CRITICAL
2026-09-22 05:15:50 | WARD_B_TEMP_02 | 36.9 | NORMAL
2026-09-22 05:15:50 | WARD_B_TEMP_03 | 39.8 | CRITICAL
2026-09-22 05:15:50 | WARD_B_TEMP_04 | 38.4 | CRITICAL
2026-09-22 05:15:50 | WARD_B_TEMP_05 | 37.6 | WARNING
2026-09-22 05:15:51 | WARD_B_TEMP_01 | 36.1 | NORMAL
2026-09-22 05:15:51 | WARD_B_TEMP_02 | 35.1 | CRITICAL
2026-09-22 05:15:51 | WARD_B_TEMP_03 | 35.0 | CRITICAL
2026-09-22 05:15:51 | WARD_B_TEMP_04 | 37.2 | NORMAL
2026-09-22 05:15:51 | WARD_B_TEMP_05 | 35.6 | NORMAL
2026-09-22 05:15:52 | WARD_B_TEMP_01 | 39.1 | CRITICAL
2026-09-22 05:15:52 | WARD_B_TEMP_02 | 34.9 | CRITICAL
2026-09-22 05:15:52 | WARD_B_TEMP_03 | 34.8 | CRITICAL
2026-09-22 05:15:52 | WARD_B_TEMP_04 | 39.7 | CRITICAL
2026-09-22 05:15:52 | WARD_B_TEMP_05 | 37.9 | WARNING
2026-09-22 05:15:53 | WARD_B_TEMP_01 | 34.9 | CRITICAL
2026-09-22 05:15:53 | WARD_B_TEMP_02 | 39.7 | CRITICAL
2026-09-22 05:15:53 | WARD_B_TEMP_03 | 35.5 | NORMAL
2026-09-22 05:15:53 | WARD_B_TEMP_04 | 35.3 | CRITICAL
2026-09-22 05:15:53 | WARD_B_TEMP_05 | 38.2 | CRITICAL
2026-09-22 05:15:54 | WARD_B_TEMP_01 | 36.0 | NORMAL
2026-09-22 05:15:54 | WARD_B_TEMP_02 | 34.9 | CRITICAL
2026-09-22 05:15:54 | WARD_B_TEMP_03 | 34.5 | CRITICAL
2026-09-22 05:15:54 | WARD_B_TEMP_04 | 34.7 | CRITICAL
2026-09-22 05:15:54 | WARD_B_TEMP_05 | 37.3 | NORMAL
2026-09-22 05:15:55 | WARD_B_TEMP_01 | 35.5 | NORMAL
2026-09-22 05:15:55 | WARD_B_TEMP_02 | 36.5 | NORMAL
2026-09-22 05:15:55 | WARD_B_TEMP_03 | 38.3 | CRITICAL
2026-09-22 05:15:55 | WARD_B_TEMP_04 | 38.6 | CRITICAL
2026-09-22 05:15:55 | WARD_B_TEMP_05 | 39.3 | CRITICAL
2026-09-22 05:15:56 | WARD_B_TEMP_01 | 34.7 | CRITICAL
2026-09-22 05:15:56 | WARD_B_TEMP_02 | 38.6 | CRITICAL
2026-09-22 05:15:56 | WARD_B_TEMP_03 | 35.5 | NORMAL
2026-09-22 05:15:56 | WARD_B_TEMP_04 | 36.4 | NORMAL
2026-09-22 05:15:56 | WARD_B_TEMP_05 | 37.4 | NORMAL
2026-09-22 05:15:57 | WARD_B_TEMP_01 | 36.3 | NORMAL
2026-09-22 05:15:57 | WARD_B_TEMP_02 | 40.4 | CRITICAL
2026-09-22 05:15:57 | WARD_B_TEMP_03 | 39.0 | CRITICAL
2026-09-22 05:15:57 | WARD_B_TEMP_04 | 38.9 | CRITICAL
2026-09-22 05:15:57 | WARD_B_TEMP_05 | 39.4 | CRITICAL
2026-09-22 05:15:58 | WARD_B_TEMP_01 | 39.9 | CRITICAL
2026-09-22 05:15:58 | WARD_B_TEMP_02 | 38.5 | CRITICAL
2026-09-22 05:15:58 | WARD_B_TEMP_03 | 34.7 | CRITICAL
2026-09-22 05:15:58 | WARD_B_TEMP_04 | 36.0 | NORMAL
2026-09-22 05:15:58 | WARD_B_TEMP_05 | 37.9 | WARNING
2026-09-22 05:15:59 | WARD_B_TEMP_01 | 36.7 | NORMAL
2026-09-22 05:15:59 | WARD_B_TEMP_02 | 36.8 | NORMAL
2026-09-22 05:15:59 | WARD_B_TEMP_03 | 40.0 | CRITICAL
2026-09-22 05:15:59 | WARD_B_TEMP_04 | 36.8 | NORMAL
2026-09-22 05:15:59 | WARD_B_TEMP_05 | 35.0 | CRITICAL
2026-09-22 05:16:00 | WARD_B_TEMP_01 | 35.4 | CRITICAL
2026-09-22 05:16:00 | WARD_B_TEMP_02 | 40.0 | CRITICAL
2026-09-22 05:16:00 | WARD_B_TEMP_03 | 36.1 | NORMAL
2026-09-22 05:16:00 | WARD_B_TEMP_04 | 34.9 | CRITICAL
2026-09-22 05:16:00 | WARD_B_TEMP_05 | 36.1 | NORMAL
2026-09-22 05:16:01 | WARD_B_TEMP_01 | 40.3 | CRITICAL
2026-09-22 05:16:01 | WARD_B_TEMP_02 | 40.0 | CRITICAL
2026-09-22 05:16:01 | WARD_B_TEMP_03 | 37.3 | NORMAL
2026-09-22 05:16:01 | WARD_B_TEMP_04 | 36.6 | NORMAL
2026-09-22 05:16:01 | WARD_B_TEMP_05 | 35.4 | CRITICAL
2026-09-22 05:16:03 | WARD_B_TEMP_01 | 39.9 | CRITICAL
2026-09-22 05:16:03 | WARD_B_TEMP_02 | 39.5 | CRITICAL
2026-09-22 05:16:03 | WARD_B_TEMP_03 | 40.3 | CRITICAL
2026-09-22 05:16:03 | WARD_B_TEMP_04 | 36.1 | NORMAL
2026-09-22 05:16:03 | WARD_B_TEMP_05 | 35.1 | CRITICAL
2026-09-22 05:16:04 | WARD_B_TEMP_01 | 36.9 | NORMAL
2026-09-22 05:16:04 | WARD_B_TEMP_02 | 40.2 | CRITICAL
2026-09-22 05:16:04 | WARD_B_TEMP_03 | 38.2 | CRITICAL
2026-09-22 05:16:04 | WARD_B_TEMP_04 | 36.5 | NORMAL
2026-09-22 05:16:04 | WARD_B_TEMP_05 | 35.3 | CRITICAL
2026-09-22 05:16:05 | WARD_B_TEMP_01 | 35.3 | CRITICAL
2026-09-22 05:16:05 | WARD_B_TEMP_02 | 38.1 | CRITICAL
2026-09-22 05:16:05 | WARD_B_TEMP_03 | 36.0 | NORMAL
2026-09-22 05:16:05 | WARD_B_TEMP_04 | 38.2 | CRITICAL
2026-09-22 05:16:05 | WARD_B_TEMP_05 | 40.4 | CRITICAL
2026-09-22 05:16:06 | WARD_B_TEMP_01 | 36.1 | NORMAL
2026-09-22 05:16:06 | WARD_B_TEMP_02 | 35.2 | CRITICAL
2026-09-22 05:16:06 | WARD_B_TEMP_03 | 40.0 | CRITICAL
2026-09-22 05:16:06 | WARD_B_TEMP_04 | 35.7 | NORMAL
2026-09-22 05:16:06 | WARD_B_TEMP_05 | 37.2 | NORMAL
2026-09-22 05:16:07 | WARD_B_TEMP_01 | 38.1 | CRITICAL
2026-09-22 05:16:07 | WARD_B_TEMP_02 | 38.6 | CRITICAL
2026-09-22 05:16:07 | WARD_B_TEMP_03 | 37.8 | WARNING
2026-09-22 05:16:07 | WARD_B_TEMP_04 | 36.3 | NORMAL
2026-09-22 05:16:07 | WARD_B_TEMP_05 | 40.0 | CRITICAL
2026-09-22 05:16:08 | WARD_B_TEMP_01 | 36.4 | NORMAL
2026-09-22 05:16:08 | WARD_B_TEMP_02 | 40.2 | CRITICAL
2026-09-22 05:16:08 | WARD_B_TEMP_03 | 39.5 | CRITICAL
2026-09-22 05:16:08 | WARD_B_TEMP_04 | 39.5 | CRITICAL
2026-09-22 05:16:08 | WARD_B_TEMP_05 | 35.8 | NORMAL
2026-09-22 05:16:09 | WARD_B_TEMP_01 | 39.4 | CRITICAL
2026-09-22 05:16:09 | WARD_B_TEMP_02 | 38.1 | CRITICAL
2026-09-22 05:16:09 | WARD_B_TEMP_03 | 36.7 | NORMAL
2026-09-22 05:16:09 | WARD_B_TEMP_04 | 38.4 | CRITICAL
2026-09-22 05:16:09 | WARD_B_TEMP_05 | 35.0 | CRITICAL
2026-09-22 05:16:10 | WARD_B_TEMP_01 | 37.3 | NORMAL
2026-09-22 05:16:10 | WARD_B_TEMP_02 | 35.4 | CRITICAL
2026-09-22 05:16:10 | WARD_B_TEMP_03 | 39.3 | CRITICAL
2026-09-22 05:16:10 | WARD_B_TEMP_04 | 35.3 | CRITICAL
2026-09-22 05:16:10 | WARD_B_TEMP_05 | 39.5 | CRITICAL
2026-09-22 05:16:11 | WARD_B_TEMP_01 | 40.0 | CRITICAL
2026-09-22 05:16:11 | WARD_B_TEMP_02 | 38.7 | CRITICAL
2026-09-22 05:16:11 | WARD_B_TEMP_03 | 36.8 | NORMAL
2026-09-22 05:16:11 | WARD_B_TEMP_04 | 34.9 | CRITICAL
2026-09-22 05:16:11 | WARD_B_TEMP_05 | 35.5 | NORMAL
2026-09-22 05:16:12 | WARD_B_TEMP_01 | 40.2 | CRITICAL
2026-09-22 05:16:12 | WARD_B_TEMP_02 | 39.6 | CRITICAL
2026-09-22 05:16:12 | WARD_B_TEMP_03 | 38.4 | CRITICAL
2026-09-22 05:16:12 | WARD_B_TEMP_04 | 36.5 | NORMAL
2026-09-22 05:16:12 | WARD_B_TEMP_05 | 35.7 | NORMAL
2026-09-22 05:16:13 | WARD_B_TEMP_01 | 36.2 | NORMAL
2026-09-22 05:16:13 | WARD_B_TEMP_02 | 36.0 | NORMAL
2026-09-22 05:16:13 | WARD_B_TEMP_03 | 39.7 | CRITICAL
2026-09-22 05:16:13 | WARD_B_TEMP_04 | 37.4 | NORMAL
2026-09-22 05:16:13 | WARD_B_TEMP_05 | 35.8 | NORMAL
2026-09-22 05:16:14 | WARD_B_TEMP_01 | 35.7 | NORMAL
2026-09-22 05:16:14 | WARD_B_TEMP_02 | 35.8 | NORMAL
2026-09-22 05:16:14 | WARD_B_TEMP_03 | 36.7 | NORMAL
2026-09-22 05:16:14 | WARD_B_TEMP_04 | 34.6 | CRITICAL
2026-09-22 05:16:14 | WARD_B_TEMP_05 | 37.3 | NORMAL
2026-09-22 05:16:15 | WARD_B_TEMP_01 | 36.9 | NORMAL
2026-09-22 05:16:15 | WARD_B_TEMP_02 | 35.4 | CRITICAL
2026-09-22 05:16:15 | WARD_B_TEMP_03 | 35.5 | NORMAL
2026-09-22 05:16:15 | WARD_B_TEMP_04 | 39.7 | CRITICAL
2026-09-22 05:16:15 | WARD_B_TEMP_05 | 36.4 | NORMAL
2026-09-22 05:16:16 | WARD_B_TEMP_01 | 37.8 | WARNING
2026-09-22 05:16:16 | WARD_B_TEMP_02 | 36.8 | NORMAL
2026-09-22 05:16:16 | WARD_B_TEMP_03 | 37.5 | WARNING
2026-09-22 05:16:16 | WARD_B_TEMP_04 | 38.8 | CRITICAL
2026-09-22 05:16:16 | WARD_B_TEMP_05 | 36.3 | NORMAL
2026-09-22 05:16:17 | WARD_B_TEMP_01 | 37.2 | NORMAL
2026-09-22 05:16:17 | WARD_B_TEMP_02 | 35.8 | NORMAL
2026-09-22 05:16:17 | WARD_B_TEMP_03 | 36.6 | NORMAL
2026-09-22 05:16:17 | WARD_B_TEMP_04 | 39.2 | CRITICAL
2026-09-22 05:16:17 | WARD_B_TEMP_05 | 37.1 | NORMAL
2026-09-22 05:16:18 | WARD_B_TEMP_01 | 40.5 | CRITICAL
2026-09-22 05:16:18 | WARD_B_TEMP_02 | 37.8 | WARNING
2026-09-22 05:16:18 | WARD_B_TEMP_03 | 39.5 | CRITICAL
2026-09-22 05:16:18 | WARD_B_TEMP_04 | 39.9 | CRITICAL
2026-09-22 05:16:18 | WARD_B_TEMP_05 | 38.8 | CRITICAL
2026-09-22 05:16:19 | WARD_B_TEMP_01 | 37.1 | NORMAL
2026-09-22 05:16:19 | WARD_B_TEMP_02 | 36.8 | NORMAL
2026-09-22 05:16:19 | WARD_B_TEMP_03 | 39.3 | CRITICAL
2026-09-22 05:16:19 | WARD_B_TEMP_04 | 35.0 | CRITICAL
2026-09-22 05:16:19 | WARD_B_TEMP_05 | 37.5 | WARNING
2026-09-22 05:16:20 | WARD_B_TEMP_01 | 36.0 | NORMAL
2026-09-22 05:16:20 | WARD_B_TEMP_02 | 36.1 | NORMAL
2026-09-22 05:16:20 | WARD_B_TEMP_03 | 39.1 | CRITICAL
2026-09-22 05:16:20 | WARD_B_TEMP_04 | 39.0 | CRITICAL
2026-09-22 05:16:20 | WARD_B_TEMP_05 | 34.7 | CRITICAL
2026-09-22 05:16:21 | WARD_B_TEMP_01 | 35.1 | CRITICAL
2026-09-22 05:16:21 | WARD_B_TEMP_02 | 38.6 | CRITICAL
2026-09-22 05:16:21 | WARD_B_TEMP_03 | 34.8 | CRITICAL
2026-09-22 05:16:21 | WARD_B_TEMP_04 | 37.2 | NORMAL
2026-09-22 05:16:21 | WARD_B_TEMP_05 | 39.4 | CRITICAL
2026-09-22 05:16:22 | WARD_B_TEMP_01 | 38.3 | CRITICAL
2026-09-22 05:16:22 | WARD_B_TEMP_02 | 34.9 | CRITICAL
2026-09-22 05:16:22 | WARD_B_TEMP_03 | 39.5 | CRITICAL
2026-09-22 05:16:22 | WARD_B_TEMP_04 | 36.4 | NORMAL
2026-09-22 05:16:22 | WARD_B_TEMP_05 | 37.6 | WARNING
2026-09-22 05:16:23 | WARD_B_TEMP_01 | 36.9 | NORMAL
2026-09-22 05:16:23 | WARD_B_TEMP_02 | 39.1 | CRITICAL
2026-09-22 05:16:23 | WARD_B_TEMP_03 | 36.9 | NORMAL
2026-09-22 05:16:23 | WARD_B_TEMP_04 | 34.5 | CRITICAL
2026-09-22 05:16:23 | WARD_B_TEMP_05 | 37.5 | WARNING
2026-09-22 05:16:24 | WARD_B_TEMP_01 | 37.6 | WARNING
2026-09-22 05:16:24 | WARD_B_TEMP_02 | 39.2 | CRITICAL
2026-09-22 05:16:24 | WARD_B_TEMP_03 | 39.8 | CRITICAL
2026-09-22 05:16:24 | WARD_B_TEMP_04 | 38.3 | CRITICAL
2026-09-22 05:16:24 | WARD_B_TEMP_05 | 39.5 | CRITICAL
2026-09-22 05:16:25 | WARD_B_TEMP_01 | 37.6 | WARNING
2026-09-22 05:16:25 | WARD_B_TEMP_02 | 36.1 | NORMAL
2026-09-22 05:16:25 | WARD_B_TEMP_03 | 38.6 | CRITICAL
2026-09-22 05:16:25 | WARD_B_TEMP_04 | 37.4 | NORMAL
2026-09-22 05:16:25 | WARD_B_TEMP_05 | 40.2 | CRITICAL
2026-09-22 05:16:26 | WARD_B_TEMP_01 | 34.7 | CRITICAL
2026-09-22 05:16:26 | WARD_B_TEMP_02 | 37.1 | NORMAL
2026-09-22 05:16:26 | WARD_B_TEMP_03 | 38.0 | WARNING
2026-09-22 05:16:26 | WARD_B_TEMP_04 | 36.3 | NORMAL
2026-09-22 05:16:26 | WARD_B_TEMP_05 | 37.0 | NORMAL
2026-09-22 05:16:27 | WARD_B_TEMP_01 | 37.6 | WARNING
2026-09-22 05:16:27 | WARD_B_TEMP_02 | 35.5 | NORMAL
2026-09-22 05:16:27 | WARD_B_TEMP_03 | 37.4 | NORMAL
2026-09-22 05:16:27 | WARD_B_TEMP_04 | 36.6 | NORMAL
2026-09-22 05:16:27 | WARD_B_TEMP_05 | 36.2 | NORMAL
2026-09-22 05:16:28 | WARD_B_TEMP_01 | 40.2 | CRITICAL
2026-09-22 05:16:28 | WARD_B_TEMP_02 | 35.6 | NORMAL
2026-09-22 05:16:28 | WARD_B_TEMP_03 | 39.0 | CRITICAL
2026-09-22 05:16:28 | WARD_B_TEMP_04 | 40.1 | CRITICAL
2026-09-22 05:16:28 | WARD_B_TEMP_05 | 35.0 | CRITICAL
2026-09-22 05:16:29 | WARD_B_TEMP_01 | 35.1 | CRITICAL
2026-09-22 05:16:29 | WARD_B_TEMP_02 | 40.5 | CRITICAL
2026-09-22 05:16:29 | WARD_B_TEMP_03 | 39.6 | CRITICAL
2026-09-22 05:16:29 | WARD_B_TEMP_04 | 36.9 | NORMAL
2026-09-22 05:16:29 | WARD_B_TEMP_05 | 37.0 | NORMAL
2026-09-22 05:16:30 | WARD_B_TEMP_01 | 39.0 | CRITICAL
2026-09-22 05:16:30 | WARD_B_TEMP_02 | 38.1 | CRITICAL
2026-09-22 05:16:30 | WARD_B_TEMP_03 | 40.1 | CRITICAL
2026-09-22 05:16:30 | WARD_B_TEMP_04 | 40.2 | CRITICAL
2026-09-22 05:16:30 | WARD_B_TEMP_05 | 37.1 | NORMAL
2026-09-22 05:16:31 | WARD_B_TEMP_01 | 36.7 | NORMAL
2026-09-22 05:16:31 | WARD_B_TEMP_02 | 39.6 | CRITICAL
2026-09-22 05:16:31 | WARD_B_TEMP_03 | 35.1 | CRITICAL
2026-09-22 05:16:31 | WARD_B_TEMP_04 | 36.2 | NORMAL
2026-09-22 05:16:31 | WARD_B_TEMP_05 | 38.2 | CRITICAL
2026-09-22 05:16:32 | WARD_B_TEMP_01 | 34.6 | CRITICAL
2026-09-22 05:16:32 | WARD_B_TEMP_02 | 35.4 | CRITICAL
2026-09-22 05:16:32 | WARD_B_TEMP_03 | 38.4 | CRITICAL
2026-09-22 05:16:32 | WARD_B_TEMP_04 | 38.3 | CRITICAL
2026-09-22 05:16:32 | WARD_B_TEMP_05 | 40.3 | CRITICAL
2026-09-22 05:16:33 | WARD_B_TEMP_01 | 35.5 | NORMAL
2026-09-22 05:16:33 | WARD_B_TEMP_02 | 35.7 | NORMAL
2026-09-22 05:16:33 | WARD_B_TEMP_03 | 34.7 | CRITICAL
2026-09-22 05:16:33 | WARD_B_TEMP_04 | 36.3 | NORMAL
2026-09-22 05:16:33 | WARD_B_TEMP_05 | 34.8 | CRITICAL
2026-09-22 05:16:34 | WARD_B_TEMP_01 | 37.5 | WARNING
2026-09-22 05:16:34 | WARD_B_TEMP_02 | 37.8 | WARNING
2026-09-22 05:16:34 | WARD_B_TEMP_03 | 38.0 | WARNING
2026-09-22 05:16:34 | WARD_B_TEMP_04 | 37.7 | WARNING
2026-09-22 05:16:34 | WARD_B_TEMP_05 | 39.8 | CRITICAL
2026-09-22 05:16:35 | WARD_B_TEMP_01 | 37.1 | NORMAL
2026-09-22 05:16:35 | WARD_B_TEMP_02 | 39.3 | CRITICAL
2026-09-22 05:16:35 | WARD_B_TEMP_03 | 38.9 | CRITICAL
2026-09-22 05:16:35 | WARD_B_TEMP_04 | 35.3 | CRITICAL
2026-09-22 05:16:35 | WARD_B_TEMP_05 | 36.4 | NORMAL
2026-09-22 05:16:36 | WARD_B_TEMP_01 | 36.1 | NORMAL
2026-09-22 05:16:36 | WARD_B_TEMP_02 | 36.9 | NORMAL
2026-09-22 05:16:36 | WARD_B_TEMP_03 | 36.5 | NORMAL
2026-09-22 05:16:36 | WARD_B_TEMP_04 | 39.7 | CRITICAL
2026-09-22 05:16:36 | WARD_B_TEMP_05 | 39.1 | CRITICAL
2026-09-22 05:16:37 | WARD_B_TEMP_01 | 36.8 | NORMAL
2026-09-22 05:16:37 | WARD_B_TEMP_02 | 40.1 | CRITICAL
2026-09-22 05:16:37 | WARD_B_TEMP_03 | 40.0 | CRITICAL
2026-09-22 05:16:37 | WARD_B_TEMP_04 | 39.1 | CRITICAL
2026-09-22 05:16:37 | WARD_B_TEMP_05 | 35.5 | NORMAL
2026-09-22 05:16:38 | WARD_B_TEMP_01 | 40.4 | CRITICAL
2026-09-22 05:16:38 | WARD_B_TEMP_02 | 39.3 | CRITICAL
2026-09-22 05:16:38 | WARD_B_TEMP_03 | 35.5 | NORMAL
2026-09-22 05:16:38 | WARD_B_TEMP_04 | 37.6 | WARNING
2026-09-22 05:16:38 | WARD_B_TEMP_05 | 36.3 | NORMAL
2026-09-22 05:16:39 | WARD_B_TEMP_01 | 40.4 | CRITICAL
2026-09-22 05:16:39 | WARD_B_TEMP_02 | 37.2 | NORMAL
2026-09-22 05:16:39 | WARD_B_TEMP_03 | 39.3 | CRITICAL
2026-09-22 05:16:39 | WARD_B_TEMP_04 | 35.1 | CRITICAL
2026-09-22 05:16:39 | WARD_B_TEMP_05 | 36.8 | NORMAL
2026-09-22 05:16:40 | WARD_B_TEMP_01 | 38.0 | WARNING
2026-09-22 05:16:40 | WARD_B_TEMP_02 | 38.3 | CRITICAL
2026-09-22 05:16:40 | WARD_B_TEMP_03 | 37.6 | WARNING
2026-09-22 05:16:40 | WARD_B_TEMP_04 | 39.7 | CRITICAL
2026-09-22 05:16:40 | WARD_B_TEMP_05 | 38.6 | CRITICAL
2026-09-22 05:16:41 | WARD_B_TEMP_01 | 38.5 | CRITICAL
2026-09-22 05:16:41 | WARD_B_TEMP_02 | 40.5 | CRITICAL
2026-09-22 05:16:41 | WARD_B_TEMP_03 | 39.4 | CRITICAL
2026-09-22 05:16:41 | WARD_B_TEMP_04 | 34.6 | CRITICAL
2026-09-22 05:16:41 | WARD_B_TEMP_05 | 39.5 | CRITICAL
2026-09-22 05:16:42 | WARD_B_TEMP_01 | 37.1 | NORMAL
2026-09-22 05:16:42 | WARD_B_TEMP_02 | 39.6 | CRITICAL
2026-09-22 05:16:42 | WARD_B_TEMP_03 | 37.9 | WARNING
2026-09-22 05:16:42 | WARD_B_TEMP_04 | 35.4 | CRITICAL
2026-09-22 05:16:42 | WARD_B_TEMP_05 | 36.1 | NORMAL
2026-09-22 05:16:43 | WARD_B_TEMP_01 | 38.4 | CRITICAL
2026-09-22 05:16:43 | WARD_B_TEMP_02 | 38.9 | CRITICAL
2026-09-22 05:16:43 | WARD_B_TEMP_03 | 39.0 | CRITICAL
2026-09-22 05:16:43 | WARD_B_TEMP_04 | 37.1 | NORMAL
2026-09-22 05:16:43 | WARD_B_TEMP_05 | 36.9 | NORMAL
2026-09-22 05:16:44 | WARD_B_TEMP_01 | 39.9 | CRITICAL
2026-09-22 05:16:44 | WARD_B_TEMP_02 | 40.4 | CRITICAL
2026-09-22 05:16:44 | WARD_B_TEMP_03 | 35.4 | CRITICAL
2026-09-22 05:16:44 | WARD_B_TEMP_04 | 35.6 | NORMAL
2026-09-22 05:16:44 | WARD_B_TEMP_05 | 35.2 | CRITICAL
2026-09-22 05:16:45 | WARD_B_TEMP_01 | 36.8 | NORMAL
2026-09-22 05:16:45 | WARD_B_TEMP_02 | 37.1 | NORMAL
2026-09-22 05:16:45 | WARD_B_TEMP_03 | 40.3 | CRITICAL
2026-09-22 05:16:45 | WARD_B_TEMP_04 | 35.4 | CRITICAL
2026-09-22 05:16:45 | WARD_B_TEMP_05 | 39.0 | CRITICAL
2026-09-22 05:16:46 | WARD_B_TEMP_01 | 37.1 | NORMAL
2026-09-22 05:16:46 | WARD_B_TEMP_02 | 35.8 | NORMAL
2026-09-22 05:16:46 | WARD_B_TEMP_03 | 36.0 | NORMAL
2026-09-22 05:16:46 | WARD_B_TEMP_04 | 37.1 | NORMAL
2026-09-22 05:16:46 | WARD_B_TEMP_05 | 39.3 | CRITICAL
2026-09-22 05:16:47 | WARD_B_TEMP_01 | 36.6 | NORMAL
2026-09-22 05:16:47 | WARD_B_TEMP_02 | 39.0 | CRITICAL
2026-09-22 05:16:47 | WARD_B_TEMP_03 | 35.4 | CRITICAL
2026-09-22 05:16:47 | WARD_B_TEMP_04 | 36.3 | NORMAL
2026-09-22 05:16:47 | WARD_B_TEMP_05 | 35.1 | CRITICAL
2026-09-22 05:16:48 | WARD_B_TEMP_01 | 36.6 | NORMAL
2026-09-22 05:16:48 | WARD_B_TEMP_02 | 38.8 | CRITICAL
2026-09-22 05:16:48 | WARD_B_TEMP_03 | 37.3 | NORMAL
2026-09-22 05:16:48 | WARD_B_TEMP_04 | 38.3 | CRITICAL
2026-09-22 05:16:48 | WARD_B_TEMP_05 | 39.4 | CRITICAL
2026-09-22 05:16:49 | WARD_B_TEMP_01 | 36.0 | NORMAL
2026-09-22 05:16:49 | WARD_B_TEMP_02 | 35.8 | NORMAL
2026-09-22 05:16:49 | WARD_B_TEMP_03 | 37.1 | NORMAL
2026-09-22 05:16:49 | WARD_B_TEMP_04 | 36.9 | NORMAL
2026-09-22 05:16:49 | WARD_B_TEMP_05 | 34.7 | CRITICAL
2026-09-22 05:16:50 | WARD_B_TEMP_01 | 40.3 | CRITICAL
2026-09-22 05:16:50 | WARD_B_TEMP_02 | 40.4 | CRITICAL
2026-09-22 05:16:50 | WARD_B_TEMP_03 | 37.3 | NORMAL
2026-09-22 05:16:50 | WARD_B_TEMP_04 | 35.0 | CRITICAL
2026-09-22 05:16:50 | WARD_B_TEMP_05 | 39.2 | CRITICAL
2026-09-22 05:16:51 | WARD_B_TEMP_01 | 34.8 | CRITICAL
2026-09-22 05:16:51 | WARD_B_TEMP_02 | 36.8 | NORMAL
2026-09-22 05:16:51 | WARD_B_TEMP_03 | 40.5 | CRITICAL
2026-09-22 05:16:51 | WARD_B_TEMP_04 | 35.6 | NORMAL
2026-09-22 05:16:51 | WARD_B_TEMP_05 | 36.1 | NORMAL
2026-09-22 05:16:52 | WARD_B_TEMP_01 | 36.3 | NORMAL
2026-09-22 05:16:52 | WARD_B_TEMP_02 | 39.3 | CRITICAL
2026-09-22 05:16:52 | WARD_B_TEMP_03 | 36.7 | NORMAL
2026-09-22 05:16:52 | WARD_B_TEMP_04 | 38.1 | CRITICAL
2026-09-22 05:16:52 | WARD_B_TEMP_05 | 36.4 | NORMAL
2026-09-22 05:16:53 | WARD_B_TEMP_01 | 34.7 | CRITICAL
2026-09-22 05:16:53 | WARD_B_TEMP_02 | 37.7 | WARNING
2026-09-22 05:16:53 | WARD_B_TEMP_03 | 37.2 | NORMAL
2026-09-22 05:16:53 | WARD_B_TEMP_04 | 35.2 | CRITICAL
2026-09-22 05:16:53 | WARD_B_TEMP_05 | 40.5 | CRITICAL
2026-09-22 05:16:54 | WARD_B_TEMP_01 | 36.9 | NORMAL
2026-09-22 05:16:54 | WARD_B_TEMP_02 | 37.5 | WARNING
2026-09-22 05:16:54 | WARD_B_TEMP_03 | 39.2 | CRITICAL
2026-09-22 05:16:54 | WARD_B_TEMP_04 | 34.7 | CRITICAL
2026-09-22 05:16:54 | WARD_B_TEMP_05 | 39.5 | CRITICAL
2026-09-22 05:16:55 | WARD_B_TEMP_01 | 37.5 | WARNING
2026-09-22 05:16:55 | WARD_B_TEMP_02 | 36.9 | NORMAL
2026-09-22 05:16:55 | WARD_B_TEMP_03 | 38.8 | CRITICAL
2026-09-22 05:16:55 | WARD_B_TEMP_04 | 40.4 | CRITICAL
2026-09-22 05:16:55 | WARD_B_TEMP_05 | 40.4 | CRITICAL
2026-09-22 05:16:56 | WARD_B_TEMP_01 | 36.2 | NORMAL
2026-09-22 05:16:56 | WARD_B_TEMP_02 | 37.0 | NORMAL
2026-09-22 05:16:56 | WARD_B_TEMP_03 | 40.5 | CRITICAL
2026-09-22 05:16:56 | WARD_B_TEMP_04 | 35.9 | NORMAL
2026-09-22 05:16:56 | WARD_B_TEMP_05 | 39.3 | CRITICAL
2026-09-22 05:16:57 | WARD_B_TEMP_01 | 34.7 | CRITICAL
2026-09-22 05:16:57 | WARD_B_TEMP_02 | 36.4 | NORMAL
2026-09-22 05:16:57 | WARD_B_TEMP_03 | 38.6 | CRITICAL
2026-09-22 05:16:57 | WARD_B_TEMP_04 | 36.5 | NORMAL
2026-09-22 05:16:57 | WARD_B_TEMP_05 | 37.6 | WARNING
2026-09-22 05:16:58 | WARD_B_TEMP_01 | 36.7 | NORMAL
2026-09-22 05:16:58 | WARD_B_TEMP_02 | 38.3 | CRITICAL
2026-09-22 05:16:58 | WARD_B_TEMP_03 | 36.3 | NORMAL
2026-09-22 05:16:58 | WARD_B_TEMP_04 | 37.4 | NORMAL
2026-09-22 05:16:58 | WARD_B_TEMP_05 | 37.8 | WARNING
2026-09-22 05:16:59 | WARD_B_TEMP_01 | 39.5 | CRITICAL
2026-09-22 05:16:59 | WARD_B_TEMP_02 | 34.7 | CRITICAL
2026-09-22 05:16:59 | WARD_B_TEMP_03 | 35.9 | NORMAL
2026-09-22 05:16:59 | WARD_B_TEMP_04 | 37.9 | WARNING
2026-09-22 05:16:59 | WARD_B_TEMP_05 | 34.6 | CRITICAL
2026-09-22 05:17:00 | WARD_B_TEMP_01 | 37.9 | WARNING
2026-09-22 05:17:00 | WARD_B_TEMP_02 | 38.3 | CRITICAL
2026-09-22 05:17:00 | WARD_B_TEMP_03 | 39.4 | CRITICAL
2026-09-22 05:17:00 | WARD_B_TEMP_04 | 37.7 | WARNING
2026-09-22 05:17:00 | WARD_B_TEMP_05 | 36.7 | NORMAL
2026-09-22 05:17:01 | WARD_B_TEMP_01 | 39.5 | CRITICAL
2026-09-22 05:17:01 | WARD_B_TEMP_02 | 35.6 | NORMAL
2026-09-22 05:17:01 | WARD_B_TEMP_03 | 39.7 | CRITICAL
2026-09-22 05:17:01 | WARD_B_TEMP_04 | 35.5 | NORMAL
2026-09-22 05:17:01 | WARD_B_TEMP_05 | 38.7 | CRITICAL
2026-09-22 05:17:02 | WARD_B_TEMP_01 | 34.8 | CRITICAL
2026-09-22 05:17:02 | WARD_B_TEMP_02 | 35.2 | CRITICAL
2026-09-22 05:17:02 | WARD_B_TEMP_03 | 35.2 | CRITICAL
2026-09-22 05:17:02 | WARD_B_TEMP_04 | 37.8 | WARNING
2026-09-22 05:17:02 | WARD_B_TEMP_05 | 34.6 | CRITICAL
2026-09-22 05:17:03 | WARD_B_TEMP_01 | 39.2 | CRITICAL
2026-09-22 05:17:03 | WARD_B_TEMP_02 | 38.4 | CRITICAL
2026-09-22 05:17:03 | WARD_B_TEMP_03 | 36.3 | NORMAL
2026-09-22 05:17:03 | WARD_B_TEMP_04 | 36.1 | NORMAL
2026-09-22 05:17:03 | WARD_B_TEMP_05 | 40.3 | CRITICAL
2026-09-22 05:17:04 | WARD_B_TEMP_01 | 39.8 | CRITICAL
2026-09-22 05:17:04 | WARD_B_TEMP_02 | 34.7 | CRITICAL
2026-09-22 05:17:04 | WARD_B_TEMP_03 | 40.2 | CRITICAL
2026-09-22 05:17:04 | WARD_B_TEMP_04 | 40.1 | CRITICAL
2026-09-22 05:17:04 | WARD_B_TEMP_05 | 38.7 | CRITICAL
2026-09-22 05:17:05 | WARD_B_TEMP_01 | 38.3 | CRITICAL
2026-09-22 05:17:05 | WARD_B_TEMP_02 | 35.0 | CRITICAL
2026-09-22 05:17:05 | WARD_B_TEMP_03 | 35.2 | CRITICAL
2026-09-22 05:17:05 | WARD_B_TEMP_04 | 34.9 | CRITICAL
2026-09-22 05:17:05 | WARD_B_TEMP_05 | 36.2 | NORMAL
2026-09-22 05:17:06 | WARD_B_TEMP_01 | 36.0 | NORMAL
2026-09-22 05:17:06 | WARD_B_TEMP_02 | 40.5 | CRITICAL
2026-09-22 05:17:06 | WARD_B_TEMP_03 | 37.4 | NORMAL
2026-09-22 05:17:06 | WARD_B_TEMP_04 | 36.8 | NORMAL
2026-09-22 05:17:06 | WARD_B_TEMP_05 | 38.8 | CRITICAL
2026-09-22 05:17:07 | WARD_B_TEMP_01 | 35.9 | NORMAL
2026-09-22 05:17:07 | WARD_B_TEMP_02 | 39.2 | CRITICAL
2026-09-22 05:17:07 | WARD_B_TEMP_03 | 37.1 | NORMAL
2026-09-22 05:17:07 | WARD_B_TEMP_04 | 39.2 | CRITICAL
2026-09-22 05:17:07 | WARD_B_TEMP_05 | 37.0 | NORMAL
2026-09-22 05:17:08 | WARD_B_TEMP_01 | 37.1 | NORMAL
2026-09-22 05:17:08 | WARD_B_TEMP_02 | 39.1 | CRITICAL
2026-09-22 05:17:08 | WARD_B_TEMP_03 | 34.7 | CRITICAL
2026-09-22 05:17:08 | WARD_B_TEMP_04 | 35.0 | CRITICAL
2026-09-22 05:17:08 | WARD_B_TEMP_05 | 38.3 | CRITICAL
2026-09-22 05:17:09 | WARD_B_TEMP_01 | 35.9 | NORMAL
2026-09-22 05:17:09 | WARD_B_TEMP_02 | 39.1 | CRITICAL
2026-09-22 05:17:09 | WARD_B_TEMP_03 | 39.0 | CRITICAL
2026-09-22 05:17:09 | WARD_B_TEMP_04 | 37.3 | NORMAL
2026-09-22 05:17:09 | WARD_B_TEMP_05 | 39.7 | CRITICAL
2026-09-22 05:17:10 | WARD_B_TEMP_01 | 39.6 | CRITICAL
2026-09-22 05:17:10 | WARD_B_TEMP_02 | 37.2 | NORMAL
2026-09-22 05:17:10 | WARD_B_TEMP_03 | 36.6 | NORMAL
2026-09-22 05:17:10 | WARD_B_TEMP_04 | 36.6 | NORMAL
2026-09-22 05:17:10 | WARD_B_TEMP_05 | 36.2 | NORMAL
2026-09-22 05:17:11 | WARD_B_TEMP_01 | 39.4 | CRITICAL
2026-09-22 05:17:11 | WARD_B_TEMP_02 | 38.1 | CRITICAL
2026-09-22 05:17:11 | WARD_B_TEMP_03 | 37.6 | WARNING
2026-09-22 05:17:11 | WARD_B_TEMP_04 | 37.0 | NORMAL
2026-09-22 05:17:11 | WARD_B_TEMP_05 | 40.3 | CRITICAL
2026-09-22 05:17:12 | WARD_B_TEMP_01 | 35.2 | CRITICAL
2026-09-22 05:17:12 | WARD_B_TEMP_02 | 38.0 | WARNING
2026-09-22 05:17:12 | WARD_B_TEMP_03 | 35.1 | CRITICAL
2026-09-22 05:17:12 | WARD_B_TEMP_04 | 39.4 | CRITICAL
2026-09-22 05:17:12 | WARD_B_TEMP_05 | 39.0 | CRITICAL
2026-09-22 05:17:13 | WARD_B_TEMP_01 | 39.2 | CRITICAL
2026-09-22 05:17:13 | WARD_B_TEMP_02 | 36.6 | NORMAL
2026-09-22 05:17:13 | WARD_B_TEMP_03 | 39.5 | CRITICAL
2026-09-22 05:17:13 | WARD_B_TEMP_04 | 36.2 | NORMAL
2026-09-22 05:17:13 | WARD_B_TEMP_05 | 36.8 | NORMAL
2026-09-22 05:17:14 | WARD_B_TEMP_01 | 37.8 | WARNING
2026-09-22 05:17:14 | WARD_B_TEMP_02 | 35.6 | NORMAL
2026-09-22 05:17:14 | WARD_B_TEMP_03 | 34.9 | CRITICAL
2026-09-22 05:17:14 | WARD_B_TEMP_04 | 37.8 | WARNING
2026-09-22 05:17:14 | WARD_B_TEMP_05 | 36.8 | NORMAL
2026-09-22 05:17:15 | WARD_B_TEMP_01 | 39.5 | CRITICAL
2026-09-22 05:17:15 | WARD_B_TEMP_02 | 40.2 | CRITICAL
2026-09-22 05:17:15 | WARD_B_TEMP_03 | 39.5 | CRITICAL
2026-09-22 05:17:15 | WARD_B_TEMP_04 | 39.1 | CRITICAL
2026-09-22 05:17:15 | WARD_B_TEMP_05 | 37.8 | WARNING
2026-09-22 05:17:16 | WARD_B_TEMP_01 | 37.6 | WARNING
2026-09-22 05:17:16 | WARD_B_TEMP_02 | 36.6 | NORMAL
2026-09-22 05:17:16 | WARD_B_TEMP_03 | 40.4 | CRITICAL
2026-09-22 05:17:16 | WARD_B_TEMP_04 | 35.3 | CRITICAL
2026-09-22 05:17:16 | WARD_B_TEMP_05 | 37.5 | WARNING
2026-09-22 05:17:17 | WARD_B_TEMP_01 | 37.5 | WARNING
2026-09-22 05:17:17 | WARD_B_TEMP_02 | 39.4 | CRITICAL
2026-09-22 05:17:17 | WARD_B_TEMP_03 | 38.8 | CRITICAL
2026-09-22 05:17:17 | WARD_B_TEMP_04 | 40.5 | CRITICAL
2026-09-22 05:17:17 | WARD_B_TEMP_05 | 34.9 | CRITICAL
2026-09-22 05:17:18 | WARD_B_TEMP_01 | 37.5 | WARNING
2026-09-22 05:17:18 | WARD_B_TEMP_02 | 37.4 | NORMAL
2026-09-22 05:17:18 | WARD_B_TEMP_03 | 40.3 | CRITICAL
2026-09-22 05:17:18 | WARD_B_TEMP_04 | 36.1 | NORMAL
2026-09-22 05:17:18 | WARD_B_TEMP_05 | 35.2 | CRITICAL
2026-09-22 05:17:19 | WARD_B_TEMP_01 | 35.6 | NORMAL
2026-09-22 05:17:19 | WARD_B_TEMP_02 | 35.2 | CRITICAL
2026-09-22 05:17:19 | WARD_B_TEMP_03 | 36.8 | NORMAL
2026-09-22 05:17:19 | WARD_B_TEMP_04 | 38.4 | CRITICAL
2026-09-22 05:17:19 | WARD_B_TEMP_05 | 39.3 | CRITICAL
2026-09-22 05:17:20 | WARD_B_TEMP_01 | 36.1 | NORMAL
2026-09-22 05:17:20 | WARD_B_TEMP_02 | 39.1 | CRITICAL
2026-09-22 05:17:20 | WARD_B_TEMP_03 | 37.0 | NORMAL
2026-09-22 05:17:20 | WARD_B_TEMP_04 | 39.8 | CRITICAL
2026-09-22 05:17:20 | WARD_B_TEMP_05 | 38.7 | CRITICAL
2026-09-22 05:17:21 | WARD_B_TEMP_01 | 39.5 | CRITICAL
2026-09-22 05:17:21 | WARD_B_TEMP_02 | 37.5 | WARNING
2026-09-22 05:17:21 | WARD_B_TEMP_03 | 37.9 | WARNING
2026-09-22 05:17:21 | WARD_B_TEMP_04 | 35.1 | CRITICAL
2026-09-22 05:17:21 | WARD_B_TEMP_05 | 35.4 | CRITICAL
2026-09-22 05:17:22 | WARD_B_TEMP_01 | 38.0 | WARNING
2026-09-22 05:17:22 | WARD_B_TEMP_02 | 39.7 | CRITICAL
2026-09-22 05:17:22 | WARD_B_TEMP_03 | 39.1 | CRITICAL
2026-09-22 05:17:22 | WARD_B_TEMP_04 | 37.7 | WARNING
2026-09-22 05:17:22 | WARD_B_TEMP_05 | 37.6 | WARNING
2026-09-22 05:17:23 | WARD_B_TEMP_01 | 36.3 | NORMAL
2026-09-22 05:17:23 | WARD_B_TEMP_02 | 38.4 | CRITICAL
2026-09-22 05:17:23 | WARD_B_TEMP_03 | 37.3 | NORMAL
2026-09-22 05:17:23 | WARD_B_TEMP_04 | 35.7 | NORMAL
2026-09-22 05:17:23 | WARD_B_TEMP_05 | 37.2 | NORMAL
2026-09-22 05:17:24 | WARD_B_TEMP_01 | 35.3 | CRITICAL
2026-09-22 05:17:24 | WARD_B_TEMP_02 | 39.3 | CRITICAL
2026-09-22 05:17:24 | WARD_B_TEMP_03 | 37.7 | WARNING
2026-09-22 05:17:24 | WARD_B_TEMP_04 | 35.6 | NORMAL
2026-09-22 05:17:24 | WARD_B_TEMP_05 | 39.4 | CRITICAL
2026-09-22 05:17:25 | WARD_B_TEMP_01 | 37.2 | NORMAL
2026-09-22 05:17:25 | WARD_B_TEMP_02 | 37.3 | NORMAL
2026-09-22 05:17:25 | WARD_B_TEMP_03 | 37.4 | NORMAL
2026-09-22 05:17:25 | WARD_B_TEMP_04 | 35.3 | CRITICAL
2026-09-22 05:17:25 | WARD_B_TEMP_05 | 35.6 | NORMAL
2026-09-22 05:17:26 | WARD_B_TEMP_01 | 39.3 | CRITICAL
2026-09-22 05:17:26 | WARD_B_TEMP_02 | 35.7 | NORMAL
2026-09-22 05:17:26 | WARD_B_TEMP_03 | 36.7 | NORMAL
2026-09-22 05:17:26 | WARD_B_TEMP_04 | 37.5 | WARNING
2026-09-22 05:17:26 | WARD_B_TEMP_05 | 36.3 | NORMAL
2026-09-22 05:17:27 | WARD_B_TEMP_01 | 39.1 | CRITICAL
2026-09-22 05:17:27 | WARD_B_TEMP_02 | 38.3 | CRITICAL
2026-09-22 05:17:27 | WARD_B_TEMP_03 | 37.2 | NORMAL
2026-09-22 05:17:27 | WARD_B_TEMP_04 | 35.5 | NORMAL
2026-09-22 05:17:27 | WARD_B_TEMP_05 | 34.6 | CRITICAL
2026-09-22 05:17:28 | WARD_B_TEMP_01 | 37.5 | WARNING
2026-09-22 05:17:28 | WARD_B_TEMP_02 | 35.7 | NORMAL
2026-09-22 05:17:28 | WARD_B_TEMP_03 | 34.6 | CRITICAL
2026-09-22 05:17:28 | WARD_B_TEMP_04 | 37.1 | NORMAL
2026-09-22 05:17:28 | WARD_B_TEMP_05 | 34.8 | CRITICAL
2026-09-22 05:17:29 | WARD_B_TEMP_01 | 37.2 | NORMAL
2026-09-22 05:17:29 | WARD_B_TEMP_02 | 35.0 | CRITICAL
2026-09-22 05:17:29 | WARD_B_TEMP_03 | 35.8 | NORMAL
2026-09-22 05:17:29 | WARD_B_TEMP_04 | 38.5 | CRITICAL
2026-09-22 05:17:29 | WARD_B_TEMP_05 | 37.4 | NORMAL
2026-09-22 05:17:30 | WARD_B_TEMP_01 | 38.3 | CRITICAL
2026-09-22 05:17:30 | WARD_B_TEMP_02 | 35.0 | CRITICAL
2026-09-22 05:17:30 | WARD_B_TEMP_03 | 35.2 | CRITICAL
2026-09-22 05:17:30 | WARD_B_TEMP_04 | 38.3 | CRITICAL
2026-09-22 05:17:30 | WARD_B_TEMP_05 | 37.1 | NORMAL
2026-09-22 05:17:31 | WARD_B_TEMP_01 | 39.2 | CRITICAL
2026-09-22 05:17:31 | WARD_B_TEMP_02 | 36.7 | NORMAL
2026-09-22 05:17:31 | WARD_B_TEMP_03 | 35.1 | CRITICAL
2026-09-22 05:17:31 | WARD_B_TEMP_04 | 34.7 | CRITICAL
2026-09-22 05:17:31 | WARD_B_TEMP_05 | 36.3 | NORMAL
2026-09-22 05:17:32 | WARD_B_TEMP_01 | 37.0 | NORMAL
2026-09-22 05:17:32 | WARD_B_TEMP_02 | 39.8 | CRITICAL
2026-09-22 05:17:32 | WARD_B_TEMP_03 | 36.7 | NORMAL
2026-09-22 05:17:32 | WARD_B_TEMP_04 | 39.3 | CRITICAL
2026-09-22 05:17:32 | WARD_B_TEMP_05 | 39.3 | CRITICAL
2026-09-22 05:17:33 | WARD_B_TEMP_01 | 36.9 | NORMAL
2026-09-22 05:17:33 | WARD_B_TEMP_02 | 39.1 | CRITICAL
2026-09-22 05:17:33 | WARD_B_TEMP_03 | 35.3 | CRITICAL
2026-09-22 05:17:33 | WARD_B_TEMP_04 | 36.1 | NORMAL
2026-09-22 05:17:33 | WARD_B_TEMP_05 | 38.5 | CRITICAL
2026-09-22 05:17:34 | WARD_B_TEMP_01 | 35.1 | CRITICAL
2026-09-22 05:17:34 | WARD_B_TEMP_02 | 35.2 | CRITICAL
2026-09-22 05:17:34 | WARD_B_TEMP_03 | 36.9 | NORMAL
2026-09-22 05:17:34 | WARD_B_TEMP_04 | 38.2 | CRITICAL
2026-09-22 05:17:34 | WARD_B_TEMP_05 | 36.0 | NORMAL
2026-09-22 05:17:35 | WARD_B_TEMP_01 | 38.0 | WARNING
2026-09-22 05:17:35 | WARD_B_TEMP_02 | 35.0 | CRITICAL
2026-09-22 05:17:35 | WARD_B_TEMP_03 | 38.7 | CRITICAL
2026-09-22 05:17:35 | WARD_B_TEMP_04 | 37.4 | NORMAL
2026-09-22 05:17:35 | WARD_B_TEMP_05 | 37.6 | WARNING
2026-09-22 05:17:36 | WARD_B_TEMP_01 | 39.2 | CRITICAL
2026-09-22 05:17:36 | WARD_B_TEMP_02 | 35.4 | CRITICAL
2026-09-22 05:17:36 | WARD_B_TEMP_03 | 35.0 | CRITICAL
2026-09-22 05:17:36 | WARD_B_TEMP_04 | 36.5 | NORMAL
2026-09-22 05:17:36 | WARD_B_TEMP_05 | 37.6 | WARNING
2026-09-22 05:17:37 | WARD_B_TEMP_01 | 36.5 | NORMAL
2026-09-22 05:17:37 | WARD_B_TEMP_02 | 37.7 | WARNING
2026-09-22 05:17:37 | WARD_B_TEMP_03 | 35.0 | CRITICAL
2026-09-22 05:17:37 | WARD_B_TEMP_04 | 36.4 | NORMAL
2026-09-22 05:17:37 | WARD_B_TEMP_05 | 38.0 | WARNING
2026-09-22 05:17:38 | WARD_B_TEMP_01 | 38.6 | CRITICAL
2026-09-22 05:17:38 | WARD_B_TEMP_02 | 37.0 | NORMAL
2026-09-22 05:17:38 | WARD_B_TEMP_03 | 37.4 | NORMAL
2026-09-22 05:17:38 | WARD_B_TEMP_04 | 35.7 | NORMAL
2026-09-22 05:17:38 | WARD_B_TEMP_05 | 36.4 | NORMAL
2026-09-22 05:17:39 | WARD_B_TEMP_01 | 37.3 | NORMAL
2026-09-22 05:17:39 | WARD_B_TEMP_02 | 38.6 | CRITICAL
2026-09-22 05:17:39 | WARD_B_TEMP_03 | 38.6 | CRITICAL
2026-09-22 05:17:39 | WARD_B_TEMP_04 | 36.5 | NORMAL
2026-09-22 05:17:39 | WARD_B_TEMP_05 | 35.2 | CRITICAL
2026-09-22 05:17:40 | WARD_B_TEMP_01 | 37.3 | NORMAL
2026-09-22 05:17:40 | WARD_B_TEMP_02 | 35.0 | CRITICAL
2026-09-22 05:17:40 | WARD_B_TEMP_03 | 36.2 | NORMAL
2026-09-22 05:17:40 | WARD_B_TEMP_04 | 36.6 | NORMAL
2026-09-22 05:17:40 | WARD_B_TEMP_05 | 35.3 | CRITICAL
2026-09-22 05:17:41 | WARD_B_TEMP_01 | 39.2 | CRITICAL
2026-09-22 05:17:41 | WARD_B_TEMP_02 | 36.3 | NORMAL
2026-09-22 05:17:41 | WARD_B_TEMP_03 | 37.0 | NORMAL
2026-09-22 05:17:41 | WARD_B_TEMP_04 | 40.5 | CRITICAL
2026-09-22 05:17:41 | WARD_B_TEMP_05 | 39.8 | CRITICAL
2026-09-22 05:17:42 | WARD_B_TEMP_01 | 37.2 | NORMAL
2026-09-22 05:17:42 | WARD_B_TEMP_02 | 37.0 | NORMAL
2026-09-22 05:17:42 | WARD_B_TEMP_03 | 36.8 | NORMAL
2026-09-22 05:17:42 | WARD_B_TEMP_04 | 34.7 | CRITICAL
2026-09-22 05:17:42 | WARD_B_TEMP_05 | 36.1 | NORMAL
2026-09-22 05:17:43 | WARD_B_TEMP_01 | 36.2 | NORMAL
2026-09-22 05:17:43 | WARD_B_TEMP_02 | 36.4 | NORMAL
2026-09-22 05:17:43 | WARD_B_TEMP_03 | 34.7 | CRITICAL
2026-09-22 05:17:43 | WARD_B_TEMP_04 | 39.1 | CRITICAL
2026-09-22 05:17:43 | WARD_B_TEMP_05 | 39.5 | CRITICAL
2026-09-22 05:17:44 | WARD_B_TEMP_01 | 34.6 | CRITICAL
2026-09-22 05:17:44 | WARD_B_TEMP_02 | 40.1 | CRITICAL
2026-09-22 05:17:44 | WARD_B_TEMP_03 | 38.4 | CRITICAL
2026-09-22 05:17:44 | WARD_B_TEMP_04 | 39.6 | CRITICAL
2026-09-22 05:17:44 | WARD_B_TEMP_05 | 37.5 | WARNING
2026-09-22 05:17:45 | WARD_B_TEMP_01 | 39.4 | CRITICAL
2026-09-22 05:17:45 | WARD_B_TEMP_02 | 37.1 | NORMAL
2026-09-22 05:17:45 | WARD_B_TEMP_03 | 40.0 | CRITICAL
2026-09-22 05:17:45 | WARD_B_TEMP_04 | 36.6 | NORMAL
2026-09-22 05:17:45 | WARD_B_TEMP_05 | 34.7 | CRITICAL
2026-09-22 05:17:46 | WARD_B_TEMP_01 | 36.4 | NORMAL
2026-09-22 05:17:46 | WARD_B_TEMP_02 | 39.2 | CRITICAL
2026-09-22 05:17:46 | WARD_B_TEMP_03 | 39.7 | CRITICAL
2026-09-22 05:17:46 | WARD_B_TEMP_04 | 40.3 | CRITICAL
2026-09-22 05:17:46 | WARD_B_TEMP_05 | 35.7 | NORMAL
2026-09-22 05:17:47 | WARD_B_TEMP_01 | 38.7 | CRITICAL
2026-09-22 05:17:47 | WARD_B_TEMP_02 | 37.6 | WARNING
2026-09-22 05:17:47 | WARD_B_TEMP_03 | 36.8 | NORMAL
2026-09-22 05:17:47 | WARD_B_TEMP_04 | 38.8 | CRITICAL
2026-09-22 05:17:47 | WARD_B_TEMP_05 | 39.9 | CRITICAL
2026-09-22 05:17:48 | WARD_B_TEMP_01 | 37.8 | WARNING
2026-09-22 05:17:48 | WARD_B_TEMP_02 | 39.3 | CRITICAL
2026-09-22 05:17:48 | WARD_B_TEMP_03 | 37.8 | WARNING
2026-09-22 05:17:48 | WARD_B_TEMP_04 | 34.6 | CRITICAL
2026-09-22 05:17:48 | WARD_B_TEMP_05 | 35.1 | CRITICAL
2026-09-22 05:17:49 | WARD_B_TEMP_01 | 34.7 | CRITICAL
2026-09-22 05:17:49 | WARD_B_TEMP_02 | 39.2 | CRITICAL
2026-09-22 05:17:49 | WARD_B_TEMP_03 | 34.8 | CRITICAL
2026-09-22 05:17:49 | WARD_B_TEMP_04 | 35.3 | CRITICAL
2026-09-22 05:17:49 | WARD_B_TEMP_05 | 35.3 | CRITICAL
2026-09-22 05:17:50 | WARD_B_TEMP_01 | 35.7 | NORMAL
2026-09-22 05:17:50 | WARD_B_TEMP_02 | 40.1 | CRITICAL
2026-09-22 05:17:50 | WARD_B_TEMP_03 | 39.9 | CRITICAL
2026-09-22 05:17:50 | WARD_B_TEMP_04 | 36.5 | NORMAL
2026-09-22 05:17:50 | WARD_B_TEMP_05 | 37.0 | NORMAL
2026-09-22 05:17:51 | WARD_B_TEMP_01 | 36.0 | NORMAL
2026-09-22 05:17:51 | WARD_B_TEMP_02 | 36.0 | NORMAL
2026-09-22 05:17:51 | WARD_B_TEMP_03 | 40.0 | CRITICAL
2026-09-22 05:17:51 | WARD_B_TEMP_04 | 36.0 | NORMAL
2026-09-22 05:17:51 | WARD_B_TEMP_05 | 39.0 | CRITICAL
2026-09-22 05:17:52 | WARD_B_TEMP_01 | 40.3 | CRITICAL
2026-09-22 05:17:52 | WARD_B_TEMP_02 | 37.7 | WARNING
2026-09-22 05:17:52 | WARD_B_TEMP_03 | 40.3 | CRITICAL
2026-09-22 05:17:52 | WARD_B_TEMP_04 | 36.1 | NORMAL
2026-09-22 05:17:52 | WARD_B_TEMP_05 | 34.9 | CRITICAL
2026-09-22 05:17:53 | WARD_B_TEMP_01 | 37.5 | WARNING
2026-09-22 05:17:53 | WARD_B_TEMP_02 | 35.2 | CRITICAL
2026-09-22 05:17:53 | WARD_B_TEMP_03 | 40.0 | CRITICAL
2026-09-22 05:17:53 | WARD_B_TEMP_04 | 39.9 | CRITICAL
2026-09-22 05:17:53 | WARD_B_TEMP_05 | 36.8 | NORMAL
2026-09-22 05:17:54 | WARD_B_TEMP_01 | 39.9 | CRITICAL
2026-09-22 05:17:54 | WARD_B_TEMP_02 | 39.6 | CRITICAL
2026-09-22 05:17:54 | WARD_B_TEMP_03 | 39.0 | CRITICAL
2026-09-22 05:17:54 | WARD_B_TEMP_04 | 36.3 | NORMAL
2026-09-22 05:17:54 | WARD_B_TEMP_05 | 37.3 | NORMAL
2026-09-22 05:17:55 | WARD_B_TEMP_01 | 38.1 | CRITICAL
2026-09-22 05:17:55 | WARD_B_TEMP_02 | 36.9 | NORMAL
2026-09-22 05:17:55 | WARD_B_TEMP_03 | 35.1 | CRITICAL
2026-09-22 05:17:55 | WARD_B_TEMP_04 | 39.9 | CRITICAL
2026-09-22 05:17:55 | WARD_B_TEMP_05 | 39.6 | CRITICAL
2026-09-22 05:17:56 | WARD_B_TEMP_01 | 35.8 | NORMAL
2026-09-22 05:17:56 | WARD_B_TEMP_02 | 37.9 | WARNING
2026-09-22 05:17:56 | WARD_B_TEMP_03 | 40.3 | CRITICAL
2026-09-22 05:17:56 | WARD_B_TEMP_04 | 35.8 | NORMAL
2026-09-22 05:17:56 | WARD_B_TEMP_05 | 38.4 | CRITICAL
2026-09-22 05:17:57 | WARD_B_TEMP_01 | 36.7 | NORMAL
2026-09-22 05:17:57 | WARD_B_TEMP_02 | 36.2 | NORMAL
2026-09-22 05:17:57 | WARD_B_TEMP_03 | 39.2 | CRITICAL
2026-09-22 05:17:57 | WARD_B_TEMP_04 | 37.3 | NORMAL
2026-09-22 05:17:57 | WARD_B_TEMP_05 | 36.4 | NORMAL
2026-09-22 05:17:58 | WARD_B_TEMP_01 | 36.4 | NORMAL
2026-09-22 05:17:58 | WARD_B_TEMP_02 | 36.3 | NORMAL
2026-09-22 05:17:58 | WARD_B_TEMP_03 | 36.9 | NORMAL
2026-09-22 05:17:58 | WARD_B_TEMP_04 | 35.7 | NORMAL
2026-09-22 05:17:58 | WARD_B_TEMP_05 | 35.9 | NORMAL
2026-09-22 05:17:59 | WARD_B_TEMP_01 | 38.3 | CRITICAL
2026-09-22 05:17:59 | WARD_B_TEMP_02 | 35.5 | NORMAL
2026-09-22 05:17:59 | WARD_B_TEMP_03 | 34.6 | CRITICAL
2026-09-22 05:17:59 | WARD_B_TEMP_04 | 37.4 | NORMAL
2026-09-22 05:17:59 | WARD_B_TEMP_05 | 36.9 | NORMAL
2026-09-22 05:18:00 | WARD_B_TEMP_01 | 37.0 | NORMAL
2026-09-22 05:18:00 | WARD_B_TEMP_02 | 37.2 | NORMAL
2026-09-22 05:18:00 | WARD_B_TEMP_03 | 36.7 | NORMAL
2026-09-22 05:18:00 | WARD_B_TEMP_04 | 40.0 | CRITICAL
2026-09-22 05:18:00 | WARD_B_TEMP_05 | 39.0 | CRITICAL
2026-09-22 05:18:01 | WARD_B_TEMP_01 | 36.1 | NORMAL
2026-09-22 05:18:01 | WARD_B_TEMP_02 | 34.7 | CRITICAL
2026-09-22 05:18:01 | WARD_B_TEMP_03 | 37.9 | WARNING
2026-09-22 05:18:01 | WARD_B_TEMP_04 | 39.2 | CRITICAL
2026-09-22 05:18:01 | WARD_B_TEMP_05 | 36.0 | NORMAL
2026-09-22 05:18:02 | WARD_B_TEMP_01 | 37.4 | NORMAL
2026-09-22 05:18:02 | WARD_B_TEMP_02 | 35.9 | NORMAL
2026-09-22 05:18:02 | WARD_B_TEMP_03 | 35.8 | NORMAL
2026-09-22 05:18:02 | WARD_B_TEMP_04 | 35.3 | CRITICAL
2026-09-22 05:18:02 | WARD_B_TEMP_05 | 37.6 | WARNING
2026-09-22 05:18:03 | WARD_B_TEMP_01 | 40.2 | CRITICAL
2026-09-22 05:18:03 | WARD_B_TEMP_02 | 38.1 | CRITICAL
2026-09-22 05:18:03 | WARD_B_TEMP_03 | 38.7 | CRITICAL
2026-09-22 05:18:03 | WARD_B_TEMP_04 | 34.8 | CRITICAL
2026-09-22 05:18:03 | WARD_B_TEMP_05 | 40.4 | CRITICAL
2026-09-22 05:18:04 | WARD_B_TEMP_01 | 37.0 | NORMAL
2026-09-22 05:18:04 | WARD_B_TEMP_02 | 39.4 | CRITICAL
2026-09-22 05:18:04 | WARD_B_TEMP_03 | 35.4 | CRITICAL
2026-09-22 05:18:04 | WARD_B_TEMP_04 | 35.6 | NORMAL
2026-09-22 05:18:04 | WARD_B_TEMP_05 | 38.0 | WARNING
2026-09-22 05:18:05 | WARD_B_TEMP_01 | 35.4 | CRITICAL
2026-09-22 05:18:05 | WARD_B_TEMP_02 | 37.0 | NORMAL
2026-09-22 05:18:05 | WARD_B_TEMP_03 | 35.7 | NORMAL
2026-09-22 05:18:05 | WARD_B_TEMP_04 | 39.5 | CRITICAL
2026-09-22 05:18:05 | WARD_B_TEMP_05 | 37.5 | WARNING
2026-09-22 05:18:06 | WARD_B_TEMP_01 | 36.4 | NORMAL
2026-09-22 05:18:06 | WARD_B_TEMP_02 | 34.9 | CRITICAL
2026-09-22 05:18:06 | WARD_B_TEMP_03 | 36.6 | NORMAL
2026-09-22 05:18:06 | WARD_B_TEMP_04 | 35.5 | NORMAL
2026-09-22 05:18:06 | WARD_B_TEMP_05 | 40.1 | CRITICAL
2026-09-22 05:18:07 | WARD_B_TEMP_01 | 37.0 | NORMAL
2026-09-22 05:18:07 | WARD_B_TEMP_02 | 38.5 | CRITICAL
2026-09-22 05:18:07 | WARD_B_TEMP_03 | 36.7 | NORMAL
2026-09-22 05:18:07 | WARD_B_TEMP_04 | 37.9 | WARNING
2026-09-22 05:18:07 | WARD_B_TEMP_05 | 35.2 | CRITICAL
2026-09-22 05:18:08 | WARD_B_TEMP_01 | 34.6 | CRITICAL
2026-09-22 05:18:08 | WARD_B_TEMP_02 | 40.3 | CRITICAL
2026-09-22 05:18:08 | WARD_B_TEMP_03 | 38.0 | WARNING
2026-09-22 05:18:08 | WARD_B_TEMP_04 | 35.5 | NORMAL
2026-09-22 05:18:08 | WARD_B_TEMP_05 | 36.6 | NORMAL
2026-09-22 05:18:09 | WARD_B_TEMP_01 | 35.8 | NORMAL
2026-09-22 05:18:09 | WARD_B_TEMP_02 | 35.7 | NORMAL
2026-09-22 05:18:09 | WARD_B_TEMP_03 | 37.5 | WARNING
2026-09-22 05:18:09 | WARD_B_TEMP_04 | 37.9 | WARNING
2026-09-22 05:18:09 | WARD_B_TEMP_05 | 36.5 | NORMAL
2026-09-22 05:18:10 | WARD_B_TEMP_01 | 37.0 | NORMAL
2026-09-22 05:18:10 | WARD_B_TEMP_02 | 36.1 | NORMAL
2026-09-22 05:18:10 | WARD_B_TEMP_03 | 39.1 | CRITICAL
2026-09-22 05:18:10 | WARD_B_TEMP_04 | 39.9 | CRITICAL
2026-09-22 05:18:10 | WARD_B_TEMP_05 | 37.8 | WARNING
2026-09-22 05:18:11 | WARD_B_TEMP_01 | 39.1 | CRITICAL
2026-09-22 05:18:11 | WARD_B_TEMP_02 | 34.5 | CRITICAL
2026-09-22 05:18:11 | WARD_B_TEMP_03 | 36.2 | NORMAL
2026-09-22 05:18:11 | WARD_B_TEMP_04 | 37.8 | WARNING
2026-09-22 05:18:11 | WARD_B_TEMP_05 | 35.1 | CRITICAL
2026-09-22 05:18:12 | WARD_B_TEMP_01 | 35.2 | CRITICAL
2026-09-22 05:18:12 | WARD_B_TEMP_02 | 35.2 | CRITICAL
2026-09-22 05:18:12 | WARD_B_TEMP_03 | 34.5 | CRITICAL
2026-09-22 05:18:12 | WARD_B_TEMP_04 | 37.0 | NORMAL
2026-09-22 05:18:12 | WARD_B_TEMP_05 | 38.2 | CRITICAL
2026-09-22 05:18:13 | WARD_B_TEMP_01 | 37.9 | WARNING
2026-09-22 05:18:13 | WARD_B_TEMP_02 | 36.4 | NORMAL
2026-09-22 05:18:13 | WARD_B_TEMP_03 | 37.7 | WARNING
2026-09-22 05:18:13 | WARD_B_TEMP_04 | 39.0 | CRITICAL
2026-09-22 05:18:13 | WARD_B_TEMP_05 | 35.9 | NORMAL
2026-09-22 05:18:14 | WARD_B_TEMP_01 | 35.6 | NORMAL
2026-09-22 05:18:14 | WARD_B_TEMP_02 | 37.2 | NORMAL
2026-09-22 05:18:14 | WARD_B_TEMP_03 | 39.4 | CRITICAL
2026-09-22 05:18:14 | WARD_B_TEMP_04 | 39.3 | CRITICAL
2026-09-22 05:18:14 | WARD_B_TEMP_05 | 34.7 | CRITICAL
2026-09-22 05:18:15 | WARD_B_TEMP_01 | 35.3 | CRITICAL
2026-09-22 05:18:15 | WARD_B_TEMP_02 | 39.7 | CRITICAL
2026-09-22 05:18:15 | WARD_B_TEMP_03 | 39.9 | CRITICAL
2026-09-22 05:18:15 | WARD_B_TEMP_04 | 37.1 | NORMAL
2026-09-22 05:18:15 | WARD_B_TEMP_05 | 37.0 | NORMAL
2026-09-22 05:18:16 | WARD_B_TEMP_01 | 36.8 | NORMAL
2026-09-22 05:18:16 | WARD_B_TEMP_02 | 36.3 | NORMAL
2026-09-22 05:18:16 | WARD_B_TEMP_03 | 36.3 | NORMAL
2026-09-22 05:18:16 | WARD_B_TEMP_04 | 39.8 | CRITICAL
2026-09-22 05:18:16 | WARD_B_TEMP_05 | 35.4 | CRITICAL
2026-09-22 05:18:17 | WARD_B_TEMP_01 | 37.8 | WARNING
2026-09-22 05:18:17 | WARD_B_TEMP_02 | 39.4 | CRITICAL
2026-09-22 05:18:17 | WARD_B_TEMP_03 | 38.4 | CRITICAL
2026-09-22 05:18:17 | WARD_B_TEMP_04 | 37.6 | WARNING
2026-09-22 05:18:17 | WARD_B_TEMP_05 | 35.3 | CRITICAL
2026-09-22 05:18:18 | WARD_B_TEMP_01 | 35.7 | NORMAL
2026-09-22 05:18:18 | WARD_B_TEMP_02 | 36.0 | NORMAL
2026-09-22 05:18:18 | WARD_B_TEMP_03 | 36.1 | NORMAL
2026-09-22 05:18:18 | WARD_B_TEMP_04 | 38.5 | CRITICAL
2026-09-22 05:18:18 | WARD_B_TEMP_05 | 35.9 | NORMAL
2026-09-22 05:18:19 | WARD_B_TEMP_01 | 37.9 | WARNING
2026-09-22 05:18:19 | WARD_B_TEMP_02 | 39.8 | CRITICAL
2026-09-22 05:18:19 | WARD_B_TEMP_03 | 36.1 | NORMAL
2026-09-22 05:18:19 | WARD_B_TEMP_04 | 39.3 | CRITICAL
2026-09-22 05:18:19 | WARD_B_TEMP_05 | 36.9 | NORMAL
2026-09-22 05:18:20 | WARD_B_TEMP_01 | 35.7 | NORMAL
2026-09-22 05:18:20 | WARD_B_TEMP_02 | 40.0 | CRITICAL
2026-09-22 05:18:20 | WARD_B_TEMP_03 | 37.6 | WARNING
2026-09-22 05:18:20 | WARD_B_TEMP_04 | 39.7 | CRITICAL
2026-09-22 05:18:20 | WARD_B_TEMP_05 | 35.9 | NORMAL
2026-09-22 05:18:21 | WARD_B_TEMP_01 | 37.3 | NORMAL
2026-09-22 05:18:21 | WARD_B_TEMP_02 | 34.7 | CRITICAL
2026-09-22 05:18:21 | WARD_B_TEMP_03 | 35.4 | CRITICAL
2026-09-22 05:18:21 | WARD_B_TEMP_04 | 37.1 | NORMAL
2026-09-22 05:18:21 | WARD_B_TEMP_05 | 40.2 | CRITICAL
2026-09-22 05:18:22 | WARD_B_TEMP_01 | 37.5 | WARNING
2026-09-22 05:18:22 | WARD_B_TEMP_02 | 40.1 | CRITICAL
2026-09-22 05:18:22 | WARD_B_TEMP_03 | 36.0 | NORMAL
2026-09-22 05:18:22 | WARD_B_TEMP_04 | 37.7 | WARNING
2026-09-22 05:18:22 | WARD_B_TEMP_05 | 40.1 | CRITICAL
2026-09-22 05:18:23 | WARD_B_TEMP_01 | 35.8 | NORMAL
2026-09-22 05:18:23 | WARD_B_TEMP_02 | 39.6 | CRITICAL
2026-09-22 05:18:23 | WARD_B_TEMP_03 | 39.1 | CRITICAL
2026-09-22 05:18:23 | WARD_B_TEMP_04 | 38.5 | CRITICAL
2026-09-22 05:18:23 | WARD_B_TEMP_05 | 34.9 | CRITICAL
2026-09-22 05:18:24 | WARD_B_TEMP_01 | 39.5 | CRITICAL
2026-09-22 05:18:24 | WARD_B_TEMP_02 | 36.9 | NORMAL
2026-09-22 05:18:24 | WARD_B_TEMP_03 | 40.1 | CRITICAL
2026-09-22 05:18:24 | WARD_B_TEMP_04 | 36.4 | NORMAL
2026-09-22 05:18:24 | WARD_B_TEMP_05 | 36.0 | NORMAL
2026-09-22 05:18:25 | WARD_B_TEMP_01 | 36.7 | NORMAL
2026-09-22 05:18:25 | WARD_B_TEMP_02 | 39.3 | CRITICAL
2026-09-22 05:18:25 | WARD_B_TEMP_03 | 34.6 | CRITICAL
2026-09-22 05:18:25 | WARD_B_TEMP_04 | 35.3 | CRITICAL
2026-09-22 05:18:25 | WARD_B_TEMP_05 | 38.2 | CRITICAL
2026-09-22 05:18:26 | WARD_B_TEMP_01 | 39.3 | CRITICAL
2026-09-22 05:18:26 | WARD_B_TEMP_02 | 40.0 | CRITICAL
2026-09-22 05:18:26 | WARD_B_TEMP_03 | 37.5 | WARNING
2026-09-22 05:18:26 | WARD_B_TEMP_04 | 39.3 | CRITICAL
2026-09-22 05:18:26 | WARD_B_TEMP_05 | 37.6 | WARNING
2026-09-22 05:18:27 | WARD_B_TEMP_01 | 37.2 | NORMAL
2026-09-22 05:18:27 | WARD_B_TEMP_02 | 39.4 | CRITICAL
2026-09-22 05:18:27 | WARD_B_TEMP_03 | 36.8 | NORMAL
2026-09-22 05:18:27 | WARD_B_TEMP_04 | 37.0 | NORMAL
2026-09-22 05:18:27 | WARD_B_TEMP_05 | 39.7 | CRITICAL
2026-09-22 05:18:28 | WARD_B_TEMP_01 | 37.1 | NORMAL
2026-09-22 05:18:28 | WARD_B_TEMP_02 | 35.1 | CRITICAL
2026-09-22 05:18:28 | WARD_B_TEMP_03 | 36.8 | NORMAL
2026-09-22 05:18:28 | WARD_B_TEMP_04 | 39.2 | CRITICAL
2026-09-22 05:18:28 | WARD_B_TEMP_05 | 40.0 | CRITICAL
2026-09-22 05:18:29 | WARD_B_TEMP_01 | 40.3 | CRITICAL
2026-09-22 05:18:29 | WARD_B_TEMP_02 | 36.4 | NORMAL
2026-09-22 05:18:29 | WARD_B_TEMP_03 | 34.8 | CRITICAL
2026-09-22 05:18:29 | WARD_B_TEMP_04 | 38.7 | CRITICAL
2026-09-22 05:18:29 | WARD_B_TEMP_05 | 36.8 | NORMAL
2026-09-22 05:18:30 | WARD_B_TEMP_01 | 40.5 | CRITICAL
2026-09-22 05:18:30 | WARD_B_TEMP_02 | 39.9 | CRITICAL
2026-09-22 05:18:30 | WARD_B_TEMP_03 | 40.3 | CRITICAL
2026-09-22 05:18:30 | WARD_B_TEMP_04 | 37.7 | WARNING
2026-09-22 05:18:30 | WARD_B_TEMP_05 | 35.1 | CRITICAL
2026-09-22 05:18:31 | WARD_B_TEMP_01 | 34.6 | CRITICAL
2026-09-22 05:18:31 | WARD_B_TEMP_02 | 36.8 | NORMAL
2026-09-22 05:18:31 | WARD_B_TEMP_03 | 36.3 | NORMAL
2026-09-22 05:18:31 | WARD_B_TEMP_04 | 38.6 | CRITICAL
2026-09-22 05:18:31 | WARD_B_TEMP_05 | 38.6 | CRITICAL
2026-09-22 05:18:32 | WARD_B_TEMP_01 | 40.5 | CRITICAL
2026-09-22 05:18:32 | WARD_B_TEMP_02 | 39.8 | CRITICAL
2026-09-22 05:18:32 | WARD_B_TEMP_03 | 36.4 | NORMAL
2026-09-22 05:18:32 | WARD_B_TEMP_04 | 40.0 | CRITICAL
2026-09-22 05:18:32 | WARD_B_TEMP_05 | 34.7 | CRITICAL
2026-09-22 05:18:33 | WARD_B_TEMP_01 | 35.6 | NORMAL
2026-09-22 05:18:33 | WARD_B_TEMP_02 | 37.6 | WARNING
2026-09-22 05:18:33 | WARD_B_TEMP_03 | 34.6 | CRITICAL
2026-09-22 05:18:33 | WARD_B_TEMP_04 | 36.8 | NORMAL
2026-09-22 05:18:33 | WARD_B_TEMP_05 | 37.7 | WARNING
2026-09-22 05:18:34 | WARD_B_TEMP_01 | 39.1 | CRITICAL
2026-09-22 05:18:34 | WARD_B_TEMP_02 | 36.1 | NORMAL
2026-09-22 05:18:34 | WARD_B_TEMP_03 | 39.5 | CRITICAL
2026-09-22 05:18:34 | WARD_B_TEMP_04 | 39.3 | CRITICAL
2026-09-22 05:18:34 | WARD_B_TEMP_05 | 35.0 | CRITICAL
2026-09-22 05:18:35 | WARD_B_TEMP_01 | 36.2 | NORMAL
2026-09-22 05:18:35 | WARD_B_TEMP_02 | 40.5 | CRITICAL
2026-09-22 05:18:35 | WARD_B_TEMP_03 | 37.2 | NORMAL
2026-09-22 05:18:35 | WARD_B_TEMP_04 | 37.4 | NORMAL
2026-09-22 05:18:35 | WARD_B_TEMP_05 | 39.5 | CRITICAL
2026-09-22 05:18:36 | WARD_B_TEMP_01 | 34.6 | CRITICAL
2026-09-22 05:18:36 | WARD_B_TEMP_02 | 36.8 | NORMAL
2026-09-22 05:18:36 | WARD_B_TEMP_03 | 35.8 | NORMAL
2026-09-22 05:18:36 | WARD_B_TEMP_04 | 36.1 | NORMAL
2026-09-22 05:18:36 | WARD_B_TEMP_05 | 38.2 | CRITICAL
2026-09-22 05:18:37 | WARD_B_TEMP_01 | 36.3 | NORMAL
2026-09-22 05:18:37 | WARD_B_TEMP_02 | 40.0 | CRITICAL
2026-09-22 05:18:37 | WARD_B_TEMP_03 | 37.0 | NORMAL
2026-09-22 05:18:37 | WARD_B_TEMP_04 | 36.2 | NORMAL
2026-09-22 05:18:37 | WARD_B_TEMP_05 | 36.3 | NORMAL
2026-09-22 05:18:38 | WARD_B_TEMP_01 | 38.3 | CRITICAL
2026-09-22 05:18:38 | WARD_B_TEMP_02 | 38.1 | CRITICAL
2026-09-22 05:18:38 | WARD_B_TEMP_03 | 38.0 | WARNING
2026-09-22 05:18:38 | WARD_B_TEMP_04 | 37.5 | WARNING
2026-09-22 05:18:38 | WARD_B_TEMP_05 | 35.8 | NORMAL
2026-09-22 05:18:39 | WARD_B_TEMP_01 | 37.6 | WARNING
2026-09-22 05:18:39 | WARD_B_TEMP_02 | 37.6 | WARNING
2026-09-22 05:18:39 | WARD_B_TEMP_03 | 39.2 | CRITICAL
2026-09-22 05:18:39 | WARD_B_TEMP_04 | 35.2 | CRITICAL
2026-09-22 05:18:39 | WARD_B_TEMP_05 | 36.9 | NORMAL
2026-09-22 05:18:40 | WARD_B_TEMP_01 | 38.0 | WARNING
2026-09-22 05:18:40 | WARD_B_TEMP_02 | 34.9 | CRITICAL
2026-09-22 05:18:40 | WARD_B_TEMP_03 | 38.9 | CRITICAL
2026-09-22 05:18:40 | WARD_B_TEMP_04 | 40.0 | CRITICAL
2026-09-22 05:18:40 | WARD_B_TEMP_05 | 37.2 | NORMAL
2026-09-22 05:18:41 | WARD_B_TEMP_01 | 40.0 | CRITICAL
2026-09-22 05:18:41 | WARD_B_TEMP_02 | 35.7 | NORMAL
2026-09-22 05:18:41 | WARD_B_TEMP_03 | 39.0 | CRITICAL
2026-09-22 05:18:41 | WARD_B_TEMP_04 | 38.1 | CRITICAL
2026-09-22 05:18:41 | WARD_B_TEMP_05 | 39.6 | CRITICAL
2026-09-22 05:18:42 | WARD_B_TEMP_01 | 36.5 | NORMAL
2026-09-22 05:18:42 | WARD_B_TEMP_02 | 35.7 | NORMAL
2026-09-22 05:18:42 | WARD_B_TEMP_03 | 37.5 | WARNING
2026-09-22 05:18:42 | WARD_B_TEMP_04 | 34.9 | CRITICAL
2026-09-22 05:18:42 | WARD_B_TEMP_05 | 37.8 | WARNING
2026-09-22 05:18:43 | WARD_B_TEMP_01 | 40.4 | CRITICAL
2026-09-22 05:18:43 | WARD_B_TEMP_02 | 34.8 | CRITICAL
2026-09-22 05:18:43 | WARD_B_TEMP_03 | 40.2 | CRITICAL
2026-09-22 05:18:43 | WARD_B_TEMP_04 | 39.5 | CRITICAL
2026-09-22 05:18:43 | WARD_B_TEMP_05 | 40.2 | CRITICAL
2026-09-22 05:18:44 | WARD_B_TEMP_01 | 34.9 | CRITICAL
2026-09-22 05:18:44 | WARD_B_TEMP_02 | 35.2 | CRITICAL
2026-09-22 05:18:44 | WARD_B_TEMP_03 | 40.4 | CRITICAL
2026-09-22 05:18:44 | WARD_B_TEMP_04 | 40.0 | CRITICAL
2026-09-22 05:18:44 | WARD_B_TEMP_05 | 35.6 | NORMAL
2026-09-22 05:18:45 | WARD_B_TEMP_01 | 36.2 | NORMAL
2026-09-22 05:18:45 | WARD_B_TEMP_02 | 36.4 | NORMAL
2026-09-22 05:18:45 | WARD_B_TEMP_03 | 35.8 | NORMAL
2026-09-22 05:18:45 | WARD_B_TEMP_04 | 39.7 | CRITICAL
2026-09-22 05:18:45 | WARD_B_TEMP_05 | 39.1 | CRITICAL
2026-09-22 05:18:46 | WARD_B_TEMP_01 | 39.1 | CRITICAL
2026-09-22 05:18:46 | WARD_B_TEMP_02 | 36.5 | NORMAL
2026-09-22 05:18:46 | WARD_B_TEMP_03 | 40.3 | CRITICAL
2026-09-22 05:18:46 | WARD_B_TEMP_04 | 40.3 | CRITICAL
2026-09-22 05:18:46 | WARD_B_TEMP_05 | 39.0 | CRITICAL
2026-09-22 05:18:47 | WARD_B_TEMP_01 | 35.2 | CRITICAL
2026-09-22 05:18:47 | WARD_B_TEMP_02 | 39.8 | CRITICAL
2026-09-22 05:18:47 | WARD_B_TEMP_03 | 36.5 | NORMAL
2026-09-22 05:18:47 | WARD_B_TEMP_04 | 35.4 | CRITICAL
2026-09-22 05:18:47 | WARD_B_TEMP_05 | 37.6 | WARNING
2026-09-22 05:18:48 | WARD_B_TEMP_01 | 38.8 | CRITICAL
2026-09-22 05:18:48 | WARD_B_TEMP_02 | 37.2 | NORMAL
2026-09-22 05:18:48 | WARD_B_TEMP_03 | 38.8 | CRITICAL
2026-09-22 05:18:48 | WARD_B_TEMP_04 | 37.5 | WARNING
2026-09-22 05:18:48 | WARD_B_TEMP_05 | 39.1 | CRITICAL
2026-09-22 05:18:49 | WARD_B_TEMP_01 | 38.7 | CRITICAL
2026-09-22 05:18:49 | WARD_B_TEMP_02 | 39.7 | CRITICAL
2026-09-22 05:18:49 | WARD_B_TEMP_03 | 35.8 | NORMAL
2026-09-22 05:18:49 | WARD_B_TEMP_04 | 37.7 | WARNING
2026-09-22 05:18:49 | WARD_B_TEMP_05 | 40.1 | CRITICAL
2026-09-22 05:18:50 | WARD_B_TEMP_01 | 37.2 | NORMAL
2026-09-22 05:18:50 | WARD_B_TEMP_02 | 35.4 | CRITICAL
2026-09-22 05:18:50 | WARD_B_TEMP_03 | 35.9 | NORMAL
2026-09-22 05:18:50 | WARD_B_TEMP_04 | 34.7 | CRITICAL
2026-09-22 05:18:50 | WARD_B_TEMP_05 | 36.2 | NORMAL
2026-09-22 05:18:51 | WARD_B_TEMP_01 | 35.6 | NORMAL
2026-09-22 05:18:51 | WARD_B_TEMP_02 | 37.5 | WARNING
2026-09-22 05:18:51 | WARD_B_TEMP_03 | 38.4 | CRITICAL
2026-09-22 05:18:51 | WARD_B_TEMP_04 | 35.8 | NORMAL
2026-09-22 05:18:51 | WARD_B_TEMP_05 | 38.9 | CRITICAL
2026-09-22 05:18:52 | WARD_B_TEMP_01 | 38.2 | CRITICAL
2026-09-22 05:18:52 | WARD_B_TEMP_02 | 38.9 | CRITICAL
2026-09-22 05:18:52 | WARD_B_TEMP_03 | 35.5 | NORMAL
2026-09-22 05:18:52 | WARD_B_TEMP_04 | 35.9 | NORMAL
2026-09-22 05:18:52 | WARD_B_TEMP_05 | 39.7 | CRITICAL
2026-09-22 05:18:53 | WARD_B_TEMP_01 | 35.7 | NORMAL
2026-09-22 05:18:53 | WARD_B_TEMP_02 | 39.2 | CRITICAL
2026-09-22 05:18:53 | WARD_B_TEMP_03 | 39.8 | CRITICAL
2026-09-22 05:18:53 | WARD_B_TEMP_04 | 37.9 | WARNING
2026-09-22 05:18:53 | WARD_B_TEMP_05 | 39.5 | CRITICAL
2026-09-22 05:18:54 | WARD_B_TEMP_01 | 38.4 | CRITICAL
2026-09-22 05:18:54 | WARD_B_TEMP_02 | 35.9 | NORMAL
2026-09-22 05:18:54 | WARD_B_TEMP_03 | 35.6 | NORMAL
2026-09-22 05:18:54 | WARD_B_TEMP_04 | 35.2 | CRITICAL
2026-09-22 05:18:54 | WARD_B_TEMP_05 | 38.1 | CRITICAL
2026-09-22 05:18:55 | WARD_B_TEMP_01 | 38.5 | CRITICAL
2026-09-22 05:18:55 | WARD_B_TEMP_02 | 35.2 | CRITICAL
2026-09-22 05:18:55 | WARD_B_TEMP_03 | 36.5 | NORMAL
2026-09-22 05:18:55 | WARD_B_TEMP_04 | 40.4 | CRITICAL
2026-09-22 05:18:55 | WARD_B_TEMP_05 | 34.7 | CRITICAL
2026-09-22 05:18:56 | WARD_B_TEMP_01 | 34.8 | CRITICAL
2026-09-22 05:18:56 | WARD_B_TEMP_02 | 35.2 | CRITICAL
2026-09-22 05:18:56 | WARD_B_TEMP_03 | 38.8 | CRITICAL
2026-09-22 05:18:56 | WARD_B_TEMP_04 | 39.4 | CRITICAL
2026-09-22 05:18:56 | WARD_B_TEMP_05 | 40.1 | CRITICAL
2026-09-22 05:18:57 | WARD_B_TEMP_01 | 38.5 | CRITICAL
2026-09-22 05:18:57 | WARD_B_TEMP_02 | 40.0 | CRITICAL
2026-09-22 05:18:57 | WARD_B_TEMP_03 | 39.3 | CRITICAL
2026-09-22 05:18:57 | WARD_B_TEMP_04 | 37.2 | NORMAL
2026-09-22 05:18:57 | WARD_B_TEMP_05 | 34.8 | CRITICAL
2026-09-22 05:18:58 | WARD_B_TEMP_01 | 38.1 | CRITICAL
2026-09-22 05:18:58 | WARD_B_TEMP_02 | 37.0 | NORMAL
2026-09-22 05:18:58 | WARD_B_TEMP_03 | 39.8 | CRITICAL
2026-09-22 05:18:58 | WARD_B_TEMP_04 | 34.8 | CRITICAL
2026-09-22 05:18:58 | WARD_B_TEMP_05 | 36.6 | NORMAL
2026-09-22 05:18:59 | WARD_B_TEMP_01 | 35.8 | NORMAL
2026-09-22 05:18:59 | WARD_B_TEMP_02 | 37.0 | NORMAL
2026-09-22 05:18:59 | WARD_B_TEMP_03 | 38.6 | CRITICAL
2026-09-22 05:18:59 | WARD_B_TEMP_04 | 39.7 | CRITICAL
2026-09-22 05:18:59 | WARD_B_TEMP_05 | 35.1 | CRITICAL
2026-09-22 05:19:00 | WARD_B_TEMP_01 | 36.1 | NORMAL
2026-09-22 05:19:00 | WARD_B_TEMP_02 | 36.4 | NORMAL
2026-09-22 05:19:00 | WARD_B_TEMP_03 | 37.9 | WARNING
2026-09-22 05:19:00 | WARD_B_TEMP_04 | 38.9 | CRITICAL
2026-09-22 05:19:00 | WARD_B_TEMP_05 | 35.3 | CRITICAL
2026-09-22 05:19:01 | WARD_B_TEMP_01 | 35.0 | CRITICAL
2026-09-22 05:19:01 | WARD_B_TEMP_02 | 38.1 | CRITICAL
2026-09-22 05:19:01 | WARD_B_TEMP_03 | 36.7 | NORMAL
2026-09-22 05:19:01 | WARD_B_TEMP_04 | 35.3 | CRITICAL
2026-09-22 05:19:01 | WARD_B_TEMP_05 | 39.8 | CRITICAL
2026-09-22 05:19:02 | WARD_B_TEMP_01 | 34.9 | CRITICAL
2026-09-22 05:19:02 | WARD_B_TEMP_02 | 38.2 | CRITICAL
2026-09-22 05:19:02 | WARD_B_TEMP_03 | 39.7 | CRITICAL
2026-09-22 05:19:02 | WARD_B_TEMP_04 | 35.7 | NORMAL
2026-09-22 05:19:02 | WARD_B_TEMP_05 | 36.4 | NORMAL
2026-09-22 05:19:03 | WARD_B_TEMP_01 | 36.0 | NORMAL
2026-09-22 05:19:03 | WARD_B_TEMP_02 | 39.0 | CRITICAL
2026-09-22 05:19:03 | WARD_B_TEMP_03 | 37.1 | NORMAL
2026-09-22 05:19:03 | WARD_B_TEMP_04 | 37.7 | WARNING
2026-09-22 05:19:03 | WARD_B_TEMP_05 | 37.5 | WARNING
2026-09-22 05:19:04 | WARD_B_TEMP_01 | 35.0 | CRITICAL
2026-09-22 05:19:04 | WARD_B_TEMP_02 | 40.1 | CRITICAL
2026-09-22 05:19:04 | WARD_B_TEMP_03 | 39.7 | CRITICAL
2026-09-22 05:19:04 | WARD_B_TEMP_04 | 37.0 | NORMAL
2026-09-22 05:19:04 | WARD_B_TEMP_05 | 40.0 | CRITICAL
2026-09-22 05:19:05 | WARD_B_TEMP_01 | 38.0 | WARNING
2026-09-22 05:19:05 | WARD_B_TEMP_02 | 37.9 | WARNING
2026-09-22 05:19:05 | WARD_B_TEMP_03 | 34.7 | CRITICAL
2026-09-22 05:19:05 | WARD_B_TEMP_04 | 38.6 | CRITICAL
2026-09-22 05:19:05 | WARD_B_TEMP_05 | 37.5 | WARNING
2026-09-22 05:19:06 | WARD_B_TEMP_01 | 37.5 | WARNING
2026-09-22 05:19:06 | WARD_B_TEMP_02 | 37.9 | WARNING
2026-09-22 05:19:06 | WARD_B_TEMP_03 | 36.5 | NORMAL
2026-09-22 05:19:06 | WARD_B_TEMP_04 | 38.0 | WARNING
2026-09-22 05:19:06 | WARD_B_TEMP_05 | 34.8 | CRITICAL
2026-09-22 05:19:07 | WARD_B_TEMP_01 | 34.6 | CRITICAL
2026-09-22 05:19:07 | WARD_B_TEMP_02 | 40.2 | CRITICAL
2026-09-22 05:19:07 | WARD_B_TEMP_03 | 37.9 | WARNING
2026-09-22 05:19:07 | WARD_B_TEMP_04 | 38.8 | CRITICAL
2026-09-22 05:19:07 | WARD_B_TEMP_05 | 37.5 | WARNING
2026-09-22 05:19:08 | WARD_B_TEMP_01 | 36.4 | NORMAL
2026-09-22 05:19:08 | WARD_B_TEMP_02 | 35.9 | NORMAL
2026-09-22 05:19:08 | WARD_B_TEMP_03 | 36.4 | NORMAL
2026-09-22 05:19:08 | WARD_B_TEMP_04 | 38.4 | CRITICAL
2026-09-22 05:19:08 | WARD_B_TEMP_05 | 37.7 | WARNING
2026-09-22 05:19:09 | WARD_B_TEMP_01 | 35.7 | NORMAL
2026-09-22 05:19:09 | WARD_B_TEMP_02 | 35.4 | CRITICAL
2026-09-22 05:19:09 | WARD_B_TEMP_03 | 36.3 | NORMAL
2026-09-22 05:19:09 | WARD_B_TEMP_04 | 39.5 | CRITICAL
2026-09-22 05:19:09 | WARD_B_TEMP_05 | 38.3 | CRITICAL
2026-09-22 05:19:10 | WARD_B_TEMP_01 | 40.4 | CRITICAL
2026-09-22 05:19:10 | WARD_B_TEMP_02 | 36.1 | NORMAL
2026-09-22 05:19:10 | WARD_B_TEMP_03 | 40.1 | CRITICAL
2026-09-22 05:19:10 | WARD_B_TEMP_04 | 35.3 | CRITICAL
2026-09-22 05:19:10 | WARD_B_TEMP_05 | 37.6 | WARNING
2026-09-22 05:19:11 | WARD_B_TEMP_01 | 36.9 | NORMAL
2026-09-22 05:19:11 | WARD_B_TEMP_02 | 39.0 | CRITICAL
2026-09-22 05:19:11 | WARD_B_TEMP_03 | 37.5 | WARNING
2026-09-22 05:19:11 | WARD_B_TEMP_04 | 38.0 | WARNING
2026-09-22 05:19:11 | WARD_B_TEMP_05 | 36.6 | NORMAL
2026-09-22 05:19:12 | WARD_B_TEMP_01 | 37.5 | WARNING
2026-09-22 05:19:12 | WARD_B_TEMP_02 | 37.5 | WARNING
2026-09-22 05:19:12 | WARD_B_TEMP_03 | 35.6 | NORMAL
2026-09-22 05:19:12 | WARD_B_TEMP_04 | 34.5 | CRITICAL
2026-09-22 05:19:12 | WARD_B_TEMP_05 | 40.3 | CRITICAL
2026-09-22 05:19:13 | WARD_B_TEMP_01 | 37.5 | WARNING
2026-09-22 05:19:13 | WARD_B_TEMP_02 | 35.0 | CRITICAL
2026-09-22 05:19:13 | WARD_B_TEMP_03 | 39.3 | CRITICAL
2026-09-22 05:19:13 | WARD_B_TEMP_04 | 39.8 | CRITICAL
2026-09-22 05:19:13 | WARD_B_TEMP_05 | 37.7 | WARNING
2026-09-22 05:19:14 | WARD_B_TEMP_01 | 38.5 | CRITICAL
2026-09-22 05:19:14 | WARD_B_TEMP_02 | 34.5 | CRITICAL
2026-09-22 05:19:14 | WARD_B_TEMP_03 | 35.3 | CRITICAL
2026-09-22 05:19:14 | WARD_B_TEMP_04 | 35.3 | CRITICAL
2026-09-22 05:19:14 | WARD_B_TEMP_05 | 38.9 | CRITICAL
2026-09-22 05:19:15 | WARD_B_TEMP_01 | 35.4 | CRITICAL
2026-09-22 05:19:15 | WARD_B_TEMP_02 | 36.2 | NORMAL
2026-09-22 05:19:15 | WARD_B_TEMP_03 | 39.3 | CRITICAL
2026-09-22 05:19:15 | WARD_B_TEMP_04 | 36.4 | NORMAL
2026-09-22 05:19:15 | WARD_B_TEMP_05 | 40.0 | CRITICAL
2026-09-22 05:19:16 | WARD_B_TEMP_01 | 37.2 | NORMAL
2026-09-22 05:19:16 | WARD_B_TEMP_02 | 35.2 | CRITICAL
2026-09-22 05:19:16 | WARD_B_TEMP_03 | 39.7 | CRITICAL
2026-09-22 05:19:16 | WARD_B_TEMP_04 | 39.9 | CRITICAL
2026-09-22 05:19:16 | WARD_B_TEMP_05 | 35.1 | CRITICAL
2026-09-22 05:19:17 | WARD_B_TEMP_01 | 36.8 | NORMAL
2026-09-22 05:19:17 | WARD_B_TEMP_02 | 35.6 | NORMAL
2026-09-22 05:19:17 | WARD_B_TEMP_03 | 39.4 | CRITICAL
2026-09-22 05:19:17 | WARD_B_TEMP_04 | 38.0 | WARNING
2026-09-22 05:19:17 | WARD_B_TEMP_05 | 37.9 | WARNING
2026-09-22 05:19:18 | WARD_B_TEMP_01 | 36.8 | NORMAL
2026-09-22 05:19:18 | WARD_B_TEMP_02 | 37.2 | NORMAL
2026-09-22 05:19:18 | WARD_B_TEMP_03 | 35.8 | NORMAL
2026-09-22 05:19:18 | WARD_B_TEMP_04 | 36.9 | NORMAL
2026-09-22 05:19:18 | WARD_B_TEMP_05 | 38.4 | CRITICAL
2026-09-22 05:19:19 | WARD_B_TEMP_01 | 39.0 | CRITICAL
2026-09-22 05:19:19 | WARD_B_TEMP_02 | 40.1 | CRITICAL
2026-09-22 05:19:19 | WARD_B_TEMP_03 | 39.9 | CRITICAL
2026-09-22 05:19:19 | WARD_B_TEMP_04 | 39.8 | CRITICAL
2026-09-22 05:19:19 | WARD_B_TEMP_05 | 38.0 | WARNING
2026-09-22 05:19:20 | WARD_B_TEMP_01 | 40.1 | CRITICAL
2026-09-22 05:19:20 | WARD_B_TEMP_02 | 39.4 | CRITICAL
2026-09-22 05:19:20 | WARD_B_TEMP_03 | 38.5 | CRITICAL
2026-09-22 05:19:20 | WARD_B_TEMP_04 | 39.8 | CRITICAL
2026-09-22 05:19:20 | WARD_B_TEMP_05 | 38.9 | CRITICAL
2026-09-22 05:19:21 | WARD_B_TEMP_01 | 34.6 | CRITICAL
2026-09-22 05:19:21 | WARD_B_TEMP_02 | 35.4 | CRITICAL
2026-09-22 05:19:21 | WARD_B_TEMP_03 | 34.7 | CRITICAL
2026-09-22 05:19:21 | WARD_B_TEMP_04 | 35.3 | CRITICAL
2026-09-22 05:19:21 | WARD_B_TEMP_05 | 37.1 | NORMAL
2026-09-22 05:19:22 | WARD_B_TEMP_01 | 35.4 | CRITICAL
2026-09-22 05:19:22 | WARD_B_TEMP_02 | 38.8 | CRITICAL
2026-09-22 05:19:22 | WARD_B_TEMP_03 | 38.6 | CRITICAL
2026-09-22 05:19:22 | WARD_B_TEMP_04 | 38.8 | CRITICAL
2026-09-22 05:19:22 | WARD_B_TEMP_05 | 36.0 | NORMAL
2026-09-22 05:19:23 | WARD_B_TEMP_01 | 38.0 | WARNING
2026-09-22 05:19:23 | WARD_B_TEMP_02 | 39.9 | CRITICAL
2026-09-22 05:19:23 | WARD_B_TEMP_03 | 36.7 | NORMAL
2026-09-22 05:19:23 | WARD_B_TEMP_04 | 34.8 | CRITICAL
2026-09-22 05:19:23 | WARD_B_TEMP_05 | 38.4 | CRITICAL
2026-09-22 05:19:24 | WARD_B_TEMP_01 | 38.1 | CRITICAL
2026-09-22 05:19:24 | WARD_B_TEMP_02 | 35.4 | CRITICAL
2026-09-22 05:19:24 | WARD_B_TEMP_03 | 35.0 | CRITICAL
2026-09-22 05:19:24 | WARD_B_TEMP_04 | 38.6 | CRITICAL
2026-09-22 05:19:24 | WARD_B_TEMP_05 | 38.4 | CRITICAL
2026-09-22 05:19:25 | WARD_B_TEMP_01 | 37.0 | NORMAL
2026-09-22 05:19:25 | WARD_B_TEMP_02 | 37.9 | WARNING
2026-09-22 05:19:25 | WARD_B_TEMP_03 | 39.9 | CRITICAL
2026-09-22 05:19:25 | WARD_B_TEMP_04 | 38.9 | CRITICAL
2026-09-22 05:19:25 | WARD_B_TEMP_05 | 35.2 | CRITICAL
2026-09-22 05:19:26 | WARD_B_TEMP_01 | 40.1 | CRITICAL
2026-09-22 05:19:26 | WARD_B_TEMP_02 | 37.5 | WARNING
2026-09-22 05:19:26 | WARD_B_TEMP_03 | 39.2 | CRITICAL
2026-09-22 05:19:26 | WARD_B_TEMP_04 | 36.3 | NORMAL
2026-09-22 05:19:26 | WARD_B_TEMP_05 | 39.4 | CRITICAL
2026-09-22 05:19:27 | WARD_B_TEMP_01 | 38.7 | CRITICAL
2026-09-22 05:19:27 | WARD_B_TEMP_02 | 38.7 | CRITICAL
2026-09-22 05:19:27 | WARD_B_TEMP_03 | 37.4 | NORMAL
2026-09-22 05:19:27 | WARD_B_TEMP_04 | 38.2 | CRITICAL
2026-09-22 05:19:27 | WARD_B_TEMP_05 | 34.6 | CRITICAL
2026-09-22 05:19:28 | WARD_B_TEMP_01 | 40.5 | CRITICAL
2026-09-22 05:19:28 | WARD_B_TEMP_02 | 38.2 | CRITICAL
2026-09-22 05:19:28 | WARD_B_TEMP_03 | 36.3 | NORMAL
2026-09-22 05:19:28 | WARD_B_TEMP_04 | 38.3 | CRITICAL
2026-09-22 05:19:28 | WARD_B_TEMP_05 | 39.6 | CRITICAL
2026-09-22 05:19:29 | WARD_B_TEMP_01 | 40.3 | CRITICAL
2026-09-22 05:19:29 | WARD_B_TEMP_02 | 36.8 | NORMAL
2026-09-22 05:19:29 | WARD_B_TEMP_03 | 34.5 | CRITICAL
2026-09-22 05:19:29 | WARD_B_TEMP_04 | 38.7 | CRITICAL
2026-09-22 05:19:29 | WARD_B_TEMP_05 | 35.4 | CRITICAL
2026-09-22 05:19:30 | WARD_B_TEMP_01 | 34.8 | CRITICAL
2026-09-22 05:19:30 | WARD_B_TEMP_02 | 37.4 | NORMAL
2026-09-22 05:19:30 | WARD_B_TEMP_03 | 35.3 | CRITICAL
2026-09-22 05:19:30 | WARD_B_TEMP_04 | 35.9 | NORMAL
2026-09-22 05:19:30 | WARD_B_TEMP_05 | 37.0 | NORMAL
2026-09-22 05:19:31 | WARD_B_TEMP_01 | 38.4 | CRITICAL
2026-09-22 05:19:31 | WARD_B_TEMP_02 | 36.5 | NORMAL
2026-09-22 05:19:31 | WARD_B_TEMP_03 | 36.4 | NORMAL
2026-09-22 05:19:31 | WARD_B_TEMP_04 | 34.6 | CRITICAL
2026-09-22 05:19:31 | WARD_B_TEMP_05 | 35.1 | CRITICAL
2026-09-22 05:19:32 | WARD_B_TEMP_01 | 38.8 | CRITICAL
2026-09-22 05:19:32 | WARD_B_TEMP_02 | 39.5 | CRITICAL
2026-09-22 05:19:32 | WARD_B_TEMP_03 | 37.3 | NORMAL
2026-09-22 05:19:32 | WARD_B_TEMP_04 | 37.5 | WARNING
2026-09-22 05:19:32 | WARD_B_TEMP_05 | 37.7 | WARNING
2026-09-22 05:19:33 | WARD_B_TEMP_01 | 35.6 | NORMAL
2026-09-22 05:19:33 | WARD_B_TEMP_02 | 36.2 | NORMAL
2026-09-22 05:19:33 | WARD_B_TEMP_03 | 35.7 | NORMAL
2026-09-22 05:19:33 | WARD_B_TEMP_04 | 34.8 | CRITICAL
2026-09-22 05:19:33 | WARD_B_TEMP_05 | 37.4 | NORMAL
2026-09-22 05:19:34 | WARD_B_TEMP_01 | 37.1 | NORMAL
2026-09-22 05:19:34 | WARD_B_TEMP_02 | 35.2 | CRITICAL
2026-09-22 05:19:34 | WARD_B_TEMP_03 | 39.4 | CRITICAL
2026-09-22 05:19:34 | WARD_B_TEMP_04 | 35.9 | NORMAL
2026-09-22 05:19:34 | WARD_B_TEMP_05 | 35.6 | NORMAL
2026-09-22 05:19:35 | WARD_B_TEMP_01 | 38.6 | CRITICAL
2026-09-22 05:19:35 | WARD_B_TEMP_02 | 36.6 | NORMAL
2026-09-22 05:19:35 | WARD_B_TEMP_03 | 39.4 | CRITICAL
2026-09-22 05:19:35 | WARD_B_TEMP_04 | 40.1 | CRITICAL
2026-09-22 05:19:35 | WARD_B_TEMP_05 | 36.6 | NORMAL
2026-09-22 05:19:36 | WARD_B_TEMP_01 | 39.4 | CRITICAL
2026-09-22 05:19:36 | WARD_B_TEMP_02 | 39.2 | CRITICAL
2026-09-22 05:19:36 | WARD_B_TEMP_03 | 37.4 | NORMAL
2026-09-22 05:19:36 | WARD_B_TEMP_04 | 37.5 | WARNING
2026-09-22 05:19:36 | WARD_B_TEMP_05 | 39.4 | CRITICAL
2026-09-22 05:19:37 | WARD_B_TEMP_01 | 39.8 | CRITICAL
2026-09-22 05:19:37 | WARD_B_TEMP_02 | 35.3 | CRITICAL
2026-09-22 05:19:37 | WARD_B_TEMP_03 | 37.9 | WARNING
2026-09-22 05:19:37 | WARD_B_TEMP_04 | 39.1 | CRITICAL
2026-09-22 05:19:37 | WARD_B_TEMP_05 | 40.4 | CRITICAL
2026-09-22 05:19:38 | WARD_B_TEMP_01 | 36.8 | NORMAL
2026-09-22 05:19:38 | WARD_B_TEMP_02 | 37.2 | NORMAL
2026-09-22 05:19:38 | WARD_B_TEMP_03 | 37.4 | NORMAL
2026-09-22 05:19:38 | WARD_B_TEMP_04 | 34.7 | CRITICAL
2026-09-22 05:19:38 | WARD_B_TEMP_05 | 36.1 | NORMAL
2026-09-22 05:19:39 | WARD_B_TEMP_01 | 38.9 | CRITICAL
2026-09-22 05:19:39 | WARD_B_TEMP_02 | 40.5 | CRITICAL
2026-09-22 05:19:39 | WARD_B_TEMP_03 | 35.2 | CRITICAL
2026-09-22 05:19:39 | WARD_B_TEMP_04 | 37.7 | WARNING
2026-09-22 05:19:39 | WARD_B_TEMP_05 | 38.0 | WARNING
2026-09-22 05:19:40 | WARD_B_TEMP_01 | 37.3 | NORMAL
2026-09-22 05:19:40 | WARD_B_TEMP_02 | 36.9 | NORMAL
2026-09-22 05:19:40 | WARD_B_TEMP_03 | 35.6 | NORMAL
2026-09-22 05:19:40 | WARD_B_TEMP_04 | 35.5 | NORMAL
2026-09-22 05:19:40 | WARD_B_TEMP_05 | 35.3 | CRITICAL
2026-09-22 05:19:41 | WARD_B_TEMP_01 | 36.2 | NORMAL
2026-09-22 05:19:41 | WARD_B_TEMP_02 | 38.2 | CRITICAL
2026-09-22 05:19:41 | WARD_B_TEMP_03 | 38.2 | CRITICAL
2026-09-22 05:19:41 | WARD_B_TEMP_04 | 39.4 | CRITICAL
2026-09-22 05:19:41 | WARD_B_TEMP_05 | 37.1 | NORMAL
2026-09-22 05:19:42 | WARD_B_TEMP_01 | 35.4 | CRITICAL
2026-09-22 05:19:42 | WARD_B_TEMP_02 | 35.9 | NORMAL
2026-09-22 05:19:42 | WARD_B_TEMP_03 | 35.3 | CRITICAL
2026-09-22 05:19:42 | WARD_B_TEMP_04 | 37.5 | WARNING
2026-09-22 05:19:42 | WARD_B_TEMP_05 | 37.2 | NORMAL
2026-09-22 05:19:43 | WARD_B_TEMP_01 | 39.4 | CRITICAL
2026-09-22 05:19:43 | WARD_B_TEMP_02 | 40.3 | CRITICAL
2026-09-22 05:19:43 | WARD_B_TEMP_03 | 38.6 | CRITICAL
2026-09-22 05:19:43 | WARD_B_TEMP_04 | 37.2 | NORMAL
2026-09-22 05:19:43 | WARD_B_TEMP_05 | 39.5 | CRITICAL
2026-09-22 05:19:44 | WARD_B_TEMP_01 | 37.4 | NORMAL
2026-09-22 05:19:44 | WARD_B_TEMP_02 | 40.2 | CRITICAL
2026-09-22 05:19:44 | WARD_B_TEMP_03 | 38.2 | CRITICAL
2026-09-22 05:19:44 | WARD_B_TEMP_04 | 36.8 | NORMAL
2026-09-22 05:19:44 | WARD_B_TEMP_05 | 35.0 | CRITICAL
2026-09-22 05:19:45 | WARD_B_TEMP_01 | 38.7 | CRITICAL
2026-09-22 05:19:45 | WARD_B_TEMP_02 | 39.6 | CRITICAL
2026-09-22 05:19:45 | WARD_B_TEMP_03 | 39.7 | CRITICAL
2026-09-22 05:19:45 | WARD_B_TEMP_04 | 39.9 | CRITICAL
2026-09-22 05:19:45 | WARD_B_TEMP_05 | 34.8 | CRITICAL
2026-09-22 05:19:46 | WARD_B_TEMP_01 | 40.5 | CRITICAL
2026-09-22 05:19:46 | WARD_B_TEMP_02 | 38.7 | CRITICAL
2026-09-22 05:19:46 | WARD_B_TEMP_03 | 39.1 | CRITICAL
2026-09-22 05:19:46 | WARD_B_TEMP_04 | 35.8 | NORMAL
2026-09-22 05:19:46 | WARD_B_TEMP_05 | 39.3 | CRITICAL
2026-09-22 05:19:47 | WARD_B_TEMP_01 | 38.9 | CRITICAL
2026-09-22 05:19:47 | WARD_B_TEMP_02 | 35.6 | NORMAL
2026-09-22 05:19:47 | WARD_B_TEMP_03 | 36.6 | NORMAL
2026-09-22 05:19:47 | WARD_B_TEMP_04 | 35.2 | CRITICAL
2026-09-22 05:19:47 | WARD_B_TEMP_05 | 34.5 | CRITICAL
2026-09-22 05:19:48 | WARD_B_TEMP_01 | 37.8 | WARNING
2026-09-22 05:19:48 | WARD_B_TEMP_02 | 36.9 | NORMAL
2026-09-22 05:19:48 | WARD_B_TEMP_03 | 35.7 | NORMAL
2026-09-22 05:19:48 | WARD_B_TEMP_04 | 34.7 | CRITICAL
2026-09-22 05:19:48 | WARD_B_TEMP_05 | 40.4 | CRITICAL
2026-09-22 05:19:49 | WARD_B_TEMP_01 | 38.2 | CRITICAL
2026-09-22 05:19:49 | WARD_B_TEMP_02 | 39.6 | CRITICAL
2026-09-22 05:19:49 | WARD_B_TEMP_03 | 38.2 | CRITICAL
2026-09-22 05:19:49 | WARD_B_TEMP_04 | 35.0 | CRITICAL
2026-09-22 05:19:49 | WARD_B_TEMP_05 | 38.9 | CRITICAL
2026-09-22 05:19:50 | WARD_B_TEMP_01 | 36.0 | NORMAL
2026-09-22 05:19:50 | WARD_B_TEMP_02 | 40.2 | CRITICAL
2026-09-22 05:19:50 | WARD_B_TEMP_03 | 35.5 | NORMAL
2026-09-22 05:19:50 | WARD_B_TEMP_04 | 39.1 | CRITICAL
2026-09-22 05:19:50 | WARD_B_TEMP_05 | 35.3 | CRITICAL
2026-09-22 05:19:51 | WARD_B_TEMP_01 | 36.1 | NORMAL
2026-09-22 05:19:51 | WARD_B_TEMP_02 | 38.1 | CRITICAL
2026-09-22 05:19:51 | WARD_B_TEMP_03 | 37.2 | NORMAL
2026-09-22 05:19:51 | WARD_B_TEMP_04 | 37.9 | WARNING
2026-09-22 05:19:51 | WARD_B_TEMP_05 | 35.7 | NORMAL
2026-09-22 05:19:52 | WARD_B_TEMP_01 | 37.0 | NORMAL
2026-09-22 05:19:52 | WARD_B_TEMP_02 | 38.4 | CRITICAL
2026-09-22 05:19:52 | WARD_B_TEMP_03 | 37.6 | WARNING
2026-09-22 05:19:52 | WARD_B_TEMP_04 | 38.4 | CRITICAL
2026-09-22 05:19:52 | WARD_B_TEMP_05 | 40.5 | CRITICAL
2026-09-22 05:19:53 | WARD_B_TEMP_01 | 39.7 | CRITICAL
2026-09-22 05:19:53 | WARD_B_TEMP_02 | 36.8 | NORMAL
2026-09-22 05:19:53 | WARD_B_TEMP_03 | 35.7 | NORMAL
2026-09-22 05:19:53 | WARD_B_TEMP_04 | 35.5 | NORMAL
2026-09-22 05:19:53 | WARD_B_TEMP_05 | 38.5 | CRITICAL
2026-09-22 05:19:54 | WARD_B_TEMP_01 | 38.7 | CRITICAL
2026-09-22 05:19:54 | WARD_B_TEMP_02 | 35.6 | NORMAL
2026-09-22 05:19:54 | WARD_B_TEMP_03 | 40.1 | CRITICAL
2026-09-22 05:19:54 | WARD_B_TEMP_04 | 38.7 | CRITICAL
2026-09-22 05:19:54 | WARD_B_TEMP_05 | 35.9 | NORMAL
2026-09-22 05:19:55 | WARD_B_TEMP_01 | 35.9 | NORMAL
2026-09-22 05:19:55 | WARD_B_TEMP_02 | 37.7 | WARNING
2026-09-22 05:19:55 | WARD_B_TEMP_03 | 38.5 | CRITICAL
2026-09-22 05:19:55 | WARD_B_TEMP_04 | 39.0 | CRITICAL
2026-09-22 05:19:55 | WARD_B_TEMP_05 | 36.4 | NORMAL
2026-09-22 05:19:56 | WARD_B_TEMP_01 | 36.1 | NORMAL
2026-09-22 05:19:56 | WARD_B_TEMP_02 | 39.5 | CRITICAL
2026-09-22 05:19:56 | WARD_B_TEMP_03 | 39.9 | CRITICAL
2026-09-22 05:19:56 | WARD_B_TEMP_04 | 36.3 | NORMAL
2026-09-22 05:19:56 | WARD_B_TEMP_05 | 35.0 | CRITICAL
2026-09-22 05:19:57 | WARD_B_TEMP_01 | 36.4 | NORMAL
2026-09-22 05:19:57 | WARD_B_TEMP_02 | 40.2 | CRITICAL
2026-09-22 05:19:57 | WARD_B_TEMP_03 | 39.1 | CRITICAL
2026-09-22 05:19:57 | WARD_B_TEMP_04 | 35.7 | NORMAL
2026-09-22 05:19:57 | WARD_B_TEMP_05 | 35.7 | NORMAL
2026-09-22 05:19:58 | WARD_B_TEMP_01 | 38.9 | CRITICAL
2026-09-22 05:19:58 | WARD_B_TEMP_02 | 34.9 | CRITICAL
2026-09-22 05:19:58 | WARD_B_TEMP_03 | 37.5 | WARNING
2026-09-22 05:19:58 | WARD_B_TEMP_04 | 37.1 | NORMAL
2026-09-22 05:19:58 | WARD_B_TEMP_05 | 40.2 | CRITICAL
2026-09-22 05:19:59 | WARD_B_TEMP_01 | 35.8 | NORMAL
2026-09-22 05:19:59 | WARD_B_TEMP_02 | 37.6 | WARNING
2026-09-22 05:19:59 | WARD_B_TEMP_03 | 40.1 | CRITICAL
2026-09-22 05:19:59 | WARD_B_TEMP_04 | 36.6 | NORMAL
2026-09-22 05:19:59 | WARD_B_TEMP_05 | 36.7 | NORMAL
2026-09-22 05:20:00 | WARD_B_TEMP_01 | 40.1 | CRITICAL
2026-09-22 05:20:00 | WARD_B_TEMP_02 | 39.0 | CRITICAL
2026-09-22 05:20:00 | WARD_B_TEMP_03 | 34.8 | CRITICAL
2026-09-22 05:20:00 | WARD_B_TEMP_04 | 40.3 | CRITICAL
2026-09-22 05:20:00 | WARD_B_TEMP_05 | 37.0 | NORMAL
2026-09-22 05:20:01 | WARD_B_TEMP_01 | 36.3 | NORMAL
2026-09-22 05:20:01 | WARD_B_TEMP_02 | 35.9 | NORMAL
2026-09-22 05:20:01 | WARD_B_TEMP_03 | 37.3 | NORMAL
2026-09-22 05:20:01 | WARD_B_TEMP_04 | 37.2 | NORMAL
2026-09-22 05:20:01 | WARD_B_TEMP_05 | 39.5 | CRITICAL
2026-09-22 05:20:02 | WARD_B_TEMP_01 | 38.2 | CRITICAL
2026-09-22 05:20:02 | WARD_B_TEMP_02 | 39.1 | CRITICAL
2026-09-22 05:20:02 | WARD_B_TEMP_03 | 35.8 | NORMAL
2026-09-22 05:20:02 | WARD_B_TEMP_04 | 38.4 | CRITICAL
2026-09-22 05:20:02 | WARD_B_TEMP_05 | 36.9 | NORMAL
2026-09-22 05:20:03 | WARD_B_TEMP_01 | 39.2 | CRITICAL
2026-09-22 05:20:03 | WARD_B_TEMP_02 | 35.0 | CRITICAL
2026-09-22 05:20:03 | WARD_B_TEMP_03 | 40.2 | CRITICAL
2026-09-22 05:20:03 | WARD_B_TEMP_04 | 38.4 | CRITICAL
2026-09-22 05:20:03 | WARD_B_TEMP_05 | 35.4 | CRITICAL
2026-09-22 05:20:04 | WARD_B_TEMP_01 | 36.3 | NORMAL
2026-09-22 05:20:04 | WARD_B_TEMP_02 | 35.8 | NORMAL
2026-09-22 05:20:04 | WARD_B_TEMP_03 | 37.9 | WARNING
2026-09-22 05:20:04 | WARD_B_TEMP_04 | 35.7 | NORMAL
2026-09-22 05:20:04 | WARD_B_TEMP_05 | 40.0 | CRITICAL
2026-09-22 05:20:05 | WARD_B_TEMP_01 | 35.3 | CRITICAL
2026-09-22 05:20:05 | WARD_B_TEMP_02 | 36.8 | NORMAL
2026-09-22 05:20:05 | WARD_B_TEMP_03 | 36.2 | NORMAL
2026-09-22 05:20:05 | WARD_B_TEMP_04 | 37.4 | NORMAL
2026-09-22 05:20:05 | WARD_B_TEMP_05 | 38.4 | CRITICAL
2026-09-22 05:20:06 | WARD_B_TEMP_01 | 39.3 | CRITICAL
2026-09-22 05:20:06 | WARD_B_TEMP_02 | 38.9 | CRITICAL
2026-09-22 05:20:06 | WARD_B_TEMP_03 | 36.4 | NORMAL
2026-09-22 05:20:06 | WARD_B_TEMP_04 | 35.0 | CRITICAL
2026-09-22 05:20:06 | WARD_B_TEMP_05 | 35.8 | NORMAL
2026-09-22 05:20:07 | WARD_B_TEMP_01 | 35.1 | CRITICAL
2026-09-22 05:20:07 | WARD_B_TEMP_02 | 36.6 | NORMAL
2026-09-22 05:20:07 | WARD_B_TEMP_03 | 39.2 | CRITICAL
2026-09-22 05:20:07 | WARD_B_TEMP_04 | 38.0 | WARNING
2026-09-22 05:20:07 | WARD_B_TEMP_05 | 38.6 | CRITICAL
2026-09-22 05:20:08 | WARD_B_TEMP_01 | 38.7 | CRITICAL
2026-09-22 05:20:08 | WARD_B_TEMP_02 | 36.7 | NORMAL
2026-09-22 05:20:08 | WARD_B_TEMP_03 | 35.3 | CRITICAL
2026-09-22 05:20:08 | WARD_B_TEMP_04 | 40.1 | CRITICAL
2026-09-22 05:20:08 | WARD_B_TEMP_05 | 36.2 | NORMAL
2026-09-22 05:20:09 | WARD_B_TEMP_01 | 35.6 | NORMAL
2026-09-22 05:20:09 | WARD_B_TEMP_02 | 37.8 | WARNING
2026-09-22 05:20:09 | WARD_B_TEMP_03 | 39.8 | CRITICAL
2026-09-22 05:20:09 | WARD_B_TEMP_04 | 34.9 | CRITICAL
2026-09-22 05:20:09 | WARD_B_TEMP_05 | 35.4 | CRITICAL
2026-09-22 05:20:10 | WARD_B_TEMP_01 | 35.4 | CRITICAL
2026-09-22 05:20:10 | WARD_B_TEMP_02 | 39.4 | CRITICAL
2026-09-22 05:20:10 | WARD_B_TEMP_03 | 36.6 | NORMAL
2026-09-22 05:20:10 | WARD_B_TEMP_04 | 39.4 | CRITICAL
2026-09-22 05:20:10 | WARD_B_TEMP_05 | 40.2 | CRITICAL
2026-09-22 05:20:11 | WARD_B_TEMP_01 | 38.4 | CRITICAL
2026-09-22 05:20:11 | WARD_B_TEMP_02 | 38.0 | WARNING
2026-09-22 05:20:11 | WARD_B_TEMP_03 | 40.4 | CRITICAL
2026-09-22 05:20:11 | WARD_B_TEMP_04 | 38.3 | CRITICAL
2026-09-22 05:20:11 | WARD_B_TEMP_05 | 39.9 | CRITICAL
2026-09-22 05:20:12 | WARD_B_TEMP_01 | 36.0 | NORMAL
2026-09-22 05:20:12 | WARD_B_TEMP_02 | 38.3 | CRITICAL
2026-09-22 05:20:12 | WARD_B_TEMP_03 | 39.7 | CRITICAL
2026-09-22 05:20:12 | WARD_B_TEMP_04 | 35.5 | NORMAL
2026-09-22 05:20:12 | WARD_B_TEMP_05 | 34.9 | CRITICAL
2026-09-22 05:20:13 | WARD_B_TEMP_01 | 36.9 | NORMAL
2026-09-22 05:20:13 | WARD_B_TEMP_02 | 37.4 | NORMAL
2026-09-22 05:20:13 | WARD_B_TEMP_03 | 37.4 | NORMAL
2026-09-22 05:20:13 | WARD_B_TEMP_04 | 39.8 | CRITICAL
2026-09-22 05:20:13 | WARD_B_TEMP_05 | 35.3 | CRITICAL
2026-09-22 05:20:14 | WARD_B_TEMP_01 | 35.1 | CRITICAL
2026-09-22 05:20:14 | WARD_B_TEMP_02 | 40.3 | CRITICAL
2026-09-22 05:20:14 | WARD_B_TEMP_03 | 40.4 | CRITICAL
2026-09-22 05:20:14 | WARD_B_TEMP_04 | 39.0 | CRITICAL
2026-09-22 05:20:14 | WARD_B_TEMP_05 | 35.1 | CRITICAL
2026-09-22 05:20:15 | WARD_B_TEMP_01 | 38.8 | CRITICAL
2026-09-22 05:20:15 | WARD_B_TEMP_02 | 34.7 | CRITICAL
2026-09-22 05:20:15 | WARD_B_TEMP_03 | 36.2 | NORMAL
2026-09-22 05:20:15 | WARD_B_TEMP_04 | 35.6 | NORMAL
2026-09-22 05:20:15 | WARD_B_TEMP_05 | 38.2 | CRITICAL
2026-09-22 05:20:16 | WARD_B_TEMP_01 | 37.0 | NORMAL
2026-09-22 05:20:16 | WARD_B_TEMP_02 | 38.7 | CRITICAL
2026-09-22 05:20:16 | WARD_B_TEMP_03 | 34.8 | CRITICAL
2026-09-22 05:20:16 | WARD_B_TEMP_04 | 36.7 | NORMAL
2026-09-22 05:20:16 | WARD_B_TEMP_05 | 40.2 | CRITICAL
2026-09-22 05:20:17 | WARD_B_TEMP_01 | 36.9 | NORMAL
2026-09-22 05:20:17 | WARD_B_TEMP_02 | 38.9 | CRITICAL
2026-09-22 05:20:17 | WARD_B_TEMP_03 | 35.5 | NORMAL
2026-09-22 05:20:17 | WARD_B_TEMP_04 | 39.4 | CRITICAL
2026-09-22 05:20:17 | WARD_B_TEMP_05 | 34.8 | CRITICAL
2026-09-22 05:20:18 | WARD_B_TEMP_01 | 36.2 | NORMAL
2026-09-22 05:20:18 | WARD_B_TEMP_02 | 39.3 | CRITICAL
2026-09-22 05:20:18 | WARD_B_TEMP_03 | 39.4 | CRITICAL
2026-09-22 05:20:18 | WARD_B_TEMP_04 | 36.5 | NORMAL
2026-09-22 05:20:18 | WARD_B_TEMP_05 | 40.2 | CRITICAL
2026-09-22 05:20:19 | WARD_B_TEMP_01 | 39.8 | CRITICAL
2026-09-22 05:20:19 | WARD_B_TEMP_02 | 40.3 | CRITICAL
2026-09-22 05:20:19 | WARD_B_TEMP_03 | 35.0 | CRITICAL
2026-09-22 05:20:19 | WARD_B_TEMP_04 | 40.1 | CRITICAL
2026-09-22 05:20:19 | WARD_B_TEMP_05 | 39.0 | CRITICAL
2026-09-22 05:20:20 | WARD_B_TEMP_01 | 36.9 | NORMAL
2026-09-22 05:20:20 | WARD_B_TEMP_02 | 35.2 | CRITICAL
2026-09-22 05:20:20 | WARD_B_TEMP_03 | 38.4 | CRITICAL
2026-09-22 05:20:20 | WARD_B_TEMP_04 | 40.3 | CRITICAL
2026-09-22 05:20:20 | WARD_B_TEMP_05 | 36.9 | NORMAL
2026-09-22 05:20:21 | WARD_B_TEMP_01 | 37.7 | WARNING
2026-09-22 05:20:21 | WARD_B_TEMP_02 | 39.8 | CRITICAL
2026-09-22 05:20:21 | WARD_B_TEMP_03 | 39.1 | CRITICAL
2026-09-22 05:20:21 | WARD_B_TEMP_04 | 34.7 | CRITICAL
2026-09-22 05:20:21 | WARD_B_TEMP_05 | 36.0 | NORMAL
2026-09-22 05:20:22 | WARD_B_TEMP_01 | 35.6 | NORMAL
2026-09-22 05:20:22 | WARD_B_TEMP_02 | 35.9 | NORMAL
2026-09-22 05:20:22 | WARD_B_TEMP_03 | 37.9 | WARNING
2026-09-22 05:20:22 | WARD_B_TEMP_04 | 39.7 | CRITICAL
2026-09-22 05:20:22 | WARD_B_TEMP_05 | 39.8 | CRITICAL
2026-09-22 05:20:23 | WARD_B_TEMP_01 | 35.9 | NORMAL
2026-09-22 05:20:23 | WARD_B_TEMP_02 | 35.5 | NORMAL
2026-09-22 05:20:23 | WARD_B_TEMP_03 | 34.7 | CRITICAL
2026-09-22 05:20:23 | WARD_B_TEMP_04 | 37.3 | NORMAL
2026-09-22 05:20:23 | WARD_B_TEMP_05 | 38.4 | CRITICAL
2026-09-22 05:20:24 | WARD_B_TEMP_01 | 35.1 | CRITICAL
2026-09-22 05:20:24 | WARD_B_TEMP_02 | 36.7 | NORMAL
2026-09-22 05:20:24 | WARD_B_TEMP_03 | 36.7 | NORMAL
2026-09-22 05:20:24 | WARD_B_TEMP_04 | 38.8 | CRITICAL
2026-09-22 05:20:24 | WARD_B_TEMP_05 | 37.3 | NORMAL
2026-09-22 05:20:25 | WARD_B_TEMP_01 | 40.3 | CRITICAL
2026-09-22 05:20:25 | WARD_B_TEMP_02 | 37.0 | NORMAL
2026-09-22 05:20:25 | WARD_B_TEMP_03 | 35.3 | CRITICAL
2026-09-22 05:20:25 | WARD_B_TEMP_04 | 36.4 | NORMAL
2026-09-22 05:20:25 | WARD_B_TEMP_05 | 38.8 | CRITICAL
2026-09-22 05:20:26 | WARD_B_TEMP_01 | 38.7 | CRITICAL
2026-09-22 05:20:26 | WARD_B_TEMP_02 | 39.4 | CRITICAL
2026-09-22 05:20:26 | WARD_B_TEMP_03 | 34.6 | CRITICAL
2026-09-22 05:20:26 | WARD_B_TEMP_04 | 40.2 | CRITICAL
2026-09-22 05:20:26 | WARD_B_TEMP_05 | 38.8 | CRITICAL
2026-09-22 05:20:27 | WARD_B_TEMP_01 | 36.8 | NORMAL
2026-09-22 05:20:27 | WARD_B_TEMP_02 | 40.1 | CRITICAL
2026-09-22 05:20:27 | WARD_B_TEMP_03 | 35.8 | NORMAL
2026-09-22 05:20:27 | WARD_B_TEMP_04 | 36.9 | NORMAL
2026-09-22 05:20:27 | WARD_B_TEMP_05 | 36.5 | NORMAL
2026-09-22 05:20:28 | WARD_B_TEMP_01 | 35.0 | CRITICAL
2026-09-22 05:20:28 | WARD_B_TEMP_02 | 36.4 | NORMAL
2026-09-22 05:20:28 | WARD_B_TEMP_03 | 39.0 | CRITICAL
2026-09-22 05:20:28 | WARD_B_TEMP_04 | 37.6 | WARNING
2026-09-22 05:20:28 | WARD_B_TEMP_05 | 39.5 | CRITICAL
2026-09-22 05:20:29 | WARD_B_TEMP_01 | 40.0 | CRITICAL
2026-09-22 05:20:29 | WARD_B_TEMP_02 | 40.4 | CRITICAL
2026-09-22 05:20:29 | WARD_B_TEMP_03 | 39.0 | CRITICAL
2026-09-22 05:20:29 | WARD_B_TEMP_04 | 36.9 | NORMAL
2026-09-22 05:20:29 | WARD_B_TEMP_05 | 36.4 | NORMAL
2026-09-22 05:20:30 | WARD_B_TEMP_01 | 36.7 | NORMAL
2026-09-22 05:20:30 | WARD_B_TEMP_02 | 38.2 | CRITICAL
2026-09-22 05:20:30 | WARD_B_TEMP_03 | 40.2 | CRITICAL
2026-09-22 05:20:30 | WARD_B_TEMP_04 | 39.6 | CRITICAL
2026-09-22 05:20:30 | WARD_B_TEMP_05 | 37.4 | NORMAL
2026-09-22 05:20:31 | WARD_B_TEMP_01 | 38.6 | CRITICAL
2026-09-22 05:20:31 | WARD_B_TEMP_02 | 36.0 | NORMAL
2026-09-22 05:20:31 | WARD_B_TEMP_03 | 39.5 | CRITICAL
2026-09-22 05:20:31 | WARD_B_TEMP_04 | 39.0 | CRITICAL
2026-09-22 05:20:31 | WARD_B_TEMP_05 | 35.8 | NORMAL
2026-09-22 05:20:32 | WARD_B_TEMP_01 | 38.6 | CRITICAL
2026-09-22 05:20:32 | WARD_B_TEMP_02 | 37.9 | WARNING
2026-09-22 05:20:32 | WARD_B_TEMP_03 | 36.3 | NORMAL
2026-09-22 05:20:32 | WARD_B_TEMP_04 | 40.3 | CRITICAL
2026-09-22 05:20:32 | WARD_B_TEMP_05 | 37.3 | NORMAL
2026-09-22 05:20:33 | WARD_B_TEMP_01 | 39.8 | CRITICAL
2026-09-22 05:20:33 | WARD_B_TEMP_02 | 38.6 | CRITICAL
2026-09-22 05:20:33 | WARD_B_TEMP_03 | 35.0 | CRITICAL
2026-09-22 05:20:33 | WARD_B_TEMP_04 | 37.2 | NORMAL
2026-09-22 05:20:33 | WARD_B_TEMP_05 | 40.3 | CRITICAL
2026-09-22 05:20:34 | WARD_B_TEMP_01 | 35.5 | NORMAL
2026-09-22 05:20:34 | WARD_B_TEMP_02 | 34.8 | CRITICAL
2026-09-22 05:20:34 | WARD_B_TEMP_03 | 35.1 | CRITICAL
2026-09-22 05:20:34 | WARD_B_TEMP_04 | 35.2 | CRITICAL
2026-09-22 05:20:34 | WARD_B_TEMP_05 | 38.6 | CRITICAL
2026-09-22 05:20:35 | WARD_B_TEMP_01 | 39.7 | CRITICAL
2026-09-22 05:20:35 | WARD_B_TEMP_02 | 35.2 | CRITICAL
2026-09-22 05:20:35 | WARD_B_TEMP_03 | 35.6 | NORMAL
2026-09-22 05:20:35 | WARD_B_TEMP_04 | 37.2 | NORMAL
2026-09-22 05:20:35 | WARD_B_TEMP_05 | 39.5 | CRITICAL
2026-09-22 05:20:36 | WARD_B_TEMP_01 | 40.3 | CRITICAL
2026-09-22 05:20:36 | WARD_B_TEMP_02 | 38.3 | CRITICAL
2026-09-22 05:20:36 | WARD_B_TEMP_03 | 40.3 | CRITICAL
2026-09-22 05:20:36 | WARD_B_TEMP_04 | 36.9 | NORMAL
2026-09-22 05:20:36 | WARD_B_TEMP_05 | 39.8 | CRITICAL
2026-09-22 05:20:37 | WARD_B_TEMP_01 | 39.9 | CRITICAL
2026-09-22 05:20:37 | WARD_B_TEMP_02 | 40.0 | CRITICAL
2026-09-22 05:20:37 | WARD_B_TEMP_03 | 37.9 | WARNING
2026-09-22 05:20:37 | WARD_B_TEMP_04 | 35.0 | CRITICAL
2026-09-22 05:20:37 | WARD_B_TEMP_05 | 40.1 | CRITICAL
2026-09-22 05:20:38 | WARD_B_TEMP_01 | 38.1 | CRITICAL
2026-09-22 05:20:38 | WARD_B_TEMP_02 | 35.1 | CRITICAL
2026-09-22 05:20:38 | WARD_B_TEMP_03 | 39.6 | CRITICAL
2026-09-22 05:20:38 | WARD_B_TEMP_04 | 35.8 | NORMAL
2026-09-22 05:20:38 | WARD_B_TEMP_05 | 40.1 | CRITICAL
2026-09-22 05:20:39 | WARD_B_TEMP_01 | 38.7 | CRITICAL
2026-09-22 05:20:39 | WARD_B_TEMP_02 | 37.8 | WARNING
2026-09-22 05:20:39 | WARD_B_TEMP_03 | 38.1 | CRITICAL
2026-09-22 05:20:39 | WARD_B_TEMP_04 | 35.1 | CRITICAL
2026-09-22 05:20:39 | WARD_B_TEMP_05 | 36.2 | NORMAL
2026-09-22 05:20:40 | WARD_B_TEMP_01 | 36.2 | NORMAL
2026-09-22 05:20:40 | WARD_B_TEMP_02 | 38.7 | CRITICAL
2026-09-22 05:20:40 | WARD_B_TEMP_03 | 36.4 | NORMAL
2026-09-22 05:20:40 | WARD_B_TEMP_04 | 39.0 | CRITICAL
2026-09-22 05:20:40 | WARD_B_TEMP_05 | 37.0 | NORMAL
2026-09-22 05:20:41 | WARD_B_TEMP_01 | 38.2 | CRITICAL
2026-09-22 05:20:41 | WARD_B_TEMP_02 | 37.6 | WARNING
2026-09-22 05:20:41 | WARD_B_TEMP_03 | 36.4 | NORMAL
2026-09-22 05:20:41 | WARD_B_TEMP_04 | 39.5 | CRITICAL
2026-09-22 05:20:41 | WARD_B_TEMP_05 | 35.4 | CRITICAL
2026-09-22 05:20:42 | WARD_B_TEMP_01 | 39.3 | CRITICAL
2026-09-22 05:20:42 | WARD_B_TEMP_02 | 36.3 | NORMAL
2026-09-22 05:20:42 | WARD_B_TEMP_03 | 39.1 | CRITICAL
2026-09-22 05:20:42 | WARD_B_TEMP_04 | 39.3 | CRITICAL
2026-09-22 05:20:42 | WARD_B_TEMP_05 | 36.2 | NORMAL
2026-09-22 05:20:43 | WARD_B_TEMP_01 | 40.4 | CRITICAL
2026-09-22 05:20:43 | WARD_B_TEMP_02 | 34.7 | CRITICAL
2026-09-22 05:20:43 | WARD_B_TEMP_03 | 34.8 | CRITICAL
2026-09-22 05:20:43 | WARD_B_TEMP_04 | 34.8 | CRITICAL
2026-09-22 05:20:43 | WARD_B_TEMP_05 | 40.2 | CRITICAL
2026-09-22 05:20:44 | WARD_B_TEMP_01 | 37.0 | NORMAL
2026-09-22 05:20:44 | WARD_B_TEMP_02 | 37.7 | WARNING
2026-09-22 05:20:44 | WARD_B_TEMP_03 | 37.7 | WARNING
2026-09-22 05:20:44 | WARD_B_TEMP_04 | 39.6 | CRITICAL
2026-09-22 05:20:44 | WARD_B_TEMP_05 | 37.5 | WARNING
2026-09-22 05:20:45 | WARD_B_TEMP_01 | 40.2 | CRITICAL
2026-09-22 05:20:45 | WARD_B_TEMP_02 | 36.3 | NORMAL
2026-09-22 05:20:45 | WARD_B_TEMP_03 | 37.3 | NORMAL
2026-09-22 05:20:45 | WARD_B_TEMP_04 | 37.0 | NORMAL
2026-09-22 05:20:45 | WARD_B_TEMP_05 | 38.3 | CRITICAL
2026-09-22 05:20:46 | WARD_B_TEMP_01 | 35.4 | CRITICAL
2026-09-22 05:20:46 | WARD_B_TEMP_02 | 36.9 | NORMAL
2026-09-22 05:20:46 | WARD_B_TEMP_03 | 34.7 | CRITICAL
2026-09-22 05:20:46 | WARD_B_TEMP_04 | 35.3 | CRITICAL
2026-09-22 05:20:46 | WARD_B_TEMP_05 | 35.1 | CRITICAL
2026-09-22 05:20:47 | WARD_B_TEMP_01 | 39.6 | CRITICAL
2026-09-22 05:20:47 | WARD_B_TEMP_02 | 39.1 | CRITICAL
2026-09-22 05:20:47 | WARD_B_TEMP_03 | 38.8 | CRITICAL
2026-09-22 05:20:47 | WARD_B_TEMP_04 | 38.9 | CRITICAL
2026-09-22 05:20:47 | WARD_B_TEMP_05 | 39.7 | CRITICAL
2026-09-22 05:20:48 | WARD_B_TEMP_01 | 34.7 | CRITICAL
2026-09-22 05:20:48 | WARD_B_TEMP_02 | 37.0 | NORMAL
2026-09-22 05:20:48 | WARD_B_TEMP_03 | 38.9 | CRITICAL
2026-09-22 05:20:48 | WARD_B_TEMP_04 | 37.4 | NORMAL
2026-09-22 05:20:48 | WARD_B_TEMP_05 | 37.1 | NORMAL
2026-09-22 05:20:49 | WARD_B_TEMP_01 | 35.0 | CRITICAL
2026-09-22 05:20:49 | WARD_B_TEMP_02 | 37.6 | WARNING
2026-09-22 05:20:49 | WARD_B_TEMP_03 | 36.3 | NORMAL
2026-09-22 05:20:49 | WARD_B_TEMP_04 | 34.6 | CRITICAL
2026-09-22 05:20:49 | WARD_B_TEMP_05 | 38.3 | CRITICAL
2026-09-22 05:20:50 | WARD_B_TEMP_01 | 40.0 | CRITICAL
2026-09-22 05:20:50 | WARD_B_TEMP_02 | 38.3 | CRITICAL
2026-09-22 05:20:50 | WARD_B_TEMP_03 | 35.5 | NORMAL
2026-09-22 05:20:50 | WARD_B_TEMP_04 | 40.4 | CRITICAL
2026-09-22 05:20:50 | WARD_B_TEMP_05 | 37.3 | NORMAL
2026-09-22 05:20:51 | WARD_B_TEMP_01 | 38.9 | CRITICAL
2026-09-22 05:20:51 | WARD_B_TEMP_02 | 37.3 | NORMAL
2026-09-22 05:20:51 | WARD_B_TEMP_03 | 37.4 | NORMAL
2026-09-22 05:20:51 | WARD_B_TEMP_04 | 38.2 | CRITICAL
2026-09-22 05:20:51 | WARD_B_TEMP_05 | 37.2 | NORMAL
2026-09-22 05:20:52 | WARD_B_TEMP_01 | 38.7 | CRITICAL
2026-09-22 05:20:52 | WARD_B_TEMP_02 | 36.0 | NORMAL
2026-09-22 05:20:52 | WARD_B_TEMP_03 | 39.3 | CRITICAL
2026-09-22 05:20:52 | WARD_B_TEMP_04 | 39.4 | CRITICAL
2026-09-22 05:20:52 | WARD_B_TEMP_05 | 40.3 | CRITICAL
2026-09-22 05:20:53 | WARD_B_TEMP_01 | 37.9 | WARNING
2026-09-22 05:20:53 | WARD_B_TEMP_02 | 38.8 | CRITICAL
2026-09-22 05:20:53 | WARD_B_TEMP_03 | 36.3 | NORMAL
2026-09-22 05:20:53 | WARD_B_TEMP_04 | 39.5 | CRITICAL
2026-09-22 05:20:53 | WARD_B_TEMP_05 | 37.7 | WARNING
2026-09-22 05:20:54 | WARD_B_TEMP_01 | 38.4 | CRITICAL
2026-09-22 05:20:54 | WARD_B_TEMP_02 | 39.3 | CRITICAL
2026-09-22 05:20:54 | WARD_B_TEMP_03 | 34.6 | CRITICAL
2026-09-22 05:20:54 | WARD_B_TEMP_04 | 35.4 | CRITICAL
2026-09-22 05:20:54 | WARD_B_TEMP_05 | 34.9 | CRITICAL
2026-09-22 05:20:55 | WARD_B_TEMP_01 | 37.9 | WARNING
2026-09-22 05:20:55 | WARD_B_TEMP_02 | 38.1 | CRITICAL
2026-09-22 05:20:55 | WARD_B_TEMP_03 | 38.2 | CRITICAL
2026-09-22 05:20:55 | WARD_B_TEMP_04 | 38.4 | CRITICAL
2026-09-22 05:20:55 | WARD_B_TEMP_05 | 38.3 | CRITICAL
2026-09-22 05:20:56 | WARD_B_TEMP_01 | 37.0 | NORMAL
2026-09-22 05:20:56 | WARD_B_TEMP_02 | 36.3 | NORMAL
2026-09-22 05:20:56 | WARD_B_TEMP_03 | 37.6 | WARNING
2026-09-22 05:20:56 | WARD_B_TEMP_04 | 34.8 | CRITICAL
2026-09-22 05:20:56 | WARD_B_TEMP_05 | 36.9 | NORMAL
2026-09-22 05:20:57 | WARD_B_TEMP_01 | 39.3 | CRITICAL
2026-09-22 05:20:57 | WARD_B_TEMP_02 | 36.5 | NORMAL
2026-09-22 05:20:57 | WARD_B_TEMP_03 | 38.6 | CRITICAL
2026-09-22 05:20:57 | WARD_B_TEMP_04 | 36.5 | NORMAL
2026-09-22 05:20:57 | WARD_B_TEMP_05 | 36.0 | NORMAL
2026-09-22 05:20:58 | WARD_B_TEMP_01 | 39.1 | CRITICAL
2026-09-22 05:20:58 | WARD_B_TEMP_02 | 36.9 | NORMAL
2026-09-22 05:20:58 | WARD_B_TEMP_03 | 38.4 | CRITICAL
2026-09-22 05:20:58 | WARD_B_TEMP_04 | 36.3 | NORMAL
2026-09-22 05:20:58 | WARD_B_TEMP_05 | 37.0 | NORMAL
2026-09-22 05:20:59 | WARD_B_TEMP_01 | 34.6 | CRITICAL
2026-09-22 05:20:59 | WARD_B_TEMP_02 | 35.9 | NORMAL
2026-09-22 05:20:59 | WARD_B_TEMP_03 | 37.5 | WARNING
2026-09-22 05:20:59 | WARD_B_TEMP_04 | 38.8 | CRITICAL
2026-09-22 05:20:59 | WARD_B_TEMP_05 | 36.7 | NORMAL
2026-09-22 05:21:00 | WARD_B_TEMP_01 | 35.6 | NORMAL
2026-09-22 05:21:00 | WARD_B_TEMP_02 | 39.4 | CRITICAL
2026-09-22 05:21:00 | WARD_B_TEMP_03 | 39.1 | CRITICAL
2026-09-22 05:21:00 | WARD_B_TEMP_04 | 39.0 | CRITICAL
2026-09-22 05:21:00 | WARD_B_TEMP_05 | 40.3 | CRITICAL
2026-09-22 05:21:01 | WARD_B_TEMP_01 | 39.8 | CRITICAL
2026-09-22 05:21:01 | WARD_B_TEMP_02 | 40.0 | CRITICAL
2026-09-22 05:21:01 | WARD_B_TEMP_03 | 37.5 | WARNING
2026-09-22 05:21:01 | WARD_B_TEMP_04 | 35.5 | NORMAL
2026-09-22 05:21:01 | WARD_B_TEMP_05 | 38.0 | WARNING
2026-09-22 05:21:02 | WARD_B_TEMP_01 | 35.3 | CRITICAL
2026-09-22 05:21:02 | WARD_B_TEMP_02 | 38.0 | WARNING
2026-09-22 05:21:02 | WARD_B_TEMP_03 | 35.9 | NORMAL
2026-09-22 05:21:02 | WARD_B_TEMP_04 | 35.6 | NORMAL
2026-09-22 05:21:02 | WARD_B_TEMP_05 | 37.0 | NORMAL
2026-09-22 05:21:03 | WARD_B_TEMP_01 | 39.9 | CRITICAL
2026-09-22 05:21:03 | WARD_B_TEMP_02 | 36.2 | NORMAL
2026-09-22 05:21:03 | WARD_B_TEMP_03 | 35.9 | NORMAL
2026-09-22 05:21:03 | WARD_B_TEMP_04 | 36.6 | NORMAL
2026-09-22 05:21:03 | WARD_B_TEMP_05 | 39.6 | CRITICAL
2026-09-22 05:21:04 | WARD_B_TEMP_01 | 40.3 | CRITICAL
2026-09-22 05:21:04 | WARD_B_TEMP_02 | 37.2 | NORMAL
2026-09-22 05:21:04 | WARD_B_TEMP_03 | 36.8 | NORMAL
2026-09-22 05:21:04 | WARD_B_TEMP_04 | 36.4 | NORMAL
2026-09-22 05:21:04 | WARD_B_TEMP_05 | 34.7 | CRITICAL
2026-09-22 05:21:05 | WARD_B_TEMP_01 | 38.0 | WARNING
2026-09-22 05:21:05 | WARD_B_TEMP_02 | 35.7 | NORMAL
2026-09-22 05:21:05 | WARD_B_TEMP_03 | 40.1 | CRITICAL
2026-09-22 05:21:05 | WARD_B_TEMP_04 | 39.9 | CRITICAL
2026-09-22 05:21:05 | WARD_B_TEMP_05 | 38.1 | CRITICAL
2026-09-22 05:21:06 | WARD_B_TEMP_01 | 38.0 | WARNING
2026-09-22 05:21:06 | WARD_B_TEMP_02 | 38.0 | WARNING
2026-09-22 05:21:06 | WARD_B_TEMP_03 | 39.3 | CRITICAL
2026-09-22 05:21:06 | WARD_B_TEMP_04 | 36.5 | NORMAL
2026-09-22 05:21:06 | WARD_B_TEMP_05 | 36.8 | NORMAL
2026-09-22 05:21:07 | WARD_B_TEMP_01 | 37.1 | NORMAL
2026-09-22 05:21:07 | WARD_B_TEMP_02 | 36.6 | NORMAL
2026-09-22 05:21:07 | WARD_B_TEMP_03 | 36.5 | NORMAL
2026-09-22 05:21:07 | WARD_B_TEMP_04 | 40.1 | CRITICAL
2026-09-22 05:21:07 | WARD_B_TEMP_05 | 35.4 | CRITICAL
2026-09-22 05:21:08 | WARD_B_TEMP_01 | 37.0 | NORMAL
2026-09-22 05:21:08 | WARD_B_TEMP_02 | 35.4 | CRITICAL
2026-09-22 05:21:08 | WARD_B_TEMP_03 | 38.7 | CRITICAL
2026-09-22 05:21:08 | WARD_B_TEMP_04 | 35.4 | CRITICAL
2026-09-22 05:21:08 | WARD_B_TEMP_05 | 39.4 | CRITICAL
2026-09-22 05:21:09 | WARD_B_TEMP_01 | 36.5 | NORMAL
2026-09-22 05:21:09 | WARD_B_TEMP_02 | 36.8 | NORMAL
2026-09-22 05:21:09 | WARD_B_TEMP_03 | 38.6 | CRITICAL
2026-09-22 05:21:09 | WARD_B_TEMP_04 | 34.8 | CRITICAL
2026-09-22 05:21:09 | WARD_B_TEMP_05 | 39.3 | CRITICAL
2026-09-22 05:21:10 | WARD_B_TEMP_01 | 40.5 | CRITICAL
2026-09-22 05:21:10 | WARD_B_TEMP_02 | 35.7 | NORMAL
2026-09-22 05:21:10 | WARD_B_TEMP_03 | 36.4 | NORMAL
2026-09-22 05:21:10 | WARD_B_TEMP_04 | 38.4 | CRITICAL
2026-09-22 05:21:10 | WARD_B_TEMP_05 | 35.2 | CRITICAL
2026-09-22 05:21:11 | WARD_B_TEMP_01 | 34.5 | CRITICAL
2026-09-22 05:21:11 | WARD_B_TEMP_02 | 35.7 | NORMAL
2026-09-22 05:21:11 | WARD_B_TEMP_03 | 37.9 | WARNING
2026-09-22 05:21:11 | WARD_B_TEMP_04 | 38.5 | CRITICAL
2026-09-22 05:21:11 | WARD_B_TEMP_05 | 40.2 | CRITICAL
2026-09-22 05:21:12 | WARD_B_TEMP_01 | 35.8 | NORMAL
2026-09-22 05:21:12 | WARD_B_TEMP_02 | 38.0 | WARNING
2026-09-22 05:21:12 | WARD_B_TEMP_03 | 40.3 | CRITICAL
2026-09-22 05:21:12 | WARD_B_TEMP_04 | 38.9 | CRITICAL
2026-09-22 05:21:12 | WARD_B_TEMP_05 | 37.3 | NORMAL
2026-09-22 05:21:13 | WARD_B_TEMP_01 | 40.4 | CRITICAL
2026-09-22 05:21:13 | WARD_B_TEMP_02 | 35.7 | NORMAL
2026-09-22 05:21:13 | WARD_B_TEMP_03 | 35.0 | CRITICAL
2026-09-22 05:21:13 | WARD_B_TEMP_04 | 36.4 | NORMAL
2026-09-22 05:21:13 | WARD_B_TEMP_05 | 38.6 | CRITICAL
2026-09-22 05:21:14 | WARD_B_TEMP_01 | 38.8 | CRITICAL
2026-09-22 05:21:14 | WARD_B_TEMP_02 | 34.8 | CRITICAL
2026-09-22 05:21:14 | WARD_B_TEMP_03 | 36.7 | NORMAL
2026-09-22 05:21:14 | WARD_B_TEMP_04 | 36.2 | NORMAL
2026-09-22 05:21:14 | WARD_B_TEMP_05 | 37.1 | NORMAL
2026-09-22 05:21:15 | WARD_B_TEMP_01 | 35.5 | NORMAL
2026-09-22 05:21:15 | WARD_B_TEMP_02 | 36.5 | NORMAL
2026-09-22 05:21:15 | WARD_B_TEMP_03 | 38.5 | CRITICAL
2026-09-22 05:21:15 | WARD_B_TEMP_04 | 37.6 | WARNING
2026-09-22 05:21:15 | WARD_B_TEMP_05 | 35.9 | NORMAL
2026-09-22 05:21:16 | WARD_B_TEMP_01 | 37.6 | WARNING
2026-09-22 05:21:16 | WARD_B_TEMP_02 | 35.6 | NORMAL
2026-09-22 05:21:16 | WARD_B_TEMP_03 | 36.2 | NORMAL
2026-09-22 05:21:16 | WARD_B_TEMP_04 | 35.7 | NORMAL
2026-09-22 05:21:16 | WARD_B_TEMP_05 | 37.3 | NORMAL
2026-09-22 05:21:17 | WARD_B_TEMP_01 | 36.7 | NORMAL
2026-09-22 05:21:17 | WARD_B_TEMP_02 | 35.8 | NORMAL
2026-09-22 05:21:17 | WARD_B_TEMP_03 | 39.9 | CRITICAL
2026-09-22 05:21:17 | WARD_B_TEMP_04 | 36.1 | NORMAL
2026-09-22 05:21:17 | WARD_B_TEMP_05 | 39.3 | CRITICAL
2026-09-22 05:21:18 | WARD_B_TEMP_01 | 39.7 | CRITICAL
2026-09-22 05:21:18 | WARD_B_TEMP_02 | 39.9 | CRITICAL
2026-09-22 05:21:18 | WARD_B_TEMP_03 | 40.2 | CRITICAL
2026-09-22 05:21:18 | WARD_B_TEMP_04 | 34.8 | CRITICAL
2026-09-22 05:21:18 | WARD_B_TEMP_05 | 36.9 | NORMAL
2026-09-22 05:21:19 | WARD_B_TEMP_01 | 35.4 | CRITICAL
2026-09-22 05:21:19 | WARD_B_TEMP_02 | 39.1 | CRITICAL
2026-09-22 05:21:19 | WARD_B_TEMP_03 | 37.0 | NORMAL
2026-09-22 05:21:19 | WARD_B_TEMP_04 | 37.2 | NORMAL
2026-09-22 05:21:19 | WARD_B_TEMP_05 | 40.5 | CRITICAL
2026-09-22 05:21:20 | WARD_B_TEMP_01 | 36.4 | NORMAL
2026-09-22 05:21:20 | WARD_B_TEMP_02 | 38.7 | CRITICAL
2026-09-22 05:21:20 | WARD_B_TEMP_03 | 38.3 | CRITICAL
2026-09-22 05:21:20 | WARD_B_TEMP_04 | 36.2 | NORMAL
2026-09-22 05:21:20 | WARD_B_TEMP_05 | 34.7 | CRITICAL
2026-09-22 05:21:21 | WARD_B_TEMP_01 | 36.0 | NORMAL
2026-09-22 05:21:21 | WARD_B_TEMP_02 | 36.7 | NORMAL
2026-09-22 05:21:21 | WARD_B_TEMP_03 | 38.1 | CRITICAL
2026-09-22 05:21:21 | WARD_B_TEMP_04 | 36.4 | NORMAL
2026-09-22 05:21:21 | WARD_B_TEMP_05 | 38.2 | CRITICAL
2026-09-22 05:21:22 | WARD_B_TEMP_01 | 36.2 | NORMAL
2026-09-22 05:21:22 | WARD_B_TEMP_02 | 36.7 | NORMAL
2026-09-22 05:21:22 | WARD_B_TEMP_03 | 37.8 | WARNING
2026-09-22 05:21:22 | WARD_B_TEMP_04 | 39.1 | CRITICAL
2026-09-22 05:21:22 | WARD_B_TEMP_05 | 35.0 | CRITICAL
2026-09-22 05:21:23 | WARD_B_TEMP_01 | 36.0 | NORMAL
2026-09-22 05:21:23 | WARD_B_TEMP_02 | 40.2 | CRITICAL
2026-09-22 05:21:23 | WARD_B_TEMP_03 | 37.9 | WARNING
2026-09-22 05:21:23 | WARD_B_TEMP_04 | 39.4 | CRITICAL
2026-09-22 05:21:23 | WARD_B_TEMP_05 | 39.0 | CRITICAL
2026-09-22 05:21:24 | WARD_B_TEMP_01 | 36.9 | NORMAL
2026-09-22 05:21:24 | WARD_B_TEMP_02 | 38.0 | WARNING
2026-09-22 05:21:24 | WARD_B_TEMP_03 | 36.3 | NORMAL
2026-09-22 05:21:24 | WARD_B_TEMP_04 | 36.6 | NORMAL
2026-09-22 05:21:24 | WARD_B_TEMP_05 | 38.5 | CRITICAL
2026-09-22 05:21:25 | WARD_B_TEMP_01 | 38.6 | CRITICAL
2026-09-22 05:21:25 | WARD_B_TEMP_02 | 38.2 | CRITICAL
2026-09-22 05:21:25 | WARD_B_TEMP_03 | 40.4 | CRITICAL
2026-09-22 05:21:25 | WARD_B_TEMP_04 | 38.3 | CRITICAL
2026-09-22 05:21:25 | WARD_B_TEMP_05 | 35.9 | NORMAL
2026-09-22 05:21:26 | WARD_B_TEMP_01 | 35.1 | CRITICAL
2026-09-22 05:21:26 | WARD_B_TEMP_02 | 36.6 | NORMAL
2026-09-22 05:21:26 | WARD_B_TEMP_03 | 40.1 | CRITICAL
2026-09-22 05:21:26 | WARD_B_TEMP_04 | 35.7 | NORMAL
2026-09-22 05:21:26 | WARD_B_TEMP_05 | 38.9 | CRITICAL
2026-09-22 05:21:27 | WARD_B_TEMP_01 | 34.8 | CRITICAL
2026-09-22 05:21:27 | WARD_B_TEMP_02 | 34.6 | CRITICAL
2026-09-22 05:21:27 | WARD_B_TEMP_03 | 36.7 | NORMAL
2026-09-22 05:21:27 | WARD_B_TEMP_04 | 39.8 | CRITICAL
2026-09-22 05:21:27 | WARD_B_TEMP_05 | 35.7 | NORMAL
2026-09-22 05:21:28 | WARD_B_TEMP_01 | 38.4 | CRITICAL
2026-09-22 05:21:28 | WARD_B_TEMP_02 | 34.8 | CRITICAL
2026-09-22 05:21:28 | WARD_B_TEMP_03 | 37.1 | NORMAL
2026-09-22 05:21:28 | WARD_B_TEMP_04 | 38.8 | CRITICAL
2026-09-22 05:21:28 | WARD_B_TEMP_05 | 39.9 | CRITICAL
2026-09-22 05:21:29 | WARD_B_TEMP_01 | 35.9 | NORMAL
2026-09-22 05:21:29 | WARD_B_TEMP_02 | 36.4 | NORMAL
2026-09-22 05:21:29 | WARD_B_TEMP_03 | 38.4 | CRITICAL
2026-09-22 05:21:29 | WARD_B_TEMP_04 | 38.2 | CRITICAL
2026-09-22 05:21:29 | WARD_B_TEMP_05 | 39.9 | CRITICAL
2026-09-22 05:21:30 | WARD_B_TEMP_01 | 35.6 | NORMAL
2026-09-22 05:21:30 | WARD_B_TEMP_02 | 37.2 | NORMAL
2026-09-22 05:21:30 | WARD_B_TEMP_03 | 38.4 | CRITICAL
2026-09-22 05:21:30 | WARD_B_TEMP_04 | 36.1 | NORMAL
2026-09-22 05:21:30 | WARD_B_TEMP_05 | 40.4 | CRITICAL
2026-09-22 05:21:31 | WARD_B_TEMP_01 | 36.6 | NORMAL
2026-09-22 05:21:31 | WARD_B_TEMP_02 | 36.6 | NORMAL
2026-09-22 05:21:31 | WARD_B_TEMP_03 | 36.4 | NORMAL
2026-09-22 05:21:31 | WARD_B_TEMP_04 | 37.6 | WARNING
2026-09-22 05:21:31 | WARD_B_TEMP_05 | 35.8 | NORMAL
2026-09-22 05:21:32 | WARD_B_TEMP_01 | 35.6 | NORMAL
2026-09-22 05:21:32 | WARD_B_TEMP_02 | 40.1 | CRITICAL
2026-09-22 05:21:32 | WARD_B_TEMP_03 | 35.4 | CRITICAL
2026-09-22 05:21:32 | WARD_B_TEMP_04 | 36.5 | NORMAL
2026-09-22 05:21:32 | WARD_B_TEMP_05 | 40.4 | CRITICAL
2026-09-22 05:21:33 | WARD_B_TEMP_01 | 38.5 | CRITICAL
2026-09-22 05:21:33 | WARD_B_TEMP_02 | 35.9 | NORMAL
2026-09-22 05:21:33 | WARD_B_TEMP_03 | 40.3 | CRITICAL
2026-09-22 05:21:33 | WARD_B_TEMP_04 | 35.3 | CRITICAL
2026-09-22 05:21:33 | WARD_B_TEMP_05 | 38.1 | CRITICAL
2026-09-22 05:21:34 | WARD_B_TEMP_01 | 34.6 | CRITICAL
2026-09-22 05:21:34 | WARD_B_TEMP_02 | 39.5 | CRITICAL
2026-09-22 05:21:34 | WARD_B_TEMP_03 | 37.7 | WARNING
2026-09-22 05:21:34 | WARD_B_TEMP_04 | 37.8 | WARNING
2026-09-22 05:21:34 | WARD_B_TEMP_05 | 39.3 | CRITICAL
2026-09-22 05:21:35 | WARD_B_TEMP_01 | 38.5 | CRITICAL
2026-09-22 05:21:35 | WARD_B_TEMP_02 | 38.7 | CRITICAL
2026-09-22 05:21:35 | WARD_B_TEMP_03 | 34.7 | CRITICAL
2026-09-22 05:21:35 | WARD_B_TEMP_04 | 35.6 | NORMAL
2026-09-22 05:21:35 | WARD_B_TEMP_05 | 35.4 | CRITICAL
2026-09-22 05:21:36 | WARD_B_TEMP_01 | 36.1 | NORMAL
2026-09-22 05:21:36 | WARD_B_TEMP_02 | 39.1 | CRITICAL
2026-09-22 05:21:36 | WARD_B_TEMP_03 | 35.2 | CRITICAL
2026-09-22 05:21:36 | WARD_B_TEMP_04 | 36.3 | NORMAL
2026-09-22 05:21:36 | WARD_B_TEMP_05 | 37.3 | NORMAL
2026-09-22 05:21:37 | WARD_B_TEMP_01 | 35.3 | CRITICAL
2026-09-22 05:21:37 | WARD_B_TEMP_02 | 37.0 | NORMAL
2026-09-22 05:21:37 | WARD_B_TEMP_03 | 35.8 | NORMAL
2026-09-22 05:21:37 | WARD_B_TEMP_04 | 40.4 | CRITICAL
2026-09-22 05:21:37 | WARD_B_TEMP_05 | 38.9 | CRITICAL
2026-09-22 05:21:38 | WARD_B_TEMP_01 | 38.1 | CRITICAL
2026-09-22 05:21:38 | WARD_B_TEMP_02 | 37.5 | WARNING
2026-09-22 05:21:38 | WARD_B_TEMP_03 | 39.9 | CRITICAL
2026-09-22 05:21:38 | WARD_B_TEMP_04 | 38.2 | CRITICAL
2026-09-22 05:21:38 | WARD_B_TEMP_05 | 40.1 | CRITICAL
2026-09-22 05:21:39 | WARD_B_TEMP_01 | 39.4 | CRITICAL
2026-09-22 05:21:39 | WARD_B_TEMP_02 | 34.8 | CRITICAL
2026-09-22 05:21:39 | WARD_B_TEMP_03 | 38.3 | CRITICAL
2026-09-22 05:21:39 | WARD_B_TEMP_04 | 36.6 | NORMAL
2026-09-22 05:21:39 | WARD_B_TEMP_05 | 39.2 | CRITICAL
2026-09-22 05:21:40 | WARD_B_TEMP_01 | 37.6 | WARNING
2026-09-22 05:21:40 | WARD_B_TEMP_02 | 36.0 | NORMAL
2026-09-22 05:21:40 | WARD_B_TEMP_03 | 37.8 | WARNING
2026-09-22 05:21:40 | WARD_B_TEMP_04 | 35.7 | NORMAL
2026-09-22 05:21:40 | WARD_B_TEMP_05 | 36.3 | NORMAL
2026-09-22 05:21:41 | WARD_B_TEMP_01 | 36.1 | NORMAL
2026-09-22 05:21:41 | WARD_B_TEMP_02 | 38.7 | CRITICAL
2026-09-22 05:21:41 | WARD_B_TEMP_03 | 35.1 | CRITICAL
2026-09-22 05:21:41 | WARD_B_TEMP_04 | 35.3 | CRITICAL
2026-09-22 05:21:41 | WARD_B_TEMP_05 | 35.6 | NORMAL
2026-09-22 05:21:42 | WARD_B_TEMP_01 | 35.4 | CRITICAL
2026-09-22 05:21:42 | WARD_B_TEMP_02 | 36.1 | NORMAL
2026-09-22 05:21:42 | WARD_B_TEMP_03 | 38.1 | CRITICAL
2026-09-22 05:21:42 | WARD_B_TEMP_04 | 37.4 | NORMAL
2026-09-22 05:21:42 | WARD_B_TEMP_05 | 34.6 | CRITICAL
2026-09-22 05:21:43 | WARD_B_TEMP_01 | 36.4 | NORMAL
2026-09-22 05:21:43 | WARD_B_TEMP_02 | 38.4 | CRITICAL
2026-09-22 05:21:43 | WARD_B_TEMP_03 | 35.4 | CRITICAL
2026-09-22 05:21:43 | WARD_B_TEMP_04 | 36.5 | NORMAL
2026-09-22 05:21:43 | WARD_B_TEMP_05 | 40.4 | CRITICAL
2026-09-22 05:21:44 | WARD_B_TEMP_01 | 38.6 | CRITICAL
2026-09-22 05:21:44 | WARD_B_TEMP_02 | 38.9 | CRITICAL
2026-09-22 05:21:44 | WARD_B_TEMP_03 | 39.9 | CRITICAL
2026-09-22 05:21:44 | WARD_B_TEMP_04 | 38.4 | CRITICAL
2026-09-22 05:21:44 | WARD_B_TEMP_05 | 34.6 | CRITICAL
2026-09-22 05:21:45 | WARD_B_TEMP_01 | 35.8 | NORMAL
2026-09-22 05:21:45 | WARD_B_TEMP_02 | 35.3 | CRITICAL
2026-09-22 05:21:45 | WARD_B_TEMP_03 | 39.7 | CRITICAL
2026-09-22 05:21:45 | WARD_B_TEMP_04 | 36.0 | NORMAL
2026-09-22 05:21:45 | WARD_B_TEMP_05 | 35.7 | NORMAL
2026-09-22 05:21:46 | WARD_B_TEMP_01 | 39.3 | CRITICAL
2026-09-22 05:21:46 | WARD_B_TEMP_02 | 38.4 | CRITICAL
2026-09-22 05:21:46 | WARD_B_TEMP_03 | 35.5 | NORMAL
2026-09-22 05:21:46 | WARD_B_TEMP_04 | 38.9 | CRITICAL
2026-09-22 05:21:46 | WARD_B_TEMP_05 | 35.2 | CRITICAL
2026-09-22 05:21:47 | WARD_B_TEMP_01 | 34.7 | CRITICAL
2026-09-22 05:21:47 | WARD_B_TEMP_02 | 38.0 | WARNING
2026-09-22 05:21:47 | WARD_B_TEMP_03 | 39.6 | CRITICAL
2026-09-22 05:21:47 | WARD_B_TEMP_04 | 38.1 | CRITICAL
2026-09-22 05:21:47 | WARD_B_TEMP_05 | 36.3 | NORMAL
2026-09-22 05:21:48 | WARD_B_TEMP_01 | 35.3 | CRITICAL
2026-09-22 05:21:48 | WARD_B_TEMP_02 | 34.6 | CRITICAL
2026-09-22 05:21:48 | WARD_B_TEMP_03 | 38.9 | CRITICAL
2026-09-22 05:21:48 | WARD_B_TEMP_04 | 36.1 | NORMAL
2026-09-22 05:21:48 | WARD_B_TEMP_05 | 40.4 | CRITICAL
2026-09-22 05:21:49 | WARD_B_TEMP_01 | 37.5 | WARNING
2026-09-22 05:21:49 | WARD_B_TEMP_02 | 38.4 | CRITICAL
2026-09-22 05:21:49 | WARD_B_TEMP_03 | 35.7 | NORMAL
2026-09-22 05:21:49 | WARD_B_TEMP_04 | 38.2 | CRITICAL
2026-09-22 05:21:49 | WARD_B_TEMP_05 | 36.1 | NORMAL
2026-09-22 05:21:50 | WARD_B_TEMP_01 | 34.5 | CRITICAL
2026-09-22 05:21:50 | WARD_B_TEMP_02 | 40.2 | CRITICAL
2026-09-22 05:21:50 | WARD_B_TEMP_03 | 39.9 | CRITICAL
2026-09-22 05:21:50 | WARD_B_TEMP_04 | 36.9 | NORMAL
2026-09-22 05:21:50 | WARD_B_TEMP_05 | 38.0 | WARNING
2026-09-22 05:21:51 | WARD_B_TEMP_01 | 36.8 | NORMAL
2026-09-22 05:21:51 | WARD_B_TEMP_02 | 39.7 | CRITICAL
2026-09-22 05:21:51 | WARD_B_TEMP_03 | 34.9 | CRITICAL
2026-09-22 05:21:51 | WARD_B_TEMP_04 | 36.5 | NORMAL
2026-09-22 05:21:51 | WARD_B_TEMP_05 | 36.5 | NORMAL
2026-09-22 05:21:52 | WARD_B_TEMP_01 | 36.7 | NORMAL
2026-09-22 05:21:52 | WARD_B_TEMP_02 | 37.3 | NORMAL
2026-09-22 05:21:52 | WARD_B_TEMP_03 | 39.4 | CRITICAL
2026-09-22 05:21:52 | WARD_B_TEMP_04 | 35.4 | CRITICAL
2026-09-22 05:21:52 | WARD_B_TEMP_05 | 40.4 | CRITICAL
2026-09-22 05:21:53 | WARD_B_TEMP_01 | 37.6 | WARNING
2026-09-22 05:21:53 | WARD_B_TEMP_02 | 34.7 | CRITICAL
2026-09-22 05:21:53 | WARD_B_TEMP_03 | 39.9 | CRITICAL
2026-09-22 05:21:53 | WARD_B_TEMP_04 | 37.2 | NORMAL
2026-09-22 05:21:53 | WARD_B_TEMP_05 | 36.4 | NORMAL
2026-09-22 05:21:54 | WARD_B_TEMP_01 | 36.0 | NORMAL
2026-09-22 05:21:54 | WARD_B_TEMP_02 | 40.2 | CRITICAL
2026-09-22 05:21:54 | WARD_B_TEMP_03 | 39.6 | CRITICAL
2026-09-22 05:21:54 | WARD_B_TEMP_04 | 34.9 | CRITICAL
2026-09-22 05:21:54 | WARD_B_TEMP_05 | 34.7 | CRITICAL
2026-09-22 05:21:55 | WARD_B_TEMP_01 | 37.2 | NORMAL
2026-09-22 05:21:55 | WARD_B_TEMP_02 | 40.3 | CRITICAL
2026-09-22 05:21:55 | WARD_B_TEMP_03 | 39.8 | CRITICAL
2026-09-22 05:21:55 | WARD_B_TEMP_04 | 38.3 | CRITICAL
2026-09-22 05:21:55 | WARD_B_TEMP_05 | 38.1 | CRITICAL
2026-09-22 05:21:56 | WARD_B_TEMP_01 | 39.1 | CRITICAL
2026-09-22 05:21:56 | WARD_B_TEMP_02 | 39.2 | CRITICAL
2026-09-22 05:21:56 | WARD_B_TEMP_03 | 35.1 | CRITICAL
2026-09-22 05:21:56 | WARD_B_TEMP_04 | 40.2 | CRITICAL
2026-09-22 05:21:56 | WARD_B_TEMP_05 | 35.6 | NORMAL
2026-09-22 05:21:57 | WARD_B_TEMP_01 | 36.5 | NORMAL
2026-09-22 05:21:57 | WARD_B_TEMP_02 | 38.0 | WARNING
2026-09-22 05:21:57 | WARD_B_TEMP_03 | 36.9 | NORMAL
2026-09-22 05:21:57 | WARD_B_TEMP_04 | 37.9 | WARNING
2026-09-22 05:21:57 | WARD_B_TEMP_05 | 39.7 | CRITICAL
2026-09-22 05:21:58 | WARD_B_TEMP_01 | 35.4 | CRITICAL
2026-09-22 05:21:58 | WARD_B_TEMP_02 | 36.5 | NORMAL
2026-09-22 05:21:58 | WARD_B_TEMP_03 | 35.5 | NORMAL
2026-09-22 05:21:58 | WARD_B_TEMP_04 | 34.6 | CRITICAL
2026-09-22 05:21:58 | WARD_B_TEMP_05 | 39.3 | CRITICAL
2026-09-22 05:21:59 | WARD_B_TEMP_01 | 38.8 | CRITICAL
2026-09-22 05:21:59 | WARD_B_TEMP_02 | 39.9 | CRITICAL
2026-09-22 05:21:59 | WARD_B_TEMP_03 | 39.9 | CRITICAL
2026-09-22 05:21:59 | WARD_B_TEMP_04 | 37.8 | WARNING
2026-09-22 05:21:59 | WARD_B_TEMP_05 | 36.9 | NORMAL
2026-09-22 05:22:00 | WARD_B_TEMP_01 | 36.2 | NORMAL
2026-09-22 05:22:00 | WARD_B_TEMP_02 | 39.5 | CRITICAL
2026-09-22 05:22:00 | WARD_B_TEMP_03 | 37.1 | NORMAL
2026-09-22 05:22:00 | WARD_B_TEMP_04 | 39.7 | CRITICAL
2026-09-22 05:22:00 | WARD_B_TEMP_05 | 35.5 | NORMAL
2026-09-22 05:22:01 | WARD_B_TEMP_01 | 37.7 | WARNING
2026-09-22 05:22:01 | WARD_B_TEMP_02 | 36.4 | NORMAL
2026-09-22 05:22:01 | WARD_B_TEMP_03 | 39.8 | CRITICAL
2026-09-22 05:22:01 | WARD_B_TEMP_04 | 34.5 | CRITICAL
2026-09-22 05:22:01 | WARD_B_TEMP_05 | 37.6 | WARNING
2026-09-22 05:22:02 | WARD_B_TEMP_01 | 36.7 | NORMAL
2026-09-22 05:22:02 | WARD_B_TEMP_02 | 38.7 | CRITICAL
2026-09-22 05:22:02 | WARD_B_TEMP_03 | 34.8 | CRITICAL
2026-09-22 05:22:02 | WARD_B_TEMP_04 | 36.1 | NORMAL
2026-09-22 05:22:02 | WARD_B_TEMP_05 | 36.5 | NORMAL
2026-09-22 05:22:03 | WARD_B_TEMP_01 | 36.1 | NORMAL
2026-09-22 05:22:03 | WARD_B_TEMP_02 | 34.6 | CRITICAL
2026-09-22 05:22:03 | WARD_B_TEMP_03 | 37.4 | NORMAL
2026-09-22 05:22:03 | WARD_B_TEMP_04 | 36.0 | NORMAL
2026-09-22 05:22:03 | WARD_B_TEMP_05 | 36.9 | NORMAL
2026-09-22 05:22:04 | WARD_B_TEMP_01 | 37.6 | WARNING
2026-09-22 05:22:04 | WARD_B_TEMP_02 | 36.5 | NORMAL
2026-09-22 05:22:04 | WARD_B_TEMP_03 | 37.3 | NORMAL
2026-09-22 05:22:04 | WARD_B_TEMP_04 | 36.5 | NORMAL
2026-09-22 05:22:04 | WARD_B_TEMP_05 | 36.7 | NORMAL
2026-09-22 05:22:05 | WARD_B_TEMP_01 | 39.4 | CRITICAL
2026-09-22 05:22:05 | WARD_B_TEMP_02 | 39.2 | CRITICAL
2026-09-22 05:22:05 | WARD_B_TEMP_03 | 34.9 | CRITICAL
2026-09-22 05:22:05 | WARD_B_TEMP_04 | 39.9 | CRITICAL
2026-09-22 05:22:05 | WARD_B_TEMP_05 | 40.0 | CRITICAL
2026-09-22 05:22:06 | WARD_B_TEMP_01 | 37.5 | WARNING
2026-09-22 05:22:06 | WARD_B_TEMP_02 | 35.1 | CRITICAL
2026-09-22 05:22:06 | WARD_B_TEMP_03 | 40.5 | CRITICAL
2026-09-22 05:22:06 | WARD_B_TEMP_04 | 38.7 | CRITICAL
2026-09-22 05:22:06 | WARD_B_TEMP_05 | 39.3 | CRITICAL
2026-09-22 05:22:07 | WARD_B_TEMP_01 | 38.6 | CRITICAL
2026-09-22 05:22:07 | WARD_B_TEMP_02 | 37.9 | WARNING
2026-09-22 05:22:07 | WARD_B_TEMP_03 | 39.3 | CRITICAL
2026-09-22 05:22:07 | WARD_B_TEMP_04 | 35.8 | NORMAL
2026-09-22 05:22:07 | WARD_B_TEMP_05 | 35.8 | NORMAL
2026-09-22 05:22:08 | WARD_B_TEMP_01 | 40.4 | CRITICAL
2026-09-22 05:22:08 | WARD_B_TEMP_02 | 35.4 | CRITICAL
2026-09-22 05:22:08 | WARD_B_TEMP_03 | 37.6 | WARNING
2026-09-22 05:22:08 | WARD_B_TEMP_04 | 38.5 | CRITICAL
2026-09-22 05:22:08 | WARD_B_TEMP_05 | 39.1 | CRITICAL
2026-09-22 05:22:09 | WARD_B_TEMP_01 | 37.3 | NORMAL
2026-09-22 05:22:09 | WARD_B_TEMP_02 | 37.3 | NORMAL
2026-09-22 05:22:09 | WARD_B_TEMP_03 | 38.3 | CRITICAL
2026-09-22 05:22:09 | WARD_B_TEMP_04 | 37.1 | NORMAL
2026-09-22 05:22:09 | WARD_B_TEMP_05 | 35.7 | NORMAL
2026-09-22 05:22:10 | WARD_B_TEMP_01 | 36.3 | NORMAL
2026-09-22 05:22:10 | WARD_B_TEMP_02 | 37.9 | WARNING
2026-09-22 05:22:10 | WARD_B_TEMP_03 | 35.4 | CRITICAL
2026-09-22 05:22:10 | WARD_B_TEMP_04 | 38.8 | CRITICAL
2026-09-22 05:22:10 | WARD_B_TEMP_05 | 38.3 | CRITICAL
2026-09-22 05:22:11 | WARD_B_TEMP_01 | 39.6 | CRITICAL
2026-09-22 05:22:11 | WARD_B_TEMP_02 | 40.2 | CRITICAL
2026-09-22 05:22:11 | WARD_B_TEMP_03 | 36.9 | NORMAL
2026-09-22 05:22:11 | WARD_B_TEMP_04 | 39.4 | CRITICAL
2026-09-22 05:22:11 | WARD_B_TEMP_05 | 40.1 | CRITICAL
2026-09-22 05:22:12 | WARD_B_TEMP_01 | 39.1 | CRITICAL
2026-09-22 05:22:12 | WARD_B_TEMP_02 | 40.0 | CRITICAL
2026-09-22 05:22:12 | WARD_B_TEMP_03 | 35.2 | CRITICAL
2026-09-22 05:22:12 | WARD_B_TEMP_04 | 36.8 | NORMAL
2026-09-22 05:22:12 | WARD_B_TEMP_05 | 39.8 | CRITICAL
2026-09-22 05:22:13 | WARD_B_TEMP_01 | 35.3 | CRITICAL
2026-09-22 05:22:13 | WARD_B_TEMP_02 | 37.8 | WARNING
2026-09-22 05:22:13 | WARD_B_TEMP_03 | 35.8 | NORMAL
2026-09-22 05:22:13 | WARD_B_TEMP_04 | 36.3 | NORMAL
2026-09-22 05:22:13 | WARD_B_TEMP_05 | 38.4 | CRITICAL
2026-09-22 05:22:14 | WARD_B_TEMP_01 | 37.8 | WARNING
2026-09-22 05:22:14 | WARD_B_TEMP_02 | 37.1 | NORMAL
2026-09-22 05:22:14 | WARD_B_TEMP_03 | 39.2 | CRITICAL
2026-09-22 05:22:14 | WARD_B_TEMP_04 | 40.1 | CRITICAL
2026-09-22 05:22:14 | WARD_B_TEMP_05 | 37.5 | WARNING
2026-09-22 05:22:15 | WARD_B_TEMP_01 | 35.1 | CRITICAL
2026-09-22 05:22:15 | WARD_B_TEMP_02 | 36.7 | NORMAL
2026-09-22 05:22:15 | WARD_B_TEMP_03 | 39.5 | CRITICAL
2026-09-22 05:22:15 | WARD_B_TEMP_04 | 37.3 | NORMAL
2026-09-22 05:22:15 | WARD_B_TEMP_05 | 37.3 | NORMAL
2026-09-22 05:22:16 | WARD_B_TEMP_01 | 37.0 | NORMAL
2026-09-22 05:22:16 | WARD_B_TEMP_02 | 40.0 | CRITICAL
2026-09-22 05:22:16 | WARD_B_TEMP_03 | 35.0 | CRITICAL
2026-09-22 05:22:16 | WARD_B_TEMP_04 | 38.5 | CRITICAL
2026-09-22 05:22:16 | WARD_B_TEMP_05 | 40.4 | CRITICAL
2026-09-22 05:22:17 | WARD_B_TEMP_01 | 36.0 | NORMAL
2026-09-22 05:22:17 | WARD_B_TEMP_02 | 39.2 | CRITICAL
2026-09-22 05:22:17 | WARD_B_TEMP_03 | 39.4 | CRITICAL
2026-09-22 05:22:17 | WARD_B_TEMP_04 | 40.1 | CRITICAL
2026-09-22 05:22:17 | WARD_B_TEMP_05 | 36.7 | NORMAL
2026-09-22 05:22:18 | WARD_B_TEMP_01 | 36.6 | NORMAL
2026-09-22 05:22:18 | WARD_B_TEMP_02 | 37.7 | WARNING
2026-09-22 05:22:18 | WARD_B_TEMP_03 | 35.8 | NORMAL
2026-09-22 05:22:18 | WARD_B_TEMP_04 | 36.6 | NORMAL
2026-09-22 05:22:18 | WARD_B_TEMP_05 | 37.2 | NORMAL
2026-09-22 05:22:19 | WARD_B_TEMP_01 | 36.8 | NORMAL
2026-09-22 05:22:19 | WARD_B_TEMP_02 | 38.7 | CRITICAL
2026-09-22 05:22:19 | WARD_B_TEMP_03 | 35.0 | CRITICAL
2026-09-22 05:22:19 | WARD_B_TEMP_04 | 36.2 | NORMAL
2026-09-22 05:22:19 | WARD_B_TEMP_05 | 38.1 | CRITICAL
2026-09-22 05:22:20 | WARD_B_TEMP_01 | 35.0 | CRITICAL
2026-09-22 05:22:20 | WARD_B_TEMP_02 | 40.1 | CRITICAL
2026-09-22 05:22:20 | WARD_B_TEMP_03 | 36.9 | NORMAL
2026-09-22 05:22:20 | WARD_B_TEMP_04 | 37.5 | WARNING
2026-09-22 05:22:20 | WARD_B_TEMP_05 | 39.9 | CRITICAL
2026-09-22 05:22:21 | WARD_B_TEMP_01 | 36.4 | NORMAL
2026-09-22 05:22:21 | WARD_B_TEMP_02 | 36.3 | NORMAL
2026-09-22 05:22:21 | WARD_B_TEMP_03 | 39.6 | CRITICAL
2026-09-22 05:22:21 | WARD_B_TEMP_04 | 38.1 | CRITICAL
2026-09-22 05:22:21 | WARD_B_TEMP_05 | 35.4 | CRITICAL
2026-09-22 05:22:22 | WARD_B_TEMP_01 | 39.2 | CRITICAL
2026-09-22 05:22:22 | WARD_B_TEMP_02 | 40.4 | CRITICAL
2026-09-22 05:22:22 | WARD_B_TEMP_03 | 37.8 | WARNING
2026-09-22 05:22:22 | WARD_B_TEMP_04 | 37.2 | NORMAL
2026-09-22 05:22:22 | WARD_B_TEMP_05 | 35.9 | NORMAL
2026-09-22 05:22:23 | WARD_B_TEMP_01 | 35.7 | NORMAL
2026-09-22 05:22:23 | WARD_B_TEMP_02 | 35.3 | CRITICAL
2026-09-22 05:22:23 | WARD_B_TEMP_03 | 38.7 | CRITICAL
2026-09-22 05:22:23 | WARD_B_TEMP_04 | 39.6 | CRITICAL
2026-09-22 05:22:23 | WARD_B_TEMP_05 | 39.2 | CRITICAL
2026-09-22 05:22:24 | WARD_B_TEMP_01 | 34.6 | CRITICAL
2026-09-22 05:22:24 | WARD_B_TEMP_02 | 38.3 | CRITICAL
2026-09-22 05:22:24 | WARD_B_TEMP_03 | 37.2 | NORMAL
2026-09-22 05:22:24 | WARD_B_TEMP_04 | 38.6 | CRITICAL
2026-09-22 05:22:24 | WARD_B_TEMP_05 | 37.7 | WARNING
2026-09-22 05:22:25 | WARD_B_TEMP_01 | 38.4 | CRITICAL
2026-09-22 05:22:25 | WARD_B_TEMP_02 | 38.6 | CRITICAL
2026-09-22 05:22:25 | WARD_B_TEMP_03 | 35.8 | NORMAL
2026-09-22 05:22:25 | WARD_B_TEMP_04 | 39.5 | CRITICAL
2026-09-22 05:22:25 | WARD_B_TEMP_05 | 36.4 | NORMAL
2026-09-22 05:22:26 | WARD_B_TEMP_01 | 35.0 | CRITICAL
2026-09-22 05:22:26 | WARD_B_TEMP_02 | 37.1 | NORMAL
2026-09-22 05:22:26 | WARD_B_TEMP_03 | 36.8 | NORMAL
2026-09-22 05:22:26 | WARD_B_TEMP_04 | 38.7 | CRITICAL
2026-09-22 05:22:26 | WARD_B_TEMP_05 | 35.5 | NORMAL
2026-09-22 05:22:27 | WARD_B_TEMP_01 | 39.0 | CRITICAL
2026-09-22 05:22:27 | WARD_B_TEMP_02 | 35.5 | NORMAL
2026-09-22 05:22:27 | WARD_B_TEMP_03 | 37.7 | WARNING
2026-09-22 05:22:27 | WARD_B_TEMP_04 | 35.2 | CRITICAL
2026-09-22 05:22:27 | WARD_B_TEMP_05 | 37.9 | WARNING
2026-09-22 05:22:28 | WARD_B_TEMP_01 | 35.3 | CRITICAL
2026-09-22 05:22:28 | WARD_B_TEMP_02 | 38.0 | WARNING
2026-09-22 05:22:28 | WARD_B_TEMP_03 | 38.8 | CRITICAL
2026-09-22 05:22:28 | WARD_B_TEMP_04 | 38.9 | CRITICAL
2026-09-22 05:22:28 | WARD_B_TEMP_05 | 37.7 | WARNING
2026-09-22 05:22:29 | WARD_B_TEMP_01 | 36.6 | NORMAL
2026-09-22 05:22:29 | WARD_B_TEMP_02 | 35.0 | CRITICAL
2026-09-22 05:22:29 | WARD_B_TEMP_03 | 39.8 | CRITICAL
2026-09-22 05:22:29 | WARD_B_TEMP_04 | 37.2 | NORMAL
2026-09-22 05:22:29 | WARD_B_TEMP_05 | 34.6 | CRITICAL
2026-09-22 05:22:30 | WARD_B_TEMP_01 | 34.6 | CRITICAL
2026-09-22 05:22:30 | WARD_B_TEMP_02 | 38.5 | CRITICAL
2026-09-22 05:22:30 | WARD_B_TEMP_03 | 38.6 | CRITICAL
2026-09-22 05:22:30 | WARD_B_TEMP_04 | 35.1 | CRITICAL
2026-09-22 05:22:30 | WARD_B_TEMP_05 | 38.6 | CRITICAL
2026-09-22 05:22:31 | WARD_B_TEMP_01 | 37.7 | WARNING
2026-09-22 05:22:31 | WARD_B_TEMP_02 | 35.1 | CRITICAL
2026-09-22 05:22:31 | WARD_B_TEMP_03 | 37.7 | WARNING
2026-09-22 05:22:31 | WARD_B_TEMP_04 | 39.4 | CRITICAL
2026-09-22 05:22:31 | WARD_B_TEMP_05 | 39.5 | CRITICAL
2026-09-22 05:22:32 | WARD_B_TEMP_01 | 36.7 | NORMAL
2026-09-22 05:22:32 | WARD_B_TEMP_02 | 37.7 | WARNING
2026-09-22 05:22:32 | WARD_B_TEMP_03 | 40.0 | CRITICAL
2026-09-22 05:22:32 | WARD_B_TEMP_04 | 34.9 | CRITICAL
2026-09-22 05:22:32 | WARD_B_TEMP_05 | 38.0 | WARNING
2026-09-22 05:22:33 | WARD_B_TEMP_01 | 35.9 | NORMAL
2026-09-22 05:22:33 | WARD_B_TEMP_02 | 34.6 | CRITICAL
2026-09-22 05:22:33 | WARD_B_TEMP_03 | 34.6 | CRITICAL
2026-09-22 05:22:33 | WARD_B_TEMP_04 | 35.6 | NORMAL
2026-09-22 05:22:33 | WARD_B_TEMP_05 | 34.9 | CRITICAL
2026-09-22 05:22:34 | WARD_B_TEMP_01 | 38.8 | CRITICAL
2026-09-22 05:22:34 | WARD_B_TEMP_02 | 35.6 | NORMAL
2026-09-22 05:22:34 | WARD_B_TEMP_03 | 36.3 | NORMAL
2026-09-22 05:22:34 | WARD_B_TEMP_04 | 36.8 | NORMAL
2026-09-22 05:22:34 | WARD_B_TEMP_05 | 39.9 | CRITICAL
2026-09-22 05:22:35 | WARD_B_TEMP_01 | 35.9 | NORMAL
2026-09-22 05:22:35 | WARD_B_TEMP_02 | 39.6 | CRITICAL
2026-09-22 05:22:35 | WARD_B_TEMP_03 | 37.0 | NORMAL
2026-09-22 05:22:35 | WARD_B_TEMP_04 | 34.7 | CRITICAL
2026-09-22 05:22:35 | WARD_B_TEMP_05 | 37.4 | NORMAL
2026-09-22 05:22:36 | WARD_B_TEMP_01 | 38.1 | CRITICAL
2026-09-22 05:22:36 | WARD_B_TEMP_02 | 36.2 | NORMAL
2026-09-22 05:22:36 | WARD_B_TEMP_03 | 39.8 | CRITICAL
2026-09-22 05:22:36 | WARD_B_TEMP_04 | 38.4 | CRITICAL
2026-09-22 05:22:36 | WARD_B_TEMP_05 | 38.9 | CRITICAL
2026-09-22 05:22:37 | WARD_B_TEMP_01 | 39.1 | CRITICAL
2026-09-22 05:22:37 | WARD_B_TEMP_02 | 36.7 | NORMAL
2026-09-22 05:22:37 | WARD_B_TEMP_03 | 37.0 | NORMAL
2026-09-22 05:22:37 | WARD_B_TEMP_04 | 35.9 | NORMAL
2026-09-22 05:22:37 | WARD_B_TEMP_05 | 35.3 | CRITICAL
2026-09-22 05:22:38 | WARD_B_TEMP_01 | 40.3 | CRITICAL
2026-09-22 05:22:38 | WARD_B_TEMP_02 | 38.4 | CRITICAL
2026-09-22 05:22:38 | WARD_B_TEMP_03 | 35.7 | NORMAL
2026-09-22 05:22:38 | WARD_B_TEMP_04 | 36.0 | NORMAL
2026-09-22 05:22:38 | WARD_B_TEMP_05 | 40.1 | CRITICAL
2026-09-22 05:22:39 | WARD_B_TEMP_01 | 39.1 | CRITICAL
2026-09-22 05:22:39 | WARD_B_TEMP_02 | 38.7 | CRITICAL
2026-09-22 05:22:39 | WARD_B_TEMP_03 | 40.4 | CRITICAL
2026-09-22 05:22:39 | WARD_B_TEMP_04 | 39.4 | CRITICAL
2026-09-22 05:22:39 | WARD_B_TEMP_05 | 38.8 | CRITICAL
2026-09-22 05:22:40 | WARD_B_TEMP_01 | 35.6 | NORMAL
2026-09-22 05:22:40 | WARD_B_TEMP_02 | 38.7 | CRITICAL
2026-09-22 05:22:40 | WARD_B_TEMP_03 | 36.4 | NORMAL
2026-09-22 05:22:40 | WARD_B_TEMP_04 | 36.1 | NORMAL
2026-09-22 05:22:40 | WARD_B_TEMP_05 | 37.3 | NORMAL
2026-09-22 05:22:41 | WARD_B_TEMP_01 | 37.6 | WARNING
2026-09-22 05:22:41 | WARD_B_TEMP_02 | 37.2 | NORMAL
2026-09-22 05:22:41 | WARD_B_TEMP_03 | 37.4 | NORMAL
2026-09-22 05:22:41 | WARD_B_TEMP_04 | 39.7 | CRITICAL
2026-09-22 05:22:41 | WARD_B_TEMP_05 | 36.2 | NORMAL
2026-09-22 05:22:42 | WARD_B_TEMP_01 | 38.9 | CRITICAL
2026-09-22 05:22:42 | WARD_B_TEMP_02 | 38.5 | CRITICAL
2026-09-22 05:22:42 | WARD_B_TEMP_03 | 38.2 | CRITICAL
2026-09-22 05:22:42 | WARD_B_TEMP_04 | 35.5 | NORMAL
2026-09-22 05:22:42 | WARD_B_TEMP_05 | 39.7 | CRITICAL
2026-09-22 05:22:43 | WARD_B_TEMP_01 | 36.1 | NORMAL
2026-09-22 05:22:43 | WARD_B_TEMP_02 | 36.5 | NORMAL
2026-09-22 05:22:43 | WARD_B_TEMP_03 | 34.6 | CRITICAL
2026-09-22 05:22:43 | WARD_B_TEMP_04 | 36.0 | NORMAL
2026-09-22 05:22:43 | WARD_B_TEMP_05 | 38.9 | CRITICAL
2026-09-22 05:22:44 | WARD_B_TEMP_01 | 38.0 | WARNING
2026-09-22 05:22:44 | WARD_B_TEMP_02 | 38.7 | CRITICAL
2026-09-22 05:22:44 | WARD_B_TEMP_03 | 37.8 | WARNING
2026-09-22 05:22:44 | WARD_B_TEMP_04 | 39.1 | CRITICAL
2026-09-22 05:22:44 | WARD_B_TEMP_05 | 39.5 | CRITICAL
2026-09-22 05:22:45 | WARD_B_TEMP_01 | 37.6 | WARNING
2026-09-22 05:22:45 | WARD_B_TEMP_02 | 35.7 | NORMAL
2026-09-22 05:22:45 | WARD_B_TEMP_03 | 35.8 | NORMAL
2026-09-22 05:22:45 | WARD_B_TEMP_04 | 40.0 | CRITICAL
2026-09-22 05:22:45 | WARD_B_TEMP_05 | 39.1 | CRITICAL
2026-09-22 05:22:46 | WARD_B_TEMP_01 | 37.5 | WARNING
2026-09-22 05:22:46 | WARD_B_TEMP_02 | 40.3 | CRITICAL
2026-09-22 05:22:46 | WARD_B_TEMP_03 | 38.1 | CRITICAL
2026-09-22 05:22:46 | WARD_B_TEMP_04 | 38.8 | CRITICAL
2026-09-22 05:22:46 | WARD_B_TEMP_05 | 37.3 | NORMAL
2026-09-22 05:22:47 | WARD_B_TEMP_01 | 37.5 | WARNING
2026-09-22 05:22:47 | WARD_B_TEMP_02 | 36.3 | NORMAL
2026-09-22 05:22:47 | WARD_B_TEMP_03 | 37.2 | NORMAL
2026-09-22 05:22:47 | WARD_B_TEMP_04 | 35.9 | NORMAL
2026-09-22 05:22:47 | WARD_B_TEMP_05 | 38.6 | CRITICAL
2026-09-22 05:22:48 | WARD_B_TEMP_01 | 38.2 | CRITICAL
2026-09-22 05:22:48 | WARD_B_TEMP_02 | 36.6 | NORMAL
2026-09-22 05:22:48 | WARD_B_TEMP_03 | 39.7 | CRITICAL
2026-09-22 05:22:48 | WARD_B_TEMP_04 | 35.8 | NORMAL
2026-09-22 05:22:48 | WARD_B_TEMP_05 | 36.8 | NORMAL
2026-09-22 05:22:49 | WARD_B_TEMP_01 | 39.9 | CRITICAL
2026-09-22 05:22:49 | WARD_B_TEMP_02 | 40.5 | CRITICAL
2026-09-22 05:22:49 | WARD_B_TEMP_03 | 39.8 | CRITICAL
2026-09-22 05:22:49 | WARD_B_TEMP_04 | 40.2 | CRITICAL
2026-09-22 05:22:49 | WARD_B_TEMP_05 | 36.7 | NORMAL
2026-09-22 05:22:50 | WARD_B_TEMP_01 | 38.6 | CRITICAL
2026-09-22 05:22:50 | WARD_B_TEMP_02 | 34.9 | CRITICAL
2026-09-22 05:22:50 | WARD_B_TEMP_03 | 36.1 | NORMAL
2026-09-22 05:22:50 | WARD_B_TEMP_04 | 37.6 | WARNING
2026-09-22 05:22:50 | WARD_B_TEMP_05 | 36.6 | NORMAL
2026-09-22 05:22:51 | WARD_B_TEMP_01 | 37.2 | NORMAL
2026-09-22 05:22:51 | WARD_B_TEMP_02 | 34.9 | CRITICAL
2026-09-22 05:22:51 | WARD_B_TEMP_03 | 34.6 | CRITICAL
2026-09-22 05:22:51 | WARD_B_TEMP_04 | 39.4 | CRITICAL
2026-09-22 05:22:51 | WARD_B_TEMP_05 | 36.3 | NORMAL
2026-09-22 05:22:52 | WARD_B_TEMP_01 | 36.8 | NORMAL
2026-09-22 05:22:52 | WARD_B_TEMP_02 | 39.5 | CRITICAL
2026-09-22 05:22:52 | WARD_B_TEMP_03 | 39.7 | CRITICAL
2026-09-22 05:22:52 | WARD_B_TEMP_04 | 37.6 | WARNING
2026-09-22 05:22:52 | WARD_B_TEMP_05 | 36.3 | NORMAL
2026-09-22 05:22:53 | WARD_B_TEMP_01 | 36.6 | NORMAL
2026-09-22 05:22:53 | WARD_B_TEMP_02 | 39.1 | CRITICAL
2026-09-22 05:22:53 | WARD_B_TEMP_03 | 37.7 | WARNING
2026-09-22 05:22:53 | WARD_B_TEMP_04 | 35.6 | NORMAL
2026-09-22 05:22:53 | WARD_B_TEMP_05 | 39.7 | CRITICAL
2026-09-22 05:22:54 | WARD_B_TEMP_01 | 39.4 | CRITICAL
2026-09-22 05:22:54 | WARD_B_TEMP_02 | 37.8 | WARNING
2026-09-22 05:22:54 | WARD_B_TEMP_03 | 39.7 | CRITICAL
2026-09-22 05:22:54 | WARD_B_TEMP_04 | 35.8 | NORMAL
2026-09-22 05:22:54 | WARD_B_TEMP_05 | 38.2 | CRITICAL
2026-09-22 05:22:55 | WARD_B_TEMP_01 | 39.4 | CRITICAL
2026-09-22 05:22:55 | WARD_B_TEMP_02 | 36.1 | NORMAL
2026-09-22 05:22:55 | WARD_B_TEMP_03 | 38.6 | CRITICAL
2026-09-22 05:22:55 | WARD_B_TEMP_04 | 37.5 | WARNING
2026-09-22 05:22:55 | WARD_B_TEMP_05 | 38.7 | CRITICAL
2026-09-22 05:22:56 | WARD_B_TEMP_01 | 37.8 | WARNING
2026-09-22 05:22:56 | WARD_B_TEMP_02 | 38.7 | CRITICAL
2026-09-22 05:22:56 | WARD_B_TEMP_03 | 37.8 | WARNING
2026-09-22 05:22:56 | WARD_B_TEMP_04 | 39.7 | CRITICAL
2026-09-22 05:22:56 | WARD_B_TEMP_05 | 39.0 | CRITICAL
2026-09-22 05:22:57 | WARD_B_TEMP_01 | 38.4 | CRITICAL
2026-09-22 05:22:57 | WARD_B_TEMP_02 | 35.2 | CRITICAL
2026-09-22 05:22:57 | WARD_B_TEMP_03 | 36.1 | NORMAL
2026-09-22 05:22:57 | WARD_B_TEMP_04 | 34.9 | CRITICAL
2026-09-22 05:22:57 | WARD_B_TEMP_05 | 35.7 | NORMAL
2026-09-22 05:22:58 | WARD_B_TEMP_01 | 35.5 | NORMAL
2026-09-22 05:22:58 | WARD_B_TEMP_02 | 40.4 | CRITICAL
2026-09-22 05:22:58 | WARD_B_TEMP_03 | 35.5 | NORMAL
2026-09-22 05:22:58 | WARD_B_TEMP_04 | 35.9 | NORMAL
2026-09-22 05:22:58 | WARD_B_TEMP_05 | 39.2 | CRITICAL
2026-09-22 05:22:59 | WARD_B_TEMP_01 | 40.3 | CRITICAL
2026-09-22 05:22:59 | WARD_B_TEMP_02 | 35.1 | CRITICAL
2026-09-22 05:22:59 | WARD_B_TEMP_03 | 40.5 | CRITICAL
2026-09-22 05:22:59 | WARD_B_TEMP_04 | 36.7 | NORMAL
2026-09-22 05:22:59 | WARD_B_TEMP_05 | 35.5 | NORMAL
2026-09-22 05:23:00 | WARD_B_TEMP_01 | 40.0 | CRITICAL
2026-09-22 05:23:00 | WARD_B_TEMP_02 | 38.5 | CRITICAL
2026-09-22 05:23:00 | WARD_B_TEMP_03 | 36.6 | NORMAL
2026-09-22 05:23:00 | WARD_B_TEMP_04 | 36.0 | NORMAL
2026-09-22 05:23:00 | WARD_B_TEMP_05 | 38.0 | WARNING
2026-09-22 05:23:01 | WARD_B_TEMP_01 | 39.0 | CRITICAL
2026-09-22 05:23:01 | WARD_B_TEMP_02 | 37.7 | WARNING
2026-09-22 05:23:01 | WARD_B_TEMP_03 | 40.0 | CRITICAL
2026-09-22 05:23:01 | WARD_B_TEMP_04 | 35.9 | NORMAL
2026-09-22 05:23:01 | WARD_B_TEMP_05 | 39.7 | CRITICAL
2026-09-22 05:23:02 | WARD_B_TEMP_01 | 38.7 | CRITICAL
2026-09-22 05:23:02 | WARD_B_TEMP_02 | 35.5 | NORMAL
2026-09-22 05:23:02 | WARD_B_TEMP_03 | 35.4 | CRITICAL
2026-09-22 05:23:02 | WARD_B_TEMP_04 | 35.3 | CRITICAL
2026-09-22 05:23:02 | WARD_B_TEMP_05 | 38.3 | CRITICAL
2026-09-22 05:23:03 | WARD_B_TEMP_01 | 35.2 | CRITICAL
2026-09-22 05:23:03 | WARD_B_TEMP_02 | 38.5 | CRITICAL
2026-09-22 05:23:03 | WARD_B_TEMP_03 | 40.3 | CRITICAL
2026-09-22 05:23:03 | WARD_B_TEMP_04 | 35.3 | CRITICAL
2026-09-22 05:23:03 | WARD_B_TEMP_05 | 37.1 | NORMAL
2026-09-22 05:23:04 | WARD_B_TEMP_01 | 35.4 | CRITICAL
2026-09-22 05:23:04 | WARD_B_TEMP_02 | 38.7 | CRITICAL
2026-09-22 05:23:04 | WARD_B_TEMP_03 | 36.0 | NORMAL
2026-09-22 05:23:04 | WARD_B_TEMP_04 | 34.6 | CRITICAL
2026-09-22 05:23:04 | WARD_B_TEMP_05 | 35.4 | CRITICAL
2026-09-22 05:23:05 | WARD_B_TEMP_01 | 38.4 | CRITICAL
2026-09-22 05:23:05 | WARD_B_TEMP_02 | 36.1 | NORMAL
2026-09-22 05:23:05 | WARD_B_TEMP_03 | 39.0 | CRITICAL
2026-09-22 05:23:05 | WARD_B_TEMP_04 | 38.1 | CRITICAL
2026-09-22 05:23:05 | WARD_B_TEMP_05 | 38.4 | CRITICAL
2026-09-22 05:23:06 | WARD_B_TEMP_01 | 39.2 | CRITICAL
2026-09-22 05:23:06 | WARD_B_TEMP_02 | 35.0 | CRITICAL
2026-09-22 05:23:06 | WARD_B_TEMP_03 | 38.0 | WARNING
2026-09-22 05:23:06 | WARD_B_TEMP_04 | 37.4 | NORMAL
2026-09-22 05:23:06 | WARD_B_TEMP_05 | 38.6 | CRITICAL
2026-09-22 05:23:07 | WARD_B_TEMP_01 | 36.2 | NORMAL
2026-09-22 05:23:07 | WARD_B_TEMP_02 | 39.4 | CRITICAL
2026-09-22 05:23:07 | WARD_B_TEMP_03 | 37.3 | NORMAL
2026-09-22 05:23:07 | WARD_B_TEMP_04 | 36.9 | NORMAL
2026-09-22 05:23:07 | WARD_B_TEMP_05 | 38.9 | CRITICAL
2026-09-22 05:23:08 | WARD_B_TEMP_01 | 37.8 | WARNING
2026-09-22 05:23:08 | WARD_B_TEMP_02 | 34.9 | CRITICAL
2026-09-22 05:23:08 | WARD_B_TEMP_03 | 39.3 | CRITICAL
2026-09-22 05:23:08 | WARD_B_TEMP_04 | 37.4 | NORMAL
2026-09-22 05:23:08 | WARD_B_TEMP_05 | 39.0 | CRITICAL
2026-09-22 05:23:09 | WARD_B_TEMP_01 | 35.4 | CRITICAL
2026-09-22 05:23:09 | WARD_B_TEMP_02 | 35.0 | CRITICAL
2026-09-22 05:23:09 | WARD_B_TEMP_03 | 38.8 | CRITICAL
2026-09-22 05:23:09 | WARD_B_TEMP_04 | 36.9 | NORMAL
2026-09-22 05:23:09 | WARD_B_TEMP_05 | 37.7 | WARNING
2026-09-22 05:23:10 | WARD_B_TEMP_01 | 40.2 | CRITICAL
2026-09-22 05:23:10 | WARD_B_TEMP_02 | 39.2 | CRITICAL
2026-09-22 05:23:10 | WARD_B_TEMP_03 | 38.6 | CRITICAL
2026-09-22 05:23:10 | WARD_B_TEMP_04 | 35.1 | CRITICAL
2026-09-22 05:23:10 | WARD_B_TEMP_05 | 38.4 | CRITICAL
2026-09-22 05:23:11 | WARD_B_TEMP_01 | 38.3 | CRITICAL
2026-09-22 05:23:11 | WARD_B_TEMP_02 | 39.6 | CRITICAL
2026-09-22 05:23:11 | WARD_B_TEMP_03 | 38.2 | CRITICAL
2026-09-22 05:23:11 | WARD_B_TEMP_04 | 38.2 | CRITICAL
2026-09-22 05:23:11 | WARD_B_TEMP_05 | 35.3 | CRITICAL
2026-09-22 05:23:12 | WARD_B_TEMP_01 | 38.1 | CRITICAL
2026-09-22 05:23:12 | WARD_B_TEMP_02 | 37.9 | WARNING
2026-09-22 05:23:12 | WARD_B_TEMP_03 | 38.7 | CRITICAL
2026-09-22 05:23:12 | WARD_B_TEMP_04 | 36.8 | NORMAL
2026-09-22 05:23:12 | WARD_B_TEMP_05 | 39.9 | CRITICAL
2026-09-22 05:23:13 | WARD_B_TEMP_01 | 37.5 | WARNING
2026-09-22 05:23:13 | WARD_B_TEMP_02 | 35.5 | NORMAL
2026-09-22 05:23:13 | WARD_B_TEMP_03 | 34.8 | CRITICAL
2026-09-22 05:23:13 | WARD_B_TEMP_04 | 38.3 | CRITICAL
2026-09-22 05:23:13 | WARD_B_TEMP_05 | 40.0 | CRITICAL
2026-09-22 05:23:14 | WARD_B_TEMP_01 | 37.3 | NORMAL
2026-09-22 05:23:14 | WARD_B_TEMP_02 | 39.1 | CRITICAL
2026-09-22 05:23:14 | WARD_B_TEMP_03 | 40.3 | CRITICAL
2026-09-22 05:23:14 | WARD_B_TEMP_04 | 35.5 | NORMAL
2026-09-22 05:23:14 | WARD_B_TEMP_05 | 39.2 | CRITICAL
2026-09-22 05:23:15 | WARD_B_TEMP_01 | 37.4 | NORMAL
2026-09-22 05:23:15 | WARD_B_TEMP_02 | 39.8 | CRITICAL
2026-09-22 05:23:15 | WARD_B_TEMP_03 | 39.1 | CRITICAL
2026-09-22 05:23:15 | WARD_B_TEMP_04 | 35.1 | CRITICAL
2026-09-22 05:23:15 | WARD_B_TEMP_05 | 35.1 | CRITICAL
2026-09-22 05:23:16 | WARD_B_TEMP_01 | 39.0 | CRITICAL
2026-09-22 05:23:16 | WARD_B_TEMP_02 | 36.7 | NORMAL
2026-09-22 05:23:16 | WARD_B_TEMP_03 | 36.4 | NORMAL
2026-09-22 05:23:16 | WARD_B_TEMP_04 | 38.8 | CRITICAL
2026-09-22 05:23:16 | WARD_B_TEMP_05 | 36.7 | NORMAL
2026-09-22 05:23:17 | WARD_B_TEMP_01 | 39.2 | CRITICAL
2026-09-22 05:23:17 | WARD_B_TEMP_02 | 39.9 | CRITICAL
2026-09-22 05:23:17 | WARD_B_TEMP_03 | 36.4 | NORMAL
2026-09-22 05:23:17 | WARD_B_TEMP_04 | 35.4 | CRITICAL
2026-09-22 05:23:17 | WARD_B_TEMP_05 | 40.2 | CRITICAL
2026-09-22 05:23:18 | WARD_B_TEMP_01 | 38.9 | CRITICAL
2026-09-22 05:23:18 | WARD_B_TEMP_02 | 40.3 | CRITICAL
2026-09-22 05:23:18 | WARD_B_TEMP_03 | 35.3 | CRITICAL
2026-09-22 05:23:18 | WARD_B_TEMP_04 | 40.5 | CRITICAL
2026-09-22 05:23:18 | WARD_B_TEMP_05 | 35.0 | CRITICAL
2026-09-22 05:23:19 | WARD_B_TEMP_01 | 39.7 | CRITICAL
2026-09-22 05:23:19 | WARD_B_TEMP_02 | 36.1 | NORMAL
2026-09-22 05:23:19 | WARD_B_TEMP_03 | 39.6 | CRITICAL
2026-09-22 05:23:19 | WARD_B_TEMP_04 | 39.3 | CRITICAL
2026-09-22 05:23:19 | WARD_B_TEMP_05 | 39.0 | CRITICAL
2026-09-22 05:23:20 | WARD_B_TEMP_01 | 36.2 | NORMAL
2026-09-22 05:23:20 | WARD_B_TEMP_02 | 34.7 | CRITICAL
2026-09-22 05:23:20 | WARD_B_TEMP_03 | 36.0 | NORMAL
2026-09-22 05:23:20 | WARD_B_TEMP_04 | 39.8 | CRITICAL
2026-09-22 05:23:20 | WARD_B_TEMP_05 | 39.9 | CRITICAL
2026-09-22 05:23:21 | WARD_B_TEMP_01 | 39.3 | CRITICAL
2026-09-22 05:23:21 | WARD_B_TEMP_02 | 40.2 | CRITICAL
2026-09-22 05:23:21 | WARD_B_TEMP_03 | 35.0 | CRITICAL
2026-09-22 05:23:21 | WARD_B_TEMP_04 | 35.7 | NORMAL
2026-09-22 05:23:21 | WARD_B_TEMP_05 | 38.4 | CRITICAL
2026-09-22 05:23:22 | WARD_B_TEMP_01 | 40.1 | CRITICAL
2026-09-22 05:23:22 | WARD_B_TEMP_02 | 35.9 | NORMAL
2026-09-22 05:23:22 | WARD_B_TEMP_03 | 36.2 | NORMAL
2026-09-22 05:23:22 | WARD_B_TEMP_04 | 39.7 | CRITICAL
2026-09-22 05:23:22 | WARD_B_TEMP_05 | 39.2 | CRITICAL
2026-09-22 05:23:23 | WARD_B_TEMP_01 | 34.8 | CRITICAL
2026-09-22 05:23:23 | WARD_B_TEMP_02 | 38.9 | CRITICAL
2026-09-22 05:23:23 | WARD_B_TEMP_03 | 36.1 | NORMAL
2026-09-22 05:23:23 | WARD_B_TEMP_04 | 38.8 | CRITICAL
2026-09-22 05:23:23 | WARD_B_TEMP_05 | 40.3 | CRITICAL
2026-09-22 05:23:24 | WARD_B_TEMP_01 | 38.9 | CRITICAL
2026-09-22 05:23:24 | WARD_B_TEMP_02 | 39.5 | CRITICAL
2026-09-22 05:23:24 | WARD_B_TEMP_03 | 38.1 | CRITICAL
2026-09-22 05:23:24 | WARD_B_TEMP_04 | 36.6 | NORMAL
2026-09-22 05:23:24 | WARD_B_TEMP_05 | 38.2 | CRITICAL
2026-09-22 05:23:25 | WARD_B_TEMP_01 | 39.2 | CRITICAL
2026-09-22 05:23:25 | WARD_B_TEMP_02 | 35.1 | CRITICAL
2026-09-22 05:23:25 | WARD_B_TEMP_03 | 38.7 | CRITICAL
2026-09-22 05:23:25 | WARD_B_TEMP_04 | 34.9 | CRITICAL
2026-09-22 05:23:25 | WARD_B_TEMP_05 | 37.3 | NORMAL
2026-09-22 05:23:26 | WARD_B_TEMP_01 | 38.4 | CRITICAL
2026-09-22 05:23:26 | WARD_B_TEMP_02 | 38.0 | WARNING
2026-09-22 05:23:26 | WARD_B_TEMP_03 | 38.6 | CRITICAL
2026-09-22 05:23:26 | WARD_B_TEMP_04 | 36.6 | NORMAL
2026-09-22 05:23:26 | WARD_B_TEMP_05 | 38.0 | WARNING
2026-09-22 05:23:27 | WARD_B_TEMP_01 | 35.0 | CRITICAL
2026-09-22 05:23:27 | WARD_B_TEMP_02 | 38.9 | CRITICAL
2026-09-22 05:23:27 | WARD_B_TEMP_03 | 39.3 | CRITICAL
2026-09-22 05:23:27 | WARD_B_TEMP_04 | 34.7 | CRITICAL
2026-09-22 05:23:27 | WARD_B_TEMP_05 | 37.3 | NORMAL
2026-09-22 05:23:28 | WARD_B_TEMP_01 | 34.6 | CRITICAL
2026-09-22 05:23:28 | WARD_B_TEMP_02 | 36.6 | NORMAL
2026-09-22 05:23:28 | WARD_B_TEMP_03 | 36.7 | NORMAL
2026-09-22 05:23:28 | WARD_B_TEMP_04 | 39.9 | CRITICAL
2026-09-22 05:23:28 | WARD_B_TEMP_05 | 35.4 | CRITICAL
2026-09-22 05:23:29 | WARD_B_TEMP_01 | 37.2 | NORMAL
2026-09-22 05:23:29 | WARD_B_TEMP_02 | 37.6 | WARNING
2026-09-22 05:23:29 | WARD_B_TEMP_03 | 35.9 | NORMAL
2026-09-22 05:23:29 | WARD_B_TEMP_04 | 39.4 | CRITICAL
2026-09-22 05:23:29 | WARD_B_TEMP_05 | 36.4 | NORMAL
2026-09-22 05:23:30 | WARD_B_TEMP_01 | 38.5 | CRITICAL
2026-09-22 05:23:30 | WARD_B_TEMP_02 | 39.4 | CRITICAL
2026-09-22 05:23:30 | WARD_B_TEMP_03 | 36.6 | NORMAL
2026-09-22 05:23:30 | WARD_B_TEMP_04 | 36.8 | NORMAL
2026-09-22 05:23:30 | WARD_B_TEMP_05 | 39.6 | CRITICAL
2026-09-22 05:23:31 | WARD_B_TEMP_01 | 37.3 | NORMAL
2026-09-22 05:23:31 | WARD_B_TEMP_02 | 39.9 | CRITICAL
2026-09-22 05:23:31 | WARD_B_TEMP_03 | 35.0 | CRITICAL
2026-09-22 05:23:31 | WARD_B_TEMP_04 | 40.2 | CRITICAL
2026-09-22 05:23:31 | WARD_B_TEMP_05 | 36.7 | NORMAL
2026-09-22 05:23:32 | WARD_B_TEMP_01 | 40.0 | CRITICAL
2026-09-22 05:23:32 | WARD_B_TEMP_02 | 36.6 | NORMAL
2026-09-22 05:23:32 | WARD_B_TEMP_03 | 40.4 | CRITICAL
2026-09-22 05:23:32 | WARD_B_TEMP_04 | 39.6 | CRITICAL
2026-09-22 05:23:32 | WARD_B_TEMP_05 | 35.9 | NORMAL
2026-09-22 05:23:33 | WARD_B_TEMP_01 | 39.4 | CRITICAL
2026-09-22 05:23:33 | WARD_B_TEMP_02 | 39.3 | CRITICAL
2026-09-22 05:23:33 | WARD_B_TEMP_03 | 35.7 | NORMAL
2026-09-22 05:23:33 | WARD_B_TEMP_04 | 35.4 | CRITICAL
2026-09-22 05:23:33 | WARD_B_TEMP_05 | 36.8 | NORMAL
2026-09-22 05:23:34 | WARD_B_TEMP_01 | 35.9 | NORMAL
2026-09-22 05:23:34 | WARD_B_TEMP_02 | 37.9 | WARNING
2026-09-22 05:23:34 | WARD_B_TEMP_03 | 38.6 | CRITICAL
2026-09-22 05:23:34 | WARD_B_TEMP_04 | 38.9 | CRITICAL
2026-09-22 05:23:34 | WARD_B_TEMP_05 | 38.9 | CRITICAL
2026-09-22 05:23:35 | WARD_B_TEMP_01 | 37.8 | WARNING
2026-09-22 05:23:35 | WARD_B_TEMP_02 | 39.4 | CRITICAL
2026-09-22 05:23:35 | WARD_B_TEMP_03 | 40.3 | CRITICAL
2026-09-22 05:23:35 | WARD_B_TEMP_04 | 38.8 | CRITICAL
2026-09-22 05:23:35 | WARD_B_TEMP_05 | 37.8 | WARNING
2026-09-22 05:23:36 | WARD_B_TEMP_01 | 38.3 | CRITICAL
2026-09-22 05:23:36 | WARD_B_TEMP_02 | 39.1 | CRITICAL
2026-09-22 05:23:36 | WARD_B_TEMP_03 | 39.3 | CRITICAL
2026-09-22 05:23:36 | WARD_B_TEMP_04 | 37.7 | WARNING
2026-09-22 05:23:36 | WARD_B_TEMP_05 | 35.0 | CRITICAL
2026-09-22 05:23:37 | WARD_B_TEMP_01 | 40.0 | CRITICAL
2026-09-22 05:23:37 | WARD_B_TEMP_02 | 36.0 | NORMAL
2026-09-22 05:23:37 | WARD_B_TEMP_03 | 38.0 | WARNING
2026-09-22 05:23:37 | WARD_B_TEMP_04 | 36.0 | NORMAL
2026-09-22 05:23:37 | WARD_B_TEMP_05 | 38.9 | CRITICAL
2026-09-22 05:23:38 | WARD_B_TEMP_01 | 34.8 | CRITICAL
2026-09-22 05:23:38 | WARD_B_TEMP_02 | 40.3 | CRITICAL
2026-09-22 05:23:38 | WARD_B_TEMP_03 | 35.4 | CRITICAL
2026-09-22 05:23:38 | WARD_B_TEMP_04 | 34.8 | CRITICAL
2026-09-22 05:23:38 | WARD_B_TEMP_05 | 39.3 | CRITICAL
2026-09-22 05:23:39 | WARD_B_TEMP_01 | 35.0 | CRITICAL
2026-09-22 05:23:39 | WARD_B_TEMP_02 | 34.8 | CRITICAL
2026-09-22 05:23:39 | WARD_B_TEMP_03 | 35.4 | CRITICAL
2026-09-22 05:23:39 | WARD_B_TEMP_04 | 38.0 | WARNING
2026-09-22 05:23:39 | WARD_B_TEMP_05 | 35.8 | NORMAL
2026-09-22 05:23:40 | WARD_B_TEMP_01 | 35.0 | CRITICAL
2026-09-22 05:23:40 | WARD_B_TEMP_02 | 36.1 | NORMAL
2026-09-22 05:23:40 | WARD_B_TEMP_03 | 34.6 | CRITICAL
2026-09-22 05:23:40 | WARD_B_TEMP_04 | 39.8 | CRITICAL
2026-09-22 05:23:40 | WARD_B_TEMP_05 | 40.1 | CRITICAL
2026-09-22 05:23:41 | WARD_B_TEMP_01 | 39.7 | CRITICAL
2026-09-22 05:23:41 | WARD_B_TEMP_02 | 38.6 | CRITICAL
2026-09-22 05:23:41 | WARD_B_TEMP_03 | 38.5 | CRITICAL
2026-09-22 05:23:41 | WARD_B_TEMP_04 | 39.1 | CRITICAL
2026-09-22 05:23:41 | WARD_B_TEMP_05 | 37.0 | NORMAL
2026-09-22 05:23:42 | WARD_B_TEMP_01 | 39.4 | CRITICAL
2026-09-22 05:23:42 | WARD_B_TEMP_02 | 34.6 | CRITICAL
2026-09-22 05:23:42 | WARD_B_TEMP_03 | 36.1 | NORMAL
2026-09-22 05:23:42 | WARD_B_TEMP_04 | 35.8 | NORMAL
2026-09-22 05:23:42 | WARD_B_TEMP_05 | 38.9 | CRITICAL
2026-09-22 05:23:43 | WARD_B_TEMP_01 | 34.6 | CRITICAL
2026-09-22 05:23:43 | WARD_B_TEMP_02 | 36.5 | NORMAL
2026-09-22 05:23:43 | WARD_B_TEMP_03 | 34.5 | CRITICAL
2026-09-22 05:23:43 | WARD_B_TEMP_04 | 38.7 | CRITICAL
2026-09-22 05:23:43 | WARD_B_TEMP_05 | 36.9 | NORMAL
2026-09-22 05:23:44 | WARD_B_TEMP_01 | 39.2 | CRITICAL
2026-09-22 05:23:44 | WARD_B_TEMP_02 | 36.7 | NORMAL
2026-09-22 05:23:44 | WARD_B_TEMP_03 | 37.5 | WARNING
2026-09-22 05:23:44 | WARD_B_TEMP_04 | 35.2 | CRITICAL
2026-09-22 05:23:44 | WARD_B_TEMP_05 | 40.3 | CRITICAL
2026-09-22 05:23:45 | WARD_B_TEMP_01 | 36.4 | NORMAL
2026-09-22 05:23:45 | WARD_B_TEMP_02 | 39.9 | CRITICAL
2026-09-22 05:23:45 | WARD_B_TEMP_03 | 39.0 | CRITICAL
2026-09-22 05:23:45 | WARD_B_TEMP_04 | 40.1 | CRITICAL
2026-09-22 05:23:45 | WARD_B_TEMP_05 | 35.6 | NORMAL
2026-09-22 05:23:46 | WARD_B_TEMP_01 | 35.7 | NORMAL
2026-09-22 05:23:46 | WARD_B_TEMP_02 | 39.0 | CRITICAL
2026-09-22 05:23:46 | WARD_B_TEMP_03 | 36.1 | NORMAL
2026-09-22 05:23:46 | WARD_B_TEMP_04 | 40.3 | CRITICAL
2026-09-22 05:23:46 | WARD_B_TEMP_05 | 39.3 | CRITICAL
2026-09-22 05:23:47 | WARD_B_TEMP_01 | 36.1 | NORMAL
2026-09-22 05:23:47 | WARD_B_TEMP_02 | 36.0 | NORMAL
2026-09-22 05:23:47 | WARD_B_TEMP_03 | 37.8 | WARNING
2026-09-22 05:23:47 | WARD_B_TEMP_04 | 40.3 | CRITICAL
2026-09-22 05:23:47 | WARD_B_TEMP_05 | 37.7 | WARNING
2026-09-22 05:23:48 | WARD_B_TEMP_01 | 37.5 | WARNING
2026-09-22 05:23:48 | WARD_B_TEMP_02 | 38.4 | CRITICAL
2026-09-22 05:23:48 | WARD_B_TEMP_03 | 36.6 | NORMAL
2026-09-22 05:23:48 | WARD_B_TEMP_04 | 37.2 | NORMAL
2026-09-22 05:23:48 | WARD_B_TEMP_05 | 36.2 | NORMAL
2026-09-22 05:23:49 | WARD_B_TEMP_01 | 37.8 | WARNING
2026-09-22 05:23:49 | WARD_B_TEMP_02 | 36.6 | NORMAL
2026-09-22 05:23:49 | WARD_B_TEMP_03 | 36.3 | NORMAL
2026-09-22 05:23:49 | WARD_B_TEMP_04 | 38.7 | CRITICAL
2026-09-22 05:23:49 | WARD_B_TEMP_05 | 35.7 | NORMAL
2026-09-22 05:23:50 | WARD_B_TEMP_01 | 36.1 | NORMAL
2026-09-22 05:23:50 | WARD_B_TEMP_02 | 36.2 | NORMAL
2026-09-22 05:23:50 | WARD_B_TEMP_03 | 37.7 | WARNING
2026-09-22 05:23:50 | WARD_B_TEMP_04 | 39.8 | CRITICAL
2026-09-22 05:23:50 | WARD_B_TEMP_05 | 40.1 | CRITICAL
2026-09-22 05:23:51 | WARD_B_TEMP_01 | 38.3 | CRITICAL
2026-09-22 05:23:51 | WARD_B_TEMP_02 | 38.9 | CRITICAL
2026-09-22 05:23:51 | WARD_B_TEMP_03 | 39.4 | CRITICAL
2026-09-22 05:23:51 | WARD_B_TEMP_04 | 40.1 | CRITICAL
2026-09-22 05:23:51 | WARD_B_TEMP_05 | 38.6 | CRITICAL
2026-09-22 05:23:52 | WARD_B_TEMP_01 | 40.3 | CRITICAL
2026-09-22 05:23:52 | WARD_B_TEMP_02 | 36.5 | NORMAL
2026-09-22 05:23:52 | WARD_B_TEMP_03 | 37.9 | WARNING
2026-09-22 05:23:52 | WARD_B_TEMP_04 | 38.5 | CRITICAL
2026-09-22 05:23:52 | WARD_B_TEMP_05 | 35.6 | NORMAL
2026-09-22 05:23:53 | WARD_B_TEMP_01 | 38.1 | CRITICAL
2026-09-22 05:23:53 | WARD_B_TEMP_02 | 38.1 | CRITICAL
2026-09-22 05:23:53 | WARD_B_TEMP_03 | 38.7 | CRITICAL
2026-09-22 05:23:53 | WARD_B_TEMP_04 | 37.2 | NORMAL
2026-09-22 05:23:53 | WARD_B_TEMP_05 | 38.7 | CRITICAL
2026-09-22 05:23:54 | WARD_B_TEMP_01 | 36.7 | NORMAL
2026-09-22 05:23:54 | WARD_B_TEMP_02 | 37.5 | WARNING
2026-09-22 05:23:54 | WARD_B_TEMP_03 | 37.9 | WARNING
2026-09-22 05:23:54 | WARD_B_TEMP_04 | 38.3 | CRITICAL
2026-09-22 05:23:54 | WARD_B_TEMP_05 | 36.2 | NORMAL
2026-09-22 05:23:55 | WARD_B_TEMP_01 | 35.7 | NORMAL
2026-09-22 05:23:55 | WARD_B_TEMP_02 | 38.9 | CRITICAL
2026-09-22 05:23:55 | WARD_B_TEMP_03 | 37.5 | WARNING
2026-09-22 05:23:55 | WARD_B_TEMP_04 | 39.7 | CRITICAL
2026-09-22 05:23:55 | WARD_B_TEMP_05 | 35.3 | CRITICAL
2026-09-22 05:23:56 | WARD_B_TEMP_01 | 40.0 | CRITICAL
2026-09-22 05:23:56 | WARD_B_TEMP_02 | 37.7 | WARNING
2026-09-22 05:23:56 | WARD_B_TEMP_03 | 37.4 | NORMAL
2026-09-22 05:23:56 | WARD_B_TEMP_04 | 40.4 | CRITICAL
2026-09-22 05:23:56 | WARD_B_TEMP_05 | 39.1 | CRITICAL
2026-09-22 05:23:57 | WARD_B_TEMP_01 | 38.6 | CRITICAL
2026-09-22 05:23:57 | WARD_B_TEMP_02 | 35.5 | NORMAL
2026-09-22 05:23:57 | WARD_B_TEMP_03 | 34.5 | CRITICAL
2026-09-22 05:23:57 | WARD_B_TEMP_04 | 36.9 | NORMAL
2026-09-22 05:23:57 | WARD_B_TEMP_05 | 35.7 | NORMAL
2026-09-22 05:23:58 | WARD_B_TEMP_01 | 37.5 | WARNING
2026-09-22 05:23:58 | WARD_B_TEMP_02 | 35.1 | CRITICAL
2026-09-22 05:23:58 | WARD_B_TEMP_03 | 36.2 | NORMAL
2026-09-22 05:23:58 | WARD_B_TEMP_04 | 37.3 | NORMAL
2026-09-22 05:23:58 | WARD_B_TEMP_05 | 39.6 | CRITICAL
2026-09-22 05:23:59 | WARD_B_TEMP_01 | 36.2 | NORMAL
2026-09-22 05:23:59 | WARD_B_TEMP_02 | 36.7 | NORMAL
2026-09-22 05:23:59 | WARD_B_TEMP_03 | 38.7 | CRITICAL
2026-09-22 05:23:59 | WARD_B_TEMP_04 | 38.1 | CRITICAL
2026-09-22 05:23:59 | WARD_B_TEMP_05 | 40.0 | CRITICAL
2026-09-22 05:24:00 | WARD_B_TEMP_01 | 37.9 | WARNING
2026-09-22 05:24:00 | WARD_B_TEMP_02 | 36.3 | NORMAL
2026-09-22 05:24:00 | WARD_B_TEMP_03 | 36.0 | NORMAL
2026-09-22 05:24:00 | WARD_B_TEMP_04 | 37.4 | NORMAL
2026-09-22 05:24:00 | WARD_B_TEMP_05 | 37.2 | NORMAL
2026-09-22 05:24:01 | WARD_B_TEMP_01 | 37.2 | NORMAL
2026-09-22 05:24:01 | WARD_B_TEMP_02 | 40.5 | CRITICAL
2026-09-22 05:24:01 | WARD_B_TEMP_03 | 37.1 | NORMAL
2026-09-22 05:24:01 | WARD_B_TEMP_04 | 38.6 | CRITICAL
2026-09-22 05:24:01 | WARD_B_TEMP_05 | 40.4 | CRITICAL
2026-09-22 05:24:02 | WARD_B_TEMP_01 | 36.8 | NORMAL
2026-09-22 05:24:02 | WARD_B_TEMP_02 | 38.1 | CRITICAL
2026-09-22 05:24:02 | WARD_B_TEMP_03 | 35.3 | CRITICAL
2026-09-22 05:24:02 | WARD_B_TEMP_04 | 35.9 | NORMAL
2026-09-22 05:24:02 | WARD_B_TEMP_05 | 39.9 | CRITICAL
2026-09-22 05:24:03 | WARD_B_TEMP_01 | 38.3 | CRITICAL
2026-09-22 05:24:03 | WARD_B_TEMP_02 | 38.4 | CRITICAL
2026-09-22 05:24:03 | WARD_B_TEMP_03 | 39.8 | CRITICAL
2026-09-22 05:24:03 | WARD_B_TEMP_04 | 36.5 | NORMAL
2026-09-22 05:24:03 | WARD_B_TEMP_05 | 40.3 | CRITICAL
2026-09-22 05:24:04 | WARD_B_TEMP_01 | 35.2 | CRITICAL
2026-09-22 05:24:04 | WARD_B_TEMP_02 | 37.0 | NORMAL
2026-09-22 05:24:04 | WARD_B_TEMP_03 | 34.6 | CRITICAL
2026-09-22 05:24:04 | WARD_B_TEMP_04 | 36.8 | NORMAL
2026-09-22 05:24:04 | WARD_B_TEMP_05 | 36.5 | NORMAL
2026-09-22 05:24:05 | WARD_B_TEMP_01 | 34.9 | CRITICAL
2026-09-22 05:24:05 | WARD_B_TEMP_02 | 36.6 | NORMAL
2026-09-22 05:24:05 | WARD_B_TEMP_03 | 36.3 | NORMAL
2026-09-22 05:24:05 | WARD_B_TEMP_04 | 40.1 | CRITICAL
2026-09-22 05:24:05 | WARD_B_TEMP_05 | 35.6 | NORMAL
2026-09-22 05:24:06 | WARD_B_TEMP_01 | 40.3 | CRITICAL
2026-09-22 05:24:06 | WARD_B_TEMP_02 | 34.5 | CRITICAL
2026-09-22 05:24:06 | WARD_B_TEMP_03 | 36.8 | NORMAL
2026-09-22 05:24:06 | WARD_B_TEMP_04 | 38.1 | CRITICAL
2026-09-22 05:24:06 | WARD_B_TEMP_05 | 36.3 | NORMAL
2026-09-22 05:24:07 | WARD_B_TEMP_01 | 37.4 | NORMAL
2026-09-22 05:24:07 | WARD_B_TEMP_02 | 36.1 | NORMAL
2026-09-22 05:24:07 | WARD_B_TEMP_03 | 40.4 | CRITICAL
2026-09-22 05:24:07 | WARD_B_TEMP_04 | 37.9 | WARNING
2026-09-22 05:24:07 | WARD_B_TEMP_05 | 39.6 | CRITICAL
2026-09-22 05:24:08 | WARD_B_TEMP_01 | 36.3 | NORMAL
2026-09-22 05:24:08 | WARD_B_TEMP_02 | 36.1 | NORMAL
2026-09-22 05:24:08 | WARD_B_TEMP_03 | 39.6 | CRITICAL
2026-09-22 05:24:08 | WARD_B_TEMP_04 | 36.6 | NORMAL
2026-09-22 05:24:08 | WARD_B_TEMP_05 | 34.7 | CRITICAL
2026-09-22 05:24:09 | WARD_B_TEMP_01 | 39.5 | CRITICAL
2026-09-22 05:24:09 | WARD_B_TEMP_02 | 35.4 | CRITICAL
2026-09-22 05:24:09 | WARD_B_TEMP_03 | 35.1 | CRITICAL
2026-09-22 05:24:09 | WARD_B_TEMP_04 | 37.5 | WARNING
2026-09-22 05:24:09 | WARD_B_TEMP_05 | 35.1 | CRITICAL
2026-09-22 05:24:10 | WARD_B_TEMP_01 | 37.7 | WARNING
2026-09-22 05:24:10 | WARD_B_TEMP_02 | 39.5 | CRITICAL
2026-09-22 05:24:10 | WARD_B_TEMP_03 | 36.0 | NORMAL
2026-09-22 05:24:10 | WARD_B_TEMP_04 | 40.2 | CRITICAL
2026-09-22 05:24:10 | WARD_B_TEMP_05 | 37.3 | NORMAL
2026-09-22 05:24:11 | WARD_B_TEMP_01 | 38.7 | CRITICAL
2026-09-22 05:24:11 | WARD_B_TEMP_02 | 38.6 | CRITICAL
2026-09-22 05:24:11 | WARD_B_TEMP_03 | 36.3 | NORMAL
2026-09-22 05:24:11 | WARD_B_TEMP_04 | 35.0 | CRITICAL
2026-09-22 05:24:11 | WARD_B_TEMP_05 | 36.7 | NORMAL
2026-09-22 05:24:12 | WARD_B_TEMP_01 | 39.9 | CRITICAL
2026-09-22 05:24:12 | WARD_B_TEMP_02 | 35.7 | NORMAL
2026-09-22 05:24:12 | WARD_B_TEMP_03 | 36.7 | NORMAL
2026-09-22 05:24:12 | WARD_B_TEMP_04 | 35.0 | CRITICAL
2026-09-22 05:24:12 | WARD_B_TEMP_05 | 38.9 | CRITICAL
2026-09-22 05:24:13 | WARD_B_TEMP_01 | 37.0 | NORMAL
2026-09-22 05:24:13 | WARD_B_TEMP_02 | 38.0 | WARNING
2026-09-22 05:24:13 | WARD_B_TEMP_03 | 36.1 | NORMAL
2026-09-22 05:24:13 | WARD_B_TEMP_04 | 39.5 | CRITICAL
2026-09-22 05:24:13 | WARD_B_TEMP_05 | 39.8 | CRITICAL
2026-09-22 05:24:14 | WARD_B_TEMP_01 | 39.0 | CRITICAL
2026-09-22 05:24:14 | WARD_B_TEMP_02 | 36.0 | NORMAL
2026-09-22 05:24:14 | WARD_B_TEMP_03 | 35.2 | CRITICAL
2026-09-22 05:24:14 | WARD_B_TEMP_04 | 36.6 | NORMAL
2026-09-22 05:24:14 | WARD_B_TEMP_05 | 39.5 | CRITICAL
2026-09-22 05:24:15 | WARD_B_TEMP_01 | 34.7 | CRITICAL
2026-09-22 05:24:15 | WARD_B_TEMP_02 | 40.2 | CRITICAL
2026-09-22 05:24:15 | WARD_B_TEMP_03 | 40.0 | CRITICAL
2026-09-22 05:24:15 | WARD_B_TEMP_04 | 39.9 | CRITICAL
2026-09-22 05:24:15 | WARD_B_TEMP_05 | 38.1 | CRITICAL
2026-09-22 05:24:16 | WARD_B_TEMP_01 | 40.1 | CRITICAL
2026-09-22 05:24:16 | WARD_B_TEMP_02 | 36.0 | NORMAL
2026-09-22 05:24:16 | WARD_B_TEMP_03 | 39.3 | CRITICAL
2026-09-22 05:24:16 | WARD_B_TEMP_04 | 37.9 | WARNING
2026-09-22 05:24:16 | WARD_B_TEMP_05 | 37.3 | NORMAL
2026-09-22 05:24:17 | WARD_B_TEMP_01 | 35.9 | NORMAL
2026-09-22 05:24:17 | WARD_B_TEMP_02 | 34.5 | CRITICAL
2026-09-22 05:24:17 | WARD_B_TEMP_03 | 40.1 | CRITICAL
2026-09-22 05:24:17 | WARD_B_TEMP_04 | 36.3 | NORMAL
2026-09-22 05:24:17 | WARD_B_TEMP_05 | 35.2 | CRITICAL
2026-09-22 05:24:18 | WARD_B_TEMP_01 | 38.2 | CRITICAL
2026-09-22 05:24:18 | WARD_B_TEMP_02 | 40.3 | CRITICAL
2026-09-22 05:24:18 | WARD_B_TEMP_03 | 34.9 | CRITICAL
2026-09-22 05:24:18 | WARD_B_TEMP_04 | 36.5 | NORMAL
2026-09-22 05:24:18 | WARD_B_TEMP_05 | 38.6 | CRITICAL
2026-09-22 05:24:19 | WARD_B_TEMP_01 | 36.8 | NORMAL
2026-09-22 05:24:19 | WARD_B_TEMP_02 | 35.1 | CRITICAL
2026-09-22 05:24:19 | WARD_B_TEMP_03 | 36.7 | NORMAL
2026-09-22 05:24:19 | WARD_B_TEMP_04 | 39.0 | CRITICAL
2026-09-22 05:24:19 | WARD_B_TEMP_05 | 38.2 | CRITICAL
2026-09-22 05:24:20 | WARD_B_TEMP_01 | 40.2 | CRITICAL
2026-09-22 05:24:20 | WARD_B_TEMP_02 | 38.1 | CRITICAL
2026-09-22 05:24:20 | WARD_B_TEMP_03 | 35.9 | NORMAL
2026-09-22 05:24:20 | WARD_B_TEMP_04 | 37.5 | WARNING
2026-09-22 05:24:20 | WARD_B_TEMP_05 | 36.3 | NORMAL
2026-09-22 05:24:21 | WARD_B_TEMP_01 | 35.6 | NORMAL
2026-09-22 05:24:21 | WARD_B_TEMP_02 | 36.7 | NORMAL
2026-09-22 05:24:21 | WARD_B_TEMP_03 | 35.1 | CRITICAL
2026-09-22 05:24:21 | WARD_B_TEMP_04 | 38.7 | CRITICAL
2026-09-22 05:24:21 | WARD_B_TEMP_05 | 39.4 | CRITICAL
2026-09-22 05:24:22 | WARD_B_TEMP_01 | 35.5 | NORMAL
2026-09-22 05:24:22 | WARD_B_TEMP_02 | 38.9 | CRITICAL
2026-09-22 05:24:22 | WARD_B_TEMP_03 | 38.3 | CRITICAL
2026-09-22 05:24:22 | WARD_B_TEMP_04 | 38.9 | CRITICAL
2026-09-22 05:24:22 | WARD_B_TEMP_05 | 38.2 | CRITICAL
2026-09-22 05:24:23 | WARD_B_TEMP_01 | 38.6 | CRITICAL
2026-09-22 05:24:23 | WARD_B_TEMP_02 | 38.2 | CRITICAL
2026-09-22 05:24:23 | WARD_B_TEMP_03 | 37.3 | NORMAL
2026-09-22 05:24:23 | WARD_B_TEMP_04 | 37.8 | WARNING
2026-09-22 05:24:23 | WARD_B_TEMP_05 | 39.3 | CRITICAL
2026-09-22 05:24:24 | WARD_B_TEMP_01 | 35.3 | CRITICAL
2026-09-22 05:24:24 | WARD_B_TEMP_02 | 35.2 | CRITICAL
2026-09-22 05:24:24 | WARD_B_TEMP_03 | 35.6 | NORMAL
2026-09-22 05:24:24 | WARD_B_TEMP_04 | 35.5 | NORMAL
2026-09-22 05:24:24 | WARD_B_TEMP_05 | 40.2 | CRITICAL
2026-09-22 05:24:25 | WARD_B_TEMP_01 | 38.7 | CRITICAL
2026-09-22 05:24:25 | WARD_B_TEMP_02 | 39.0 | CRITICAL
2026-09-22 05:24:25 | WARD_B_TEMP_03 | 38.6 | CRITICAL
2026-09-22 05:24:25 | WARD_B_TEMP_04 | 35.4 | CRITICAL
2026-09-22 05:24:25 | WARD_B_TEMP_05 | 37.4 | NORMAL
2026-09-22 05:24:26 | WARD_B_TEMP_01 | 35.8 | NORMAL
2026-09-22 05:24:26 | WARD_B_TEMP_02 | 36.7 | NORMAL
2026-09-22 05:24:26 | WARD_B_TEMP_03 | 35.3 | CRITICAL
2026-09-22 05:24:26 | WARD_B_TEMP_04 | 38.8 | CRITICAL
2026-09-22 05:24:26 | WARD_B_TEMP_05 | 37.7 | WARNING
2026-09-22 05:24:27 | WARD_B_TEMP_01 | 37.0 | NORMAL
2026-09-22 05:24:27 | WARD_B_TEMP_02 | 38.4 | CRITICAL
2026-09-22 05:24:27 | WARD_B_TEMP_03 | 37.6 | WARNING
2026-09-22 05:24:27 | WARD_B_TEMP_04 | 36.3 | NORMAL
2026-09-22 05:24:27 | WARD_B_TEMP_05 | 38.7 | CRITICAL
2026-09-22 05:24:28 | WARD_B_TEMP_01 | 34.8 | CRITICAL
2026-09-22 05:24:28 | WARD_B_TEMP_02 | 36.2 | NORMAL
2026-09-22 05:24:28 | WARD_B_TEMP_03 | 40.3 | CRITICAL
2026-09-22 05:24:28 | WARD_B_TEMP_04 | 38.2 | CRITICAL
2026-09-22 05:24:28 | WARD_B_TEMP_05 | 37.4 | NORMAL
2026-09-22 05:24:29 | WARD_B_TEMP_01 | 36.5 | NORMAL
2026-09-22 05:24:29 | WARD_B_TEMP_02 | 38.8 | CRITICAL
2026-09-22 05:24:29 | WARD_B_TEMP_03 | 36.9 | NORMAL
2026-09-22 05:24:29 | WARD_B_TEMP_04 | 39.6 | CRITICAL
2026-09-22 05:24:29 | WARD_B_TEMP_05 | 37.9 | WARNING
2026-09-22 05:24:30 | WARD_B_TEMP_01 | 34.7 | CRITICAL
2026-09-22 05:24:30 | WARD_B_TEMP_02 | 34.6 | CRITICAL
2026-09-22 05:24:30 | WARD_B_TEMP_03 | 40.4 | CRITICAL
2026-09-22 05:24:30 | WARD_B_TEMP_04 | 37.8 | WARNING
2026-09-22 05:24:30 | WARD_B_TEMP_05 | 35.8 | NORMAL
2026-09-22 05:24:31 | WARD_B_TEMP_01 | 39.7 | CRITICAL
2026-09-22 05:24:31 | WARD_B_TEMP_02 | 38.2 | CRITICAL
2026-09-22 05:24:31 | WARD_B_TEMP_03 | 36.6 | NORMAL
2026-09-22 05:24:31 | WARD_B_TEMP_04 | 35.0 | CRITICAL
2026-09-22 05:24:31 | WARD_B_TEMP_05 | 36.0 | NORMAL
2026-09-22 05:24:32 | WARD_B_TEMP_01 | 38.7 | CRITICAL
2026-09-22 05:24:32 | WARD_B_TEMP_02 | 35.2 | CRITICAL
2026-09-22 05:24:32 | WARD_B_TEMP_03 | 39.8 | CRITICAL
2026-09-22 05:24:32 | WARD_B_TEMP_04 | 37.7 | WARNING
2026-09-22 05:24:32 | WARD_B_TEMP_05 | 36.9 | NORMAL
2026-09-22 05:24:33 | WARD_B_TEMP_01 | 39.6 | CRITICAL
2026-09-22 05:24:33 | WARD_B_TEMP_02 | 39.0 | CRITICAL
2026-09-22 05:24:33 | WARD_B_TEMP_03 | 39.9 | CRITICAL
2026-09-22 05:24:33 | WARD_B_TEMP_04 | 34.6 | CRITICAL
2026-09-22 05:24:33 | WARD_B_TEMP_05 | 34.6 | CRITICAL
2026-09-22 05:24:34 | WARD_B_TEMP_01 | 35.2 | CRITICAL
2026-09-22 05:24:34 | WARD_B_TEMP_02 | 38.5 | CRITICAL
2026-09-22 05:24:34 | WARD_B_TEMP_03 | 36.9 | NORMAL
2026-09-22 05:24:34 | WARD_B_TEMP_04 | 35.1 | CRITICAL
2026-09-22 05:24:34 | WARD_B_TEMP_05 | 40.3 | CRITICAL
2026-09-22 05:24:35 | WARD_B_TEMP_01 | 38.1 | CRITICAL
2026-09-22 05:24:35 | WARD_B_TEMP_02 | 39.3 | CRITICAL
2026-09-22 05:24:35 | WARD_B_TEMP_03 | 36.2 | NORMAL
2026-09-22 05:24:35 | WARD_B_TEMP_04 | 39.2 | CRITICAL
2026-09-22 05:24:35 | WARD_B_TEMP_05 | 34.9 | CRITICAL
2026-09-22 05:24:36 | WARD_B_TEMP_01 | 37.6 | WARNING
2026-09-22 05:24:36 | WARD_B_TEMP_02 | 35.3 | CRITICAL
2026-09-22 05:24:36 | WARD_B_TEMP_03 | 37.8 | WARNING
2026-09-22 05:24:36 | WARD_B_TEMP_04 | 40.0 | CRITICAL
2026-09-22 05:24:36 | WARD_B_TEMP_05 | 38.5 | CRITICAL
2026-09-22 05:24:37 | WARD_B_TEMP_01 | 39.8 | CRITICAL
2026-09-22 05:24:37 | WARD_B_TEMP_02 | 37.3 | NORMAL
2026-09-22 05:24:37 | WARD_B_TEMP_03 | 36.7 | NORMAL
2026-09-22 05:24:37 | WARD_B_TEMP_04 | 38.5 | CRITICAL
2026-09-22 05:24:37 | WARD_B_TEMP_05 | 34.8 | CRITICAL
2026-09-22 05:24:38 | WARD_B_TEMP_01 | 34.5 | CRITICAL
2026-09-22 05:24:38 | WARD_B_TEMP_02 | 37.5 | WARNING
2026-09-22 05:24:38 | WARD_B_TEMP_03 | 36.1 | NORMAL
2026-09-22 05:24:38 | WARD_B_TEMP_04 | 37.9 | WARNING
2026-09-22 05:24:38 | WARD_B_TEMP_05 | 37.2 | NORMAL
2026-09-22 05:24:39 | WARD_B_TEMP_01 | 38.4 | CRITICAL
2026-09-22 05:24:39 | WARD_B_TEMP_02 | 35.4 | CRITICAL
2026-09-22 05:24:39 | WARD_B_TEMP_03 | 39.1 | CRITICAL
2026-09-22 05:24:39 | WARD_B_TEMP_04 | 39.6 | CRITICAL
2026-09-22 05:24:39 | WARD_B_TEMP_05 | 39.4 | CRITICAL
2026-09-22 05:24:40 | WARD_B_TEMP_01 | 38.2 | CRITICAL
2026-09-22 05:24:40 | WARD_B_TEMP_02 | 35.6 | NORMAL
2026-09-22 05:24:40 | WARD_B_TEMP_03 | 40.3 | CRITICAL
2026-09-22 05:24:40 | WARD_B_TEMP_04 | 34.9 | CRITICAL
2026-09-22 05:24:40 | WARD_B_TEMP_05 | 38.7 | CRITICAL
2026-09-22 05:24:41 | WARD_B_TEMP_01 | 39.4 | CRITICAL
2026-09-22 05:24:41 | WARD_B_TEMP_02 | 36.4 | NORMAL
2026-09-22 05:24:41 | WARD_B_TEMP_03 | 37.8 | WARNING
2026-09-22 05:24:41 | WARD_B_TEMP_04 | 34.5 | CRITICAL
2026-09-22 05:24:41 | WARD_B_TEMP_05 | 36.1 | NORMAL
2026-09-22 05:24:42 | WARD_B_TEMP_01 | 39.1 | CRITICAL
2026-09-22 05:24:42 | WARD_B_TEMP_02 | 37.7 | WARNING
2026-09-22 05:24:42 | WARD_B_TEMP_03 | 38.8 | CRITICAL
2026-09-22 05:24:42 | WARD_B_TEMP_04 | 39.1 | CRITICAL
2026-09-22 05:24:42 | WARD_B_TEMP_05 | 39.5 | CRITICAL
2026-09-22 05:24:43 | WARD_B_TEMP_01 | 38.4 | CRITICAL
2026-09-22 05:24:43 | WARD_B_TEMP_02 | 40.0 | CRITICAL
2026-09-22 05:24:43 | WARD_B_TEMP_03 | 35.7 | NORMAL
2026-09-22 05:24:43 | WARD_B_TEMP_04 | 34.7 | CRITICAL
2026-09-22 05:24:43 | WARD_B_TEMP_05 | 38.9 | CRITICAL
2026-09-22 05:24:44 | WARD_B_TEMP_01 | 36.6 | NORMAL
2026-09-22 05:24:44 | WARD_B_TEMP_02 | 37.4 | NORMAL
2026-09-22 05:24:44 | WARD_B_TEMP_03 | 39.9 | CRITICAL
2026-09-22 05:24:44 | WARD_B_TEMP_04 | 38.7 | CRITICAL
2026-09-22 05:24:44 | WARD_B_TEMP_05 | 37.3 | NORMAL
2026-09-22 05:24:45 | WARD_B_TEMP_01 | 34.9 | CRITICAL
2026-09-22 05:24:45 | WARD_B_TEMP_02 | 39.9 | CRITICAL
2026-09-22 05:24:45 | WARD_B_TEMP_03 | 38.5 | CRITICAL
2026-09-22 05:24:45 | WARD_B_TEMP_04 | 40.1 | CRITICAL
2026-09-22 05:24:45 | WARD_B_TEMP_05 | 36.4 | NORMAL
2026-09-22 05:24:46 | WARD_B_TEMP_01 | 39.1 | CRITICAL
2026-09-22 05:24:46 | WARD_B_TEMP_02 | 39.0 | CRITICAL
2026-09-22 05:24:46 | WARD_B_TEMP_03 | 39.8 | CRITICAL
2026-09-22 05:24:46 | WARD_B_TEMP_04 | 38.3 | CRITICAL
2026-09-22 05:24:46 | WARD_B_TEMP_05 | 36.5 | NORMAL
2026-09-22 05:24:47 | WARD_B_TEMP_01 | 39.5 | CRITICAL
2026-09-22 05:24:47 | WARD_B_TEMP_02 | 37.7 | WARNING
2026-09-22 05:24:47 | WARD_B_TEMP_03 | 35.8 | NORMAL
2026-09-22 05:24:47 | WARD_B_TEMP_04 | 37.5 | WARNING
2026-09-22 05:24:47 | WARD_B_TEMP_05 | 38.0 | WARNING
2026-09-22 05:24:48 | WARD_B_TEMP_01 | 39.6 | CRITICAL
2026-09-22 05:24:48 | WARD_B_TEMP_02 | 40.4 | CRITICAL
2026-09-22 05:24:48 | WARD_B_TEMP_03 | 37.1 | NORMAL
2026-09-22 05:24:48 | WARD_B_TEMP_04 | 39.0 | CRITICAL
2026-09-22 05:24:48 | WARD_B_TEMP_05 | 38.4 | CRITICAL
2026-09-22 05:24:49 | WARD_B_TEMP_01 | 34.9 | CRITICAL
2026-09-22 05:24:49 | WARD_B_TEMP_02 | 36.2 | NORMAL
2026-09-22 05:24:49 | WARD_B_TEMP_03 | 38.4 | CRITICAL
2026-09-22 05:24:49 | WARD_B_TEMP_04 | 39.3 | CRITICAL
2026-09-22 05:24:49 | WARD_B_TEMP_05 | 37.2 | NORMAL
2026-09-22 05:24:50 | WARD_B_TEMP_01 | 38.4 | CRITICAL
2026-09-22 05:24:50 | WARD_B_TEMP_02 | 35.0 | CRITICAL
2026-09-22 05:24:50 | WARD_B_TEMP_03 | 34.9 | CRITICAL
2026-09-22 05:24:50 | WARD_B_TEMP_04 | 37.2 | NORMAL
2026-09-22 05:24:50 | WARD_B_TEMP_05 | 35.4 | CRITICAL
2026-09-22 05:24:51 | WARD_B_TEMP_01 | 37.2 | NORMAL
2026-09-22 05:24:51 | WARD_B_TEMP_02 | 39.9 | CRITICAL
2026-09-22 05:24:51 | WARD_B_TEMP_03 | 40.3 | CRITICAL
2026-09-22 05:24:51 | WARD_B_TEMP_04 | 39.2 | CRITICAL
2026-09-22 05:24:51 | WARD_B_TEMP_05 | 39.4 | CRITICAL
2026-09-22 05:24:52 | WARD_B_TEMP_01 | 34.7 | CRITICAL
2026-09-22 05:24:52 | WARD_B_TEMP_02 | 36.9 | NORMAL
2026-09-22 05:24:52 | WARD_B_TEMP_03 | 38.2 | CRITICAL
2026-09-22 05:24:52 | WARD_B_TEMP_04 | 38.8 | CRITICAL
2026-09-22 05:24:52 | WARD_B_TEMP_05 | 37.5 | WARNING
2026-09-22 05:24:53 | WARD_B_TEMP_01 | 36.0 | NORMAL
2026-09-22 05:24:53 | WARD_B_TEMP_02 | 40.0 | CRITICAL
2026-09-22 05:24:53 | WARD_B_TEMP_03 | 40.5 | CRITICAL
2026-09-22 05:24:53 | WARD_B_TEMP_04 | 37.1 | NORMAL
2026-09-22 05:24:53 | WARD_B_TEMP_05 | 34.7 | CRITICAL
2026-09-22 05:24:54 | WARD_B_TEMP_01 | 38.9 | CRITICAL
2026-09-22 05:24:54 | WARD_B_TEMP_02 | 39.7 | CRITICAL
2026-09-22 05:24:54 | WARD_B_TEMP_03 | 35.2 | CRITICAL
2026-09-22 05:24:54 | WARD_B_TEMP_04 | 38.4 | CRITICAL
2026-09-22 05:24:54 | WARD_B_TEMP_05 | 38.6 | CRITICAL
2026-09-22 05:24:55 | WARD_B_TEMP_01 | 36.4 | NORMAL
2026-09-22 05:24:55 | WARD_B_TEMP_02 | 36.8 | NORMAL
2026-09-22 05:24:55 | WARD_B_TEMP_03 | 34.7 | CRITICAL
2026-09-22 05:24:55 | WARD_B_TEMP_04 | 35.5 | NORMAL
2026-09-22 05:24:55 | WARD_B_TEMP_05 | 35.0 | CRITICAL
2026-09-22 05:24:56 | WARD_B_TEMP_01 | 39.8 | CRITICAL
2026-09-22 05:24:56 | WARD_B_TEMP_02 | 36.8 | NORMAL
2026-09-22 05:24:56 | WARD_B_TEMP_03 | 39.6 | CRITICAL
2026-09-22 05:24:56 | WARD_B_TEMP_04 | 39.9 | CRITICAL
2026-09-22 05:24:56 | WARD_B_TEMP_05 | 38.4 | CRITICAL
2026-09-22 05:24:57 | WARD_B_TEMP_01 | 35.6 | NORMAL
2026-09-22 05:24:57 | WARD_B_TEMP_02 | 36.7 | NORMAL
2026-09-22 05:24:57 | WARD_B_TEMP_03 | 37.0 | NORMAL
2026-09-22 05:24:57 | WARD_B_TEMP_04 | 34.6 | CRITICAL
2026-09-22 05:24:57 | WARD_B_TEMP_05 | 37.4 | NORMAL
2026-09-22 05:24:58 | WARD_B_TEMP_01 | 37.3 | NORMAL
2026-09-22 05:24:58 | WARD_B_TEMP_02 | 38.7 | CRITICAL
2026-09-22 05:24:58 | WARD_B_TEMP_03 | 36.6 | NORMAL
2026-09-22 05:24:58 | WARD_B_TEMP_04 | 36.1 | NORMAL
2026-09-22 05:24:58 | WARD_B_TEMP_05 | 37.1 | NORMAL
2026-09-22 05:24:59 | WARD_B_TEMP_01 | 34.8 | CRITICAL
2026-09-22 05:24:59 | WARD_B_TEMP_02 | 38.5 | CRITICAL
2026-09-22 05:24:59 | WARD_B_TEMP_03 | 38.0 | WARNING
2026-09-22 05:24:59 | WARD_B_TEMP_04 | 37.5 | WARNING
2026-09-22 05:24:59 | WARD_B_TEMP_05 | 38.8 | CRITICAL
2026-09-22 05:25:00 | WARD_B_TEMP_01 | 35.8 | NORMAL
2026-09-22 05:25:00 | WARD_B_TEMP_02 | 37.7 | WARNING
2026-09-22 05:25:00 | WARD_B_TEMP_03 | 35.5 | NORMAL
2026-09-22 05:25:00 | WARD_B_TEMP_04 | 35.5 | NORMAL
2026-09-22 05:25:00 | WARD_B_TEMP_05 | 40.4 | CRITICAL
2026-09-22 05:25:01 | WARD_B_TEMP_01 | 36.6 | NORMAL
2026-09-22 05:25:01 | WARD_B_TEMP_02 | 37.4 | NORMAL
2026-09-22 05:25:01 | WARD_B_TEMP_03 | 38.1 | CRITICAL
2026-09-22 05:25:01 | WARD_B_TEMP_04 | 39.5 | CRITICAL
2026-09-22 05:25:01 | WARD_B_TEMP_05 | 35.5 | NORMAL
2026-09-22 05:25:02 | WARD_B_TEMP_01 | 36.2 | NORMAL
2026-09-22 05:25:02 | WARD_B_TEMP_02 | 36.5 | NORMAL
2026-09-22 05:25:02 | WARD_B_TEMP_03 | 38.6 | CRITICAL
2026-09-22 05:25:02 | WARD_B_TEMP_04 | 36.3 | NORMAL
2026-09-22 05:25:02 | WARD_B_TEMP_05 | 36.6 | NORMAL
2026-09-22 05:25:03 | WARD_B_TEMP_01 | 38.1 | CRITICAL
2026-09-22 05:25:03 | WARD_B_TEMP_02 | 39.0 | CRITICAL
2026-09-22 05:25:03 | WARD_B_TEMP_03 | 35.4 | CRITICAL
2026-09-22 05:25:03 | WARD_B_TEMP_04 | 37.0 | NORMAL
2026-09-22 05:25:03 | WARD_B_TEMP_05 | 34.7 | CRITICAL
2026-09-22 05:25:04 | WARD_B_TEMP_01 | 37.6 | WARNING
2026-09-22 05:25:04 | WARD_B_TEMP_02 | 39.8 | CRITICAL
2026-09-22 05:25:04 | WARD_B_TEMP_03 | 37.0 | NORMAL
2026-09-22 05:25:04 | WARD_B_TEMP_04 | 34.9 | CRITICAL
2026-09-22 05:25:04 | WARD_B_TEMP_05 | 34.8 | CRITICAL
2026-09-22 05:25:05 | WARD_B_TEMP_01 | 38.3 | CRITICAL
2026-09-22 05:25:05 | WARD_B_TEMP_02 | 37.6 | WARNING
2026-09-22 05:25:05 | WARD_B_TEMP_03 | 35.3 | CRITICAL
2026-09-22 05:25:05 | WARD_B_TEMP_04 | 34.5 | CRITICAL
2026-09-22 05:25:05 | WARD_B_TEMP_05 | 37.8 | WARNING
2026-09-22 05:25:06 | WARD_B_TEMP_01 | 38.5 | CRITICAL
2026-09-22 05:25:06 | WARD_B_TEMP_02 | 39.2 | CRITICAL
2026-09-22 05:25:06 | WARD_B_TEMP_03 | 39.5 | CRITICAL
2026-09-22 05:25:06 | WARD_B_TEMP_04 | 39.8 | CRITICAL
2026-09-22 05:25:06 | WARD_B_TEMP_05 | 38.2 | CRITICAL
2026-09-22 05:25:07 | WARD_B_TEMP_01 | 38.1 | CRITICAL
2026-09-22 05:25:07 | WARD_B_TEMP_02 | 35.3 | CRITICAL
2026-09-22 05:25:07 | WARD_B_TEMP_03 | 35.3 | CRITICAL
2026-09-22 05:25:07 | WARD_B_TEMP_04 | 35.7 | NORMAL
2026-09-22 05:25:07 | WARD_B_TEMP_05 | 36.4 | NORMAL
2026-09-22 05:25:08 | WARD_B_TEMP_01 | 37.1 | NORMAL
2026-09-22 05:25:08 | WARD_B_TEMP_02 | 36.6 | NORMAL
2026-09-22 05:25:08 | WARD_B_TEMP_03 | 35.4 | CRITICAL
2026-09-22 05:25:08 | WARD_B_TEMP_04 | 36.6 | NORMAL
2026-09-22 05:25:08 | WARD_B_TEMP_05 | 39.1 | CRITICAL
2026-09-22 05:25:09 | WARD_B_TEMP_01 | 40.0 | CRITICAL
2026-09-22 05:25:09 | WARD_B_TEMP_02 | 37.0 | NORMAL
2026-09-22 05:25:09 | WARD_B_TEMP_03 | 36.3 | NORMAL
2026-09-22 05:25:09 | WARD_B_TEMP_04 | 37.4 | NORMAL
2026-09-22 05:25:09 | WARD_B_TEMP_05 | 40.1 | CRITICAL
2026-09-22 05:25:10 | WARD_B_TEMP_01 | 37.6 | WARNING
2026-09-22 05:25:10 | WARD_B_TEMP_02 | 35.6 | NORMAL
2026-09-22 05:25:10 | WARD_B_TEMP_03 | 39.3 | CRITICAL
2026-09-22 05:25:10 | WARD_B_TEMP_04 | 37.4 | NORMAL
2026-09-22 05:25:10 | WARD_B_TEMP_05 | 36.2 | NORMAL
2026-09-22 05:25:11 | WARD_B_TEMP_01 | 34.9 | CRITICAL
2026-09-22 05:25:11 | WARD_B_TEMP_02 | 39.9 | CRITICAL
2026-09-22 05:25:11 | WARD_B_TEMP_03 | 34.8 | CRITICAL
2026-09-22 05:25:11 | WARD_B_TEMP_04 | 38.5 | CRITICAL
2026-09-22 05:25:11 | WARD_B_TEMP_05 | 39.3 | CRITICAL
2026-09-22 05:25:12 | WARD_B_TEMP_01 | 35.1 | CRITICAL
2026-09-22 05:25:12 | WARD_B_TEMP_02 | 36.1 | NORMAL
2026-09-22 05:25:12 | WARD_B_TEMP_03 | 36.9 | NORMAL
2026-09-22 05:25:12 | WARD_B_TEMP_04 | 38.9 | CRITICAL
2026-09-22 05:25:12 | WARD_B_TEMP_05 | 38.3 | CRITICAL
2026-09-22 05:25:13 | WARD_B_TEMP_01 | 37.0 | NORMAL
2026-09-22 05:25:13 | WARD_B_TEMP_02 | 36.2 | NORMAL
2026-09-22 05:25:13 | WARD_B_TEMP_03 | 35.9 | NORMAL
2026-09-22 05:25:13 | WARD_B_TEMP_04 | 34.8 | CRITICAL
2026-09-22 05:25:13 | WARD_B_TEMP_05 | 34.9 | CRITICAL
2026-09-22 05:25:14 | WARD_B_TEMP_01 | 38.8 | CRITICAL
2026-09-22 05:25:14 | WARD_B_TEMP_02 | 37.3 | NORMAL
2026-09-22 05:25:14 | WARD_B_TEMP_03 | 37.2 | NORMAL
2026-09-22 05:25:14 | WARD_B_TEMP_04 | 38.6 | CRITICAL
2026-09-22 05:25:14 | WARD_B_TEMP_05 | 37.4 | NORMAL
2026-09-22 05:25:15 | WARD_B_TEMP_01 | 38.4 | CRITICAL
2026-09-22 05:25:15 | WARD_B_TEMP_02 | 40.0 | CRITICAL
2026-09-22 05:25:15 | WARD_B_TEMP_03 | 36.8 | NORMAL
2026-09-22 05:25:15 | WARD_B_TEMP_04 | 36.8 | NORMAL
2026-09-22 05:25:15 | WARD_B_TEMP_05 | 37.0 | NORMAL
2026-09-22 05:25:16 | WARD_B_TEMP_01 | 39.3 | CRITICAL
2026-09-22 05:25:16 | WARD_B_TEMP_02 | 39.4 | CRITICAL
2026-09-22 05:25:16 | WARD_B_TEMP_03 | 37.2 | NORMAL
2026-09-22 05:25:16 | WARD_B_TEMP_04 | 37.4 | NORMAL
2026-09-22 05:25:16 | WARD_B_TEMP_05 | 35.0 | CRITICAL
2026-09-22 05:25:17 | WARD_B_TEMP_01 | 38.5 | CRITICAL
2026-09-22 05:25:17 | WARD_B_TEMP_02 | 35.4 | CRITICAL
2026-09-22 05:25:17 | WARD_B_TEMP_03 | 36.0 | NORMAL
2026-09-22 05:25:17 | WARD_B_TEMP_04 | 35.0 | CRITICAL
2026-09-22 05:25:17 | WARD_B_TEMP_05 | 38.2 | CRITICAL
2026-09-22 05:25:18 | WARD_B_TEMP_01 | 39.3 | CRITICAL
2026-09-22 05:25:18 | WARD_B_TEMP_02 | 38.0 | WARNING
2026-09-22 05:25:18 | WARD_B_TEMP_03 | 36.5 | NORMAL
2026-09-22 05:25:18 | WARD_B_TEMP_04 | 37.8 | WARNING
2026-09-22 05:25:18 | WARD_B_TEMP_05 | 35.7 | NORMAL
2026-09-22 05:25:19 | WARD_B_TEMP_01 | 35.0 | CRITICAL
2026-09-22 05:25:19 | WARD_B_TEMP_02 | 38.5 | CRITICAL
2026-09-22 05:25:19 | WARD_B_TEMP_03 | 39.6 | CRITICAL
2026-09-22 05:25:19 | WARD_B_TEMP_04 | 37.2 | NORMAL
2026-09-22 05:25:19 | WARD_B_TEMP_05 | 38.6 | CRITICAL
2026-09-22 05:25:20 | WARD_B_TEMP_01 | 37.1 | NORMAL
2026-09-22 05:25:20 | WARD_B_TEMP_02 | 34.7 | CRITICAL
2026-09-22 05:25:20 | WARD_B_TEMP_03 | 40.2 | CRITICAL
2026-09-22 05:25:20 | WARD_B_TEMP_04 | 38.8 | CRITICAL
2026-09-22 05:25:20 | WARD_B_TEMP_05 | 37.4 | NORMAL
2026-09-22 05:25:21 | WARD_B_TEMP_01 | 39.4 | CRITICAL
2026-09-22 05:25:21 | WARD_B_TEMP_02 | 37.3 | NORMAL
2026-09-22 05:25:21 | WARD_B_TEMP_03 | 37.8 | WARNING
2026-09-22 05:25:21 | WARD_B_TEMP_04 | 34.8 | CRITICAL
2026-09-22 05:25:21 | WARD_B_TEMP_05 | 38.1 | CRITICAL
2026-09-22 05:25:22 | WARD_B_TEMP_01 | 39.5 | CRITICAL
2026-09-22 05:25:22 | WARD_B_TEMP_02 | 34.5 | CRITICAL
2026-09-22 05:25:22 | WARD_B_TEMP_03 | 40.2 | CRITICAL
2026-09-22 05:25:22 | WARD_B_TEMP_04 | 36.3 | NORMAL
2026-09-22 05:25:22 | WARD_B_TEMP_05 | 35.6 | NORMAL
2026-09-22 05:25:23 | WARD_B_TEMP_01 | 36.4 | NORMAL
2026-09-22 05:25:23 | WARD_B_TEMP_02 | 39.6 | CRITICAL
2026-09-22 05:25:23 | WARD_B_TEMP_03 | 39.0 | CRITICAL
2026-09-22 05:25:23 | WARD_B_TEMP_04 | 35.4 | CRITICAL
2026-09-22 05:25:23 | WARD_B_TEMP_05 | 40.0 | CRITICAL
2026-09-22 05:25:24 | WARD_B_TEMP_01 | 37.5 | WARNING
2026-09-22 05:25:24 | WARD_B_TEMP_02 | 40.0 | CRITICAL
2026-09-22 05:25:24 | WARD_B_TEMP_03 | 38.7 | CRITICAL
2026-09-22 05:25:24 | WARD_B_TEMP_04 | 39.5 | CRITICAL
2026-09-22 05:25:24 | WARD_B_TEMP_05 | 39.0 | CRITICAL
2026-09-22 05:25:25 | WARD_B_TEMP_01 | 35.7 | NORMAL
2026-09-22 05:25:25 | WARD_B_TEMP_02 | 37.8 | WARNING
2026-09-22 05:25:25 | WARD_B_TEMP_03 | 37.8 | WARNING
2026-09-22 05:25:25 | WARD_B_TEMP_04 | 34.8 | CRITICAL
2026-09-22 05:25:25 | WARD_B_TEMP_05 | 36.9 | NORMAL
2026-09-22 05:25:26 | WARD_B_TEMP_01 | 37.4 | NORMAL
2026-09-22 05:25:26 | WARD_B_TEMP_02 | 36.1 | NORMAL
2026-09-22 05:25:26 | WARD_B_TEMP_03 | 38.7 | CRITICAL
2026-09-22 05:25:26 | WARD_B_TEMP_04 | 40.2 | CRITICAL
2026-09-22 05:25:26 | WARD_B_TEMP_05 | 39.4 | CRITICAL
2026-09-22 05:25:27 | WARD_B_TEMP_01 | 35.7 | NORMAL
2026-09-22 05:25:27 | WARD_B_TEMP_02 | 40.4 | CRITICAL
2026-09-22 05:25:27 | WARD_B_TEMP_03 | 37.2 | NORMAL
2026-09-22 05:25:27 | WARD_B_TEMP_04 | 35.7 | NORMAL
2026-09-22 05:25:27 | WARD_B_TEMP_05 | 38.3 | CRITICAL
2026-09-22 05:25:28 | WARD_B_TEMP_01 | 36.3 | NORMAL
2026-09-22 05:25:28 | WARD_B_TEMP_02 | 35.9 | NORMAL
2026-09-22 05:25:28 | WARD_B_TEMP_03 | 36.1 | NORMAL
2026-09-22 05:25:28 | WARD_B_TEMP_04 | 37.3 | NORMAL
2026-09-22 05:25:28 | WARD_B_TEMP_05 | 34.9 | CRITICAL
2026-09-22 05:25:29 | WARD_B_TEMP_01 | 36.6 | NORMAL
2026-09-22 05:25:29 | WARD_B_TEMP_02 | 35.0 | CRITICAL
2026-09-22 05:25:29 | WARD_B_TEMP_03 | 40.4 | CRITICAL
2026-09-22 05:25:29 | WARD_B_TEMP_04 | 36.4 | NORMAL
2026-09-22 05:25:29 | WARD_B_TEMP_05 | 38.4 | CRITICAL
2026-09-22 05:25:30 | WARD_B_TEMP_01 | 38.6 | CRITICAL
2026-09-22 05:25:30 | WARD_B_TEMP_02 | 35.0 | CRITICAL
2026-09-22 05:25:30 | WARD_B_TEMP_03 | 40.3 | CRITICAL
2026-09-22 05:25:30 | WARD_B_TEMP_04 | 40.5 | CRITICAL
2026-09-22 05:25:30 | WARD_B_TEMP_05 | 40.4 | CRITICAL
2026-09-22 05:25:31 | WARD_B_TEMP_01 | 36.9 | NORMAL
2026-09-22 05:25:31 | WARD_B_TEMP_02 | 35.9 | NORMAL
2026-09-22 05:25:31 | WARD_B_TEMP_03 | 38.7 | CRITICAL
2026-09-22 05:25:31 | WARD_B_TEMP_04 | 39.2 | CRITICAL
2026-09-22 05:25:31 | WARD_B_TEMP_05 | 39.8 | CRITICAL
2026-09-22 05:25:32 | WARD_B_TEMP_01 | 38.6 | CRITICAL
2026-09-22 05:25:32 | WARD_B_TEMP_02 | 40.4 | CRITICAL
2026-09-22 05:25:32 | WARD_B_TEMP_03 | 38.5 | CRITICAL
2026-09-22 05:25:32 | WARD_B_TEMP_04 | 37.1 | NORMAL
2026-09-22 05:25:32 | WARD_B_TEMP_05 | 38.1 | CRITICAL
2026-09-22 05:25:33 | WARD_B_TEMP_01 | 34.9 | CRITICAL
2026-09-22 05:25:33 | WARD_B_TEMP_02 | 37.3 | NORMAL
2026-09-22 05:25:33 | WARD_B_TEMP_03 | 35.1 | CRITICAL
2026-09-22 05:25:33 | WARD_B_TEMP_04 | 38.4 | CRITICAL
2026-09-22 05:25:33 | WARD_B_TEMP_05 | 38.9 | CRITICAL
2026-09-22 05:25:34 | WARD_B_TEMP_01 | 37.7 | WARNING
2026-09-22 05:25:34 | WARD_B_TEMP_02 | 36.1 | NORMAL
2026-09-22 05:25:34 | WARD_B_TEMP_03 | 39.9 | CRITICAL
2026-09-22 05:25:34 | WARD_B_TEMP_04 | 35.2 | CRITICAL
2026-09-22 05:25:34 | WARD_B_TEMP_05 | 35.2 | CRITICAL
2026-09-22 05:25:35 | WARD_B_TEMP_01 | 37.7 | WARNING
2026-09-22 05:25:35 | WARD_B_TEMP_02 | 39.0 | CRITICAL
2026-09-22 05:25:35 | WARD_B_TEMP_03 | 38.3 | CRITICAL
2026-09-22 05:25:35 | WARD_B_TEMP_04 | 35.9 | NORMAL
2026-09-22 05:25:35 | WARD_B_TEMP_05 | 35.7 | NORMAL
2026-09-22 05:25:36 | WARD_B_TEMP_01 | 36.7 | NORMAL
2026-09-22 05:25:36 | WARD_B_TEMP_02 | 35.3 | CRITICAL
2026-09-22 05:25:36 | WARD_B_TEMP_03 | 40.3 | CRITICAL
2026-09-22 05:25:36 | WARD_B_TEMP_04 | 39.4 | CRITICAL
2026-09-22 05:25:36 | WARD_B_TEMP_05 | 35.5 | NORMAL
2026-09-22 05:25:37 | WARD_B_TEMP_01 | 39.5 | CRITICAL
2026-09-22 05:25:37 | WARD_B_TEMP_02 | 35.6 | NORMAL
2026-09-22 05:25:37 | WARD_B_TEMP_03 | 40.4 | CRITICAL
2026-09-22 05:25:37 | WARD_B_TEMP_04 | 36.1 | NORMAL
2026-09-22 05:25:37 | WARD_B_TEMP_05 | 38.1 | CRITICAL
2026-09-22 05:25:38 | WARD_B_TEMP_01 | 37.9 | WARNING
2026-09-22 05:25:38 | WARD_B_TEMP_02 | 39.7 | CRITICAL
2026-09-22 05:25:38 | WARD_B_TEMP_03 | 40.4 | CRITICAL
2026-09-22 05:25:38 | WARD_B_TEMP_04 | 40.4 | CRITICAL
2026-09-22 05:25:38 | WARD_B_TEMP_05 | 34.6 | CRITICAL
2026-09-22 05:25:39 | WARD_B_TEMP_01 | 34.6 | CRITICAL
2026-09-22 05:25:39 | WARD_B_TEMP_02 | 39.0 | CRITICAL
2026-09-22 05:25:39 | WARD_B_TEMP_03 | 38.1 | CRITICAL
2026-09-22 05:25:39 | WARD_B_TEMP_04 | 35.3 | CRITICAL
2026-09-22 05:25:39 | WARD_B_TEMP_05 | 38.9 | CRITICAL
2026-09-22 05:25:40 | WARD_B_TEMP_01 | 37.8 | WARNING
2026-09-22 05:25:40 | WARD_B_TEMP_02 | 38.0 | WARNING
2026-09-22 05:25:40 | WARD_B_TEMP_03 | 40.2 | CRITICAL
2026-09-22 05:25:40 | WARD_B_TEMP_04 | 38.1 | CRITICAL
2026-09-22 05:25:40 | WARD_B_TEMP_05 | 40.3 | CRITICAL
2026-09-22 05:25:41 | WARD_B_TEMP_01 | 34.6 | CRITICAL
2026-09-22 05:25:41 | WARD_B_TEMP_02 | 39.5 | CRITICAL
2026-09-22 05:25:41 | WARD_B_TEMP_03 | 38.8 | CRITICAL
2026-09-22 05:25:41 | WARD_B_TEMP_04 | 37.8 | WARNING
2026-09-22 05:25:41 | WARD_B_TEMP_05 | 38.5 | CRITICAL
2026-09-22 05:25:42 | WARD_B_TEMP_01 | 39.6 | CRITICAL
2026-09-22 05:25:42 | WARD_B_TEMP_02 | 35.2 | CRITICAL
2026-09-22 05:25:42 | WARD_B_TEMP_03 | 39.4 | CRITICAL
2026-09-22 05:25:42 | WARD_B_TEMP_04 | 37.4 | NORMAL
2026-09-22 05:25:42 | WARD_B_TEMP_05 | 38.9 | CRITICAL
2026-09-22 05:25:43 | WARD_B_TEMP_01 | 40.5 | CRITICAL
2026-09-22 05:25:43 | WARD_B_TEMP_02 | 35.5 | NORMAL
2026-09-22 05:25:43 | WARD_B_TEMP_03 | 36.5 | NORMAL
2026-09-22 05:25:43 | WARD_B_TEMP_04 | 38.1 | CRITICAL
2026-09-22 05:25:43 | WARD_B_TEMP_05 | 35.8 | NORMAL
2026-09-22 05:25:44 | WARD_B_TEMP_01 | 35.4 | CRITICAL
2026-09-22 05:25:44 | WARD_B_TEMP_02 | 34.7 | CRITICAL
2026-09-22 05:25:44 | WARD_B_TEMP_03 | 40.0 | CRITICAL
2026-09-22 05:25:44 | WARD_B_TEMP_04 | 40.2 | CRITICAL
2026-09-22 05:25:44 | WARD_B_TEMP_05 | 39.2 | CRITICAL
2026-09-22 05:25:45 | WARD_B_TEMP_01 | 40.0 | CRITICAL
2026-09-22 05:25:45 | WARD_B_TEMP_02 | 40.1 | CRITICAL
2026-09-22 05:25:45 | WARD_B_TEMP_03 | 35.8 | NORMAL
2026-09-22 05:25:45 | WARD_B_TEMP_04 | 37.9 | WARNING
2026-09-22 05:25:45 | WARD_B_TEMP_05 | 38.3 | CRITICAL
2026-09-22 05:25:46 | WARD_B_TEMP_01 | 36.5 | NORMAL
2026-09-22 05:25:46 | WARD_B_TEMP_02 | 40.3 | CRITICAL
2026-09-22 05:25:46 | WARD_B_TEMP_03 | 37.5 | WARNING
2026-09-22 05:25:46 | WARD_B_TEMP_04 | 36.0 | NORMAL
2026-09-22 05:25:46 | WARD_B_TEMP_05 | 34.7 | CRITICAL
2026-09-22 05:25:47 | WARD_B_TEMP_01 | 36.7 | NORMAL
2026-09-22 05:25:47 | WARD_B_TEMP_02 | 38.2 | CRITICAL
2026-09-22 05:25:47 | WARD_B_TEMP_03 | 35.1 | CRITICAL
2026-09-22 05:25:47 | WARD_B_TEMP_04 | 37.3 | NORMAL
2026-09-22 05:25:47 | WARD_B_TEMP_05 | 38.0 | WARNING
2026-09-22 05:25:48 | WARD_B_TEMP_01 | 38.1 | CRITICAL
2026-09-22 05:25:48 | WARD_B_TEMP_02 | 35.7 | NORMAL
2026-09-22 05:25:48 | WARD_B_TEMP_03 | 34.7 | CRITICAL
2026-09-22 05:25:48 | WARD_B_TEMP_04 | 39.4 | CRITICAL
2026-09-22 05:25:48 | WARD_B_TEMP_05 | 40.0 | CRITICAL
2026-09-22 05:25:49 | WARD_B_TEMP_01 | 40.2 | CRITICAL
2026-09-22 05:25:49 | WARD_B_TEMP_02 | 38.5 | CRITICAL
2026-09-22 05:25:49 | WARD_B_TEMP_03 | 34.7 | CRITICAL
2026-09-22 05:25:49 | WARD_B_TEMP_04 | 39.2 | CRITICAL
2026-09-22 05:25:49 | WARD_B_TEMP_05 | 39.3 | CRITICAL
2026-09-22 05:25:50 | WARD_B_TEMP_01 | 35.2 | CRITICAL
2026-09-22 05:25:50 | WARD_B_TEMP_02 | 37.7 | WARNING
2026-09-22 05:25:50 | WARD_B_TEMP_03 | 37.2 | NORMAL
2026-09-22 05:25:50 | WARD_B_TEMP_04 | 40.0 | CRITICAL
2026-09-22 05:25:50 | WARD_B_TEMP_05 | 38.5 | CRITICAL
2026-09-22 05:25:51 | WARD_B_TEMP_01 | 39.7 | CRITICAL
2026-09-22 05:25:51 | WARD_B_TEMP_02 | 40.4 | CRITICAL
2026-09-22 05:25:51 | WARD_B_TEMP_03 | 37.2 | NORMAL
2026-09-22 05:25:51 | WARD_B_TEMP_04 | 36.4 | NORMAL
2026-09-22 05:25:51 | WARD_B_TEMP_05 | 37.5 | WARNING
2026-09-22 05:25:52 | WARD_B_TEMP_01 | 39.8 | CRITICAL
2026-09-22 05:25:52 | WARD_B_TEMP_02 | 38.9 | CRITICAL
2026-09-22 05:25:52 | WARD_B_TEMP_03 | 35.1 | CRITICAL
2026-09-22 05:25:52 | WARD_B_TEMP_04 | 36.6 | NORMAL
2026-09-22 05:25:52 | WARD_B_TEMP_05 | 38.4 | CRITICAL
2026-09-22 05:25:53 | WARD_B_TEMP_01 | 38.7 | CRITICAL
2026-09-22 05:25:53 | WARD_B_TEMP_02 | 35.8 | NORMAL
2026-09-22 05:25:53 | WARD_B_TEMP_03 | 35.6 | NORMAL
2026-09-22 05:25:53 | WARD_B_TEMP_04 | 40.3 | CRITICAL
2026-09-22 05:25:53 | WARD_B_TEMP_05 | 38.7 | CRITICAL
2026-09-22 05:25:54 | WARD_B_TEMP_01 | 39.3 | CRITICAL
2026-09-22 05:25:54 | WARD_B_TEMP_02 | 37.1 | NORMAL
2026-09-22 05:25:54 | WARD_B_TEMP_03 | 37.6 | WARNING
2026-09-22 05:25:54 | WARD_B_TEMP_04 | 40.0 | CRITICAL
2026-09-22 05:25:54 | WARD_B_TEMP_05 | 37.3 | NORMAL
2026-09-22 05:25:55 | WARD_B_TEMP_01 | 38.7 | CRITICAL
2026-09-22 05:25:55 | WARD_B_TEMP_02 | 38.4 | CRITICAL
2026-09-22 05:25:55 | WARD_B_TEMP_03 | 35.6 | NORMAL
2026-09-22 05:25:55 | WARD_B_TEMP_04 | 38.3 | CRITICAL
2026-09-22 05:25:55 | WARD_B_TEMP_05 | 39.6 | CRITICAL
2026-09-22 05:25:56 | WARD_B_TEMP_01 | 38.6 | CRITICAL
2026-09-22 05:25:56 | WARD_B_TEMP_02 | 39.1 | CRITICAL
2026-09-22 05:25:56 | WARD_B_TEMP_03 | 40.0 | CRITICAL
2026-09-22 05:25:56 | WARD_B_TEMP_04 | 37.2 | NORMAL
2026-09-22 05:25:56 | WARD_B_TEMP_05 | 36.9 | NORMAL
2026-09-22 05:25:57 | WARD_B_TEMP_01 | 40.1 | CRITICAL
2026-09-22 05:25:57 | WARD_B_TEMP_02 | 35.8 | NORMAL
2026-09-22 05:25:57 | WARD_B_TEMP_03 | 40.3 | CRITICAL
2026-09-22 05:25:57 | WARD_B_TEMP_04 | 36.3 | NORMAL
2026-09-22 05:25:57 | WARD_B_TEMP_05 | 37.3 | NORMAL
2026-09-22 05:25:58 | WARD_B_TEMP_01 | 38.2 | CRITICAL
2026-09-22 05:25:58 | WARD_B_TEMP_02 | 39.1 | CRITICAL
2026-09-22 05:25:58 | WARD_B_TEMP_03 | 34.9 | CRITICAL
2026-09-22 05:25:58 | WARD_B_TEMP_04 | 40.4 | CRITICAL
2026-09-22 05:25:58 | WARD_B_TEMP_05 | 35.7 | NORMAL
2026-09-22 05:25:59 | WARD_B_TEMP_01 | 35.5 | NORMAL
2026-09-22 05:25:59 | WARD_B_TEMP_02 | 35.1 | CRITICAL
2026-09-22 05:25:59 | WARD_B_TEMP_03 | 35.8 | NORMAL
2026-09-22 05:25:59 | WARD_B_TEMP_04 | 39.1 | CRITICAL
2026-09-22 05:25:59 | WARD_B_TEMP_05 | 38.6 | CRITICAL
2026-09-22 05:26:00 | WARD_B_TEMP_01 | 39.9 | CRITICAL
2026-09-22 05:26:00 | WARD_B_TEMP_02 | 35.0 | CRITICAL
2026-09-22 05:26:00 | WARD_B_TEMP_03 | 38.1 | CRITICAL
2026-09-22 05:26:00 | WARD_B_TEMP_04 | 38.8 | CRITICAL
2026-09-22 05:26:00 | WARD_B_TEMP_05 | 38.0 | WARNING
2026-09-22 05:26:01 | WARD_B_TEMP_01 | 36.2 | NORMAL
2026-09-22 05:26:01 | WARD_B_TEMP_02 | 36.8 | NORMAL
2026-09-22 05:26:01 | WARD_B_TEMP_03 | 37.5 | WARNING
2026-09-22 05:26:01 | WARD_B_TEMP_04 | 37.1 | NORMAL
2026-09-22 05:26:01 | WARD_B_TEMP_05 | 37.4 | NORMAL
2026-09-22 05:26:02 | WARD_B_TEMP_01 | 39.9 | CRITICAL
2026-09-22 05:26:02 | WARD_B_TEMP_02 | 38.8 | CRITICAL
2026-09-22 05:26:02 | WARD_B_TEMP_03 | 38.3 | CRITICAL
2026-09-22 05:26:02 | WARD_B_TEMP_04 | 35.5 | NORMAL
2026-09-22 05:26:02 | WARD_B_TEMP_05 | 38.5 | CRITICAL
2026-09-22 05:26:03 | WARD_B_TEMP_01 | 34.7 | CRITICAL
2026-09-22 05:26:03 | WARD_B_TEMP_02 | 36.5 | NORMAL
2026-09-22 05:26:03 | WARD_B_TEMP_03 | 40.2 | CRITICAL
2026-09-22 05:26:03 | WARD_B_TEMP_04 | 36.9 | NORMAL
2026-09-22 05:26:03 | WARD_B_TEMP_05 | 36.1 | NORMAL
2026-09-22 05:26:04 | WARD_B_TEMP_01 | 39.4 | CRITICAL
2026-09-22 05:26:04 | WARD_B_TEMP_02 | 35.5 | NORMAL
2026-09-22 05:26:04 | WARD_B_TEMP_03 | 40.3 | CRITICAL
2026-09-22 05:26:04 | WARD_B_TEMP_04 | 35.9 | NORMAL
2026-09-22 05:26:04 | WARD_B_TEMP_05 | 37.0 | NORMAL
2026-09-22 05:26:05 | WARD_B_TEMP_01 | 39.0 | CRITICAL
2026-09-22 05:26:05 | WARD_B_TEMP_02 | 40.1 | CRITICAL
2026-09-22 05:26:05 | WARD_B_TEMP_03 | 38.5 | CRITICAL
2026-09-22 05:26:05 | WARD_B_TEMP_04 | 36.7 | NORMAL
2026-09-22 05:26:05 | WARD_B_TEMP_05 | 37.8 | WARNING
2026-09-22 05:26:06 | WARD_B_TEMP_01 | 36.9 | NORMAL
2026-09-22 05:26:06 | WARD_B_TEMP_02 | 36.8 | NORMAL
2026-09-22 05:26:06 | WARD_B_TEMP_03 | 37.9 | WARNING
2026-09-22 05:26:06 | WARD_B_TEMP_04 | 38.2 | CRITICAL
2026-09-22 05:26:06 | WARD_B_TEMP_05 | 34.9 | CRITICAL
2026-09-22 05:26:07 | WARD_B_TEMP_01 | 39.4 | CRITICAL
2026-09-22 05:26:07 | WARD_B_TEMP_02 | 38.7 | CRITICAL
2026-09-22 05:26:07 | WARD_B_TEMP_03 | 35.7 | NORMAL
2026-09-22 05:26:07 | WARD_B_TEMP_04 | 40.1 | CRITICAL
2026-09-22 05:26:07 | WARD_B_TEMP_05 | 39.5 | CRITICAL
2026-09-22 05:26:08 | WARD_B_TEMP_01 | 38.2 | CRITICAL
2026-09-22 05:26:08 | WARD_B_TEMP_02 | 34.7 | CRITICAL
2026-09-22 05:26:08 | WARD_B_TEMP_03 | 37.8 | WARNING
2026-09-22 05:26:08 | WARD_B_TEMP_04 | 40.3 | CRITICAL
2026-09-22 05:26:08 | WARD_B_TEMP_05 | 36.1 | NORMAL
2026-09-22 05:26:09 | WARD_B_TEMP_01 | 35.3 | CRITICAL
2026-09-22 05:26:09 | WARD_B_TEMP_02 | 40.2 | CRITICAL
2026-09-22 05:26:09 | WARD_B_TEMP_03 | 34.7 | CRITICAL
2026-09-22 05:26:09 | WARD_B_TEMP_04 | 37.9 | WARNING
2026-09-22 05:26:09 | WARD_B_TEMP_05 | 36.5 | NORMAL
2026-09-22 05:26:10 | WARD_B_TEMP_01 | 36.1 | NORMAL
2026-09-22 05:26:10 | WARD_B_TEMP_02 | 38.8 | CRITICAL
2026-09-22 05:26:10 | WARD_B_TEMP_03 | 39.3 | CRITICAL
2026-09-22 05:26:10 | WARD_B_TEMP_04 | 37.9 | WARNING
2026-09-22 05:26:10 | WARD_B_TEMP_05 | 34.6 | CRITICAL
2026-09-22 05:26:11 | WARD_B_TEMP_01 | 35.6 | NORMAL
2026-09-22 05:26:11 | WARD_B_TEMP_02 | 37.6 | WARNING
2026-09-22 05:26:11 | WARD_B_TEMP_03 | 38.1 | CRITICAL
2026-09-22 05:26:11 | WARD_B_TEMP_04 | 34.7 | CRITICAL
2026-09-22 05:26:11 | WARD_B_TEMP_05 | 36.8 | NORMAL
2026-09-22 05:26:12 | WARD_B_TEMP_01 | 38.6 | CRITICAL
2026-09-22 05:26:12 | WARD_B_TEMP_02 | 36.9 | NORMAL
2026-09-22 05:26:12 | WARD_B_TEMP_03 | 38.4 | CRITICAL
2026-09-22 05:26:12 | WARD_B_TEMP_04 | 38.7 | CRITICAL
2026-09-22 05:26:12 | WARD_B_TEMP_05 | 37.0 | NORMAL
2026-09-22 05:26:13 | WARD_B_TEMP_01 | 35.2 | CRITICAL
2026-09-22 05:26:13 | WARD_B_TEMP_02 | 39.5 | CRITICAL
2026-09-22 05:26:13 | WARD_B_TEMP_03 | 34.6 | CRITICAL
2026-09-22 05:26:13 | WARD_B_TEMP_04 | 37.2 | NORMAL
2026-09-22 05:26:13 | WARD_B_TEMP_05 | 40.4 | CRITICAL
2026-09-22 05:26:14 | WARD_B_TEMP_01 | 35.2 | CRITICAL
2026-09-22 05:26:14 | WARD_B_TEMP_02 | 37.9 | WARNING
2026-09-22 05:26:14 | WARD_B_TEMP_03 | 39.9 | CRITICAL
2026-09-22 05:26:14 | WARD_B_TEMP_04 | 37.9 | WARNING
2026-09-22 05:26:14 | WARD_B_TEMP_05 | 40.2 | CRITICAL
2026-09-22 05:26:15 | WARD_B_TEMP_01 | 34.8 | CRITICAL
2026-09-22 05:26:15 | WARD_B_TEMP_02 | 35.1 | CRITICAL
2026-09-22 05:26:15 | WARD_B_TEMP_03 | 35.0 | CRITICAL
2026-09-22 05:26:15 | WARD_B_TEMP_04 | 38.2 | CRITICAL
2026-09-22 05:26:15 | WARD_B_TEMP_05 | 36.0 | NORMAL
2026-09-22 05:26:16 | WARD_B_TEMP_01 | 39.0 | CRITICAL
2026-09-22 05:26:16 | WARD_B_TEMP_02 | 36.3 | NORMAL
2026-09-22 05:26:16 | WARD_B_TEMP_03 | 34.7 | CRITICAL
2026-09-22 05:26:16 | WARD_B_TEMP_04 | 39.7 | CRITICAL
2026-09-22 05:26:16 | WARD_B_TEMP_05 | 37.3 | NORMAL
2026-09-22 05:26:17 | WARD_B_TEMP_01 | 39.4 | CRITICAL
2026-09-22 05:26:17 | WARD_B_TEMP_02 | 38.6 | CRITICAL
2026-09-22 05:26:17 | WARD_B_TEMP_03 | 37.1 | NORMAL
2026-09-22 05:26:17 | WARD_B_TEMP_04 | 36.9 | NORMAL
2026-09-22 05:26:17 | WARD_B_TEMP_05 | 35.3 | CRITICAL
2026-09-22 05:26:18 | WARD_B_TEMP_01 | 39.0 | CRITICAL
2026-09-22 05:26:18 | WARD_B_TEMP_02 | 40.1 | CRITICAL
2026-09-22 05:26:18 | WARD_B_TEMP_03 | 35.2 | CRITICAL
2026-09-22 05:26:18 | WARD_B_TEMP_04 | 40.3 | CRITICAL
2026-09-22 05:26:18 | WARD_B_TEMP_05 | 36.4 | NORMAL
2026-09-22 05:26:19 | WARD_B_TEMP_01 | 37.0 | NORMAL
2026-09-22 05:26:19 | WARD_B_TEMP_02 | 35.1 | CRITICAL
2026-09-22 05:26:19 | WARD_B_TEMP_03 | 39.7 | CRITICAL
2026-09-22 05:26:19 | WARD_B_TEMP_04 | 36.8 | NORMAL
2026-09-22 05:26:19 | WARD_B_TEMP_05 | 35.6 | NORMAL
2026-09-22 05:26:20 | WARD_B_TEMP_01 | 35.3 | CRITICAL
2026-09-22 05:26:20 | WARD_B_TEMP_02 | 38.6 | CRITICAL
2026-09-22 05:26:20 | WARD_B_TEMP_03 | 39.8 | CRITICAL
2026-09-22 05:26:20 | WARD_B_TEMP_04 | 40.4 | CRITICAL
2026-09-22 05:26:20 | WARD_B_TEMP_05 | 37.6 | WARNING
2026-09-22 05:26:21 | WARD_B_TEMP_01 | 35.9 | NORMAL
2026-09-22 05:26:21 | WARD_B_TEMP_02 | 38.5 | CRITICAL
2026-09-22 05:26:21 | WARD_B_TEMP_03 | 35.8 | NORMAL
2026-09-22 05:26:21 | WARD_B_TEMP_04 | 39.3 | CRITICAL
2026-09-22 05:26:21 | WARD_B_TEMP_05 | 36.0 | NORMAL
2026-09-22 05:26:22 | WARD_B_TEMP_01 | 38.2 | CRITICAL
2026-09-22 05:26:22 | WARD_B_TEMP_02 | 38.9 | CRITICAL
2026-09-22 05:26:22 | WARD_B_TEMP_03 | 37.6 | WARNING
2026-09-22 05:26:22 | WARD_B_TEMP_04 | 40.5 | CRITICAL
2026-09-22 05:26:22 | WARD_B_TEMP_05 | 35.6 | NORMAL
2026-09-22 05:26:23 | WARD_B_TEMP_01 | 35.9 | NORMAL
2026-09-22 05:26:23 | WARD_B_TEMP_02 | 36.6 | NORMAL
2026-09-22 05:26:23 | WARD_B_TEMP_03 | 38.1 | CRITICAL
2026-09-22 05:26:23 | WARD_B_TEMP_04 | 39.1 | CRITICAL
2026-09-22 05:26:23 | WARD_B_TEMP_05 | 38.5 | CRITICAL
2026-09-22 05:26:24 | WARD_B_TEMP_01 | 34.5 | CRITICAL
2026-09-22 05:26:24 | WARD_B_TEMP_02 | 35.6 | NORMAL
2026-09-22 05:26:24 | WARD_B_TEMP_03 | 36.1 | NORMAL
2026-09-22 05:26:24 | WARD_B_TEMP_04 | 34.7 | CRITICAL
2026-09-22 05:26:24 | WARD_B_TEMP_05 | 38.4 | CRITICAL
2026-09-22 05:26:25 | WARD_B_TEMP_01 | 39.8 | CRITICAL
2026-09-22 05:26:25 | WARD_B_TEMP_02 | 37.1 | NORMAL
2026-09-22 05:26:25 | WARD_B_TEMP_03 | 37.0 | NORMAL
2026-09-22 05:26:25 | WARD_B_TEMP_04 | 36.0 | NORMAL
2026-09-22 05:26:25 | WARD_B_TEMP_05 | 39.7 | CRITICAL
2026-09-22 05:26:26 | WARD_B_TEMP_01 | 38.1 | CRITICAL
2026-09-22 05:26:26 | WARD_B_TEMP_02 | 39.6 | CRITICAL
2026-09-22 05:26:26 | WARD_B_TEMP_03 | 38.8 | CRITICAL
2026-09-22 05:26:26 | WARD_B_TEMP_04 | 36.1 | NORMAL
2026-09-22 05:26:26 | WARD_B_TEMP_05 | 39.8 | CRITICAL
2026-09-22 05:26:27 | WARD_B_TEMP_01 | 36.3 | NORMAL
2026-09-22 05:26:27 | WARD_B_TEMP_02 | 40.3 | CRITICAL
2026-09-22 05:26:27 | WARD_B_TEMP_03 | 35.0 | CRITICAL
2026-09-22 05:26:27 | WARD_B_TEMP_04 | 37.9 | WARNING
2026-09-22 05:26:27 | WARD_B_TEMP_05 | 37.7 | WARNING
2026-09-22 05:26:28 | WARD_B_TEMP_01 | 39.9 | CRITICAL
2026-09-22 05:26:28 | WARD_B_TEMP_02 | 35.3 | CRITICAL
2026-09-22 05:26:28 | WARD_B_TEMP_03 | 37.5 | WARNING
2026-09-22 05:26:28 | WARD_B_TEMP_04 | 34.8 | CRITICAL
2026-09-22 05:26:28 | WARD_B_TEMP_05 | 40.5 | CRITICAL
2026-09-22 05:26:29 | WARD_B_TEMP_01 | 35.4 | CRITICAL
2026-09-22 05:26:29 | WARD_B_TEMP_02 | 36.0 | NORMAL
2026-09-22 05:26:29 | WARD_B_TEMP_03 | 36.2 | NORMAL
2026-09-22 05:26:29 | WARD_B_TEMP_04 | 34.8 | CRITICAL
2026-09-22 05:26:29 | WARD_B_TEMP_05 | 40.1 | CRITICAL
2026-09-22 05:26:30 | WARD_B_TEMP_01 | 38.6 | CRITICAL
2026-09-22 05:26:30 | WARD_B_TEMP_02 | 38.3 | CRITICAL
2026-09-22 05:26:30 | WARD_B_TEMP_03 | 35.1 | CRITICAL
2026-09-22 05:26:30 | WARD_B_TEMP_04 | 38.5 | CRITICAL
2026-09-22 05:26:30 | WARD_B_TEMP_05 | 36.3 | NORMAL
2026-09-22 05:26:31 | WARD_B_TEMP_01 | 35.6 | NORMAL
2026-09-22 05:26:31 | WARD_B_TEMP_02 | 36.2 | NORMAL
2026-09-22 05:26:31 | WARD_B_TEMP_03 | 36.8 | NORMAL
2026-09-22 05:26:31 | WARD_B_TEMP_04 | 35.8 | NORMAL
2026-09-22 05:26:31 | WARD_B_TEMP_05 | 35.7 | NORMAL
2026-09-22 05:26:32 | WARD_B_TEMP_01 | 39.2 | CRITICAL
2026-09-22 05:26:32 | WARD_B_TEMP_02 | 40.2 | CRITICAL
2026-09-22 05:26:32 | WARD_B_TEMP_03 | 38.8 | CRITICAL
2026-09-22 05:26:32 | WARD_B_TEMP_04 | 35.4 | CRITICAL
2026-09-22 05:26:32 | WARD_B_TEMP_05 | 34.6 | CRITICAL
2026-09-22 05:26:33 | WARD_B_TEMP_01 | 36.0 | NORMAL
2026-09-22 05:26:33 | WARD_B_TEMP_02 | 38.3 | CRITICAL
2026-09-22 05:26:33 | WARD_B_TEMP_03 | 35.3 | CRITICAL
2026-09-22 05:26:33 | WARD_B_TEMP_04 | 38.2 | CRITICAL
2026-09-22 05:26:33 | WARD_B_TEMP_05 | 34.6 | CRITICAL
2026-09-22 05:26:34 | WARD_B_TEMP_01 | 35.7 | NORMAL
2026-09-22 05:26:34 | WARD_B_TEMP_02 | 38.8 | CRITICAL
2026-09-22 05:26:34 | WARD_B_TEMP_03 | 35.6 | NORMAL
2026-09-22 05:26:34 | WARD_B_TEMP_04 | 35.3 | CRITICAL
2026-09-22 05:26:34 | WARD_B_TEMP_05 | 39.6 | CRITICAL
2026-09-22 05:26:35 | WARD_B_TEMP_01 | 40.1 | CRITICAL
2026-09-22 05:26:35 | WARD_B_TEMP_02 | 35.1 | CRITICAL
2026-09-22 05:26:35 | WARD_B_TEMP_03 | 39.3 | CRITICAL
2026-09-22 05:26:35 | WARD_B_TEMP_04 | 38.2 | CRITICAL
2026-09-22 05:26:35 | WARD_B_TEMP_05 | 34.7 | CRITICAL
2026-09-22 05:26:36 | WARD_B_TEMP_01 | 39.2 | CRITICAL
2026-09-22 05:26:36 | WARD_B_TEMP_02 | 40.2 | CRITICAL
2026-09-22 05:26:36 | WARD_B_TEMP_03 | 36.1 | NORMAL
2026-09-22 05:26:36 | WARD_B_TEMP_04 | 39.5 | CRITICAL
2026-09-22 05:26:36 | WARD_B_TEMP_05 | 40.3 | CRITICAL
2026-09-22 05:26:37 | WARD_B_TEMP_01 | 40.4 | CRITICAL
2026-09-22 05:26:37 | WARD_B_TEMP_02 | 37.5 | WARNING
2026-09-22 05:26:37 | WARD_B_TEMP_03 | 34.7 | CRITICAL
2026-09-22 05:26:37 | WARD_B_TEMP_04 | 40.4 | CRITICAL
2026-09-22 05:26:37 | WARD_B_TEMP_05 | 36.7 | NORMAL
2026-09-22 05:26:38 | WARD_B_TEMP_01 | 39.4 | CRITICAL
2026-09-22 05:26:38 | WARD_B_TEMP_02 | 37.9 | WARNING
2026-09-22 05:26:38 | WARD_B_TEMP_03 | 38.1 | CRITICAL
2026-09-22 05:26:38 | WARD_B_TEMP_04 | 39.7 | CRITICAL
2026-09-22 05:26:38 | WARD_B_TEMP_05 | 37.6 | WARNING
2026-09-22 05:26:39 | WARD_B_TEMP_01 | 40.0 | CRITICAL
2026-09-22 05:26:39 | WARD_B_TEMP_02 | 38.5 | CRITICAL
2026-09-22 05:26:39 | WARD_B_TEMP_03 | 40.0 | CRITICAL
2026-09-22 05:26:39 | WARD_B_TEMP_04 | 40.4 | CRITICAL
2026-09-22 05:26:39 | WARD_B_TEMP_05 | 37.8 | WARNING
2026-09-22 05:26:40 | WARD_B_TEMP_01 | 38.1 | CRITICAL
2026-09-22 05:26:40 | WARD_B_TEMP_02 | 38.8 | CRITICAL
2026-09-22 05:26:40 | WARD_B_TEMP_03 | 38.6 | CRITICAL
2026-09-22 05:26:40 | WARD_B_TEMP_04 | 38.9 | CRITICAL
2026-09-22 05:26:40 | WARD_B_TEMP_05 | 39.7 | CRITICAL
2026-09-22 05:26:41 | WARD_B_TEMP_01 | 37.1 | NORMAL
2026-09-22 05:26:41 | WARD_B_TEMP_02 | 37.6 | WARNING
2026-09-22 05:26:41 | WARD_B_TEMP_03 | 36.3 | NORMAL
2026-09-22 05:26:41 | WARD_B_TEMP_04 | 35.4 | CRITICAL
2026-09-22 05:26:41 | WARD_B_TEMP_05 | 39.5 | CRITICAL
2026-09-22 05:26:42 | WARD_B_TEMP_01 | 39.5 | CRITICAL
2026-09-22 05:26:42 | WARD_B_TEMP_02 | 37.4 | NORMAL
2026-09-22 05:26:42 | WARD_B_TEMP_03 | 39.4 | CRITICAL
2026-09-22 05:26:42 | WARD_B_TEMP_04 | 36.2 | NORMAL
2026-09-22 05:26:42 | WARD_B_TEMP_05 | 38.1 | CRITICAL
2026-09-22 05:26:43 | WARD_B_TEMP_01 | 35.2 | CRITICAL
2026-09-22 05:26:43 | WARD_B_TEMP_02 | 38.1 | CRITICAL
2026-09-22 05:26:43 | WARD_B_TEMP_03 | 38.2 | CRITICAL
2026-09-22 05:26:43 | WARD_B_TEMP_04 | 37.8 | WARNING
2026-09-22 05:26:43 | WARD_B_TEMP_05 | 37.8 | WARNING
2026-09-22 05:26:44 | WARD_B_TEMP_01 | 36.8 | NORMAL
2026-09-22 05:26:44 | WARD_B_TEMP_02 | 35.8 | NORMAL
2026-09-22 05:26:44 | WARD_B_TEMP_03 | 35.1 | CRITICAL
2026-09-22 05:26:44 | WARD_B_TEMP_04 | 36.5 | NORMAL
2026-09-22 05:26:44 | WARD_B_TEMP_05 | 40.3 | CRITICAL
2026-09-22 05:26:45 | WARD_B_TEMP_01 | 34.5 | CRITICAL
2026-09-22 05:26:45 | WARD_B_TEMP_02 | 38.1 | CRITICAL
2026-09-22 05:26:45 | WARD_B_TEMP_03 | 37.9 | WARNING
2026-09-22 05:26:45 | WARD_B_TEMP_04 | 35.9 | NORMAL
2026-09-22 05:26:45 | WARD_B_TEMP_05 | 38.3 | CRITICAL
2026-09-22 05:26:46 | WARD_B_TEMP_01 | 39.6 | CRITICAL
2026-09-22 05:26:46 | WARD_B_TEMP_02 | 37.1 | NORMAL
2026-09-22 05:26:46 | WARD_B_TEMP_03 | 38.2 | CRITICAL
2026-09-22 05:26:46 | WARD_B_TEMP_04 | 38.0 | WARNING
2026-09-22 05:26:46 | WARD_B_TEMP_05 | 37.3 | NORMAL
2026-09-22 05:26:47 | WARD_B_TEMP_01 | 34.5 | CRITICAL
2026-09-22 05:26:47 | WARD_B_TEMP_02 | 36.7 | NORMAL
2026-09-22 05:26:47 | WARD_B_TEMP_03 | 38.7 | CRITICAL
2026-09-22 05:26:47 | WARD_B_TEMP_04 | 34.9 | CRITICAL
2026-09-22 05:26:47 | WARD_B_TEMP_05 | 40.4 | CRITICAL
2026-09-22 05:26:48 | WARD_B_TEMP_01 | 37.9 | WARNING
2026-09-22 05:26:48 | WARD_B_TEMP_02 | 34.8 | CRITICAL
2026-09-22 05:26:48 | WARD_B_TEMP_03 | 39.9 | CRITICAL
2026-09-22 05:26:48 | WARD_B_TEMP_04 | 40.4 | CRITICAL
2026-09-22 05:26:48 | WARD_B_TEMP_05 | 39.8 | CRITICAL
2026-09-22 05:26:49 | WARD_B_TEMP_01 | 39.8 | CRITICAL
2026-09-22 05:26:49 | WARD_B_TEMP_02 | 35.3 | CRITICAL
2026-09-22 05:26:49 | WARD_B_TEMP_03 | 37.6 | WARNING
2026-09-22 05:26:49 | WARD_B_TEMP_04 | 36.1 | NORMAL
2026-09-22 05:26:49 | WARD_B_TEMP_05 | 39.5 | CRITICAL
2026-09-22 05:26:50 | WARD_B_TEMP_01 | 39.1 | CRITICAL
2026-09-22 05:26:50 | WARD_B_TEMP_02 | 35.9 | NORMAL
2026-09-22 05:26:50 | WARD_B_TEMP_03 | 35.8 | NORMAL
2026-09-22 05:26:50 | WARD_B_TEMP_04 | 39.0 | CRITICAL
2026-09-22 05:26:50 | WARD_B_TEMP_05 | 39.6 | CRITICAL
2026-09-22 05:26:51 | WARD_B_TEMP_01 | 35.9 | NORMAL
2026-09-22 05:26:51 | WARD_B_TEMP_02 | 40.0 | CRITICAL
2026-09-22 05:26:51 | WARD_B_TEMP_03 | 36.6 | NORMAL
2026-09-22 05:26:51 | WARD_B_TEMP_04 | 35.2 | CRITICAL
2026-09-22 05:26:51 | WARD_B_TEMP_05 | 38.4 | CRITICAL
2026-09-22 05:26:52 | WARD_B_TEMP_01 | 35.0 | CRITICAL
2026-09-22 05:26:52 | WARD_B_TEMP_02 | 40.5 | CRITICAL
2026-09-22 05:26:52 | WARD_B_TEMP_03 | 40.3 | CRITICAL
2026-09-22 05:26:52 | WARD_B_TEMP_04 | 40.3 | CRITICAL
2026-09-22 05:26:52 | WARD_B_TEMP_05 | 35.1 | CRITICAL
2026-09-22 05:26:53 | WARD_B_TEMP_01 | 36.9 | NORMAL
2026-09-22 05:26:53 | WARD_B_TEMP_02 | 38.3 | CRITICAL
2026-09-22 05:26:53 | WARD_B_TEMP_03 | 37.4 | NORMAL
2026-09-22 05:26:53 | WARD_B_TEMP_04 | 36.5 | NORMAL
2026-09-22 05:26:53 | WARD_B_TEMP_05 | 37.9 | WARNING
2026-09-22 05:26:54 | WARD_B_TEMP_01 | 37.8 | WARNING
2026-09-22 05:26:54 | WARD_B_TEMP_02 | 35.0 | CRITICAL
2026-09-22 05:26:54 | WARD_B_TEMP_03 | 36.3 | NORMAL
2026-09-22 05:26:54 | WARD_B_TEMP_04 | 40.4 | CRITICAL
2026-09-22 05:26:54 | WARD_B_TEMP_05 | 40.3 | CRITICAL
2026-09-22 05:26:55 | WARD_B_TEMP_01 | 39.0 | CRITICAL
2026-09-22 05:26:55 | WARD_B_TEMP_02 | 39.0 | CRITICAL
2026-09-22 05:26:55 | WARD_B_TEMP_03 | 39.8 | CRITICAL
2026-09-22 05:26:55 | WARD_B_TEMP_04 | 37.2 | NORMAL
2026-09-22 05:26:55 | WARD_B_TEMP_05 | 38.6 | CRITICAL
2026-09-22 05:26:56 | WARD_B_TEMP_01 | 40.4 | CRITICAL
2026-09-22 05:26:56 | WARD_B_TEMP_02 | 34.6 | CRITICAL
2026-09-22 05:26:56 | WARD_B_TEMP_03 | 38.2 | CRITICAL
2026-09-22 05:26:56 | WARD_B_TEMP_04 | 36.6 | NORMAL
2026-09-22 05:26:56 | WARD_B_TEMP_05 | 37.8 | WARNING
2026-09-22 05:26:57 | WARD_B_TEMP_01 | 40.1 | CRITICAL
2026-09-22 05:26:57 | WARD_B_TEMP_02 | 37.5 | WARNING
2026-09-22 05:26:57 | WARD_B_TEMP_03 | 39.4 | CRITICAL
2026-09-22 05:26:57 | WARD_B_TEMP_04 | 39.0 | CRITICAL
2026-09-22 05:26:57 | WARD_B_TEMP_05 | 35.8 | NORMAL
2026-09-22 05:26:58 | WARD_B_TEMP_01 | 35.0 | CRITICAL
2026-09-22 05:26:58 | WARD_B_TEMP_02 | 40.2 | CRITICAL
2026-09-22 05:26:58 | WARD_B_TEMP_03 | 37.4 | NORMAL
2026-09-22 05:26:58 | WARD_B_TEMP_04 | 34.5 | CRITICAL
2026-09-22 05:26:58 | WARD_B_TEMP_05 | 40.2 | CRITICAL
2026-09-22 05:26:59 | WARD_B_TEMP_01 | 39.5 | CRITICAL
2026-09-22 05:26:59 | WARD_B_TEMP_02 | 38.0 | WARNING
2026-09-22 05:26:59 | WARD_B_TEMP_03 | 36.7 | NORMAL
2026-09-22 05:26:59 | WARD_B_TEMP_04 | 39.0 | CRITICAL
2026-09-22 05:26:59 | WARD_B_TEMP_05 | 39.1 | CRITICAL
2026-09-22 05:27:00 | WARD_B_TEMP_01 | 39.0 | CRITICAL
2026-09-22 05:27:00 | WARD_B_TEMP_02 | 40.0 | CRITICAL
2026-09-22 05:27:00 | WARD_B_TEMP_03 | 38.4 | CRITICAL
2026-09-22 05:27:00 | WARD_B_TEMP_04 | 38.1 | CRITICAL
2026-09-22 05:27:00 | WARD_B_TEMP_05 | 39.3 | CRITICAL
2026-09-22 05:27:01 | WARD_B_TEMP_01 | 34.6 | CRITICAL
2026-09-22 05:27:01 | WARD_B_TEMP_02 | 40.4 | CRITICAL
2026-09-22 05:27:01 | WARD_B_TEMP_03 | 39.4 | CRITICAL
2026-09-22 05:27:01 | WARD_B_TEMP_04 | 35.4 | CRITICAL
2026-09-22 05:27:01 | WARD_B_TEMP_05 | 34.8 | CRITICAL
2026-09-22 05:27:02 | WARD_B_TEMP_01 | 40.3 | CRITICAL
2026-09-22 05:27:02 | WARD_B_TEMP_02 | 39.0 | CRITICAL
2026-09-22 05:27:02 | WARD_B_TEMP_03 | 38.5 | CRITICAL
2026-09-22 05:27:02 | WARD_B_TEMP_04 | 39.3 | CRITICAL
2026-09-22 05:27:02 | WARD_B_TEMP_05 | 40.4 | CRITICAL
2026-09-22 05:27:03 | WARD_B_TEMP_01 | 40.2 | CRITICAL
2026-09-22 05:27:03 | WARD_B_TEMP_02 | 36.4 | NORMAL
2026-09-22 05:27:03 | WARD_B_TEMP_03 | 40.4 | CRITICAL
2026-09-22 05:27:03 | WARD_B_TEMP_04 | 35.5 | NORMAL
2026-09-22 05:27:03 | WARD_B_TEMP_05 | 37.5 | WARNING
2026-09-22 05:27:04 | WARD_B_TEMP_01 | 35.1 | CRITICAL
2026-09-22 05:27:04 | WARD_B_TEMP_02 | 34.6 | CRITICAL
2026-09-22 05:27:04 | WARD_B_TEMP_03 | 37.8 | WARNING
2026-09-22 05:27:04 | WARD_B_TEMP_04 | 39.6 | CRITICAL
2026-09-22 05:27:04 | WARD_B_TEMP_05 | 40.3 | CRITICAL
2026-09-22 05:27:05 | WARD_B_TEMP_01 | 38.5 | CRITICAL
2026-09-22 05:27:05 | WARD_B_TEMP_02 | 36.4 | NORMAL
2026-09-22 05:27:05 | WARD_B_TEMP_03 | 34.5 | CRITICAL
2026-09-22 05:27:05 | WARD_B_TEMP_04 | 40.3 | CRITICAL
2026-09-22 05:27:05 | WARD_B_TEMP_05 | 36.7 | NORMAL
2026-09-22 05:27:06 | WARD_B_TEMP_01 | 35.9 | NORMAL
2026-09-22 05:27:06 | WARD_B_TEMP_02 | 37.5 | WARNING
2026-09-22 05:27:06 | WARD_B_TEMP_03 | 35.5 | NORMAL
2026-09-22 05:27:06 | WARD_B_TEMP_04 | 34.6 | CRITICAL
2026-09-22 05:27:06 | WARD_B_TEMP_05 | 36.2 | NORMAL
2026-09-22 05:27:07 | WARD_B_TEMP_01 | 36.4 | NORMAL
2026-09-22 05:27:07 | WARD_B_TEMP_02 | 36.0 | NORMAL
2026-09-22 05:27:07 | WARD_B_TEMP_03 | 35.1 | CRITICAL
2026-09-22 05:27:07 | WARD_B_TEMP_04 | 37.5 | WARNING
2026-09-22 05:27:07 | WARD_B_TEMP_05 | 37.4 | NORMAL
2026-09-22 05:27:08 | WARD_B_TEMP_01 | 37.6 | WARNING
2026-09-22 05:27:08 | WARD_B_TEMP_02 | 36.9 | NORMAL
2026-09-22 05:27:08 | WARD_B_TEMP_03 | 35.4 | CRITICAL
2026-09-22 05:27:08 | WARD_B_TEMP_04 | 37.1 | NORMAL
2026-09-22 05:27:08 | WARD_B_TEMP_05 | 37.1 | NORMAL
2026-09-22 05:27:09 | WARD_B_TEMP_01 | 38.1 | CRITICAL
2026-09-22 05:27:09 | WARD_B_TEMP_02 | 35.2 | CRITICAL
2026-09-22 05:27:09 | WARD_B_TEMP_03 | 36.2 | NORMAL
2026-09-22 05:27:09 | WARD_B_TEMP_04 | 34.7 | CRITICAL
2026-09-22 05:27:09 | WARD_B_TEMP_05 | 37.6 | WARNING
2026-09-22 05:27:10 | WARD_B_TEMP_01 | 35.2 | CRITICAL
2026-09-22 05:27:10 | WARD_B_TEMP_02 | 35.3 | CRITICAL
2026-09-22 05:27:10 | WARD_B_TEMP_03 | 36.4 | NORMAL
2026-09-22 05:27:10 | WARD_B_TEMP_04 | 36.3 | NORMAL
2026-09-22 05:27:10 | WARD_B_TEMP_05 | 37.2 | NORMAL
2026-09-22 05:27:11 | WARD_B_TEMP_01 | 37.4 | NORMAL
2026-09-22 05:27:11 | WARD_B_TEMP_02 | 36.4 | NORMAL
2026-09-22 05:27:11 | WARD_B_TEMP_03 | 40.5 | CRITICAL
2026-09-22 05:27:11 | WARD_B_TEMP_04 | 39.0 | CRITICAL
2026-09-22 05:27:11 | WARD_B_TEMP_05 | 39.1 | CRITICAL
2026-09-22 05:27:12 | WARD_B_TEMP_01 | 38.3 | CRITICAL
2026-09-22 05:27:12 | WARD_B_TEMP_02 | 36.4 | NORMAL
2026-09-22 05:27:12 | WARD_B_TEMP_03 | 37.8 | WARNING
2026-09-22 05:27:12 | WARD_B_TEMP_04 | 39.8 | CRITICAL
2026-09-22 05:27:12 | WARD_B_TEMP_05 | 39.5 | CRITICAL
2026-09-22 05:27:13 | WARD_B_TEMP_01 | 34.8 | CRITICAL
2026-09-22 05:27:13 | WARD_B_TEMP_02 | 37.1 | NORMAL
2026-09-22 05:27:13 | WARD_B_TEMP_03 | 37.1 | NORMAL
2026-09-22 05:27:13 | WARD_B_TEMP_04 | 37.8 | WARNING
2026-09-22 05:27:13 | WARD_B_TEMP_05 | 38.0 | WARNING
2026-09-22 05:27:14 | WARD_B_TEMP_01 | 36.6 | NORMAL
2026-09-22 05:27:14 | WARD_B_TEMP_02 | 35.7 | NORMAL
2026-09-22 05:27:14 | WARD_B_TEMP_03 | 36.3 | NORMAL
2026-09-22 05:27:14 | WARD_B_TEMP_04 | 38.7 | CRITICAL
2026-09-22 05:27:14 | WARD_B_TEMP_05 | 35.6 | NORMAL
2026-09-22 05:27:15 | WARD_B_TEMP_01 | 39.1 | CRITICAL
2026-09-22 05:27:15 | WARD_B_TEMP_02 | 36.5 | NORMAL
2026-09-22 05:27:15 | WARD_B_TEMP_03 | 34.9 | CRITICAL
2026-09-22 05:27:15 | WARD_B_TEMP_04 | 37.2 | NORMAL
2026-09-22 05:27:15 | WARD_B_TEMP_05 | 39.6 | CRITICAL
2026-09-22 05:27:16 | WARD_B_TEMP_01 | 37.5 | WARNING
2026-09-22 05:27:16 | WARD_B_TEMP_02 | 37.5 | WARNING
2026-09-22 05:27:16 | WARD_B_TEMP_03 | 35.6 | NORMAL
2026-09-22 05:27:16 | WARD_B_TEMP_04 | 37.8 | WARNING
2026-09-22 05:27:16 | WARD_B_TEMP_05 | 35.5 | NORMAL
2026-09-22 05:27:17 | WARD_B_TEMP_01 | 39.3 | CRITICAL
2026-09-22 05:27:17 | WARD_B_TEMP_02 | 35.7 | NORMAL
2026-09-22 05:27:17 | WARD_B_TEMP_03 | 37.6 | WARNING
2026-09-22 05:27:17 | WARD_B_TEMP_04 | 35.8 | NORMAL
2026-09-22 05:27:17 | WARD_B_TEMP_05 | 34.8 | CRITICAL
2026-09-22 05:27:18 | WARD_B_TEMP_01 | 40.1 | CRITICAL
2026-09-22 05:27:18 | WARD_B_TEMP_02 | 37.9 | WARNING
2026-09-22 05:27:18 | WARD_B_TEMP_03 | 40.0 | CRITICAL
2026-09-22 05:27:18 | WARD_B_TEMP_04 | 40.1 | CRITICAL
2026-09-22 05:27:18 | WARD_B_TEMP_05 | 38.5 | CRITICAL
2026-09-22 05:27:19 | WARD_B_TEMP_01 | 35.7 | NORMAL
2026-09-22 05:27:19 | WARD_B_TEMP_02 | 40.0 | CRITICAL
2026-09-22 05:27:19 | WARD_B_TEMP_03 | 37.6 | WARNING
2026-09-22 05:27:19 | WARD_B_TEMP_04 | 39.4 | CRITICAL
2026-09-22 05:27:19 | WARD_B_TEMP_05 | 35.4 | CRITICAL
2026-09-22 05:27:20 | WARD_B_TEMP_01 | 37.3 | NORMAL
2026-09-22 05:27:20 | WARD_B_TEMP_02 | 38.1 | CRITICAL
2026-09-22 05:27:20 | WARD_B_TEMP_03 | 36.8 | NORMAL
2026-09-22 05:27:20 | WARD_B_TEMP_04 | 36.4 | NORMAL
2026-09-22 05:27:20 | WARD_B_TEMP_05 | 35.6 | NORMAL
2026-09-22 05:27:21 | WARD_B_TEMP_01 | 35.4 | CRITICAL
2026-09-22 05:27:21 | WARD_B_TEMP_02 | 37.7 | WARNING
2026-09-22 05:27:21 | WARD_B_TEMP_03 | 38.8 | CRITICAL
2026-09-22 05:27:21 | WARD_B_TEMP_04 | 36.9 | NORMAL
2026-09-22 05:27:21 | WARD_B_TEMP_05 | 36.9 | NORMAL
2026-09-22 05:27:22 | WARD_B_TEMP_01 | 39.3 | CRITICAL
2026-09-22 05:27:22 | WARD_B_TEMP_02 | 39.7 | CRITICAL
2026-09-22 05:27:22 | WARD_B_TEMP_03 | 35.9 | NORMAL
2026-09-22 05:27:22 | WARD_B_TEMP_04 | 37.5 | WARNING
2026-09-22 05:27:22 | WARD_B_TEMP_05 | 36.2 | NORMAL
2026-09-22 05:27:23 | WARD_B_TEMP_01 | 37.8 | WARNING
2026-09-22 05:27:23 | WARD_B_TEMP_02 | 37.9 | WARNING
2026-09-22 05:27:23 | WARD_B_TEMP_03 | 36.2 | NORMAL
2026-09-22 05:27:23 | WARD_B_TEMP_04 | 36.7 | NORMAL
2026-09-22 05:27:23 | WARD_B_TEMP_05 | 36.6 | NORMAL
2026-09-22 05:27:24 | WARD_B_TEMP_01 | 35.6 | NORMAL
2026-09-22 05:27:24 | WARD_B_TEMP_02 | 34.9 | CRITICAL
2026-09-22 05:27:24 | WARD_B_TEMP_03 | 35.1 | CRITICAL
2026-09-22 05:27:24 | WARD_B_TEMP_04 | 35.0 | CRITICAL
2026-09-22 05:27:24 | WARD_B_TEMP_05 | 39.0 | CRITICAL
2026-09-22 05:27:25 | WARD_B_TEMP_01 | 35.6 | NORMAL
2026-09-22 05:27:25 | WARD_B_TEMP_02 | 36.9 | NORMAL
2026-09-22 05:27:25 | WARD_B_TEMP_03 | 37.2 | NORMAL
2026-09-22 05:27:25 | WARD_B_TEMP_04 | 37.9 | WARNING
2026-09-22 05:27:25 | WARD_B_TEMP_05 | 37.7 | WARNING
2026-09-22 05:27:26 | WARD_B_TEMP_01 | 38.0 | WARNING
2026-09-22 05:27:26 | WARD_B_TEMP_02 | 36.9 | NORMAL
2026-09-22 05:27:26 | WARD_B_TEMP_03 | 35.6 | NORMAL
2026-09-22 05:27:26 | WARD_B_TEMP_04 | 36.4 | NORMAL
2026-09-22 05:27:26 | WARD_B_TEMP_05 | 38.0 | WARNING
2026-09-22 05:27:27 | WARD_B_TEMP_01 | 37.6 | WARNING
2026-09-22 05:27:27 | WARD_B_TEMP_02 | 35.2 | CRITICAL
2026-09-22 05:27:27 | WARD_B_TEMP_03 | 38.8 | CRITICAL
2026-09-22 05:27:27 | WARD_B_TEMP_04 | 36.3 | NORMAL
2026-09-22 05:27:27 | WARD_B_TEMP_05 | 40.0 | CRITICAL
2026-09-22 05:27:28 | WARD_B_TEMP_01 | 39.6 | CRITICAL
2026-09-22 05:27:28 | WARD_B_TEMP_02 | 35.7 | NORMAL
2026-09-22 05:27:28 | WARD_B_TEMP_03 | 38.4 | CRITICAL
2026-09-22 05:27:28 | WARD_B_TEMP_04 | 39.5 | CRITICAL
2026-09-22 05:27:28 | WARD_B_TEMP_05 | 39.2 | CRITICAL
2026-09-22 05:27:29 | WARD_B_TEMP_01 | 37.1 | NORMAL
2026-09-22 05:27:29 | WARD_B_TEMP_02 | 34.5 | CRITICAL
2026-09-22 05:27:29 | WARD_B_TEMP_03 | 39.3 | CRITICAL
2026-09-22 05:27:29 | WARD_B_TEMP_04 | 34.7 | CRITICAL
2026-09-22 05:27:29 | WARD_B_TEMP_05 | 38.6 | CRITICAL
2026-09-22 05:27:30 | WARD_B_TEMP_01 | 36.0 | NORMAL
2026-09-22 05:27:30 | WARD_B_TEMP_02 | 34.6 | CRITICAL
2026-09-22 05:27:30 | WARD_B_TEMP_03 | 38.2 | CRITICAL
2026-09-22 05:27:30 | WARD_B_TEMP_04 | 40.0 | CRITICAL
2026-09-22 05:27:30 | WARD_B_TEMP_05 | 38.1 | CRITICAL
2026-09-22 05:27:31 | WARD_B_TEMP_01 | 35.1 | CRITICAL
2026-09-22 05:27:31 | WARD_B_TEMP_02 | 40.2 | CRITICAL
2026-09-22 05:27:31 | WARD_B_TEMP_03 | 36.9 | NORMAL
2026-09-22 05:27:31 | WARD_B_TEMP_04 | 35.0 | CRITICAL
2026-09-22 05:27:31 | WARD_B_TEMP_05 | 38.1 | CRITICAL
2026-09-22 05:27:32 | WARD_B_TEMP_01 | 38.8 | CRITICAL
2026-09-22 05:27:32 | WARD_B_TEMP_02 | 34.8 | CRITICAL
2026-09-22 05:27:32 | WARD_B_TEMP_03 | 36.1 | NORMAL
2026-09-22 05:27:32 | WARD_B_TEMP_04 | 38.0 | WARNING
2026-09-22 05:27:32 | WARD_B_TEMP_05 | 34.6 | CRITICAL
2026-09-22 05:27:33 | WARD_B_TEMP_01 | 37.6 | WARNING
2026-09-22 05:27:33 | WARD_B_TEMP_02 | 36.0 | NORMAL
2026-09-22 05:27:33 | WARD_B_TEMP_03 | 34.8 | CRITICAL
2026-09-22 05:27:33 | WARD_B_TEMP_04 | 38.8 | CRITICAL
2026-09-22 05:27:33 | WARD_B_TEMP_05 | 40.4 | CRITICAL
2026-09-22 05:27:34 | WARD_B_TEMP_01 | 38.1 | CRITICAL
2026-09-22 05:27:34 | WARD_B_TEMP_02 | 35.3 | CRITICAL
2026-09-22 05:27:34 | WARD_B_TEMP_03 | 37.7 | WARNING
2026-09-22 05:27:34 | WARD_B_TEMP_04 | 35.4 | CRITICAL
2026-09-22 05:27:34 | WARD_B_TEMP_05 | 35.2 | CRITICAL
2026-09-22 05:27:35 | WARD_B_TEMP_01 | 39.0 | CRITICAL
2026-09-22 05:27:35 | WARD_B_TEMP_02 | 39.5 | CRITICAL
2026-09-22 05:27:35 | WARD_B_TEMP_03 | 34.9 | CRITICAL
2026-09-22 05:27:35 | WARD_B_TEMP_04 | 37.2 | NORMAL
2026-09-22 05:27:35 | WARD_B_TEMP_05 | 39.7 | CRITICAL
2026-09-22 05:27:36 | WARD_B_TEMP_01 | 37.2 | NORMAL
2026-09-22 05:27:36 | WARD_B_TEMP_02 | 38.3 | CRITICAL
2026-09-22 05:27:36 | WARD_B_TEMP_03 | 39.7 | CRITICAL
2026-09-22 05:27:36 | WARD_B_TEMP_04 | 35.8 | NORMAL
2026-09-22 05:27:36 | WARD_B_TEMP_05 | 40.4 | CRITICAL
2026-09-22 05:27:37 | WARD_B_TEMP_01 | 39.5 | CRITICAL
2026-09-22 05:27:37 | WARD_B_TEMP_02 | 40.2 | CRITICAL
2026-09-22 05:27:37 | WARD_B_TEMP_03 | 38.5 | CRITICAL
2026-09-22 05:27:37 | WARD_B_TEMP_04 | 35.2 | CRITICAL
2026-09-22 05:27:37 | WARD_B_TEMP_05 | 35.6 | NORMAL
2026-09-22 05:27:38 | WARD_B_TEMP_01 | 39.3 | CRITICAL
2026-09-22 05:27:38 | WARD_B_TEMP_02 | 36.2 | NORMAL
2026-09-22 05:27:38 | WARD_B_TEMP_03 | 38.8 | CRITICAL
2026-09-22 05:27:38 | WARD_B_TEMP_04 | 40.4 | CRITICAL
2026-09-22 05:27:38 | WARD_B_TEMP_05 | 40.1 | CRITICAL
2026-09-22 05:27:39 | WARD_B_TEMP_01 | 37.0 | NORMAL
2026-09-22 05:27:39 | WARD_B_TEMP_02 | 35.7 | NORMAL
2026-09-22 05:27:39 | WARD_B_TEMP_03 | 38.4 | CRITICAL
2026-09-22 05:27:39 | WARD_B_TEMP_04 | 35.9 | NORMAL
2026-09-22 05:27:39 | WARD_B_TEMP_05 | 39.9 | CRITICAL
2026-09-22 05:27:40 | WARD_B_TEMP_01 | 35.5 | NORMAL
2026-09-22 05:27:40 | WARD_B_TEMP_02 | 35.2 | CRITICAL
2026-09-22 05:27:40 | WARD_B_TEMP_03 | 35.1 | CRITICAL
2026-09-22 05:27:40 | WARD_B_TEMP_04 | 35.7 | NORMAL
2026-09-22 05:27:40 | WARD_B_TEMP_05 | 36.4 | NORMAL
2026-09-22 05:27:41 | WARD_B_TEMP_01 | 38.5 | CRITICAL
2026-09-22 05:27:41 | WARD_B_TEMP_02 | 37.0 | NORMAL
2026-09-22 05:27:41 | WARD_B_TEMP_03 | 36.8 | NORMAL
2026-09-22 05:27:41 | WARD_B_TEMP_04 | 34.9 | CRITICAL
2026-09-22 05:27:41 | WARD_B_TEMP_05 | 37.4 | NORMAL
2026-09-22 05:27:42 | WARD_B_TEMP_01 | 37.6 | WARNING
2026-09-22 05:27:42 | WARD_B_TEMP_02 | 39.4 | CRITICAL
2026-09-22 05:27:42 | WARD_B_TEMP_03 | 39.0 | CRITICAL
2026-09-22 05:27:42 | WARD_B_TEMP_04 | 34.9 | CRITICAL
2026-09-22 05:27:42 | WARD_B_TEMP_05 | 38.5 | CRITICAL
2026-09-22 05:27:43 | WARD_B_TEMP_01 | 36.3 | NORMAL
2026-09-22 05:27:43 | WARD_B_TEMP_02 | 35.7 | NORMAL
2026-09-22 05:27:43 | WARD_B_TEMP_03 | 37.7 | WARNING
2026-09-22 05:27:43 | WARD_B_TEMP_04 | 39.2 | CRITICAL
2026-09-22 05:27:43 | WARD_B_TEMP_05 | 37.0 | NORMAL
2026-09-22 05:27:44 | WARD_B_TEMP_01 | 34.5 | CRITICAL
2026-09-22 05:27:44 | WARD_B_TEMP_02 | 35.4 | CRITICAL
2026-09-22 05:27:44 | WARD_B_TEMP_03 | 36.4 | NORMAL
2026-09-22 05:27:44 | WARD_B_TEMP_04 | 37.8 | WARNING
2026-09-22 05:27:44 | WARD_B_TEMP_05 | 37.2 | NORMAL
2026-09-22 05:27:45 | WARD_B_TEMP_01 | 36.8 | NORMAL
2026-09-22 05:27:45 | WARD_B_TEMP_02 | 39.4 | CRITICAL
2026-09-22 05:27:45 | WARD_B_TEMP_03 | 38.6 | CRITICAL
2026-09-22 05:27:45 | WARD_B_TEMP_04 | 35.3 | CRITICAL
2026-09-22 05:27:45 | WARD_B_TEMP_05 | 37.1 | NORMAL
2026-09-22 05:27:46 | WARD_B_TEMP_01 | 39.6 | CRITICAL
2026-09-22 05:27:46 | WARD_B_TEMP_02 | 38.4 | CRITICAL
2026-09-22 05:27:46 | WARD_B_TEMP_03 | 35.8 | NORMAL
2026-09-22 05:27:46 | WARD_B_TEMP_04 | 37.5 | WARNING
2026-09-22 05:27:46 | WARD_B_TEMP_05 | 40.4 | CRITICAL
2026-09-22 05:27:48 | WARD_B_TEMP_01 | 39.6 | CRITICAL
2026-09-22 05:27:48 | WARD_B_TEMP_02 | 38.7 | CRITICAL
2026-09-22 05:27:48 | WARD_B_TEMP_03 | 37.2 | NORMAL
2026-09-22 05:27:48 | WARD_B_TEMP_04 | 40.5 | CRITICAL
2026-09-22 05:27:48 | WARD_B_TEMP_05 | 37.7 | WARNING
2026-09-22 05:27:49 | WARD_B_TEMP_01 | 38.2 | CRITICAL
2026-09-22 05:27:49 | WARD_B_TEMP_02 | 39.6 | CRITICAL
2026-09-22 05:27:49 | WARD_B_TEMP_03 | 35.2 | CRITICAL
2026-09-22 05:27:49 | WARD_B_TEMP_04 | 37.7 | WARNING
2026-09-22 05:27:49 | WARD_B_TEMP_05 | 36.8 | NORMAL
2026-09-22 05:27:50 | WARD_B_TEMP_01 | 39.9 | CRITICAL
2026-09-22 05:27:50 | WARD_B_TEMP_02 | 39.6 | CRITICAL
2026-09-22 05:27:50 | WARD_B_TEMP_03 | 39.7 | CRITICAL
2026-09-22 05:27:50 | WARD_B_TEMP_04 | 35.5 | NORMAL
2026-09-22 05:27:50 | WARD_B_TEMP_05 | 35.0 | CRITICAL
2026-09-22 05:27:51 | WARD_B_TEMP_01 | 36.1 | NORMAL
2026-09-22 05:27:51 | WARD_B_TEMP_02 | 39.1 | CRITICAL
2026-09-22 05:27:51 | WARD_B_TEMP_03 | 36.7 | NORMAL
2026-09-22 05:27:51 | WARD_B_TEMP_04 | 40.4 | CRITICAL
2026-09-22 05:27:51 | WARD_B_TEMP_05 | 37.1 | NORMAL
2026-09-22 05:27:52 | WARD_B_TEMP_01 | 39.0 | CRITICAL
2026-09-22 05:27:52 | WARD_B_TEMP_02 | 38.2 | CRITICAL
2026-09-22 05:27:52 | WARD_B_TEMP_03 | 35.6 | NORMAL
2026-09-22 05:27:52 | WARD_B_TEMP_04 | 39.8 | CRITICAL
2026-09-22 05:27:52 | WARD_B_TEMP_05 | 35.6 | NORMAL
2026-09-22 05:27:53 | WARD_B_TEMP_01 | 35.1 | CRITICAL
2026-09-22 05:27:53 | WARD_B_TEMP_02 | 36.5 | NORMAL
2026-09-22 05:27:53 | WARD_B_TEMP_03 | 35.8 | NORMAL
2026-09-22 05:27:53 | WARD_B_TEMP_04 | 36.0 | NORMAL
2026-09-22 05:27:53 | WARD_B_TEMP_05 | 35.8 | NORMAL
2026-09-22 05:27:54 | WARD_B_TEMP_01 | 36.9 | NORMAL
2026-09-22 05:27:54 | WARD_B_TEMP_02 | 35.2 | CRITICAL
2026-09-22 05:27:54 | WARD_B_TEMP_03 | 37.7 | WARNING
2026-09-22 05:27:54 | WARD_B_TEMP_04 | 40.2 | CRITICAL
2026-09-22 05:27:54 | WARD_B_TEMP_05 | 38.5 | CRITICAL
2026-09-22 05:27:55 | WARD_B_TEMP_01 | 40.1 | CRITICAL
2026-09-22 05:27:55 | WARD_B_TEMP_02 | 37.3 | NORMAL
2026-09-22 05:27:55 | WARD_B_TEMP_03 | 34.5 | CRITICAL
2026-09-22 05:27:55 | WARD_B_TEMP_04 | 36.4 | NORMAL
2026-09-22 05:27:55 | WARD_B_TEMP_05 | 40.1 | CRITICAL
2026-09-22 05:27:56 | WARD_B_TEMP_01 | 37.7 | WARNING
2026-09-22 05:27:56 | WARD_B_TEMP_02 | 39.5 | CRITICAL
2026-09-22 05:27:56 | WARD_B_TEMP_03 | 39.4 | CRITICAL
2026-09-22 05:27:56 | WARD_B_TEMP_04 | 36.1 | NORMAL
2026-09-22 05:27:56 | WARD_B_TEMP_05 | 39.1 | CRITICAL
2026-09-22 05:27:57 | WARD_B_TEMP_01 | 36.1 | NORMAL
2026-09-22 05:27:57 | WARD_B_TEMP_02 | 38.7 | CRITICAL
2026-09-22 05:27:57 | WARD_B_TEMP_03 | 38.0 | WARNING
2026-09-22 05:27:57 | WARD_B_TEMP_04 | 38.0 | WARNING
2026-09-22 05:27:57 | WARD_B_TEMP_05 | 36.1 | NORMAL
2026-09-22 05:27:58 | WARD_B_TEMP_01 | 36.4 | NORMAL
2026-09-22 05:27:58 | WARD_B_TEMP_02 | 37.5 | WARNING
2026-09-22 05:27:58 | WARD_B_TEMP_03 | 38.6 | CRITICAL
2026-09-22 05:27:58 | WARD_B_TEMP_04 | 38.8 | CRITICAL
2026-09-22 05:27:58 | WARD_B_TEMP_05 | 38.1 | CRITICAL
2026-09-22 05:27:59 | WARD_B_TEMP_01 | 39.5 | CRITICAL
2026-09-22 05:27:59 | WARD_B_TEMP_02 | 37.0 | NORMAL
2026-09-22 05:27:59 | WARD_B_TEMP_03 | 35.5 | NORMAL
2026-09-22 05:27:59 | WARD_B_TEMP_04 | 38.8 | CRITICAL
2026-09-22 05:27:59 | WARD_B_TEMP_05 | 40.4 | CRITICAL
2026-09-22 05:28:00 | WARD_B_TEMP_01 | 36.9 | NORMAL
2026-09-22 05:28:00 | WARD_B_TEMP_02 | 35.2 | CRITICAL
2026-09-22 05:28:00 | WARD_B_TEMP_03 | 38.8 | CRITICAL
2026-09-22 05:28:00 | WARD_B_TEMP_04 | 36.8 | NORMAL
2026-09-22 05:28:00 | WARD_B_TEMP_05 | 40.1 | CRITICAL
2026-09-22 05:28:01 | WARD_B_TEMP_01 | 39.4 | CRITICAL
2026-09-22 05:28:01 | WARD_B_TEMP_02 | 38.0 | WARNING
2026-09-22 05:28:01 | WARD_B_TEMP_03 | 38.0 | WARNING
2026-09-22 05:28:01 | WARD_B_TEMP_04 | 40.3 | CRITICAL
2026-09-22 05:28:01 | WARD_B_TEMP_05 | 37.1 | NORMAL
2026-09-22 05:28:02 | WARD_B_TEMP_01 | 35.9 | NORMAL
2026-09-22 05:28:02 | WARD_B_TEMP_02 | 39.0 | CRITICAL
2026-09-22 05:28:02 | WARD_B_TEMP_03 | 40.0 | CRITICAL
2026-09-22 05:28:02 | WARD_B_TEMP_04 | 37.3 | NORMAL
2026-09-22 05:28:02 | WARD_B_TEMP_05 | 38.4 | CRITICAL
2026-09-22 05:28:03 | WARD_B_TEMP_01 | 35.5 | NORMAL
2026-09-22 05:28:03 | WARD_B_TEMP_02 | 35.0 | CRITICAL
2026-09-22 05:28:03 | WARD_B_TEMP_03 | 35.5 | NORMAL
2026-09-22 05:28:03 | WARD_B_TEMP_04 | 38.4 | CRITICAL
2026-09-22 05:28:03 | WARD_B_TEMP_05 | 38.4 | CRITICAL
2026-09-22 05:28:04 | WARD_B_TEMP_01 | 40.0 | CRITICAL
2026-09-22 05:28:04 | WARD_B_TEMP_02 | 36.7 | NORMAL
2026-09-22 05:28:04 | WARD_B_TEMP_03 | 36.8 | NORMAL
2026-09-22 05:28:04 | WARD_B_TEMP_04 | 35.5 | NORMAL
2026-09-22 05:28:04 | WARD_B_TEMP_05 | 39.1 | CRITICAL
2026-09-22 05:28:05 | WARD_B_TEMP_01 | 34.5 | CRITICAL
2026-09-22 05:28:05 | WARD_B_TEMP_02 | 37.3 | NORMAL
2026-09-22 05:28:05 | WARD_B_TEMP_03 | 34.6 | CRITICAL
2026-09-22 05:28:05 | WARD_B_TEMP_04 | 34.7 | CRITICAL
2026-09-22 05:28:05 | WARD_B_TEMP_05 | 35.5 | NORMAL
2026-09-22 05:28:06 | WARD_B_TEMP_01 | 36.5 | NORMAL
2026-09-22 05:28:06 | WARD_B_TEMP_02 | 39.6 | CRITICAL
2026-09-22 05:28:06 | WARD_B_TEMP_03 | 40.4 | CRITICAL
2026-09-22 05:28:06 | WARD_B_TEMP_04 | 38.6 | CRITICAL
2026-09-22 05:28:06 | WARD_B_TEMP_05 | 39.0 | CRITICAL
2026-09-22 05:28:07 | WARD_B_TEMP_01 | 36.1 | NORMAL
2026-09-22 05:28:07 | WARD_B_TEMP_02 | 37.7 | WARNING
2026-09-22 05:28:07 | WARD_B_TEMP_03 | 34.9 | CRITICAL
2026-09-22 05:28:07 | WARD_B_TEMP_04 | 35.1 | CRITICAL
2026-09-22 05:28:07 | WARD_B_TEMP_05 | 37.9 | WARNING
2026-09-22 05:28:08 | WARD_B_TEMP_01 | 39.0 | CRITICAL
2026-09-22 05:28:08 | WARD_B_TEMP_02 | 39.0 | CRITICAL
2026-09-22 05:28:08 | WARD_B_TEMP_03 | 36.9 | NORMAL
2026-09-22 05:28:08 | WARD_B_TEMP_04 | 38.5 | CRITICAL
2026-09-22 05:28:08 | WARD_B_TEMP_05 | 38.9 | CRITICAL
2026-09-22 05:28:09 | WARD_B_TEMP_01 | 36.5 | NORMAL
2026-09-22 05:28:09 | WARD_B_TEMP_02 | 40.2 | CRITICAL
2026-09-22 05:28:09 | WARD_B_TEMP_03 | 37.6 | WARNING
2026-09-22 05:28:09 | WARD_B_TEMP_04 | 39.4 | CRITICAL
2026-09-22 05:28:09 | WARD_B_TEMP_05 | 36.4 | NORMAL
2026-09-22 05:28:10 | WARD_B_TEMP_01 | 39.4 | CRITICAL
2026-09-22 05:28:10 | WARD_B_TEMP_02 | 40.3 | CRITICAL
2026-09-22 05:28:10 | WARD_B_TEMP_03 | 35.9 | NORMAL
2026-09-22 05:28:10 | WARD_B_TEMP_04 | 40.2 | CRITICAL
2026-09-22 05:28:10 | WARD_B_TEMP_05 | 35.1 | CRITICAL
2026-09-22 05:28:11 | WARD_B_TEMP_01 | 39.6 | CRITICAL
2026-09-22 05:28:11 | WARD_B_TEMP_02 | 34.7 | CRITICAL
2026-09-22 05:28:11 | WARD_B_TEMP_03 | 38.9 | CRITICAL
2026-09-22 05:28:11 | WARD_B_TEMP_04 | 40.0 | CRITICAL
2026-09-22 05:28:11 | WARD_B_TEMP_05 | 37.2 | NORMAL
2026-09-22 05:28:12 | WARD_B_TEMP_01 | 36.7 | NORMAL
2026-09-22 05:28:12 | WARD_B_TEMP_02 | 36.2 | NORMAL
2026-09-22 05:28:12 | WARD_B_TEMP_03 | 38.7 | CRITICAL
2026-09-22 05:28:12 | WARD_B_TEMP_04 | 38.7 | CRITICAL
2026-09-22 05:28:12 | WARD_B_TEMP_05 | 38.6 | CRITICAL
2026-09-22 05:28:13 | WARD_B_TEMP_01 | 40.1 | CRITICAL
2026-09-22 05:28:13 | WARD_B_TEMP_02 | 40.4 | CRITICAL
2026-09-22 05:28:13 | WARD_B_TEMP_03 | 40.1 | CRITICAL
2026-09-22 05:28:13 | WARD_B_TEMP_04 | 34.9 | CRITICAL
2026-09-22 05:28:13 | WARD_B_TEMP_05 | 40.3 | CRITICAL
2026-09-22 05:28:14 | WARD_B_TEMP_01 | 34.8 | CRITICAL
2026-09-22 05:28:14 | WARD_B_TEMP_02 | 39.2 | CRITICAL
2026-09-22 05:28:14 | WARD_B_TEMP_03 | 35.6 | NORMAL
2026-09-22 05:28:14 | WARD_B_TEMP_04 | 38.6 | CRITICAL
2026-09-22 05:28:14 | WARD_B_TEMP_05 | 40.5 | CRITICAL
2026-09-22 05:28:15 | WARD_B_TEMP_01 | 37.5 | WARNING
2026-09-22 05:28:15 | WARD_B_TEMP_02 | 38.4 | CRITICAL
2026-09-22 05:28:15 | WARD_B_TEMP_03 | 37.3 | NORMAL
2026-09-22 05:28:15 | WARD_B_TEMP_04 | 34.8 | CRITICAL
2026-09-22 05:28:15 | WARD_B_TEMP_05 | 35.9 | NORMAL
2026-09-22 05:28:16 | WARD_B_TEMP_01 | 37.4 | NORMAL
2026-09-22 05:28:16 | WARD_B_TEMP_02 | 36.8 | NORMAL
2026-09-22 05:28:16 | WARD_B_TEMP_03 | 35.8 | NORMAL
2026-09-22 05:28:16 | WARD_B_TEMP_04 | 36.0 | NORMAL
2026-09-22 05:28:16 | WARD_B_TEMP_05 | 37.8 | WARNING
2026-09-22 05:28:17 | WARD_B_TEMP_01 | 36.4 | NORMAL
2026-09-22 05:28:17 | WARD_B_TEMP_02 | 39.9 | CRITICAL
2026-09-22 05:28:17 | WARD_B_TEMP_03 | 37.9 | WARNING
2026-09-22 05:28:17 | WARD_B_TEMP_04 | 40.4 | CRITICAL
2026-09-22 05:28:17 | WARD_B_TEMP_05 | 35.2 | CRITICAL
2026-09-22 05:28:18 | WARD_B_TEMP_01 | 35.3 | CRITICAL
2026-09-22 05:28:18 | WARD_B_TEMP_02 | 38.9 | CRITICAL
2026-09-22 05:28:18 | WARD_B_TEMP_03 | 38.0 | WARNING
2026-09-22 05:28:18 | WARD_B_TEMP_04 | 40.2 | CRITICAL
2026-09-22 05:28:18 | WARD_B_TEMP_05 | 36.6 | NORMAL
2026-09-22 05:28:19 | WARD_B_TEMP_01 | 38.9 | CRITICAL
2026-09-22 05:28:19 | WARD_B_TEMP_02 | 38.2 | CRITICAL
2026-09-22 05:28:19 | WARD_B_TEMP_03 | 40.3 | CRITICAL
2026-09-22 05:28:19 | WARD_B_TEMP_04 | 35.2 | CRITICAL
2026-09-22 05:28:19 | WARD_B_TEMP_05 | 37.6 | WARNING
2026-09-22 05:28:20 | WARD_B_TEMP_01 | 35.2 | CRITICAL
2026-09-22 05:28:20 | WARD_B_TEMP_02 | 35.3 | CRITICAL
2026-09-22 05:28:20 | WARD_B_TEMP_03 | 36.6 | NORMAL
2026-09-22 05:28:20 | WARD_B_TEMP_04 | 35.5 | NORMAL
2026-09-22 05:28:20 | WARD_B_TEMP_05 | 38.4 | CRITICAL
2026-09-22 05:28:21 | WARD_B_TEMP_01 | 36.6 | NORMAL
2026-09-22 05:28:21 | WARD_B_TEMP_02 | 39.2 | CRITICAL
2026-09-22 05:28:21 | WARD_B_TEMP_03 | 37.1 | NORMAL
2026-09-22 05:28:21 | WARD_B_TEMP_04 | 40.3 | CRITICAL
2026-09-22 05:28:21 | WARD_B_TEMP_05 | 35.1 | CRITICAL
2026-09-22 05:28:22 | WARD_B_TEMP_01 | 38.5 | CRITICAL
2026-09-22 05:28:22 | WARD_B_TEMP_02 | 36.3 | NORMAL
2026-09-22 05:28:22 | WARD_B_TEMP_03 | 35.1 | CRITICAL
2026-09-22 05:28:22 | WARD_B_TEMP_04 | 39.4 | CRITICAL
2026-09-22 05:28:22 | WARD_B_TEMP_05 | 40.5 | CRITICAL
2026-09-22 05:28:23 | WARD_B_TEMP_01 | 34.5 | CRITICAL
2026-09-22 05:28:23 | WARD_B_TEMP_02 | 39.9 | CRITICAL
2026-09-22 05:28:23 | WARD_B_TEMP_03 | 37.8 | WARNING
2026-09-22 05:28:23 | WARD_B_TEMP_04 | 35.1 | CRITICAL
2026-09-22 05:28:23 | WARD_B_TEMP_05 | 36.0 | NORMAL
2026-09-22 05:28:24 | WARD_B_TEMP_01 | 35.4 | CRITICAL
2026-09-22 05:28:24 | WARD_B_TEMP_02 | 35.4 | CRITICAL
2026-09-22 05:28:24 | WARD_B_TEMP_03 | 36.5 | NORMAL
2026-09-22 05:28:24 | WARD_B_TEMP_04 | 37.4 | NORMAL
2026-09-22 05:28:24 | WARD_B_TEMP_05 | 39.9 | CRITICAL
2026-09-22 05:28:25 | WARD_B_TEMP_01 | 37.4 | NORMAL
2026-09-22 05:28:25 | WARD_B_TEMP_02 | 36.2 | NORMAL
2026-09-22 05:28:25 | WARD_B_TEMP_03 | 40.1 | CRITICAL
2026-09-22 05:28:25 | WARD_B_TEMP_04 | 36.4 | NORMAL
2026-09-22 05:28:25 | WARD_B_TEMP_05 | 40.1 | CRITICAL
2026-09-22 05:28:26 | WARD_B_TEMP_01 | 37.2 | NORMAL
2026-09-22 05:28:26 | WARD_B_TEMP_02 | 39.5 | CRITICAL
2026-09-22 05:28:26 | WARD_B_TEMP_03 | 36.8 | NORMAL
2026-09-22 05:28:26 | WARD_B_TEMP_04 | 38.1 | CRITICAL
2026-09-22 05:28:26 | WARD_B_TEMP_05 | 38.1 | CRITICAL
2026-09-22 05:28:27 | WARD_B_TEMP_01 | 37.6 | WARNING
2026-09-22 05:28:27 | WARD_B_TEMP_02 | 35.6 | NORMAL
2026-09-22 05:28:27 | WARD_B_TEMP_03 | 39.7 | CRITICAL
2026-09-22 05:28:27 | WARD_B_TEMP_04 | 39.5 | CRITICAL
2026-09-22 05:28:27 | WARD_B_TEMP_05 | 36.3 | NORMAL
2026-09-22 05:28:28 | WARD_B_TEMP_01 | 38.9 | CRITICAL
2026-09-22 05:28:28 | WARD_B_TEMP_02 | 39.8 | CRITICAL
2026-09-22 05:28:28 | WARD_B_TEMP_03 | 39.2 | CRITICAL
2026-09-22 05:28:28 | WARD_B_TEMP_04 | 36.1 | NORMAL
2026-09-22 05:28:28 | WARD_B_TEMP_05 | 36.9 | NORMAL
2026-09-22 05:28:29 | WARD_B_TEMP_01 | 39.3 | CRITICAL
2026-09-22 05:28:29 | WARD_B_TEMP_02 | 38.5 | CRITICAL
2026-09-22 05:28:29 | WARD_B_TEMP_03 | 37.2 | NORMAL
2026-09-22 05:28:29 | WARD_B_TEMP_04 | 38.9 | CRITICAL
2026-09-22 05:28:29 | WARD_B_TEMP_05 | 39.7 | CRITICAL
2026-09-22 05:28:30 | WARD_B_TEMP_01 | 39.6 | CRITICAL
2026-09-22 05:28:30 | WARD_B_TEMP_02 | 38.1 | CRITICAL
2026-09-22 05:28:30 | WARD_B_TEMP_03 | 35.9 | NORMAL
2026-09-22 05:28:30 | WARD_B_TEMP_04 | 39.4 | CRITICAL
2026-09-22 05:28:30 | WARD_B_TEMP_05 | 37.8 | WARNING
2026-09-22 05:28:31 | WARD_B_TEMP_01 | 37.4 | NORMAL
2026-09-22 05:28:31 | WARD_B_TEMP_02 | 37.9 | WARNING
2026-09-22 05:28:31 | WARD_B_TEMP_03 | 36.1 | NORMAL
2026-09-22 05:28:31 | WARD_B_TEMP_04 | 37.4 | NORMAL
2026-09-22 05:28:31 | WARD_B_TEMP_05 | 35.7 | NORMAL
2026-09-22 05:28:32 | WARD_B_TEMP_01 | 39.8 | CRITICAL
2026-09-22 05:28:32 | WARD_B_TEMP_02 | 36.4 | NORMAL
2026-09-22 05:28:32 | WARD_B_TEMP_03 | 37.7 | WARNING
2026-09-22 05:28:32 | WARD_B_TEMP_04 | 40.3 | CRITICAL
2026-09-22 05:28:32 | WARD_B_TEMP_05 | 38.3 | CRITICAL
2026-09-22 05:28:33 | WARD_B_TEMP_01 | 40.1 | CRITICAL
2026-09-22 05:28:33 | WARD_B_TEMP_02 | 37.8 | WARNING
2026-09-22 05:28:33 | WARD_B_TEMP_03 | 35.4 | CRITICAL
2026-09-22 05:28:33 | WARD_B_TEMP_04 | 39.6 | CRITICAL
2026-09-22 05:28:33 | WARD_B_TEMP_05 | 38.1 | CRITICAL
2026-09-22 05:28:34 | WARD_B_TEMP_01 | 36.7 | NORMAL
2026-09-22 05:28:34 | WARD_B_TEMP_02 | 38.9 | CRITICAL
2026-09-22 05:28:34 | WARD_B_TEMP_03 | 35.5 | NORMAL
2026-09-22 05:28:34 | WARD_B_TEMP_04 | 37.8 | WARNING
2026-09-22 05:28:34 | WARD_B_TEMP_05 | 35.4 | CRITICAL
2026-09-22 05:28:35 | WARD_B_TEMP_01 | 39.6 | CRITICAL
2026-09-22 05:28:35 | WARD_B_TEMP_02 | 39.6 | CRITICAL
2026-09-22 05:28:35 | WARD_B_TEMP_03 | 38.6 | CRITICAL
2026-09-22 05:28:35 | WARD_B_TEMP_04 | 39.7 | CRITICAL
2026-09-22 05:28:35 | WARD_B_TEMP_05 | 36.6 | NORMAL
2026-09-22 05:28:36 | WARD_B_TEMP_01 | 37.3 | NORMAL
2026-09-22 05:28:36 | WARD_B_TEMP_02 | 40.3 | CRITICAL
2026-09-22 05:28:36 | WARD_B_TEMP_03 | 36.8 | NORMAL
2026-09-22 05:28:36 | WARD_B_TEMP_04 | 38.3 | CRITICAL
2026-09-22 05:28:36 | WARD_B_TEMP_05 | 36.6 | NORMAL
2026-09-22 05:28:37 | WARD_B_TEMP_01 | 37.1 | NORMAL
2026-09-22 05:28:37 | WARD_B_TEMP_02 | 36.3 | NORMAL
2026-09-22 05:28:37 | WARD_B_TEMP_03 | 37.0 | NORMAL
2026-09-22 05:28:37 | WARD_B_TEMP_04 | 34.6 | CRITICAL
2026-09-22 05:28:37 | WARD_B_TEMP_05 | 35.5 | NORMAL
2026-09-22 05:28:38 | WARD_B_TEMP_01 | 35.5 | NORMAL
2026-09-22 05:28:38 | WARD_B_TEMP_02 | 40.3 | CRITICAL
2026-09-22 05:28:38 | WARD_B_TEMP_03 | 37.3 | NORMAL
2026-09-22 05:28:38 | WARD_B_TEMP_04 | 36.6 | NORMAL
2026-09-22 05:28:38 | WARD_B_TEMP_05 | 40.2 | CRITICAL
2026-09-22 05:28:39 | WARD_B_TEMP_01 | 38.8 | CRITICAL
2026-09-22 05:28:39 | WARD_B_TEMP_02 | 40.1 | CRITICAL
2026-09-22 05:28:39 | WARD_B_TEMP_03 | 37.3 | NORMAL
2026-09-22 05:28:39 | WARD_B_TEMP_04 | 37.7 | WARNING
2026-09-22 05:28:39 | WARD_B_TEMP_05 | 39.3 | CRITICAL
2026-09-22 05:28:40 | WARD_B_TEMP_01 | 36.7 | NORMAL
2026-09-22 05:28:40 | WARD_B_TEMP_02 | 36.3 | NORMAL
2026-09-22 05:28:40 | WARD_B_TEMP_03 | 36.2 | NORMAL
2026-09-22 05:28:40 | WARD_B_TEMP_04 | 35.3 | CRITICAL
2026-09-22 05:28:40 | WARD_B_TEMP_05 | 40.0 | CRITICAL
2026-09-22 05:28:41 | WARD_B_TEMP_01 | 40.4 | CRITICAL
2026-09-22 05:28:41 | WARD_B_TEMP_02 | 37.5 | WARNING
2026-09-22 05:28:41 | WARD_B_TEMP_03 | 38.9 | CRITICAL
2026-09-22 05:28:41 | WARD_B_TEMP_04 | 40.0 | CRITICAL
2026-09-22 05:28:41 | WARD_B_TEMP_05 | 39.6 | CRITICAL
2026-09-22 05:28:42 | WARD_B_TEMP_01 | 36.4 | NORMAL
2026-09-22 05:28:42 | WARD_B_TEMP_02 | 40.0 | CRITICAL
2026-09-22 05:28:42 | WARD_B_TEMP_03 | 37.5 | WARNING
2026-09-22 05:28:42 | WARD_B_TEMP_04 | 35.2 | CRITICAL
2026-09-22 05:28:42 | WARD_B_TEMP_05 | 35.0 | CRITICAL
2026-09-22 05:28:43 | WARD_B_TEMP_01 | 35.1 | CRITICAL
2026-09-22 05:28:43 | WARD_B_TEMP_02 | 40.2 | CRITICAL
2026-09-22 05:28:43 | WARD_B_TEMP_03 | 35.3 | CRITICAL
2026-09-22 05:28:43 | WARD_B_TEMP_04 | 39.8 | CRITICAL
2026-09-22 05:28:43 | WARD_B_TEMP_05 | 35.0 | CRITICAL
2026-09-22 05:28:44 | WARD_B_TEMP_01 | 38.6 | CRITICAL
2026-09-22 05:28:44 | WARD_B_TEMP_02 | 38.3 | CRITICAL
2026-09-22 05:28:44 | WARD_B_TEMP_03 | 34.7 | CRITICAL
2026-09-22 05:28:44 | WARD_B_TEMP_04 | 36.2 | NORMAL
2026-09-22 05:28:44 | WARD_B_TEMP_05 | 36.1 | NORMAL
2026-09-22 05:28:45 | WARD_B_TEMP_01 | 35.7 | NORMAL
2026-09-22 05:28:45 | WARD_B_TEMP_02 | 37.2 | NORMAL
2026-09-22 05:28:45 | WARD_B_TEMP_03 | 37.5 | WARNING
2026-09-22 05:28:45 | WARD_B_TEMP_04 | 39.5 | CRITICAL
2026-09-22 05:28:45 | WARD_B_TEMP_05 | 39.5 | CRITICAL
2026-09-22 05:28:46 | WARD_B_TEMP_01 | 35.1 | CRITICAL
2026-09-22 05:28:46 | WARD_B_TEMP_02 | 36.3 | NORMAL
2026-09-22 05:28:46 | WARD_B_TEMP_03 | 37.7 | WARNING
2026-09-22 05:28:46 | WARD_B_TEMP_04 | 35.3 | CRITICAL
2026-09-22 05:28:46 | WARD_B_TEMP_05 | 35.2 | CRITICAL
2026-09-22 05:28:47 | WARD_B_TEMP_01 | 39.2 | CRITICAL
2026-09-22 05:28:47 | WARD_B_TEMP_02 | 35.6 | NORMAL
2026-09-22 05:28:47 | WARD_B_TEMP_03 | 36.3 | NORMAL
2026-09-22 05:28:47 | WARD_B_TEMP_04 | 36.8 | NORMAL
2026-09-22 05:28:47 | WARD_B_TEMP_05 | 37.2 | NORMAL
2026-09-22 05:28:48 | WARD_B_TEMP_01 | 35.2 | CRITICAL
2026-09-22 05:28:48 | WARD_B_TEMP_02 | 38.2 | CRITICAL
2026-09-22 05:28:48 | WARD_B_TEMP_03 | 34.8 | CRITICAL
2026-09-22 05:28:48 | WARD_B_TEMP_04 | 40.5 | CRITICAL
2026-09-22 05:28:48 | WARD_B_TEMP_05 | 40.3 | CRITICAL
2026-09-22 05:28:49 | WARD_B_TEMP_01 | 34.8 | CRITICAL
2026-09-22 05:28:49 | WARD_B_TEMP_02 | 38.0 | WARNING
2026-09-22 05:28:49 | WARD_B_TEMP_03 | 39.7 | CRITICAL
2026-09-22 05:28:49 | WARD_B_TEMP_04 | 35.7 | NORMAL
2026-09-22 05:28:49 | WARD_B_TEMP_05 | 35.0 | CRITICAL
2026-09-22 05:28:50 | WARD_B_TEMP_01 | 39.6 | CRITICAL
2026-09-22 05:28:50 | WARD_B_TEMP_02 | 36.1 | NORMAL
2026-09-22 05:28:50 | WARD_B_TEMP_03 | 34.9 | CRITICAL
2026-09-22 05:28:50 | WARD_B_TEMP_04 | 40.0 | CRITICAL
2026-09-22 05:28:50 | WARD_B_TEMP_05 | 40.0 | CRITICAL
2026-09-22 05:28:51 | WARD_B_TEMP_01 | 35.8 | NORMAL
2026-09-22 05:28:51 | WARD_B_TEMP_02 | 38.8 | CRITICAL
2026-09-22 05:28:51 | WARD_B_TEMP_03 | 34.6 | CRITICAL
2026-09-22 05:28:51 | WARD_B_TEMP_04 | 35.1 | CRITICAL
2026-09-22 05:28:51 | WARD_B_TEMP_05 | 36.7 | NORMAL
2026-09-22 05:28:52 | WARD_B_TEMP_01 | 38.7 | CRITICAL
2026-09-22 05:28:52 | WARD_B_TEMP_02 | 40.4 | CRITICAL
2026-09-22 05:28:52 | WARD_B_TEMP_03 | 38.3 | CRITICAL
2026-09-22 05:28:52 | WARD_B_TEMP_04 | 37.5 | WARNING
2026-09-22 05:28:52 | WARD_B_TEMP_05 | 37.7 | WARNING
2026-09-22 05:28:53 | WARD_B_TEMP_01 | 37.3 | NORMAL
2026-09-22 05:28:53 | WARD_B_TEMP_02 | 40.0 | CRITICAL
2026-09-22 05:28:53 | WARD_B_TEMP_03 | 34.5 | CRITICAL
2026-09-22 05:28:53 | WARD_B_TEMP_04 | 35.5 | NORMAL
2026-09-22 05:28:53 | WARD_B_TEMP_05 | 40.0 | CRITICAL
2026-09-22 05:28:54 | WARD_B_TEMP_01 | 35.9 | NORMAL
2026-09-22 05:28:54 | WARD_B_TEMP_02 | 40.3 | CRITICAL
2026-09-22 05:28:54 | WARD_B_TEMP_03 | 34.8 | CRITICAL
2026-09-22 05:28:54 | WARD_B_TEMP_04 | 35.1 | CRITICAL
2026-09-22 05:28:54 | WARD_B_TEMP_05 | 38.4 | CRITICAL
2026-09-22 05:28:55 | WARD_B_TEMP_01 | 35.1 | CRITICAL
2026-09-22 05:28:55 | WARD_B_TEMP_02 | 36.7 | NORMAL
2026-09-22 05:28:55 | WARD_B_TEMP_03 | 37.6 | WARNING
2026-09-22 05:28:55 | WARD_B_TEMP_04 | 36.0 | NORMAL
2026-09-22 05:28:55 | WARD_B_TEMP_05 | 38.3 | CRITICAL
2026-09-22 05:28:56 | WARD_B_TEMP_01 | 36.2 | NORMAL
2026-09-22 05:28:56 | WARD_B_TEMP_02 | 36.2 | NORMAL
2026-09-22 05:28:56 | WARD_B_TEMP_03 | 37.6 | WARNING
2026-09-22 05:28:56 | WARD_B_TEMP_04 | 37.2 | NORMAL
2026-09-22 05:28:56 | WARD_B_TEMP_05 | 35.1 | CRITICAL
2026-09-22 05:28:57 | WARD_B_TEMP_01 | 39.5 | CRITICAL
2026-09-22 05:28:57 | WARD_B_TEMP_02 | 38.6 | CRITICAL
2026-09-22 05:28:57 | WARD_B_TEMP_03 | 38.4 | CRITICAL
2026-09-22 05:28:57 | WARD_B_TEMP_04 | 37.2 | NORMAL
2026-09-22 05:28:57 | WARD_B_TEMP_05 | 40.2 | CRITICAL
2026-09-22 05:28:58 | WARD_B_TEMP_01 | 36.5 | NORMAL
2026-09-22 05:28:58 | WARD_B_TEMP_02 | 36.3 | NORMAL
2026-09-22 05:28:58 | WARD_B_TEMP_03 | 38.7 | CRITICAL
2026-09-22 05:28:58 | WARD_B_TEMP_04 | 36.4 | NORMAL
2026-09-22 05:28:58 | WARD_B_TEMP_05 | 39.0 | CRITICAL
2026-09-22 05:28:59 | WARD_B_TEMP_01 | 38.7 | CRITICAL
2026-09-22 05:28:59 | WARD_B_TEMP_02 | 36.5 | NORMAL
2026-09-22 05:28:59 | WARD_B_TEMP_03 | 38.5 | CRITICAL
2026-09-22 05:28:59 | WARD_B_TEMP_04 | 35.5 | NORMAL
2026-09-22 05:28:59 | WARD_B_TEMP_05 | 36.9 | NORMAL
2026-09-22 05:29:00 | WARD_B_TEMP_01 | 38.2 | CRITICAL
2026-09-22 05:29:00 | WARD_B_TEMP_02 | 35.5 | NORMAL
2026-09-22 05:29:00 | WARD_B_TEMP_03 | 34.7 | CRITICAL
2026-09-22 05:29:00 | WARD_B_TEMP_04 | 38.9 | CRITICAL
2026-09-22 05:29:00 | WARD_B_TEMP_05 | 37.5 | WARNING
2026-09-22 05:29:01 | WARD_B_TEMP_01 | 35.3 | CRITICAL
2026-09-22 05:29:01 | WARD_B_TEMP_02 | 37.4 | NORMAL
2026-09-22 05:29:01 | WARD_B_TEMP_03 | 35.9 | NORMAL
2026-09-22 05:29:01 | WARD_B_TEMP_04 | 38.1 | CRITICAL
2026-09-22 05:29:01 | WARD_B_TEMP_05 | 36.5 | NORMAL
2026-09-22 05:29:02 | WARD_B_TEMP_01 | 39.8 | CRITICAL
2026-09-22 05:29:02 | WARD_B_TEMP_02 | 36.6 | NORMAL
2026-09-22 05:29:02 | WARD_B_TEMP_03 | 38.1 | CRITICAL
2026-09-22 05:29:02 | WARD_B_TEMP_04 | 35.8 | NORMAL
2026-09-22 05:29:02 | WARD_B_TEMP_05 | 36.9 | NORMAL
2026-09-22 05:29:03 | WARD_B_TEMP_01 | 39.8 | CRITICAL
2026-09-22 05:29:03 | WARD_B_TEMP_02 | 35.5 | NORMAL
2026-09-22 05:29:03 | WARD_B_TEMP_03 | 34.7 | CRITICAL
2026-09-22 05:29:03 | WARD_B_TEMP_04 | 37.7 | WARNING
2026-09-22 05:29:03 | WARD_B_TEMP_05 | 38.8 | CRITICAL
2026-09-22 05:29:04 | WARD_B_TEMP_01 | 34.7 | CRITICAL
2026-09-22 05:29:04 | WARD_B_TEMP_02 | 36.4 | NORMAL
2026-09-22 05:29:04 | WARD_B_TEMP_03 | 37.1 | NORMAL
2026-09-22 05:29:04 | WARD_B_TEMP_04 | 38.3 | CRITICAL
2026-09-22 05:29:04 | WARD_B_TEMP_05 | 35.4 | CRITICAL
2026-09-22 05:29:05 | WARD_B_TEMP_01 | 39.8 | CRITICAL
2026-09-22 05:29:05 | WARD_B_TEMP_02 | 36.9 | NORMAL
2026-09-22 05:29:05 | WARD_B_TEMP_03 | 36.0 | NORMAL
2026-09-22 05:29:05 | WARD_B_TEMP_04 | 40.4 | CRITICAL
2026-09-22 05:29:05 | WARD_B_TEMP_05 | 35.5 | NORMAL
2026-09-22 05:29:06 | WARD_B_TEMP_01 | 40.1 | CRITICAL
2026-09-22 05:29:06 | WARD_B_TEMP_02 | 34.9 | CRITICAL
2026-09-22 05:29:06 | WARD_B_TEMP_03 | 37.1 | NORMAL
2026-09-22 05:29:06 | WARD_B_TEMP_04 | 39.3 | CRITICAL
2026-09-22 05:29:06 | WARD_B_TEMP_05 | 35.2 | CRITICAL
2026-09-22 05:29:07 | WARD_B_TEMP_01 | 37.5 | WARNING
2026-09-22 05:29:07 | WARD_B_TEMP_02 | 35.3 | CRITICAL
2026-09-22 05:29:07 | WARD_B_TEMP_03 | 35.8 | NORMAL
2026-09-22 05:29:07 | WARD_B_TEMP_04 | 40.2 | CRITICAL
2026-09-22 05:29:07 | WARD_B_TEMP_05 | 39.5 | CRITICAL
2026-09-22 05:29:08 | WARD_B_TEMP_01 | 37.1 | NORMAL
2026-09-22 05:29:08 | WARD_B_TEMP_02 | 39.6 | CRITICAL
2026-09-22 05:29:08 | WARD_B_TEMP_03 | 36.3 | NORMAL
2026-09-22 05:29:08 | WARD_B_TEMP_04 | 35.2 | CRITICAL
2026-09-22 05:29:08 | WARD_B_TEMP_05 | 38.8 | CRITICAL
2026-09-22 05:29:09 | WARD_B_TEMP_01 | 39.9 | CRITICAL
2026-09-22 05:29:09 | WARD_B_TEMP_02 | 35.9 | NORMAL
2026-09-22 05:29:09 | WARD_B_TEMP_03 | 35.0 | CRITICAL
2026-09-22 05:29:09 | WARD_B_TEMP_04 | 39.7 | CRITICAL
2026-09-22 05:29:09 | WARD_B_TEMP_05 | 35.4 | CRITICAL
2026-09-22 05:29:10 | WARD_B_TEMP_01 | 39.6 | CRITICAL
2026-09-22 05:29:10 | WARD_B_TEMP_02 | 35.5 | NORMAL
2026-09-22 05:29:10 | WARD_B_TEMP_03 | 35.5 | NORMAL
2026-09-22 05:29:10 | WARD_B_TEMP_04 | 39.4 | CRITICAL
2026-09-22 05:29:10 | WARD_B_TEMP_05 | 39.9 | CRITICAL
2026-09-22 05:29:11 | WARD_B_TEMP_01 | 40.4 | CRITICAL
2026-09-22 05:29:11 | WARD_B_TEMP_02 | 35.8 | NORMAL
2026-09-22 05:29:11 | WARD_B_TEMP_03 | 34.8 | CRITICAL
2026-09-22 05:29:11 | WARD_B_TEMP_04 | 38.5 | CRITICAL
2026-09-22 05:29:11 | WARD_B_TEMP_05 | 36.3 | NORMAL
2026-09-22 05:29:12 | WARD_B_TEMP_01 | 40.2 | CRITICAL
2026-09-22 05:29:12 | WARD_B_TEMP_02 | 35.1 | CRITICAL
2026-09-22 05:29:12 | WARD_B_TEMP_03 | 35.9 | NORMAL
2026-09-22 05:29:12 | WARD_B_TEMP_04 | 38.8 | CRITICAL
2026-09-22 05:29:12 | WARD_B_TEMP_05 | 37.1 | NORMAL
2026-09-22 05:29:13 | WARD_B_TEMP_01 | 35.3 | CRITICAL
2026-09-22 05:29:13 | WARD_B_TEMP_02 | 39.2 | CRITICAL
2026-09-22 05:29:13 | WARD_B_TEMP_03 | 37.8 | WARNING
2026-09-22 05:29:13 | WARD_B_TEMP_04 | 34.5 | CRITICAL
2026-09-22 05:29:13 | WARD_B_TEMP_05 | 36.6 | NORMAL
2026-09-22 05:29:14 | WARD_B_TEMP_01 | 38.0 | WARNING
2026-09-22 05:29:14 | WARD_B_TEMP_02 | 35.1 | CRITICAL
2026-09-22 05:29:14 | WARD_B_TEMP_03 | 35.8 | NORMAL
2026-09-22 05:29:14 | WARD_B_TEMP_04 | 36.9 | NORMAL
2026-09-22 05:29:14 | WARD_B_TEMP_05 | 37.7 | WARNING
2026-09-22 05:29:15 | WARD_B_TEMP_01 | 39.6 | CRITICAL
2026-09-22 05:29:15 | WARD_B_TEMP_02 | 38.6 | CRITICAL
2026-09-22 05:29:15 | WARD_B_TEMP_03 | 36.9 | NORMAL
2026-09-22 05:29:15 | WARD_B_TEMP_04 | 39.2 | CRITICAL
2026-09-22 05:29:15 | WARD_B_TEMP_05 | 35.4 | CRITICAL
2026-09-22 05:29:16 | WARD_B_TEMP_01 | 37.9 | WARNING
2026-09-22 05:29:16 | WARD_B_TEMP_02 | 39.6 | CRITICAL
2026-09-22 05:29:16 | WARD_B_TEMP_03 | 38.4 | CRITICAL
2026-09-22 05:29:16 | WARD_B_TEMP_04 | 37.5 | WARNING
2026-09-22 05:29:16 | WARD_B_TEMP_05 | 34.9 | CRITICAL
2026-09-22 05:29:17 | WARD_B_TEMP_01 | 38.1 | CRITICAL
2026-09-22 05:29:17 | WARD_B_TEMP_02 | 39.0 | CRITICAL
2026-09-22 05:29:17 | WARD_B_TEMP_03 | 40.2 | CRITICAL
2026-09-22 05:29:17 | WARD_B_TEMP_04 | 37.1 | NORMAL
2026-09-22 05:29:17 | WARD_B_TEMP_05 | 35.1 | CRITICAL
2026-09-22 05:29:18 | WARD_B_TEMP_01 | 36.9 | NORMAL
2026-09-22 05:29:18 | WARD_B_TEMP_02 | 37.5 | WARNING
2026-09-22 05:29:18 | WARD_B_TEMP_03 | 35.9 | NORMAL
2026-09-22 05:29:18 | WARD_B_TEMP_04 | 35.3 | CRITICAL
2026-09-22 05:29:18 | WARD_B_TEMP_05 | 38.8 | CRITICAL
2026-09-22 05:29:19 | WARD_B_TEMP_01 | 36.1 | NORMAL
2026-09-22 05:29:19 | WARD_B_TEMP_02 | 40.1 | CRITICAL
2026-09-22 05:29:19 | WARD_B_TEMP_03 | 35.3 | CRITICAL
2026-09-22 05:29:19 | WARD_B_TEMP_04 | 37.0 | NORMAL
2026-09-22 05:29:19 | WARD_B_TEMP_05 | 38.5 | CRITICAL
2026-09-22 05:29:20 | WARD_B_TEMP_01 | 38.6 | CRITICAL
2026-09-22 05:29:20 | WARD_B_TEMP_02 | 40.5 | CRITICAL
2026-09-22 05:29:20 | WARD_B_TEMP_03 | 37.7 | WARNING
2026-09-22 05:29:20 | WARD_B_TEMP_04 | 39.3 | CRITICAL
2026-09-22 05:29:20 | WARD_B_TEMP_05 | 39.4 | CRITICAL
2026-09-22 05:29:21 | WARD_B_TEMP_01 | 35.3 | CRITICAL
2026-09-22 05:29:21 | WARD_B_TEMP_02 | 38.8 | CRITICAL
2026-09-22 05:29:21 | WARD_B_TEMP_03 | 35.5 | NORMAL
2026-09-22 05:29:21 | WARD_B_TEMP_04 | 40.2 | CRITICAL
2026-09-22 05:29:21 | WARD_B_TEMP_05 | 38.7 | CRITICAL
2026-09-22 05:29:22 | WARD_B_TEMP_01 | 39.7 | CRITICAL
2026-09-22 05:29:22 | WARD_B_TEMP_02 | 36.3 | NORMAL
2026-09-22 05:29:22 | WARD_B_TEMP_03 | 37.4 | NORMAL
2026-09-22 05:29:22 | WARD_B_TEMP_04 | 35.5 | NORMAL
2026-09-22 05:29:22 | WARD_B_TEMP_05 | 35.0 | CRITICAL
2026-09-22 05:29:23 | WARD_B_TEMP_01 | 34.8 | CRITICAL
2026-09-22 05:29:23 | WARD_B_TEMP_02 | 36.3 | NORMAL
2026-09-22 05:29:23 | WARD_B_TEMP_03 | 37.8 | WARNING
2026-09-22 05:29:23 | WARD_B_TEMP_04 | 36.0 | NORMAL
2026-09-22 05:29:23 | WARD_B_TEMP_05 | 37.6 | WARNING
2026-09-22 05:29:24 | WARD_B_TEMP_01 | 39.9 | CRITICAL
2026-09-22 05:29:24 | WARD_B_TEMP_02 | 39.7 | CRITICAL
2026-09-22 05:29:24 | WARD_B_TEMP_03 | 35.1 | CRITICAL
2026-09-22 05:29:24 | WARD_B_TEMP_04 | 40.1 | CRITICAL
2026-09-22 05:29:24 | WARD_B_TEMP_05 | 39.7 | CRITICAL
2026-09-22 05:29:25 | WARD_B_TEMP_01 | 37.0 | NORMAL
2026-09-22 05:29:25 | WARD_B_TEMP_02 | 35.4 | CRITICAL
2026-09-22 05:29:25 | WARD_B_TEMP_03 | 35.2 | CRITICAL
2026-09-22 05:29:25 | WARD_B_TEMP_04 | 37.4 | NORMAL
2026-09-22 05:29:25 | WARD_B_TEMP_05 | 40.1 | CRITICAL
2026-09-22 05:29:26 | WARD_B_TEMP_01 | 35.8 | NORMAL
2026-09-22 05:29:26 | WARD_B_TEMP_02 | 38.0 | WARNING
2026-09-22 05:29:26 | WARD_B_TEMP_03 | 34.7 | CRITICAL
2026-09-22 05:29:26 | WARD_B_TEMP_04 | 37.6 | WARNING
2026-09-22 05:29:26 | WARD_B_TEMP_05 | 37.9 | WARNING
2026-09-22 05:29:27 | WARD_B_TEMP_01 | 37.3 | NORMAL
2026-09-22 05:29:27 | WARD_B_TEMP_02 | 35.0 | CRITICAL
2026-09-22 05:29:27 | WARD_B_TEMP_03 | 40.3 | CRITICAL
2026-09-22 05:29:27 | WARD_B_TEMP_04 | 39.4 | CRITICAL
2026-09-22 05:29:27 | WARD_B_TEMP_05 | 39.0 | CRITICAL
2026-09-22 05:29:28 | WARD_B_TEMP_01 | 36.0 | NORMAL
2026-09-22 05:29:28 | WARD_B_TEMP_02 | 37.9 | WARNING
2026-09-22 05:29:28 | WARD_B_TEMP_03 | 34.7 | CRITICAL
2026-09-22 05:29:28 | WARD_B_TEMP_04 | 37.3 | NORMAL
2026-09-22 05:29:28 | WARD_B_TEMP_05 | 38.7 | CRITICAL
2026-09-22 05:29:29 | WARD_B_TEMP_01 | 37.2 | NORMAL
2026-09-22 05:29:29 | WARD_B_TEMP_02 | 35.4 | CRITICAL
2026-09-22 05:29:29 | WARD_B_TEMP_03 | 39.9 | CRITICAL
2026-09-22 05:29:29 | WARD_B_TEMP_04 | 38.2 | CRITICAL
2026-09-22 05:29:29 | WARD_B_TEMP_05 | 36.6 | NORMAL
2026-09-22 05:29:30 | WARD_B_TEMP_01 | 36.9 | NORMAL
2026-09-22 05:29:30 | WARD_B_TEMP_02 | 37.7 | WARNING
2026-09-22 05:29:30 | WARD_B_TEMP_03 | 35.5 | NORMAL
2026-09-22 05:29:30 | WARD_B_TEMP_04 | 37.6 | WARNING
2026-09-22 05:29:30 | WARD_B_TEMP_05 | 39.7 | CRITICAL
2026-09-22 05:29:31 | WARD_B_TEMP_01 | 35.9 | NORMAL
2026-09-22 05:29:31 | WARD_B_TEMP_02 | 38.8 | CRITICAL
2026-09-22 05:29:31 | WARD_B_TEMP_03 | 40.4 | CRITICAL
2026-09-22 05:29:31 | WARD_B_TEMP_04 | 35.6 | NORMAL
2026-09-22 05:29:31 | WARD_B_TEMP_05 | 37.0 | NORMAL
2026-09-22 05:29:32 | WARD_B_TEMP_01 | 40.0 | CRITICAL
2026-09-22 05:29:32 | WARD_B_TEMP_02 | 39.8 | CRITICAL
2026-09-22 05:29:32 | WARD_B_TEMP_03 | 40.4 | CRITICAL
2026-09-22 05:29:32 | WARD_B_TEMP_04 | 40.0 | CRITICAL
2026-09-22 05:29:32 | WARD_B_TEMP_05 | 38.3 | CRITICAL
2026-09-22 05:29:33 | WARD_B_TEMP_01 | 38.8 | CRITICAL
2026-09-22 05:29:33 | WARD_B_TEMP_02 | 34.7 | CRITICAL
2026-09-22 05:29:33 | WARD_B_TEMP_03 | 35.6 | NORMAL
2026-09-22 05:29:33 | WARD_B_TEMP_04 | 37.8 | WARNING
2026-09-22 05:29:33 | WARD_B_TEMP_05 | 36.4 | NORMAL
2026-09-22 05:29:34 | WARD_B_TEMP_01 | 34.6 | CRITICAL
2026-09-22 05:29:34 | WARD_B_TEMP_02 | 38.1 | CRITICAL
2026-09-22 05:29:34 | WARD_B_TEMP_03 | 36.5 | NORMAL
2026-09-22 05:29:34 | WARD_B_TEMP_04 | 37.9 | WARNING
2026-09-22 05:29:34 | WARD_B_TEMP_05 | 35.3 | CRITICAL
2026-09-22 05:29:35 | WARD_B_TEMP_01 | 34.6 | CRITICAL
2026-09-22 05:29:35 | WARD_B_TEMP_02 | 40.0 | CRITICAL
2026-09-22 05:29:35 | WARD_B_TEMP_03 | 38.2 | CRITICAL
2026-09-22 05:29:35 | WARD_B_TEMP_04 | 40.2 | CRITICAL
2026-09-22 05:29:35 | WARD_B_TEMP_05 | 34.8 | CRITICAL
2026-09-22 05:29:36 | WARD_B_TEMP_01 | 38.2 | CRITICAL
2026-09-22 05:29:36 | WARD_B_TEMP_02 | 37.3 | NORMAL
2026-09-22 05:29:36 | WARD_B_TEMP_03 | 35.4 | CRITICAL
2026-09-22 05:29:36 | WARD_B_TEMP_04 | 35.9 | NORMAL
2026-09-22 05:29:36 | WARD_B_TEMP_05 | 36.7 | NORMAL
2026-09-22 05:29:37 | WARD_B_TEMP_01 | 35.4 | CRITICAL
2026-09-22 05:29:37 | WARD_B_TEMP_02 | 37.8 | WARNING
2026-09-22 05:29:37 | WARD_B_TEMP_03 | 38.2 | CRITICAL
2026-09-22 05:29:37 | WARD_B_TEMP_04 | 38.9 | CRITICAL
2026-09-22 05:29:37 | WARD_B_TEMP_05 | 37.7 | WARNING
2026-09-22 05:29:38 | WARD_B_TEMP_01 | 35.9 | NORMAL
2026-09-22 05:29:38 | WARD_B_TEMP_02 | 35.1 | CRITICAL
2026-09-22 05:29:38 | WARD_B_TEMP_03 | 34.8 | CRITICAL
2026-09-22 05:29:38 | WARD_B_TEMP_04 | 38.6 | CRITICAL
2026-09-22 05:29:38 | WARD_B_TEMP_05 | 39.7 | CRITICAL
2026-09-22 05:29:39 | WARD_B_TEMP_01 | 36.4 | NORMAL
2026-09-22 05:29:39 | WARD_B_TEMP_02 | 39.6 | CRITICAL
2026-09-22 05:29:39 | WARD_B_TEMP_03 | 36.0 | NORMAL
2026-09-22 05:29:39 | WARD_B_TEMP_04 | 35.7 | NORMAL
2026-09-22 05:29:39 | WARD_B_TEMP_05 | 37.6 | WARNING
2026-09-22 05:29:40 | WARD_B_TEMP_01 | 38.8 | CRITICAL
2026-09-22 05:29:40 | WARD_B_TEMP_02 | 34.6 | CRITICAL
2026-09-22 05:29:40 | WARD_B_TEMP_03 | 39.4 | CRITICAL
2026-09-22 05:29:40 | WARD_B_TEMP_04 | 38.3 | CRITICAL
2026-09-22 05:29:40 | WARD_B_TEMP_05 | 37.7 | WARNING
2026-09-22 05:29:41 | WARD_B_TEMP_01 | 36.4 | NORMAL
2026-09-22 05:29:41 | WARD_B_TEMP_02 | 35.3 | CRITICAL
2026-09-22 05:29:41 | WARD_B_TEMP_03 | 39.2 | CRITICAL
2026-09-22 05:29:41 | WARD_B_TEMP_04 | 34.9 | CRITICAL
2026-09-22 05:29:41 | WARD_B_TEMP_05 | 40.1 | CRITICAL
2026-09-22 05:29:42 | WARD_B_TEMP_01 | 36.5 | NORMAL
2026-09-22 05:29:42 | WARD_B_TEMP_02 | 35.4 | CRITICAL
2026-09-22 05:29:42 | WARD_B_TEMP_03 | 38.1 | CRITICAL
2026-09-22 05:29:42 | WARD_B_TEMP_04 | 39.8 | CRITICAL
2026-09-22 05:29:42 | WARD_B_TEMP_05 | 35.9 | NORMAL
2026-09-22 05:29:43 | WARD_B_TEMP_01 | 40.3 | CRITICAL
2026-09-22 05:29:43 | WARD_B_TEMP_02 | 36.3 | NORMAL
2026-09-22 05:29:43 | WARD_B_TEMP_03 | 38.3 | CRITICAL
2026-09-22 05:29:43 | WARD_B_TEMP_04 | 36.6 | NORMAL
2026-09-22 05:29:43 | WARD_B_TEMP_05 | 39.8 | CRITICAL
2026-09-22 05:29:44 | WARD_B_TEMP_01 | 36.1 | NORMAL
2026-09-22 05:29:44 | WARD_B_TEMP_02 | 37.9 | WARNING
2026-09-22 05:29:44 | WARD_B_TEMP_03 | 39.1 | CRITICAL
2026-09-22 05:29:44 | WARD_B_TEMP_04 | 36.4 | NORMAL
2026-09-22 05:29:44 | WARD_B_TEMP_05 | 38.6 | CRITICAL
2026-09-22 05:29:45 | WARD_B_TEMP_01 | 39.4 | CRITICAL
2026-09-22 05:29:45 | WARD_B_TEMP_02 | 40.0 | CRITICAL
2026-09-22 05:29:45 | WARD_B_TEMP_03 | 38.6 | CRITICAL
2026-09-22 05:29:45 | WARD_B_TEMP_04 | 35.5 | NORMAL
2026-09-22 05:29:45 | WARD_B_TEMP_05 | 38.4 | CRITICAL
2026-09-22 05:29:46 | WARD_B_TEMP_01 | 37.0 | NORMAL
2026-09-22 05:29:46 | WARD_B_TEMP_02 | 39.9 | CRITICAL
2026-09-22 05:29:46 | WARD_B_TEMP_03 | 37.7 | WARNING
2026-09-22 05:29:46 | WARD_B_TEMP_04 | 39.0 | CRITICAL
2026-09-22 05:29:46 | WARD_B_TEMP_05 | 35.3 | CRITICAL
2026-09-22 05:29:47 | WARD_B_TEMP_01 | 39.8 | CRITICAL
2026-09-22 05:29:47 | WARD_B_TEMP_02 | 39.6 | CRITICAL
2026-09-22 05:29:47 | WARD_B_TEMP_03 | 38.7 | CRITICAL
2026-09-22 05:29:47 | WARD_B_TEMP_04 | 37.2 | NORMAL
2026-09-22 05:29:47 | WARD_B_TEMP_05 | 40.5 | CRITICAL
2026-09-22 05:29:48 | WARD_B_TEMP_01 | 35.9 | NORMAL
2026-09-22 05:29:48 | WARD_B_TEMP_02 | 40.5 | CRITICAL
2026-09-22 05:29:48 | WARD_B_TEMP_03 | 34.8 | CRITICAL
2026-09-22 05:29:48 | WARD_B_TEMP_04 | 40.4 | CRITICAL
2026-09-22 05:29:48 | WARD_B_TEMP_05 | 39.7 | CRITICAL
2026-09-22 05:29:49 | WARD_B_TEMP_01 | 38.7 | CRITICAL
2026-09-22 05:29:49 | WARD_B_TEMP_02 | 37.6 | WARNING
2026-09-22 05:29:49 | WARD_B_TEMP_03 | 36.5 | NORMAL
2026-09-22 05:29:49 | WARD_B_TEMP_04 | 34.8 | CRITICAL
2026-09-22 05:29:49 | WARD_B_TEMP_05 | 37.2 | NORMAL
2026-09-22 05:29:50 | WARD_B_TEMP_01 | 39.7 | CRITICAL
2026-09-22 05:29:50 | WARD_B_TEMP_02 | 37.6 | WARNING
2026-09-22 05:29:50 | WARD_B_TEMP_03 | 38.1 | CRITICAL
2026-09-22 05:29:50 | WARD_B_TEMP_04 | 38.1 | CRITICAL
2026-09-22 05:29:50 | WARD_B_TEMP_05 | 38.2 | CRITICAL
2026-09-22 05:29:51 | WARD_B_TEMP_01 | 37.9 | WARNING
2026-09-22 05:29:51 | WARD_B_TEMP_02 | 38.7 | CRITICAL
2026-09-22 05:29:51 | WARD_B_TEMP_03 | 38.9 | CRITICAL
2026-09-22 05:29:51 | WARD_B_TEMP_04 | 38.7 | CRITICAL
2026-09-22 05:29:51 | WARD_B_TEMP_05 | 36.9 | NORMAL
2026-09-22 05:29:52 | WARD_B_TEMP_01 | 36.6 | NORMAL
2026-09-22 05:29:52 | WARD_B_TEMP_02 | 40.4 | CRITICAL
2026-09-22 05:29:52 | WARD_B_TEMP_03 | 35.4 | CRITICAL
2026-09-22 05:29:52 | WARD_B_TEMP_04 | 39.4 | CRITICAL
2026-09-22 05:29:52 | WARD_B_TEMP_05 | 36.8 | NORMAL
2026-09-22 05:29:53 | WARD_B_TEMP_01 | 40.3 | CRITICAL
2026-09-22 05:29:53 | WARD_B_TEMP_02 | 38.5 | CRITICAL
2026-09-22 05:29:53 | WARD_B_TEMP_03 | 36.0 | NORMAL
2026-09-22 05:29:53 | WARD_B_TEMP_04 | 37.4 | NORMAL
2026-09-22 05:29:53 | WARD_B_TEMP_05 | 39.0 | CRITICAL
2026-09-22 05:29:54 | WARD_B_TEMP_01 | 36.5 | NORMAL
2026-09-22 05:29:54 | WARD_B_TEMP_02 | 38.3 | CRITICAL
2026-09-22 05:29:54 | WARD_B_TEMP_03 | 37.5 | WARNING
2026-09-22 05:29:54 | WARD_B_TEMP_04 | 34.6 | CRITICAL
2026-09-22 05:29:54 | WARD_B_TEMP_05 | 38.9 | CRITICAL
2026-09-22 05:29:55 | WARD_B_TEMP_01 | 40.1 | CRITICAL
2026-09-22 05:29:55 | WARD_B_TEMP_02 | 39.8 | CRITICAL
2026-09-22 05:29:55 | WARD_B_TEMP_03 | 34.7 | CRITICAL
2026-09-22 05:29:55 | WARD_B_TEMP_04 | 35.0 | CRITICAL
2026-09-22 05:29:55 | WARD_B_TEMP_05 | 35.3 | CRITICAL
2026-09-22 05:29:56 | WARD_B_TEMP_01 | 40.3 | CRITICAL
2026-09-22 05:29:56 | WARD_B_TEMP_02 | 38.2 | CRITICAL
2026-09-22 05:29:56 | WARD_B_TEMP_03 | 39.0 | CRITICAL
2026-09-22 05:29:56 | WARD_B_TEMP_04 | 38.6 | CRITICAL
2026-09-22 05:29:56 | WARD_B_TEMP_05 | 37.3 | NORMAL
2026-09-22 05:29:57 | WARD_B_TEMP_01 | 39.3 | CRITICAL
2026-09-22 05:29:57 | WARD_B_TEMP_02 | 39.0 | CRITICAL
2026-09-22 05:29:57 | WARD_B_TEMP_03 | 35.3 | CRITICAL
2026-09-22 05:29:57 | WARD_B_TEMP_04 | 40.0 | CRITICAL
2026-09-22 05:29:57 | WARD_B_TEMP_05 | 37.2 | NORMAL
2026-09-22 05:29:58 | WARD_B_TEMP_01 | 38.5 | CRITICAL
2026-09-22 05:29:58 | WARD_B_TEMP_02 | 40.1 | CRITICAL
2026-09-22 05:29:58 | WARD_B_TEMP_03 | 35.6 | NORMAL
2026-09-22 05:29:58 | WARD_B_TEMP_04 | 39.8 | CRITICAL
2026-09-22 05:29:58 | WARD_B_TEMP_05 | 35.6 | NORMAL
2026-09-22 05:29:59 | WARD_B_TEMP_01 | 37.2 | NORMAL
2026-09-22 05:29:59 | WARD_B_TEMP_02 | 37.1 | NORMAL
2026-09-22 05:29:59 | WARD_B_TEMP_03 | 40.0 | CRITICAL
2026-09-22 05:29:59 | WARD_B_TEMP_04 | 39.6 | CRITICAL
2026-09-22 05:29:59 | WARD_B_TEMP_05 | 39.3 | CRITICAL
2026-09-22 05:30:00 | WARD_B_TEMP_01 | 35.2 | CRITICAL
2026-09-22 05:30:00 | WARD_B_TEMP_02 | 37.1 | NORMAL
2026-09-22 05:30:00 | WARD_B_TEMP_03 | 39.2 | CRITICAL
2026-09-22 05:30:00 | WARD_B_TEMP_04 | 40.4 | CRITICAL
2026-09-22 05:30:00 | WARD_B_TEMP_05 | 36.5 | NORMAL
2026-09-22 05:30:01 | WARD_B_TEMP_01 | 37.0 | NORMAL
2026-09-22 05:30:01 | WARD_B_TEMP_02 | 37.1 | NORMAL
2026-09-22 05:30:01 | WARD_B_TEMP_03 | 39.4 | CRITICAL
2026-09-22 05:30:01 | WARD_B_TEMP_04 | 36.5 | NORMAL
2026-09-22 05:30:01 | WARD_B_TEMP_05 | 36.9 | NORMAL
2026-09-22 05:30:02 | WARD_B_TEMP_01 | 36.0 | NORMAL
2026-09-22 05:30:02 | WARD_B_TEMP_02 | 36.7 | NORMAL
2026-09-22 05:30:02 | WARD_B_TEMP_03 | 35.4 | CRITICAL
2026-09-22 05:30:02 | WARD_B_TEMP_04 | 35.5 | NORMAL
2026-09-22 05:30:02 | WARD_B_TEMP_05 | 39.3 | CRITICAL
2026-09-22 05:30:03 | WARD_B_TEMP_01 | 34.6 | CRITICAL
2026-09-22 05:30:03 | WARD_B_TEMP_02 | 39.1 | CRITICAL
2026-09-22 05:30:03 | WARD_B_TEMP_03 | 36.6 | NORMAL
2026-09-22 05:30:03 | WARD_B_TEMP_04 | 34.8 | CRITICAL
2026-09-22 05:30:03 | WARD_B_TEMP_05 | 36.4 | NORMAL
2026-09-22 05:30:04 | WARD_B_TEMP_01 | 40.3 | CRITICAL
2026-09-22 05:30:04 | WARD_B_TEMP_02 | 37.2 | NORMAL
2026-09-22 05:30:04 | WARD_B_TEMP_03 | 37.1 | NORMAL
2026-09-22 05:30:04 | WARD_B_TEMP_04 | 35.6 | NORMAL
2026-09-22 05:30:04 | WARD_B_TEMP_05 | 35.5 | NORMAL
2026-09-22 05:30:05 | WARD_B_TEMP_01 | 36.2 | NORMAL
2026-09-22 05:30:05 | WARD_B_TEMP_02 | 35.0 | CRITICAL
2026-09-22 05:30:05 | WARD_B_TEMP_03 | 37.6 | WARNING
2026-09-22 05:30:05 | WARD_B_TEMP_04 | 36.4 | NORMAL
2026-09-22 05:30:05 | WARD_B_TEMP_05 | 39.7 | CRITICAL
2026-09-22 05:30:06 | WARD_B_TEMP_01 | 34.7 | CRITICAL
2026-09-22 05:30:06 | WARD_B_TEMP_02 | 35.4 | CRITICAL
2026-09-22 05:30:06 | WARD_B_TEMP_03 | 35.2 | CRITICAL
2026-09-22 05:30:06 | WARD_B_TEMP_04 | 39.3 | CRITICAL
2026-09-22 05:30:06 | WARD_B_TEMP_05 | 38.0 | WARNING
2026-09-22 05:30:07 | WARD_B_TEMP_01 | 36.9 | NORMAL
2026-09-22 05:30:07 | WARD_B_TEMP_02 | 36.5 | NORMAL
2026-09-22 05:30:07 | WARD_B_TEMP_03 | 39.1 | CRITICAL
2026-09-22 05:30:07 | WARD_B_TEMP_04 | 35.5 | NORMAL
2026-09-22 05:30:07 | WARD_B_TEMP_05 | 37.6 | WARNING
2026-09-22 05:30:08 | WARD_B_TEMP_01 | 35.9 | NORMAL
2026-09-22 05:30:08 | WARD_B_TEMP_02 | 36.8 | NORMAL
2026-09-22 05:30:08 | WARD_B_TEMP_03 | 35.1 | CRITICAL
2026-09-22 05:30:08 | WARD_B_TEMP_04 | 36.3 | NORMAL
2026-09-22 05:30:08 | WARD_B_TEMP_05 | 37.1 | NORMAL
2026-09-22 05:30:09 | WARD_B_TEMP_01 | 39.7 | CRITICAL
2026-09-22 05:30:09 | WARD_B_TEMP_02 | 35.8 | NORMAL
2026-09-22 05:30:09 | WARD_B_TEMP_03 | 37.7 | WARNING
2026-09-22 05:30:09 | WARD_B_TEMP_04 | 37.5 | WARNING
2026-09-22 05:30:09 | WARD_B_TEMP_05 | 40.4 | CRITICAL
2026-09-22 05:30:10 | WARD_B_TEMP_01 | 40.3 | CRITICAL
2026-09-22 05:30:10 | WARD_B_TEMP_02 | 37.5 | WARNING
2026-09-22 05:30:10 | WARD_B_TEMP_03 | 36.7 | NORMAL
2026-09-22 05:30:10 | WARD_B_TEMP_04 | 36.4 | NORMAL
2026-09-22 05:30:10 | WARD_B_TEMP_05 | 40.4 | CRITICAL
2026-09-22 05:30:11 | WARD_B_TEMP_01 | 34.7 | CRITICAL
2026-09-22 05:30:11 | WARD_B_TEMP_02 | 40.5 | CRITICAL
2026-09-22 05:30:11 | WARD_B_TEMP_03 | 36.7 | NORMAL
2026-09-22 05:30:11 | WARD_B_TEMP_04 | 39.7 | CRITICAL
2026-09-22 05:30:11 | WARD_B_TEMP_05 | 34.5 | CRITICAL
2026-09-22 05:30:12 | WARD_B_TEMP_01 | 39.1 | CRITICAL
2026-09-22 05:30:12 | WARD_B_TEMP_02 | 39.8 | CRITICAL
2026-09-22 05:30:12 | WARD_B_TEMP_03 | 38.6 | CRITICAL
2026-09-22 05:30:12 | WARD_B_TEMP_04 | 36.4 | NORMAL
2026-09-22 05:30:12 | WARD_B_TEMP_05 | 35.0 | CRITICAL
2026-09-22 05:30:13 | WARD_B_TEMP_01 | 39.0 | CRITICAL
2026-09-22 05:30:13 | WARD_B_TEMP_02 | 36.5 | NORMAL
2026-09-22 05:30:13 | WARD_B_TEMP_03 | 35.7 | NORMAL
2026-09-22 05:30:13 | WARD_B_TEMP_04 | 39.6 | CRITICAL
2026-09-22 05:30:13 | WARD_B_TEMP_05 | 35.1 | CRITICAL
2026-09-22 05:30:14 | WARD_B_TEMP_01 | 39.2 | CRITICAL
2026-09-22 05:30:14 | WARD_B_TEMP_02 | 36.2 | NORMAL
2026-09-22 05:30:14 | WARD_B_TEMP_03 | 36.7 | NORMAL
2026-09-22 05:30:14 | WARD_B_TEMP_04 | 39.7 | CRITICAL
2026-09-22 05:30:14 | WARD_B_TEMP_05 | 37.3 | NORMAL
2026-09-22 05:30:15 | WARD_B_TEMP_01 | 34.6 | CRITICAL
2026-09-22 05:30:15 | WARD_B_TEMP_02 | 35.5 | NORMAL
2026-09-22 05:30:15 | WARD_B_TEMP_03 | 39.1 | CRITICAL
2026-09-22 05:30:15 | WARD_B_TEMP_04 | 37.7 | WARNING
2026-09-22 05:30:15 | WARD_B_TEMP_05 | 38.7 | CRITICAL
2026-09-22 05:30:16 | WARD_B_TEMP_01 | 40.1 | CRITICAL
2026-09-22 05:30:16 | WARD_B_TEMP_02 | 35.4 | CRITICAL
2026-09-22 05:30:16 | WARD_B_TEMP_03 | 39.3 | CRITICAL
2026-09-22 05:30:16 | WARD_B_TEMP_04 | 36.6 | NORMAL
2026-09-22 05:30:16 | WARD_B_TEMP_05 | 39.5 | CRITICAL
2026-09-22 05:30:17 | WARD_B_TEMP_01 | 38.5 | CRITICAL
2026-09-22 05:30:17 | WARD_B_TEMP_02 | 35.6 | NORMAL
2026-09-22 05:30:17 | WARD_B_TEMP_03 | 35.8 | NORMAL
2026-09-22 05:30:17 | WARD_B_TEMP_04 | 36.4 | NORMAL
2026-09-22 05:30:17 | WARD_B_TEMP_05 | 35.1 | CRITICAL
2026-09-22 05:30:18 | WARD_B_TEMP_01 | 35.2 | CRITICAL
2026-09-22 05:30:18 | WARD_B_TEMP_02 | 39.7 | CRITICAL
2026-09-22 05:30:18 | WARD_B_TEMP_03 | 40.0 | CRITICAL
2026-09-22 05:30:18 | WARD_B_TEMP_04 | 40.3 | CRITICAL
2026-09-22 05:30:18 | WARD_B_TEMP_05 | 37.0 | NORMAL
2026-09-22 05:30:19 | WARD_B_TEMP_01 | 36.1 | NORMAL
2026-09-22 05:30:19 | WARD_B_TEMP_02 | 37.6 | WARNING
2026-09-22 05:30:19 | WARD_B_TEMP_03 | 36.4 | NORMAL
2026-09-22 05:30:19 | WARD_B_TEMP_04 | 34.7 | CRITICAL
2026-09-22 05:30:19 | WARD_B_TEMP_05 | 38.8 | CRITICAL
2026-09-22 05:30:20 | WARD_B_TEMP_01 | 38.8 | CRITICAL
2026-09-22 05:30:20 | WARD_B_TEMP_02 | 35.5 | NORMAL
2026-09-22 05:30:20 | WARD_B_TEMP_03 | 36.1 | NORMAL
2026-09-22 05:30:20 | WARD_B_TEMP_04 | 34.8 | CRITICAL
2026-09-22 05:30:20 | WARD_B_TEMP_05 | 38.8 | CRITICAL
2026-09-22 05:30:21 | WARD_B_TEMP_01 | 37.2 | NORMAL
2026-09-22 05:30:21 | WARD_B_TEMP_02 | 40.3 | CRITICAL
2026-09-22 05:30:21 | WARD_B_TEMP_03 | 36.8 | NORMAL
2026-09-22 05:30:21 | WARD_B_TEMP_04 | 35.0 | CRITICAL
2026-09-22 05:30:21 | WARD_B_TEMP_05 | 39.9 | CRITICAL
2026-09-22 05:30:22 | WARD_B_TEMP_01 | 39.4 | CRITICAL
2026-09-22 05:30:22 | WARD_B_TEMP_02 | 38.2 | CRITICAL
2026-09-22 05:30:22 | WARD_B_TEMP_03 | 34.7 | CRITICAL
2026-09-22 05:30:22 | WARD_B_TEMP_04 | 36.4 | NORMAL
2026-09-22 05:30:22 | WARD_B_TEMP_05 | 38.7 | CRITICAL
2026-09-22 05:30:23 | WARD_B_TEMP_01 | 37.2 | NORMAL
2026-09-22 05:30:23 | WARD_B_TEMP_02 | 37.7 | WARNING
2026-09-22 05:30:23 | WARD_B_TEMP_03 | 40.1 | CRITICAL
2026-09-22 05:30:23 | WARD_B_TEMP_04 | 35.2 | CRITICAL
2026-09-22 05:30:23 | WARD_B_TEMP_05 | 37.6 | WARNING
2026-09-22 05:30:24 | WARD_B_TEMP_01 | 39.9 | CRITICAL
2026-09-22 05:30:24 | WARD_B_TEMP_02 | 40.1 | CRITICAL
2026-09-22 05:30:24 | WARD_B_TEMP_03 | 37.3 | NORMAL
2026-09-22 05:30:24 | WARD_B_TEMP_04 | 38.8 | CRITICAL
2026-09-22 05:30:24 | WARD_B_TEMP_05 | 39.7 | CRITICAL
2026-09-22 05:30:25 | WARD_B_TEMP_01 | 38.8 | CRITICAL
2026-09-22 05:30:25 | WARD_B_TEMP_02 | 37.8 | WARNING
2026-09-22 05:30:25 | WARD_B_TEMP_03 | 39.9 | CRITICAL
2026-09-22 05:30:25 | WARD_B_TEMP_04 | 36.3 | NORMAL
2026-09-22 05:30:25 | WARD_B_TEMP_05 | 39.2 | CRITICAL
2026-09-22 05:30:26 | WARD_B_TEMP_01 | 40.0 | CRITICAL
2026-09-22 05:30:26 | WARD_B_TEMP_02 | 37.3 | NORMAL
2026-09-22 05:30:26 | WARD_B_TEMP_03 | 38.9 | CRITICAL
2026-09-22 05:30:26 | WARD_B_TEMP_04 | 40.1 | CRITICAL
2026-09-22 05:30:26 | WARD_B_TEMP_05 | 36.4 | NORMAL
2026-09-22 05:30:27 | WARD_B_TEMP_01 | 37.5 | WARNING
2026-09-22 05:30:27 | WARD_B_TEMP_02 | 40.2 | CRITICAL
2026-09-22 05:30:27 | WARD_B_TEMP_03 | 34.6 | CRITICAL
2026-09-22 05:30:27 | WARD_B_TEMP_04 | 35.7 | NORMAL
2026-09-22 05:30:27 | WARD_B_TEMP_05 | 36.4 | NORMAL
2026-09-22 05:30:28 | WARD_B_TEMP_01 | 37.4 | NORMAL
2026-09-22 05:30:28 | WARD_B_TEMP_02 | 39.9 | CRITICAL
2026-09-22 05:30:28 | WARD_B_TEMP_03 | 38.9 | CRITICAL
2026-09-22 05:30:28 | WARD_B_TEMP_04 | 36.1 | NORMAL
2026-09-22 05:30:28 | WARD_B_TEMP_05 | 39.2 | CRITICAL
2026-09-22 05:30:29 | WARD_B_TEMP_01 | 36.3 | NORMAL
2026-09-22 05:30:29 | WARD_B_TEMP_02 | 35.8 | NORMAL
2026-09-22 05:30:29 | WARD_B_TEMP_03 | 39.0 | CRITICAL
2026-09-22 05:30:29 | WARD_B_TEMP_04 | 39.3 | CRITICAL
2026-09-22 05:30:29 | WARD_B_TEMP_05 | 37.6 | WARNING
2026-09-22 05:30:30 | WARD_B_TEMP_01 | 37.4 | NORMAL
2026-09-22 05:30:30 | WARD_B_TEMP_02 | 38.2 | CRITICAL
2026-09-22 05:30:30 | WARD_B_TEMP_03 | 40.4 | CRITICAL
2026-09-22 05:30:30 | WARD_B_TEMP_04 | 40.4 | CRITICAL
2026-09-22 05:30:30 | WARD_B_TEMP_05 | 39.3 | CRITICAL
2026-09-22 05:30:31 | WARD_B_TEMP_01 | 36.3 | NORMAL
2026-09-22 05:30:31 | WARD_B_TEMP_02 | 40.0 | CRITICAL
2026-09-22 05:30:31 | WARD_B_TEMP_03 | 36.4 | NORMAL
2026-09-22 05:30:31 | WARD_B_TEMP_04 | 37.6 | WARNING
2026-09-22 05:30:31 | WARD_B_TEMP_05 | 37.9 | WARNING
2026-09-22 05:30:32 | WARD_B_TEMP_01 | 37.2 | NORMAL
2026-09-22 05:30:32 | WARD_B_TEMP_02 | 35.7 | NORMAL
2026-09-22 05:30:32 | WARD_B_TEMP_03 | 35.8 | NORMAL
2026-09-22 05:30:32 | WARD_B_TEMP_04 | 35.1 | CRITICAL
2026-09-22 05:30:32 | WARD_B_TEMP_05 | 36.4 | NORMAL
2026-09-22 05:30:33 | WARD_B_TEMP_01 | 38.7 | CRITICAL
2026-09-22 05:30:33 | WARD_B_TEMP_02 | 39.0 | CRITICAL
2026-09-22 05:30:33 | WARD_B_TEMP_03 | 34.5 | CRITICAL
2026-09-22 05:30:33 | WARD_B_TEMP_04 | 38.9 | CRITICAL
2026-09-22 05:30:33 | WARD_B_TEMP_05 | 35.2 | CRITICAL
2026-09-22 05:30:34 | WARD_B_TEMP_01 | 34.7 | CRITICAL
2026-09-22 05:30:34 | WARD_B_TEMP_02 | 39.3 | CRITICAL
2026-09-22 05:30:34 | WARD_B_TEMP_03 | 37.9 | WARNING
2026-09-22 05:30:34 | WARD_B_TEMP_04 | 36.4 | NORMAL
2026-09-22 05:30:34 | WARD_B_TEMP_05 | 35.7 | NORMAL
2026-09-22 05:30:35 | WARD_B_TEMP_01 | 38.9 | CRITICAL
2026-09-22 05:30:35 | WARD_B_TEMP_02 | 36.6 | NORMAL
2026-09-22 05:30:35 | WARD_B_TEMP_03 | 38.3 | CRITICAL
2026-09-22 05:30:35 | WARD_B_TEMP_04 | 37.2 | NORMAL
2026-09-22 05:30:35 | WARD_B_TEMP_05 | 37.7 | WARNING
2026-09-22 05:30:36 | WARD_B_TEMP_01 | 35.8 | NORMAL
2026-09-22 05:30:36 | WARD_B_TEMP_02 | 40.4 | CRITICAL
2026-09-22 05:30:36 | WARD_B_TEMP_03 | 37.9 | WARNING
2026-09-22 05:30:36 | WARD_B_TEMP_04 | 38.1 | CRITICAL
2026-09-22 05:30:36 | WARD_B_TEMP_05 | 36.5 | NORMAL
2026-09-22 05:30:37 | WARD_B_TEMP_01 | 35.9 | NORMAL
2026-09-22 05:30:37 | WARD_B_TEMP_02 | 37.1 | NORMAL
2026-09-22 05:30:37 | WARD_B_TEMP_03 | 36.5 | NORMAL
2026-09-22 05:30:37 | WARD_B_TEMP_04 | 37.0 | NORMAL
2026-09-22 05:30:37 | WARD_B_TEMP_05 | 35.1 | CRITICAL
2026-09-22 05:30:38 | WARD_B_TEMP_01 | 36.3 | NORMAL
2026-09-22 05:30:38 | WARD_B_TEMP_02 | 40.3 | CRITICAL
2026-09-22 05:30:38 | WARD_B_TEMP_03 | 40.3 | CRITICAL
2026-09-22 05:30:38 | WARD_B_TEMP_04 | 38.0 | WARNING
2026-09-22 05:30:38 | WARD_B_TEMP_05 | 38.1 | CRITICAL
2026-09-22 05:30:39 | WARD_B_TEMP_01 | 36.9 | NORMAL
2026-09-22 05:30:39 | WARD_B_TEMP_02 | 40.0 | CRITICAL
2026-09-22 05:30:39 | WARD_B_TEMP_03 | 38.4 | CRITICAL
2026-09-22 05:30:39 | WARD_B_TEMP_04 | 40.4 | CRITICAL
2026-09-22 05:30:39 | WARD_B_TEMP_05 | 35.7 | NORMAL
2026-09-22 05:30:40 | WARD_B_TEMP_01 | 40.4 | CRITICAL
2026-09-22 05:30:40 | WARD_B_TEMP_02 | 40.1 | CRITICAL
2026-09-22 05:30:40 | WARD_B_TEMP_03 | 36.1 | NORMAL
2026-09-22 05:30:40 | WARD_B_TEMP_04 | 38.6 | CRITICAL
2026-09-22 05:30:40 | WARD_B_TEMP_05 | 39.7 | CRITICAL
2026-09-22 05:30:41 | WARD_B_TEMP_01 | 38.7 | CRITICAL
2026-09-22 05:30:41 | WARD_B_TEMP_02 | 40.3 | CRITICAL
2026-09-22 05:30:41 | WARD_B_TEMP_03 | 36.6 | NORMAL
2026-09-22 05:30:41 | WARD_B_TEMP_04 | 37.3 | NORMAL
2026-09-22 05:30:41 | WARD_B_TEMP_05 | 39.1 | CRITICAL
2026-09-22 05:30:42 | WARD_B_TEMP_01 | 38.2 | CRITICAL
2026-09-22 05:30:42 | WARD_B_TEMP_02 | 35.8 | NORMAL
2026-09-22 05:30:42 | WARD_B_TEMP_03 | 35.6 | NORMAL
2026-09-22 05:30:42 | WARD_B_TEMP_04 | 36.7 | NORMAL
2026-09-22 05:30:42 | WARD_B_TEMP_05 | 38.4 | CRITICAL
2026-09-22 05:30:43 | WARD_B_TEMP_01 | 39.3 | CRITICAL
2026-09-22 05:30:43 | WARD_B_TEMP_02 | 38.5 | CRITICAL
2026-09-22 05:30:43 | WARD_B_TEMP_03 | 35.8 | NORMAL
2026-09-22 05:30:43 | WARD_B_TEMP_04 | 40.5 | CRITICAL
2026-09-22 05:30:43 | WARD_B_TEMP_05 | 37.1 | NORMAL
2026-09-22 05:30:44 | WARD_B_TEMP_01 | 34.6 | CRITICAL
2026-09-22 05:30:44 | WARD_B_TEMP_02 | 36.0 | NORMAL
2026-09-22 05:30:44 | WARD_B_TEMP_03 | 38.3 | CRITICAL
2026-09-22 05:30:44 | WARD_B_TEMP_04 | 37.3 | NORMAL
2026-09-22 05:30:44 | WARD_B_TEMP_05 | 38.9 | CRITICAL
2026-09-22 05:30:45 | WARD_B_TEMP_01 | 35.2 | CRITICAL
2026-09-22 05:30:45 | WARD_B_TEMP_02 | 40.0 | CRITICAL
2026-09-22 05:30:45 | WARD_B_TEMP_03 | 34.8 | CRITICAL
2026-09-22 05:30:45 | WARD_B_TEMP_04 | 38.3 | CRITICAL
2026-09-22 05:30:45 | WARD_B_TEMP_05 | 37.9 | WARNING
2026-09-22 05:30:46 | WARD_B_TEMP_01 | 35.7 | NORMAL
2026-09-22 05:30:46 | WARD_B_TEMP_02 | 38.6 | CRITICAL
2026-09-22 05:30:46 | WARD_B_TEMP_03 | 36.2 | NORMAL
2026-09-22 05:30:46 | WARD_B_TEMP_04 | 37.1 | NORMAL
2026-09-22 05:30:46 | WARD_B_TEMP_05 | 35.1 | CRITICAL
2026-09-22 05:30:47 | WARD_B_TEMP_01 | 38.0 | WARNING
2026-09-22 05:30:47 | WARD_B_TEMP_02 | 38.9 | CRITICAL
2026-09-22 05:30:47 | WARD_B_TEMP_03 | 38.3 | CRITICAL
2026-09-22 05:30:47 | WARD_B_TEMP_04 | 40.1 | CRITICAL
2026-09-22 05:30:47 | WARD_B_TEMP_05 | 38.2 | CRITICAL
2026-09-22 05:30:48 | WARD_B_TEMP_01 | 35.1 | CRITICAL
2026-09-22 05:30:48 | WARD_B_TEMP_02 | 38.0 | WARNING
2026-09-22 05:30:48 | WARD_B_TEMP_03 | 39.4 | CRITICAL
2026-09-22 05:30:48 | WARD_B_TEMP_04 | 36.2 | NORMAL
2026-09-22 05:30:48 | WARD_B_TEMP_05 | 34.7 | CRITICAL
2026-09-22 05:30:49 | WARD_B_TEMP_01 | 37.3 | NORMAL
2026-09-22 05:30:49 | WARD_B_TEMP_02 | 35.3 | CRITICAL
2026-09-22 05:30:49 | WARD_B_TEMP_03 | 40.0 | CRITICAL
2026-09-22 05:30:49 | WARD_B_TEMP_04 | 38.4 | CRITICAL
2026-09-22 05:30:49 | WARD_B_TEMP_05 | 39.6 | CRITICAL
2026-09-22 05:30:50 | WARD_B_TEMP_01 | 34.8 | CRITICAL
2026-09-22 05:30:50 | WARD_B_TEMP_02 | 37.2 | NORMAL
2026-09-22 05:30:50 | WARD_B_TEMP_03 | 38.3 | CRITICAL
2026-09-22 05:30:50 | WARD_B_TEMP_04 | 34.9 | CRITICAL
2026-09-22 05:30:50 | WARD_B_TEMP_05 | 36.6 | NORMAL
2026-09-22 05:30:51 | WARD_B_TEMP_01 | 38.0 | WARNING
2026-09-22 05:30:51 | WARD_B_TEMP_02 | 36.8 | NORMAL
2026-09-22 05:30:51 | WARD_B_TEMP_03 | 37.3 | NORMAL
2026-09-22 05:30:51 | WARD_B_TEMP_04 | 35.0 | CRITICAL
2026-09-22 05:30:51 | WARD_B_TEMP_05 | 39.6 | CRITICAL
2026-09-22 05:30:52 | WARD_B_TEMP_01 | 39.9 | CRITICAL
2026-09-22 05:30:52 | WARD_B_TEMP_02 | 39.0 | CRITICAL
2026-09-22 05:30:52 | WARD_B_TEMP_03 | 36.6 | NORMAL
2026-09-22 05:30:52 | WARD_B_TEMP_04 | 36.3 | NORMAL
2026-09-22 05:30:52 | WARD_B_TEMP_05 | 38.0 | WARNING
2026-09-22 05:30:53 | WARD_B_TEMP_01 | 36.8 | NORMAL
2026-09-22 05:30:53 | WARD_B_TEMP_02 | 35.6 | NORMAL
2026-09-22 05:30:53 | WARD_B_TEMP_03 | 39.9 | CRITICAL
2026-09-22 05:30:53 | WARD_B_TEMP_04 | 35.8 | NORMAL
2026-09-22 05:30:53 | WARD_B_TEMP_05 | 39.0 | CRITICAL
2026-09-22 05:30:54 | WARD_B_TEMP_01 | 37.1 | NORMAL
2026-09-22 05:30:54 | WARD_B_TEMP_02 | 35.0 | CRITICAL
2026-09-22 05:30:54 | WARD_B_TEMP_03 | 40.3 | CRITICAL
2026-09-22 05:30:54 | WARD_B_TEMP_04 | 35.4 | CRITICAL
2026-09-22 05:30:54 | WARD_B_TEMP_05 | 39.2 | CRITICAL
2026-09-22 05:30:55 | WARD_B_TEMP_01 | 35.9 | NORMAL
2026-09-22 05:30:55 | WARD_B_TEMP_02 | 35.6 | NORMAL
2026-09-22 05:30:55 | WARD_B_TEMP_03 | 35.6 | NORMAL
2026-09-22 05:30:55 | WARD_B_TEMP_04 | 36.6 | NORMAL
2026-09-22 05:30:55 | WARD_B_TEMP_05 | 37.7 | WARNING
2026-09-22 05:30:56 | WARD_B_TEMP_01 | 34.8 | CRITICAL
2026-09-22 05:30:56 | WARD_B_TEMP_02 | 39.4 | CRITICAL
2026-09-22 05:30:56 | WARD_B_TEMP_03 | 38.4 | CRITICAL
2026-09-22 05:30:56 | WARD_B_TEMP_04 | 35.0 | CRITICAL
2026-09-22 05:30:56 | WARD_B_TEMP_05 | 39.8 | CRITICAL
2026-09-22 05:30:57 | WARD_B_TEMP_01 | 40.2 | CRITICAL
2026-09-22 05:30:57 | WARD_B_TEMP_02 | 38.2 | CRITICAL
2026-09-22 05:30:57 | WARD_B_TEMP_03 | 34.5 | CRITICAL
2026-09-22 05:30:57 | WARD_B_TEMP_04 | 36.4 | NORMAL
2026-09-22 05:30:57 | WARD_B_TEMP_05 | 40.4 | CRITICAL
2026-09-22 05:30:58 | WARD_B_TEMP_01 | 35.0 | CRITICAL
2026-09-22 05:30:58 | WARD_B_TEMP_02 | 40.1 | CRITICAL
2026-09-22 05:30:58 | WARD_B_TEMP_03 | 36.1 | NORMAL
2026-09-22 05:30:58 | WARD_B_TEMP_04 | 35.0 | CRITICAL
2026-09-22 05:30:58 | WARD_B_TEMP_05 | 35.5 | NORMAL
2026-09-22 05:30:59 | WARD_B_TEMP_01 | 37.4 | NORMAL
2026-09-22 05:30:59 | WARD_B_TEMP_02 | 37.4 | NORMAL
2026-09-22 05:30:59 | WARD_B_TEMP_03 | 39.8 | CRITICAL
2026-09-22 05:30:59 | WARD_B_TEMP_04 | 39.6 | CRITICAL
2026-09-22 05:30:59 | WARD_B_TEMP_05 | 38.1 | CRITICAL
2026-09-22 05:31:00 | WARD_B_TEMP_01 | 39.7 | CRITICAL
2026-09-22 05:31:00 | WARD_B_TEMP_02 | 36.8 | NORMAL
2026-09-22 05:31:00 | WARD_B_TEMP_03 | 36.8 | NORMAL
2026-09-22 05:31:00 | WARD_B_TEMP_04 | 37.5 | WARNING
2026-09-22 05:31:00 | WARD_B_TEMP_05 | 37.1 | NORMAL
2026-09-22 05:31:01 | WARD_B_TEMP_01 | 38.0 | WARNING
2026-09-22 05:31:01 | WARD_B_TEMP_02 | 40.1 | CRITICAL
2026-09-22 05:31:01 | WARD_B_TEMP_03 | 36.7 | NORMAL
2026-09-22 05:31:01 | WARD_B_TEMP_04 | 39.9 | CRITICAL
2026-09-22 05:31:01 | WARD_B_TEMP_05 | 36.3 | NORMAL
2026-09-22 05:31:02 | WARD_B_TEMP_01 | 40.1 | CRITICAL
2026-09-22 05:31:02 | WARD_B_TEMP_02 | 35.5 | NORMAL
2026-09-22 05:31:02 | WARD_B_TEMP_03 | 36.8 | NORMAL
2026-09-22 05:31:02 | WARD_B_TEMP_04 | 39.6 | CRITICAL
2026-09-22 05:31:02 | WARD_B_TEMP_05 | 38.7 | CRITICAL
2026-09-22 05:31:03 | WARD_B_TEMP_01 | 40.0 | CRITICAL
2026-09-22 05:31:03 | WARD_B_TEMP_02 | 34.8 | CRITICAL
2026-09-22 05:31:03 | WARD_B_TEMP_03 | 39.3 | CRITICAL
2026-09-22 05:31:03 | WARD_B_TEMP_04 | 39.8 | CRITICAL
2026-09-22 05:31:03 | WARD_B_TEMP_05 | 34.5 | CRITICAL
2026-09-22 05:31:04 | WARD_B_TEMP_01 | 36.1 | NORMAL
2026-09-22 05:31:04 | WARD_B_TEMP_02 | 37.1 | NORMAL
2026-09-22 05:31:04 | WARD_B_TEMP_03 | 40.4 | CRITICAL
2026-09-22 05:31:04 | WARD_B_TEMP_04 | 36.2 | NORMAL
2026-09-22 05:31:04 | WARD_B_TEMP_05 | 37.7 | WARNING
2026-09-22 05:31:05 | WARD_B_TEMP_01 | 36.8 | NORMAL
2026-09-22 05:31:05 | WARD_B_TEMP_02 | 38.9 | CRITICAL
2026-09-22 05:31:05 | WARD_B_TEMP_03 | 35.0 | CRITICAL
2026-09-22 05:31:05 | WARD_B_TEMP_04 | 40.2 | CRITICAL
2026-09-22 05:31:05 | WARD_B_TEMP_05 | 37.6 | WARNING
2026-09-22 05:31:06 | WARD_B_TEMP_01 | 38.8 | CRITICAL
2026-09-22 05:31:06 | WARD_B_TEMP_02 | 38.7 | CRITICAL
2026-09-22 05:31:06 | WARD_B_TEMP_03 | 37.0 | NORMAL
2026-09-22 05:31:06 | WARD_B_TEMP_04 | 35.2 | CRITICAL
2026-09-22 05:31:06 | WARD_B_TEMP_05 | 38.1 | CRITICAL
2026-09-22 05:31:07 | WARD_B_TEMP_01 | 39.9 | CRITICAL
2026-09-22 05:31:07 | WARD_B_TEMP_02 | 38.4 | CRITICAL
2026-09-22 05:31:07 | WARD_B_TEMP_03 | 35.4 | CRITICAL
2026-09-22 05:31:07 | WARD_B_TEMP_04 | 36.8 | NORMAL
2026-09-22 05:31:07 | WARD_B_TEMP_05 | 37.0 | NORMAL
2026-09-22 05:31:08 | WARD_B_TEMP_01 | 37.1 | NORMAL
2026-09-22 05:31:08 | WARD_B_TEMP_02 | 38.5 | CRITICAL
2026-09-22 05:31:08 | WARD_B_TEMP_03 | 36.4 | NORMAL
2026-09-22 05:31:08 | WARD_B_TEMP_04 | 40.3 | CRITICAL
2026-09-22 05:31:08 | WARD_B_TEMP_05 | 38.1 | CRITICAL
2026-09-22 05:31:09 | WARD_B_TEMP_01 | 38.2 | CRITICAL
2026-09-22 05:31:09 | WARD_B_TEMP_02 | 34.5 | CRITICAL
2026-09-22 05:31:09 | WARD_B_TEMP_03 | 39.5 | CRITICAL
2026-09-22 05:31:09 | WARD_B_TEMP_04 | 35.1 | CRITICAL
2026-09-22 05:31:09 | WARD_B_TEMP_05 | 38.4 | CRITICAL
2026-09-22 05:31:10 | WARD_B_TEMP_01 | 37.0 | NORMAL
2026-09-22 05:31:10 | WARD_B_TEMP_02 | 36.0 | NORMAL
2026-09-22 05:31:10 | WARD_B_TEMP_03 | 36.4 | NORMAL
2026-09-22 05:31:10 | WARD_B_TEMP_04 | 37.9 | WARNING
2026-09-22 05:31:10 | WARD_B_TEMP_05 | 35.8 | NORMAL
2026-09-22 05:31:11 | WARD_B_TEMP_01 | 34.9 | CRITICAL
2026-09-22 05:31:11 | WARD_B_TEMP_02 | 38.5 | CRITICAL
2026-09-22 05:31:11 | WARD_B_TEMP_03 | 35.2 | CRITICAL
2026-09-22 05:31:11 | WARD_B_TEMP_04 | 35.9 | NORMAL
2026-09-22 05:31:11 | WARD_B_TEMP_05 | 35.5 | NORMAL
2026-09-22 05:31:12 | WARD_B_TEMP_01 | 36.2 | NORMAL
2026-09-22 05:31:12 | WARD_B_TEMP_02 | 36.5 | NORMAL
2026-09-22 05:31:12 | WARD_B_TEMP_03 | 39.7 | CRITICAL
2026-09-22 05:31:12 | WARD_B_TEMP_04 | 39.3 | CRITICAL
2026-09-22 05:31:12 | WARD_B_TEMP_05 | 36.8 | NORMAL
2026-09-22 05:31:13 | WARD_B_TEMP_01 | 34.6 | CRITICAL
2026-09-22 05:31:13 | WARD_B_TEMP_02 | 36.9 | NORMAL
2026-09-22 05:31:13 | WARD_B_TEMP_03 | 39.5 | CRITICAL
2026-09-22 05:31:13 | WARD_B_TEMP_04 | 36.6 | NORMAL
2026-09-22 05:31:13 | WARD_B_TEMP_05 | 36.7 | NORMAL
2026-09-22 05:31:14 | WARD_B_TEMP_01 | 38.7 | CRITICAL
2026-09-22 05:31:14 | WARD_B_TEMP_02 | 36.3 | NORMAL
2026-09-22 05:31:14 | WARD_B_TEMP_03 | 37.2 | NORMAL
2026-09-22 05:31:14 | WARD_B_TEMP_04 | 39.6 | CRITICAL
2026-09-22 05:31:14 | WARD_B_TEMP_05 | 38.2 | CRITICAL
2026-09-22 05:31:15 | WARD_B_TEMP_01 | 34.6 | CRITICAL
2026-09-22 05:31:15 | WARD_B_TEMP_02 | 35.9 | NORMAL
2026-09-22 05:31:15 | WARD_B_TEMP_03 | 36.0 | NORMAL
2026-09-22 05:31:15 | WARD_B_TEMP_04 | 39.2 | CRITICAL
2026-09-22 05:31:15 | WARD_B_TEMP_05 | 37.5 | WARNING
2026-09-22 05:31:16 | WARD_B_TEMP_01 | 37.7 | WARNING
2026-09-22 05:31:16 | WARD_B_TEMP_02 | 36.3 | NORMAL
2026-09-22 05:31:16 | WARD_B_TEMP_03 | 36.4 | NORMAL
2026-09-22 05:31:16 | WARD_B_TEMP_04 | 36.1 | NORMAL
2026-09-22 05:31:16 | WARD_B_TEMP_05 | 36.2 | NORMAL
2026-09-22 05:31:17 | WARD_B_TEMP_01 | 38.4 | CRITICAL
2026-09-22 05:31:17 | WARD_B_TEMP_02 | 39.9 | CRITICAL
2026-09-22 05:31:17 | WARD_B_TEMP_03 | 37.7 | WARNING
2026-09-22 05:31:17 | WARD_B_TEMP_04 | 37.5 | WARNING
2026-09-22 05:31:17 | WARD_B_TEMP_05 | 38.1 | CRITICAL
2026-09-22 05:31:18 | WARD_B_TEMP_01 | 38.9 | CRITICAL
2026-09-22 05:31:18 | WARD_B_TEMP_02 | 37.4 | NORMAL
2026-09-22 05:31:18 | WARD_B_TEMP_03 | 37.4 | NORMAL
2026-09-22 05:31:18 | WARD_B_TEMP_04 | 36.1 | NORMAL
2026-09-22 05:31:18 | WARD_B_TEMP_05 | 40.4 | CRITICAL
2026-09-22 05:31:19 | WARD_B_TEMP_01 | 36.4 | NORMAL
2026-09-22 05:31:19 | WARD_B_TEMP_02 | 34.6 | CRITICAL
2026-09-22 05:31:19 | WARD_B_TEMP_03 | 35.4 | CRITICAL
2026-09-22 05:31:19 | WARD_B_TEMP_04 | 39.7 | CRITICAL
2026-09-22 05:31:19 | WARD_B_TEMP_05 | 40.3 | CRITICAL
2026-09-22 05:31:20 | WARD_B_TEMP_01 | 35.7 | NORMAL
2026-09-22 05:31:20 | WARD_B_TEMP_02 | 39.4 | CRITICAL
2026-09-22 05:31:20 | WARD_B_TEMP_03 | 39.9 | CRITICAL
2026-09-22 05:31:20 | WARD_B_TEMP_04 | 38.2 | CRITICAL
2026-09-22 05:31:20 | WARD_B_TEMP_05 | 40.5 | CRITICAL
2026-09-22 05:31:21 | WARD_B_TEMP_01 | 38.5 | CRITICAL
2026-09-22 05:31:21 | WARD_B_TEMP_02 | 36.2 | NORMAL
2026-09-22 05:31:21 | WARD_B_TEMP_03 | 37.3 | NORMAL
2026-09-22 05:31:21 | WARD_B_TEMP_04 | 36.6 | NORMAL
2026-09-22 05:31:21 | WARD_B_TEMP_05 | 38.8 | CRITICAL
2026-09-22 05:31:22 | WARD_B_TEMP_01 | 36.9 | NORMAL
2026-09-22 05:31:22 | WARD_B_TEMP_02 | 36.2 | NORMAL
2026-09-22 05:31:22 | WARD_B_TEMP_03 | 34.6 | CRITICAL
2026-09-22 05:31:22 | WARD_B_TEMP_04 | 40.0 | CRITICAL
2026-09-22 05:31:22 | WARD_B_TEMP_05 | 35.6 | NORMAL
2026-09-22 05:31:23 | WARD_B_TEMP_01 | 39.1 | CRITICAL
2026-09-22 05:31:23 | WARD_B_TEMP_02 | 37.1 | NORMAL
2026-09-22 05:31:23 | WARD_B_TEMP_03 | 35.5 | NORMAL
2026-09-22 05:31:23 | WARD_B_TEMP_04 | 37.3 | NORMAL
2026-09-22 05:31:23 | WARD_B_TEMP_05 | 36.7 | NORMAL
2026-09-22 05:31:24 | WARD_B_TEMP_01 | 39.6 | CRITICAL
2026-09-22 05:31:24 | WARD_B_TEMP_02 | 35.8 | NORMAL
2026-09-22 05:31:24 | WARD_B_TEMP_03 | 36.2 | NORMAL
2026-09-22 05:31:24 | WARD_B_TEMP_04 | 39.6 | CRITICAL
2026-09-22 05:31:24 | WARD_B_TEMP_05 | 36.7 | NORMAL
2026-09-22 05:31:25 | WARD_B_TEMP_01 | 35.6 | NORMAL
2026-09-22 05:31:25 | WARD_B_TEMP_02 | 34.5 | CRITICAL
2026-09-22 05:31:25 | WARD_B_TEMP_03 | 35.1 | CRITICAL
2026-09-22 05:31:25 | WARD_B_TEMP_04 | 39.9 | CRITICAL
2026-09-22 05:31:25 | WARD_B_TEMP_05 | 39.4 | CRITICAL
2026-09-22 05:31:26 | WARD_B_TEMP_01 | 39.5 | CRITICAL
2026-09-22 05:31:26 | WARD_B_TEMP_02 | 35.0 | CRITICAL
2026-09-22 05:31:26 | WARD_B_TEMP_03 | 37.7 | WARNING
2026-09-22 05:31:26 | WARD_B_TEMP_04 | 38.3 | CRITICAL
2026-09-22 05:31:26 | WARD_B_TEMP_05 | 38.1 | CRITICAL
2026-09-22 05:31:27 | WARD_B_TEMP_01 | 39.3 | CRITICAL
2026-09-22 05:31:27 | WARD_B_TEMP_02 | 38.5 | CRITICAL
2026-09-22 05:31:27 | WARD_B_TEMP_03 | 36.4 | NORMAL
2026-09-22 05:31:27 | WARD_B_TEMP_04 | 37.6 | WARNING
2026-09-22 05:31:27 | WARD_B_TEMP_05 | 37.6 | WARNING
2026-09-22 05:31:28 | WARD_B_TEMP_01 | 37.0 | NORMAL
2026-09-22 05:31:28 | WARD_B_TEMP_02 | 40.1 | CRITICAL
2026-09-22 05:31:28 | WARD_B_TEMP_03 | 34.5 | CRITICAL
2026-09-22 05:31:28 | WARD_B_TEMP_04 | 37.7 | WARNING
2026-09-22 05:31:28 | WARD_B_TEMP_05 | 36.1 | NORMAL
2026-09-22 05:31:29 | WARD_B_TEMP_01 | 34.7 | CRITICAL
2026-09-22 05:31:29 | WARD_B_TEMP_02 | 38.2 | CRITICAL
2026-09-22 05:31:29 | WARD_B_TEMP_03 | 39.3 | CRITICAL
2026-09-22 05:31:29 | WARD_B_TEMP_04 | 37.9 | WARNING
2026-09-22 05:31:29 | WARD_B_TEMP_05 | 36.5 | NORMAL
2026-09-22 05:31:30 | WARD_B_TEMP_01 | 37.8 | WARNING
2026-09-22 05:31:30 | WARD_B_TEMP_02 | 38.5 | CRITICAL
2026-09-22 05:31:30 | WARD_B_TEMP_03 | 39.1 | CRITICAL
2026-09-22 05:31:30 | WARD_B_TEMP_04 | 39.8 | CRITICAL
2026-09-22 05:31:30 | WARD_B_TEMP_05 | 40.2 | CRITICAL
2026-09-22 05:31:31 | WARD_B_TEMP_01 | 36.5 | NORMAL
2026-09-22 05:31:31 | WARD_B_TEMP_02 | 37.9 | WARNING
2026-09-22 05:31:31 | WARD_B_TEMP_03 | 40.0 | CRITICAL
2026-09-22 05:31:31 | WARD_B_TEMP_04 | 40.1 | CRITICAL
2026-09-22 05:31:31 | WARD_B_TEMP_05 | 36.4 | NORMAL
2026-09-22 05:31:32 | WARD_B_TEMP_01 | 39.5 | CRITICAL
2026-09-22 05:31:32 | WARD_B_TEMP_02 | 36.2 | NORMAL
2026-09-22 05:31:32 | WARD_B_TEMP_03 | 37.4 | NORMAL
2026-09-22 05:31:32 | WARD_B_TEMP_04 | 37.0 | NORMAL
2026-09-22 05:31:32 | WARD_B_TEMP_05 | 39.5 | CRITICAL
2026-09-22 05:31:33 | WARD_B_TEMP_01 | 39.0 | CRITICAL
2026-09-22 05:31:33 | WARD_B_TEMP_02 | 35.5 | NORMAL
2026-09-22 05:31:33 | WARD_B_TEMP_03 | 38.6 | CRITICAL
2026-09-22 05:31:33 | WARD_B_TEMP_04 | 37.7 | WARNING
2026-09-22 05:31:33 | WARD_B_TEMP_05 | 40.1 | CRITICAL
2026-09-22 05:31:34 | WARD_B_TEMP_01 | 40.0 | CRITICAL
2026-09-22 05:31:34 | WARD_B_TEMP_02 | 35.6 | NORMAL
2026-09-22 05:31:34 | WARD_B_TEMP_03 | 36.1 | NORMAL
2026-09-22 05:31:34 | WARD_B_TEMP_04 | 35.2 | CRITICAL
2026-09-22 05:31:34 | WARD_B_TEMP_05 | 36.1 | NORMAL
2026-09-22 05:31:35 | WARD_B_TEMP_01 | 36.0 | NORMAL
2026-09-22 05:31:35 | WARD_B_TEMP_02 | 36.8 | NORMAL
2026-09-22 05:31:35 | WARD_B_TEMP_03 | 37.1 | NORMAL
2026-09-22 05:31:35 | WARD_B_TEMP_04 | 37.7 | WARNING
2026-09-22 05:31:35 | WARD_B_TEMP_05 | 36.5 | NORMAL
2026-09-22 05:31:36 | WARD_B_TEMP_01 | 37.0 | NORMAL
2026-09-22 05:31:36 | WARD_B_TEMP_02 | 39.8 | CRITICAL
2026-09-22 05:31:36 | WARD_B_TEMP_03 | 39.8 | CRITICAL
2026-09-22 05:31:36 | WARD_B_TEMP_04 | 38.7 | CRITICAL
2026-09-22 05:31:36 | WARD_B_TEMP_05 | 36.9 | NORMAL
2026-09-22 05:31:37 | WARD_B_TEMP_01 | 35.9 | NORMAL
2026-09-22 05:31:37 | WARD_B_TEMP_02 | 35.8 | NORMAL
2026-09-22 05:31:37 | WARD_B_TEMP_03 | 39.0 | CRITICAL
2026-09-22 05:31:37 | WARD_B_TEMP_04 | 35.5 | NORMAL
2026-09-22 05:31:37 | WARD_B_TEMP_05 | 34.5 | CRITICAL
2026-09-22 05:31:38 | WARD_B_TEMP_01 | 39.4 | CRITICAL
2026-09-22 05:31:38 | WARD_B_TEMP_02 | 40.1 | CRITICAL
2026-09-22 05:31:38 | WARD_B_TEMP_03 | 38.3 | CRITICAL
2026-09-22 05:31:38 | WARD_B_TEMP_04 | 40.5 | CRITICAL
2026-09-22 05:31:38 | WARD_B_TEMP_05 | 39.4 | CRITICAL
2026-09-22 05:31:39 | WARD_B_TEMP_01 | 38.1 | CRITICAL
2026-09-22 05:31:39 | WARD_B_TEMP_02 | 35.9 | NORMAL
2026-09-22 05:31:39 | WARD_B_TEMP_03 | 35.7 | NORMAL
2026-09-22 05:31:39 | WARD_B_TEMP_04 | 36.9 | NORMAL
2026-09-22 05:31:39 | WARD_B_TEMP_05 | 36.5 | NORMAL
2026-09-22 05:31:40 | WARD_B_TEMP_01 | 38.8 | CRITICAL
2026-09-22 05:31:40 | WARD_B_TEMP_02 | 38.1 | CRITICAL
2026-09-22 05:31:40 | WARD_B_TEMP_03 | 36.1 | NORMAL
2026-09-22 05:31:40 | WARD_B_TEMP_04 | 36.8 | NORMAL
2026-09-22 05:31:40 | WARD_B_TEMP_05 | 37.9 | WARNING
2026-09-22 05:31:41 | WARD_B_TEMP_01 | 38.1 | CRITICAL
2026-09-22 05:31:41 | WARD_B_TEMP_02 | 40.0 | CRITICAL
2026-09-22 05:31:41 | WARD_B_TEMP_03 | 38.7 | CRITICAL
2026-09-22 05:31:41 | WARD_B_TEMP_04 | 36.6 | NORMAL
2026-09-22 05:31:41 | WARD_B_TEMP_05 | 40.2 | CRITICAL
2026-09-22 05:31:42 | WARD_B_TEMP_01 | 38.1 | CRITICAL
2026-09-22 05:31:42 | WARD_B_TEMP_02 | 37.7 | WARNING
2026-09-22 05:31:42 | WARD_B_TEMP_03 | 39.8 | CRITICAL
2026-09-22 05:31:42 | WARD_B_TEMP_04 | 36.2 | NORMAL
2026-09-22 05:31:42 | WARD_B_TEMP_05 | 37.1 | NORMAL
2026-09-22 05:31:43 | WARD_B_TEMP_01 | 36.2 | NORMAL
2026-09-22 05:31:43 | WARD_B_TEMP_02 | 38.5 | CRITICAL
2026-09-22 05:31:43 | WARD_B_TEMP_03 | 40.2 | CRITICAL
2026-09-22 05:31:43 | WARD_B_TEMP_04 | 36.6 | NORMAL
2026-09-22 05:31:43 | WARD_B_TEMP_05 | 40.1 | CRITICAL
2026-09-22 05:31:44 | WARD_B_TEMP_01 | 34.5 | CRITICAL
2026-09-22 05:31:44 | WARD_B_TEMP_02 | 37.3 | NORMAL
2026-09-22 05:31:44 | WARD_B_TEMP_03 | 39.1 | CRITICAL
2026-09-22 05:31:44 | WARD_B_TEMP_04 | 38.2 | CRITICAL
2026-09-22 05:31:44 | WARD_B_TEMP_05 | 38.3 | CRITICAL
2026-09-22 05:31:45 | WARD_B_TEMP_01 | 39.3 | CRITICAL
2026-09-22 05:31:45 | WARD_B_TEMP_02 | 40.0 | CRITICAL
2026-09-22 05:31:45 | WARD_B_TEMP_03 | 36.5 | NORMAL
2026-09-22 05:31:45 | WARD_B_TEMP_04 | 35.6 | NORMAL
2026-09-22 05:31:45 | WARD_B_TEMP_05 | 35.0 | CRITICAL
2026-09-22 05:31:46 | WARD_B_TEMP_01 | 40.2 | CRITICAL
2026-09-22 05:31:46 | WARD_B_TEMP_02 | 36.4 | NORMAL
2026-09-22 05:31:46 | WARD_B_TEMP_03 | 37.0 | NORMAL
2026-09-22 05:31:46 | WARD_B_TEMP_04 | 37.4 | NORMAL
2026-09-22 05:31:46 | WARD_B_TEMP_05 | 37.8 | WARNING
2026-09-22 05:31:47 | WARD_B_TEMP_01 | 40.1 | CRITICAL
2026-09-22 05:31:47 | WARD_B_TEMP_02 | 38.3 | CRITICAL
2026-09-22 05:31:47 | WARD_B_TEMP_03 | 35.0 | CRITICAL
2026-09-22 05:31:47 | WARD_B_TEMP_04 | 40.0 | CRITICAL
2026-09-22 05:31:47 | WARD_B_TEMP_05 | 38.2 | CRITICAL
2026-09-22 05:31:48 | WARD_B_TEMP_01 | 34.8 | CRITICAL
2026-09-22 05:31:48 | WARD_B_TEMP_02 | 35.0 | CRITICAL
2026-09-22 05:31:48 | WARD_B_TEMP_03 | 39.8 | CRITICAL
2026-09-22 05:31:48 | WARD_B_TEMP_04 | 40.3 | CRITICAL
2026-09-22 05:31:48 | WARD_B_TEMP_05 | 36.2 | NORMAL
2026-09-22 05:31:49 | WARD_B_TEMP_01 | 37.4 | NORMAL
2026-09-22 05:31:49 | WARD_B_TEMP_02 | 38.3 | CRITICAL
2026-09-22 05:31:49 | WARD_B_TEMP_03 | 34.7 | CRITICAL
2026-09-22 05:31:49 | WARD_B_TEMP_04 | 37.4 | NORMAL
2026-09-22 05:31:49 | WARD_B_TEMP_05 | 38.4 | CRITICAL
2026-09-22 05:31:50 | WARD_B_TEMP_01 | 35.4 | CRITICAL
2026-09-22 05:31:50 | WARD_B_TEMP_02 | 34.9 | CRITICAL
2026-09-22 05:31:50 | WARD_B_TEMP_03 | 40.4 | CRITICAL
2026-09-22 05:31:50 | WARD_B_TEMP_04 | 38.3 | CRITICAL
2026-09-22 05:31:50 | WARD_B_TEMP_05 | 37.1 | NORMAL
2026-09-22 05:31:51 | WARD_B_TEMP_01 | 40.5 | CRITICAL
2026-09-22 05:31:51 | WARD_B_TEMP_02 | 36.9 | NORMAL
2026-09-22 05:31:51 | WARD_B_TEMP_03 | 40.3 | CRITICAL
2026-09-22 05:31:51 | WARD_B_TEMP_04 | 35.1 | CRITICAL
2026-09-22 05:31:51 | WARD_B_TEMP_05 | 36.1 | NORMAL
2026-09-22 05:31:52 | WARD_B_TEMP_01 | 35.9 | NORMAL
2026-09-22 05:31:52 | WARD_B_TEMP_02 | 36.2 | NORMAL
2026-09-22 05:31:52 | WARD_B_TEMP_03 | 37.1 | NORMAL
2026-09-22 05:31:52 | WARD_B_TEMP_04 | 37.7 | WARNING
2026-09-22 05:31:52 | WARD_B_TEMP_05 | 37.9 | WARNING
2026-09-22 05:31:53 | WARD_B_TEMP_01 | 36.3 | NORMAL
2026-09-22 05:31:53 | WARD_B_TEMP_02 | 37.0 | NORMAL
2026-09-22 05:31:53 | WARD_B_TEMP_03 | 40.3 | CRITICAL
2026-09-22 05:31:53 | WARD_B_TEMP_04 | 34.9 | CRITICAL
2026-09-22 05:31:53 | WARD_B_TEMP_05 | 37.0 | NORMAL
2026-09-22 05:31:54 | WARD_B_TEMP_01 | 37.6 | WARNING
2026-09-22 05:31:54 | WARD_B_TEMP_02 | 39.5 | CRITICAL
2026-09-22 05:31:54 | WARD_B_TEMP_03 | 38.0 | WARNING
2026-09-22 05:31:54 | WARD_B_TEMP_04 | 37.2 | NORMAL
2026-09-22 05:31:54 | WARD_B_TEMP_05 | 36.3 | NORMAL
2026-09-22 05:31:55 | WARD_B_TEMP_01 | 35.9 | NORMAL
2026-09-22 05:31:55 | WARD_B_TEMP_02 | 34.8 | CRITICAL
2026-09-22 05:31:55 | WARD_B_TEMP_03 | 38.8 | CRITICAL
2026-09-22 05:31:55 | WARD_B_TEMP_04 | 39.0 | CRITICAL
2026-09-22 05:31:55 | WARD_B_TEMP_05 | 39.8 | CRITICAL
2026-09-22 05:31:56 | WARD_B_TEMP_01 | 35.6 | NORMAL
2026-09-22 05:31:56 | WARD_B_TEMP_02 | 40.0 | CRITICAL
2026-09-22 05:31:56 | WARD_B_TEMP_03 | 38.8 | CRITICAL
2026-09-22 05:31:56 | WARD_B_TEMP_04 | 40.0 | CRITICAL
2026-09-22 05:31:56 | WARD_B_TEMP_05 | 36.9 | NORMAL
2026-09-22 05:31:57 | WARD_B_TEMP_01 | 37.2 | NORMAL
2026-09-22 05:31:57 | WARD_B_TEMP_02 | 36.1 | NORMAL
2026-09-22 05:31:57 | WARD_B_TEMP_03 | 37.9 | WARNING
2026-09-22 05:31:57 | WARD_B_TEMP_04 | 39.7 | CRITICAL
2026-09-22 05:31:57 | WARD_B_TEMP_05 | 39.5 | CRITICAL
2026-09-22 05:31:58 | WARD_B_TEMP_01 | 38.2 | CRITICAL
2026-09-22 05:31:58 | WARD_B_TEMP_02 | 36.9 | NORMAL
2026-09-22 05:31:58 | WARD_B_TEMP_03 | 38.2 | CRITICAL
2026-09-22 05:31:58 | WARD_B_TEMP_04 | 40.2 | CRITICAL
2026-09-22 05:31:58 | WARD_B_TEMP_05 | 37.8 | WARNING
2026-09-22 05:31:59 | WARD_B_TEMP_01 | 34.8 | CRITICAL
2026-09-22 05:31:59 | WARD_B_TEMP_02 | 40.4 | CRITICAL
2026-09-22 05:31:59 | WARD_B_TEMP_03 | 34.6 | CRITICAL
2026-09-22 05:31:59 | WARD_B_TEMP_04 | 36.7 | NORMAL
2026-09-22 05:31:59 | WARD_B_TEMP_05 | 40.5 | CRITICAL
2026-09-22 05:32:00 | WARD_B_TEMP_01 | 34.6 | CRITICAL
2026-09-22 05:32:00 | WARD_B_TEMP_02 | 38.2 | CRITICAL
2026-09-22 05:32:00 | WARD_B_TEMP_03 | 35.8 | NORMAL
2026-09-22 05:32:00 | WARD_B_TEMP_04 | 38.1 | CRITICAL
2026-09-22 05:32:00 | WARD_B_TEMP_05 | 35.6 | NORMAL
2026-09-22 05:32:01 | WARD_B_TEMP_01 | 38.8 | CRITICAL
2026-09-22 05:32:01 | WARD_B_TEMP_02 | 40.4 | CRITICAL
2026-09-22 05:32:01 | WARD_B_TEMP_03 | 39.8 | CRITICAL
2026-09-22 05:32:01 | WARD_B_TEMP_04 | 38.4 | CRITICAL
2026-09-22 05:32:01 | WARD_B_TEMP_05 | 34.6 | CRITICAL
2026-09-22 05:32:02 | WARD_B_TEMP_01 | 39.1 | CRITICAL
2026-09-22 05:32:02 | WARD_B_TEMP_02 | 39.9 | CRITICAL
2026-09-22 05:32:02 | WARD_B_TEMP_03 | 36.5 | NORMAL
2026-09-22 05:32:02 | WARD_B_TEMP_04 | 39.3 | CRITICAL
2026-09-22 05:32:02 | WARD_B_TEMP_05 | 40.1 | CRITICAL
2026-09-22 05:32:03 | WARD_B_TEMP_01 | 37.2 | NORMAL
2026-09-22 05:32:03 | WARD_B_TEMP_02 | 37.1 | NORMAL
2026-09-22 05:32:03 | WARD_B_TEMP_03 | 39.1 | CRITICAL
2026-09-22 05:32:03 | WARD_B_TEMP_04 | 37.0 | NORMAL
2026-09-22 05:32:03 | WARD_B_TEMP_05 | 38.0 | WARNING
2026-09-22 05:32:04 | WARD_B_TEMP_01 | 40.1 | CRITICAL
2026-09-22 05:32:04 | WARD_B_TEMP_02 | 37.2 | NORMAL
2026-09-22 05:32:04 | WARD_B_TEMP_03 | 36.6 | NORMAL
2026-09-22 05:32:04 | WARD_B_TEMP_04 | 37.8 | WARNING
2026-09-22 05:32:04 | WARD_B_TEMP_05 | 39.2 | CRITICAL
2026-09-22 05:32:05 | WARD_B_TEMP_01 | 35.1 | CRITICAL
2026-09-22 05:32:05 | WARD_B_TEMP_02 | 36.9 | NORMAL
2026-09-22 05:32:05 | WARD_B_TEMP_03 | 36.4 | NORMAL
2026-09-22 05:32:05 | WARD_B_TEMP_04 | 36.7 | NORMAL
2026-09-22 05:32:05 | WARD_B_TEMP_05 | 39.6 | CRITICAL
2026-09-22 05:32:06 | WARD_B_TEMP_01 | 39.3 | CRITICAL
2026-09-22 05:32:06 | WARD_B_TEMP_02 | 37.1 | NORMAL
2026-09-22 05:32:06 | WARD_B_TEMP_03 | 39.7 | CRITICAL
2026-09-22 05:32:06 | WARD_B_TEMP_04 | 37.3 | NORMAL
2026-09-22 05:32:06 | WARD_B_TEMP_05 | 40.3 | CRITICAL
2026-09-22 05:32:07 | WARD_B_TEMP_01 | 34.8 | CRITICAL
2026-09-22 05:32:07 | WARD_B_TEMP_02 | 35.6 | NORMAL
2026-09-22 05:32:07 | WARD_B_TEMP_03 | 40.5 | CRITICAL
2026-09-22 05:32:07 | WARD_B_TEMP_04 | 39.4 | CRITICAL
2026-09-22 05:32:07 | WARD_B_TEMP_05 | 39.3 | CRITICAL
2026-09-22 05:32:08 | WARD_B_TEMP_01 | 35.7 | NORMAL
2026-09-22 05:32:08 | WARD_B_TEMP_02 | 39.6 | CRITICAL
2026-09-22 05:32:08 | WARD_B_TEMP_03 | 37.9 | WARNING
2026-09-22 05:32:08 | WARD_B_TEMP_04 | 37.5 | WARNING
2026-09-22 05:32:08 | WARD_B_TEMP_05 | 39.8 | CRITICAL
2026-09-22 05:32:09 | WARD_B_TEMP_01 | 37.2 | NORMAL
2026-09-22 05:32:09 | WARD_B_TEMP_02 | 35.3 | CRITICAL
2026-09-22 05:32:09 | WARD_B_TEMP_03 | 36.4 | NORMAL
2026-09-22 05:32:09 | WARD_B_TEMP_04 | 38.2 | CRITICAL
2026-09-22 05:32:09 | WARD_B_TEMP_05 | 40.3 | CRITICAL
2026-09-22 05:32:10 | WARD_B_TEMP_01 | 38.4 | CRITICAL
2026-09-22 05:32:10 | WARD_B_TEMP_02 | 35.5 | NORMAL
2026-09-22 05:32:10 | WARD_B_TEMP_03 | 40.0 | CRITICAL
2026-09-22 05:32:10 | WARD_B_TEMP_04 | 37.0 | NORMAL
2026-09-22 05:32:10 | WARD_B_TEMP_05 | 34.9 | CRITICAL
2026-09-22 05:32:11 | WARD_B_TEMP_01 | 35.6 | NORMAL
2026-09-22 05:32:11 | WARD_B_TEMP_02 | 34.8 | CRITICAL
2026-09-22 05:32:11 | WARD_B_TEMP_03 | 36.3 | NORMAL
2026-09-22 05:32:11 | WARD_B_TEMP_04 | 36.9 | NORMAL
2026-09-22 05:32:11 | WARD_B_TEMP_05 | 40.0 | CRITICAL
2026-09-22 05:32:12 | WARD_B_TEMP_01 | 39.6 | CRITICAL
2026-09-22 05:32:12 | WARD_B_TEMP_02 | 37.1 | NORMAL
2026-09-22 05:32:12 | WARD_B_TEMP_03 | 40.0 | CRITICAL
2026-09-22 05:32:12 | WARD_B_TEMP_04 | 38.4 | CRITICAL
2026-09-22 05:32:12 | WARD_B_TEMP_05 | 34.5 | CRITICAL
2026-09-22 05:32:13 | WARD_B_TEMP_01 | 34.6 | CRITICAL
2026-09-22 05:32:13 | WARD_B_TEMP_02 | 36.1 | NORMAL
2026-09-22 05:32:13 | WARD_B_TEMP_03 | 38.8 | CRITICAL
2026-09-22 05:32:13 | WARD_B_TEMP_04 | 34.7 | CRITICAL
2026-09-22 05:32:13 | WARD_B_TEMP_05 | 35.4 | CRITICAL
2026-09-22 05:32:14 | WARD_B_TEMP_01 | 39.6 | CRITICAL
2026-09-22 05:32:14 | WARD_B_TEMP_02 | 35.5 | NORMAL
2026-09-22 05:32:14 | WARD_B_TEMP_03 | 35.4 | CRITICAL
2026-09-22 05:32:14 | WARD_B_TEMP_04 | 38.2 | CRITICAL
2026-09-22 05:32:14 | WARD_B_TEMP_05 | 36.0 | NORMAL
2026-09-22 05:32:15 | WARD_B_TEMP_01 | 40.2 | CRITICAL
2026-09-22 05:32:15 | WARD_B_TEMP_02 | 36.6 | NORMAL
2026-09-22 05:32:15 | WARD_B_TEMP_03 | 36.9 | NORMAL
2026-09-22 05:32:15 | WARD_B_TEMP_04 | 40.2 | CRITICAL
2026-09-22 05:32:15 | WARD_B_TEMP_05 | 36.9 | NORMAL
2026-09-22 05:32:16 | WARD_B_TEMP_01 | 39.3 | CRITICAL
2026-09-22 05:32:16 | WARD_B_TEMP_02 | 37.1 | NORMAL
2026-09-22 05:32:16 | WARD_B_TEMP_03 | 39.7 | CRITICAL
2026-09-22 05:32:16 | WARD_B_TEMP_04 | 35.7 | NORMAL
2026-09-22 05:32:16 | WARD_B_TEMP_05 | 34.9 | CRITICAL
2026-09-22 05:32:17 | WARD_B_TEMP_01 | 38.7 | CRITICAL
2026-09-22 05:32:17 | WARD_B_TEMP_02 | 40.3 | CRITICAL
2026-09-22 05:32:17 | WARD_B_TEMP_03 | 36.6 | NORMAL
2026-09-22 05:32:17 | WARD_B_TEMP_04 | 38.4 | CRITICAL
2026-09-22 05:32:17 | WARD_B_TEMP_05 | 37.9 | WARNING
